#pragma once

#include <cstdint>

// Generated by scripts/generate_embedded_art.py from bmp/bored.bmp — do not edit by
// hand, re-run the script instead. 8bpp grayscale BMP, identity palette.
static const uint8_t bored_bmp_data[29878] = {
    0x42, 0x4D, 0xB6, 0x74, 0x00, 0x00, 0x00, 0x00, 0x00, 0x00, 0x36, 0x04, 0x00, 0x00, 0x28, 0x00,
    0x00, 0x00, 0x8F, 0x00, 0x00, 0x00, 0xC8, 0x00, 0x00, 0x00, 0x01, 0x00, 0x08, 0x00, 0x00, 0x00,
    0x00, 0x00, 0x80, 0x70, 0x00, 0x00, 0x13, 0x0B, 0x00, 0x00, 0x13, 0x0B, 0x00, 0x00, 0x00, 0x01,
    0x00, 0x00, 0x00, 0x00, 0x00, 0x00, 0x00, 0x00, 0x00, 0x00, 0x01, 0x01, 0x01, 0x00, 0x02, 0x02,
    0x02, 0x00, 0x03, 0x03, 0x03, 0x00, 0x04, 0x04, 0x04, 0x00, 0x05, 0x05, 0x05, 0x00, 0x06, 0x06,
    0x06, 0x00, 0x07, 0x07, 0x07, 0x00, 0x08, 0x08, 0x08, 0x00, 0x09, 0x09, 0x09, 0x00, 0x0A, 0x0A,
    0x0A, 0x00, 0x0B, 0x0B, 0x0B, 0x00, 0x0C, 0x0C, 0x0C, 0x00, 0x0D, 0x0D, 0x0D, 0x00, 0x0E, 0x0E,
    0x0E, 0x00, 0x0F, 0x0F, 0x0F, 0x00, 0x10, 0x10, 0x10, 0x00, 0x11, 0x11, 0x11, 0x00, 0x12, 0x12,
    0x12, 0x00, 0x13, 0x13, 0x13, 0x00, 0x14, 0x14, 0x14, 0x00, 0x15, 0x15, 0x15, 0x00, 0x16, 0x16,
    0x16, 0x00, 0x17, 0x17, 0x17, 0x00, 0x18, 0x18, 0x18, 0x00, 0x19, 0x19, 0x19, 0x00, 0x1A, 0x1A,
    0x1A, 0x00, 0x1B, 0x1B, 0x1B, 0x00, 0x1C, 0x1C, 0x1C, 0x00, 0x1D, 0x1D, 0x1D, 0x00, 0x1E, 0x1E,
    0x1E, 0x00, 0x1F, 0x1F, 0x1F, 0x00, 0x20, 0x20, 0x20, 0x00, 0x21, 0x21, 0x21, 0x00, 0x22, 0x22,
    0x22, 0x00, 0x23, 0x23, 0x23, 0x00, 0x24, 0x24, 0x24, 0x00, 0x25, 0x25, 0x25, 0x00, 0x26, 0x26,
    0x26, 0x00, 0x27, 0x27, 0x27, 0x00, 0x28, 0x28, 0x28, 0x00, 0x29, 0x29, 0x29, 0x00, 0x2A, 0x2A,
    0x2A, 0x00, 0x2B, 0x2B, 0x2B, 0x00, 0x2C, 0x2C, 0x2C, 0x00, 0x2D, 0x2D, 0x2D, 0x00, 0x2E, 0x2E,
    0x2E, 0x00, 0x2F, 0x2F, 0x2F, 0x00, 0x30, 0x30, 0x30, 0x00, 0x31, 0x31, 0x31, 0x00, 0x32, 0x32,
    0x32, 0x00, 0x33, 0x33, 0x33, 0x00, 0x34, 0x34, 0x34, 0x00, 0x35, 0x35, 0x35, 0x00, 0x36, 0x36,
    0x36, 0x00, 0x37, 0x37, 0x37, 0x00, 0x38, 0x38, 0x38, 0x00, 0x39, 0x39, 0x39, 0x00, 0x3A, 0x3A,
    0x3A, 0x00, 0x3B, 0x3B, 0x3B, 0x00, 0x3C, 0x3C, 0x3C, 0x00, 0x3D, 0x3D, 0x3D, 0x00, 0x3E, 0x3E,
    0x3E, 0x00, 0x3F, 0x3F, 0x3F, 0x00, 0x40, 0x40, 0x40, 0x00, 0x41, 0x41, 0x41, 0x00, 0x42, 0x42,
    0x42, 0x00, 0x43, 0x43, 0x43, 0x00, 0x44, 0x44, 0x44, 0x00, 0x45, 0x45, 0x45, 0x00, 0x46, 0x46,
    0x46, 0x00, 0x47, 0x47, 0x47, 0x00, 0x48, 0x48, 0x48, 0x00, 0x49, 0x49, 0x49, 0x00, 0x4A, 0x4A,
    0x4A, 0x00, 0x4B, 0x4B, 0x4B, 0x00, 0x4C, 0x4C, 0x4C, 0x00, 0x4D, 0x4D, 0x4D, 0x00, 0x4E, 0x4E,
    0x4E, 0x00, 0x4F, 0x4F, 0x4F, 0x00, 0x50, 0x50, 0x50, 0x00, 0x51, 0x51, 0x51, 0x00, 0x52, 0x52,
    0x52, 0x00, 0x53, 0x53, 0x53, 0x00, 0x54, 0x54, 0x54, 0x00, 0x55, 0x55, 0x55, 0x00, 0x56, 0x56,
    0x56, 0x00, 0x57, 0x57, 0x57, 0x00, 0x58, 0x58, 0x58, 0x00, 0x59, 0x59, 0x59, 0x00, 0x5A, 0x5A,
    0x5A, 0x00, 0x5B, 0x5B, 0x5B, 0x00, 0x5C, 0x5C, 0x5C, 0x00, 0x5D, 0x5D, 0x5D, 0x00, 0x5E, 0x5E,
    0x5E, 0x00, 0x5F, 0x5F, 0x5F, 0x00, 0x60, 0x60, 0x60, 0x00, 0x61, 0x61, 0x61, 0x00, 0x62, 0x62,
    0x62, 0x00, 0x63, 0x63, 0x63, 0x00, 0x64, 0x64, 0x64, 0x00, 0x65, 0x65, 0x65, 0x00, 0x66, 0x66,
    0x66, 0x00, 0x67, 0x67, 0x67, 0x00, 0x68, 0x68, 0x68, 0x00, 0x69, 0x69, 0x69, 0x00, 0x6A, 0x6A,
    0x6A, 0x00, 0x6B, 0x6B, 0x6B, 0x00, 0x6C, 0x6C, 0x6C, 0x00, 0x6D, 0x6D, 0x6D, 0x00, 0x6E, 0x6E,
    0x6E, 0x00, 0x6F, 0x6F, 0x6F, 0x00, 0x70, 0x70, 0x70, 0x00, 0x71, 0x71, 0x71, 0x00, 0x72, 0x72,
    0x72, 0x00, 0x73, 0x73, 0x73, 0x00, 0x74, 0x74, 0x74, 0x00, 0x75, 0x75, 0x75, 0x00, 0x76, 0x76,
    0x76, 0x00, 0x77, 0x77, 0x77, 0x00, 0x78, 0x78, 0x78, 0x00, 0x79, 0x79, 0x79, 0x00, 0x7A, 0x7A,
    0x7A, 0x00, 0x7B, 0x7B, 0x7B, 0x00, 0x7C, 0x7C, 0x7C, 0x00, 0x7D, 0x7D, 0x7D, 0x00, 0x7E, 0x7E,
    0x7E, 0x00, 0x7F, 0x7F, 0x7F, 0x00, 0x80, 0x80, 0x80, 0x00, 0x81, 0x81, 0x81, 0x00, 0x82, 0x82,
    0x82, 0x00, 0x83, 0x83, 0x83, 0x00, 0x84, 0x84, 0x84, 0x00, 0x85, 0x85, 0x85, 0x00, 0x86, 0x86,
    0x86, 0x00, 0x87, 0x87, 0x87, 0x00, 0x88, 0x88, 0x88, 0x00, 0x89, 0x89, 0x89, 0x00, 0x8A, 0x8A,
    0x8A, 0x00, 0x8B, 0x8B, 0x8B, 0x00, 0x8C, 0x8C, 0x8C, 0x00, 0x8D, 0x8D, 0x8D, 0x00, 0x8E, 0x8E,
    0x8E, 0x00, 0x8F, 0x8F, 0x8F, 0x00, 0x90, 0x90, 0x90, 0x00, 0x91, 0x91, 0x91, 0x00, 0x92, 0x92,
    0x92, 0x00, 0x93, 0x93, 0x93, 0x00, 0x94, 0x94, 0x94, 0x00, 0x95, 0x95, 0x95, 0x00, 0x96, 0x96,
    0x96, 0x00, 0x97, 0x97, 0x97, 0x00, 0x98, 0x98, 0x98, 0x00, 0x99, 0x99, 0x99, 0x00, 0x9A, 0x9A,
    0x9A, 0x00, 0x9B, 0x9B, 0x9B, 0x00, 0x9C, 0x9C, 0x9C, 0x00, 0x9D, 0x9D, 0x9D, 0x00, 0x9E, 0x9E,
    0x9E, 0x00, 0x9F, 0x9F, 0x9F, 0x00, 0xA0, 0xA0, 0xA0, 0x00, 0xA1, 0xA1, 0xA1, 0x00, 0xA2, 0xA2,
    0xA2, 0x00, 0xA3, 0xA3, 0xA3, 0x00, 0xA4, 0xA4, 0xA4, 0x00, 0xA5, 0xA5, 0xA5, 0x00, 0xA6, 0xA6,
    0xA6, 0x00, 0xA7, 0xA7, 0xA7, 0x00, 0xA8, 0xA8, 0xA8, 0x00, 0xA9, 0xA9, 0xA9, 0x00, 0xAA, 0xAA,
    0xAA, 0x00, 0xAB, 0xAB, 0xAB, 0x00, 0xAC, 0xAC, 0xAC, 0x00, 0xAD, 0xAD, 0xAD, 0x00, 0xAE, 0xAE,
    0xAE, 0x00, 0xAF, 0xAF, 0xAF, 0x00, 0xB0, 0xB0, 0xB0, 0x00, 0xB1, 0xB1, 0xB1, 0x00, 0xB2, 0xB2,
    0xB2, 0x00, 0xB3, 0xB3, 0xB3, 0x00, 0xB4, 0xB4, 0xB4, 0x00, 0xB5, 0xB5, 0xB5, 0x00, 0xB6, 0xB6,
    0xB6, 0x00, 0xB7, 0xB7, 0xB7, 0x00, 0xB8, 0xB8, 0xB8, 0x00, 0xB9, 0xB9, 0xB9, 0x00, 0xBA, 0xBA,
    0xBA, 0x00, 0xBB, 0xBB, 0xBB, 0x00, 0xBC, 0xBC, 0xBC, 0x00, 0xBD, 0xBD, 0xBD, 0x00, 0xBE, 0xBE,
    0xBE, 0x00, 0xBF, 0xBF, 0xBF, 0x00, 0xC0, 0xC0, 0xC0, 0x00, 0xC1, 0xC1, 0xC1, 0x00, 0xC2, 0xC2,
    0xC2, 0x00, 0xC3, 0xC3, 0xC3, 0x00, 0xC4, 0xC4, 0xC4, 0x00, 0xC5, 0xC5, 0xC5, 0x00, 0xC6, 0xC6,
    0xC6, 0x00, 0xC7, 0xC7, 0xC7, 0x00, 0xC8, 0xC8, 0xC8, 0x00, 0xC9, 0xC9, 0xC9, 0x00, 0xCA, 0xCA,
    0xCA, 0x00, 0xCB, 0xCB, 0xCB, 0x00, 0xCC, 0xCC, 0xCC, 0x00, 0xCD, 0xCD, 0xCD, 0x00, 0xCE, 0xCE,
    0xCE, 0x00, 0xCF, 0xCF, 0xCF, 0x00, 0xD0, 0xD0, 0xD0, 0x00, 0xD1, 0xD1, 0xD1, 0x00, 0xD2, 0xD2,
    0xD2, 0x00, 0xD3, 0xD3, 0xD3, 0x00, 0xD4, 0xD4, 0xD4, 0x00, 0xD5, 0xD5, 0xD5, 0x00, 0xD6, 0xD6,
    0xD6, 0x00, 0xD7, 0xD7, 0xD7, 0x00, 0xD8, 0xD8, 0xD8, 0x00, 0xD9, 0xD9, 0xD9, 0x00, 0xDA, 0xDA,
    0xDA, 0x00, 0xDB, 0xDB, 0xDB, 0x00, 0xDC, 0xDC, 0xDC, 0x00, 0xDD, 0xDD, 0xDD, 0x00, 0xDE, 0xDE,
    0xDE, 0x00, 0xDF, 0xDF, 0xDF, 0x00, 0xE0, 0xE0, 0xE0, 0x00, 0xE1, 0xE1, 0xE1, 0x00, 0xE2, 0xE2,
    0xE2, 0x00, 0xE3, 0xE3, 0xE3, 0x00, 0xE4, 0xE4, 0xE4, 0x00, 0xE5, 0xE5, 0xE5, 0x00, 0xE6, 0xE6,
    0xE6, 0x00, 0xE7, 0xE7, 0xE7, 0x00, 0xE8, 0xE8, 0xE8, 0x00, 0xE9, 0xE9, 0xE9, 0x00, 0xEA, 0xEA,
    0xEA, 0x00, 0xEB, 0xEB, 0xEB, 0x00, 0xEC, 0xEC, 0xEC, 0x00, 0xED, 0xED, 0xED, 0x00, 0xEE, 0xEE,
    0xEE, 0x00, 0xEF, 0xEF, 0xEF, 0x00, 0xF0, 0xF0, 0xF0, 0x00, 0xF1, 0xF1, 0xF1, 0x00, 0xF2, 0xF2,
    0xF2, 0x00, 0xF3, 0xF3, 0xF3, 0x00, 0xF4, 0xF4, 0xF4, 0x00, 0xF5, 0xF5, 0xF5, 0x00, 0xF6, 0xF6,
    0xF6, 0x00, 0xF7, 0xF7, 0xF7, 0x00, 0xF8, 0xF8, 0xF8, 0x00, 0xF9, 0xF9, 0xF9, 0x00, 0xFA, 0xFA,
    0xFA, 0x00, 0xFB, 0xFB, 0xFB, 0x00, 0xFC, 0xFC, 0xFC, 0x00, 0xFD, 0xFD, 0xFD, 0x00, 0xFE, 0xFE,
    0xFE, 0x00, 0xFF, 0xFF, 0xFF, 0x00, 0xFF, 0xFE, 0xFE, 0xFE, 0xFF, 0xFE, 0xFE, 0xFE, 0xFE, 0xFE,
    0xFE, 0xFF, 0xFF, 0xF9, 0xC0, 0x71, 0x63, 0x66, 0x4F, 0x40, 0x34, 0x1D, 0x0D, 0x04, 0x0C, 0x12,
    0x24, 0x3E, 0x39, 0x2D, 0x2D, 0x4B, 0xA2, 0xEC, 0xFF, 0xFF, 0xFE, 0xFF, 0xFA, 0x8D, 0x61, 0xDE,
    0xFF, 0xFF, 0xFE, 0xFE, 0xFE, 0xFF, 0xFF, 0x6A, 0x0E, 0x61, 0x81, 0x15, 0x01, 0x15, 0xD4, 0xA6,
    0x39, 0x63, 0x25, 0xC5, 0xFF, 0xFE, 0xFE, 0xFE, 0xFE, 0xFE, 0xFF, 0xFE, 0xFE, 0xFE, 0xFF, 0xF8,
    0x9C, 0x35, 0x4E, 0x6B, 0x34, 0x68, 0x96, 0x8E, 0xAA, 0xEF, 0xFF, 0xFD, 0xBB, 0x32, 0x1C, 0x67,
    0x81, 0xE8, 0xFF, 0xFF, 0xFF, 0xFE, 0xFE, 0xFE, 0xFE, 0xFE, 0xFE, 0xFE, 0xFE, 0xFE, 0xFE, 0xFE,
    0xFF, 0xFE, 0xFE, 0xFE, 0xFE, 0xFE, 0xFE, 0xFE, 0xFE, 0xFE, 0xFE, 0xFE, 0xFE, 0xFF, 0xFF, 0xFC,
    0xDB, 0x40, 0x10, 0x3B, 0x68, 0xAE, 0xFF, 0xFA, 0xEB, 0xDA, 0xBF, 0x9E, 0x80, 0x5F, 0x3F, 0x23,
    0x11, 0x11, 0x17, 0x1B, 0x23, 0x00, 0xFF, 0xFE, 0xFE, 0xFE, 0xFF, 0xFF, 0xFE, 0xFE, 0xFE, 0xFE,
    0xFE, 0xFE, 0xFF, 0xFF, 0xFF, 0xF0, 0xC8, 0x9E, 0x8F, 0x96, 0x96, 0x7D, 0x53, 0x2A, 0x14, 0x0D,
    0x0B, 0x28, 0x61, 0x79, 0x5D, 0x3A, 0x3D, 0x78, 0xE4, 0xFF, 0xFF, 0xFF, 0xEE, 0x88, 0x8D, 0xF8,
    0xFF, 0xFE, 0xFF, 0xFF, 0xFF, 0xFF, 0xFF, 0x68, 0x19, 0x91, 0x90, 0x17, 0x00, 0x18, 0xD9, 0x9F,
    0x5E, 0x39, 0x10, 0xA8, 0xFF, 0xFF, 0xFF, 0xFF, 0xFF, 0xFE, 0xFF, 0xFE, 0xFE, 0xFF, 0xFC, 0x9B,
    0x31, 0x46, 0x38, 0x43, 0x79, 0x8E, 0xBC, 0xEE, 0xFF, 0xF8, 0xD3, 0x7B, 0x26, 0x2B, 0x6E, 0x9E,
    0xE2, 0xFF, 0xFE, 0xFE, 0xFE, 0xFF, 0xFF, 0xFF, 0xFE, 0xFE, 0xFE, 0xFE, 0xFF, 0xFF, 0xFE, 0xFE,
    0xFE, 0xFF, 0xFE, 0xFE, 0xFE, 0xFE, 0xFE, 0xFE, 0xFE, 0xFF, 0xFF, 0xFF, 0xFE, 0xFC, 0xF0, 0xCE,
    0x59, 0x0C, 0x28, 0x69, 0x91, 0xE6, 0xCF, 0x9B, 0x68, 0x40, 0x28, 0x1D, 0x1A, 0x19, 0x1B, 0x20,
    0x21, 0x25, 0x3A, 0x55, 0x66, 0x00, 0xFF, 0xFE, 0xFE, 0xFE, 0xFE, 0xFE, 0xFE, 0xFE, 0xFE, 0xFE,
    0xFE, 0xFE, 0xFE, 0xFE, 0xFF, 0xFF, 0xFF, 0xFC, 0xED, 0xCD, 0xAC, 0x9B, 0x95, 0x87, 0x65, 0x42,
    0x2A, 0x1D, 0x16, 0x27, 0x65, 0x75, 0x5C, 0x49, 0x65, 0xDE, 0xFF, 0xFF, 0xE7, 0x7E, 0x9B, 0xFF,
    0xFE, 0xFE, 0xFF, 0xFE, 0xFF, 0xFE, 0xFF, 0x7A, 0x26, 0xA1, 0x73, 0x18, 0x00, 0x09, 0xB4, 0xBA,
    0x60, 0x3F, 0x00, 0x1F, 0xAC, 0xF6, 0xFF, 0xFF, 0xFF, 0xFF, 0xFF, 0xFE, 0xFE, 0xFF, 0xCB, 0x27,
    0x42, 0x34, 0x26, 0x67, 0xAD, 0xE8, 0xFF, 0xE5, 0xAC, 0x62, 0x2A, 0x25, 0x50, 0x8D, 0xCA, 0xF7,
    0xFF, 0xFE, 0xFE, 0xFE, 0xFF, 0xFE, 0xF8, 0xFA, 0xFE, 0xFE, 0xFE, 0xFE, 0xFE, 0xFE, 0xFE, 0xFE,
    0xFE, 0xFE, 0xFE, 0xFE, 0xFE, 0xFE, 0xFE, 0xFF, 0xFF, 0xFC, 0xF7, 0xEA, 0xD1, 0xA9, 0x70, 0x3C,
    0x16, 0x2E, 0x5B, 0x61, 0x6F, 0x53, 0x30, 0x27, 0x30, 0x3E, 0x4C, 0x54, 0x57, 0x5D, 0x68, 0x76,
    0x83, 0x9E, 0xBC, 0xCD, 0xD1, 0x00, 0xFF, 0xFF, 0xFF, 0xFF, 0xFE, 0xFE, 0xFE, 0xFE, 0xFE, 0xFE,
    0xFE, 0xFE, 0xFF, 0xFF, 0xFF, 0xFF, 0xFF, 0xFF, 0xFF, 0xFF, 0xFC, 0xEF, 0xDD, 0xCB, 0xBB, 0xA9,
    0x7D, 0x49, 0x3D, 0x31, 0x1B, 0x2F, 0x88, 0x8C, 0x3F, 0x53, 0xE6, 0xFF, 0xEC, 0x85, 0x68, 0xE3,
    0xFF, 0xFE, 0xFE, 0xFF, 0xFE, 0xFE, 0xFF, 0xB8, 0x2E, 0x9C, 0x7B, 0x14, 0x06, 0x00, 0x58, 0xE2,
    0x6C, 0x7B, 0x2B, 0x03, 0x13, 0x5C, 0xB4, 0xEB, 0xFC, 0xFF, 0xFF, 0xFF, 0xFF, 0xFE, 0x71, 0x26,
    0x4B, 0x21, 0x44, 0x93, 0xF9, 0xFD, 0xB4, 0x3A, 0x1E, 0x33, 0x4E, 0x8D, 0xD5, 0xFA, 0xFF, 0xFF,
    0xFF, 0xFE, 0xFE, 0xFF, 0xFF, 0xFF, 0xC1, 0xB5, 0xFC, 0xFF, 0xFF, 0xFF, 0xFE, 0xFE, 0xFF, 0xFF,
    0xFF, 0xFF, 0xFF, 0xFF, 0xFF, 0xFE, 0xFC, 0xF5, 0xE6, 0xCD, 0xAD, 0x77, 0x3E, 0x17, 0x04, 0x0E,
    0x2A, 0x2E, 0x41, 0x2A, 0x37, 0x50, 0x71, 0x85, 0x8D, 0x9A, 0xA9, 0xB8, 0xC9, 0xD9, 0xE7, 0xF1,
    0xF8, 0xFE, 0xFF, 0xFF, 0xFF, 0x00, 0xFA, 0xFB, 0xFD, 0xFE, 0xFF, 0xFF, 0xFF, 0xFF, 0xFF, 0xFF,
    0xFF, 0xFF, 0xFF, 0xFF, 0xFF, 0xFF, 0xFF, 0xFF, 0xFF, 0xFF, 0xFF, 0xFF, 0xFF, 0xFF, 0xFB, 0xF3,
    0xE3, 0xAF, 0x60, 0x59, 0x64, 0x2F, 0x1E, 0x7E, 0xA5, 0x28, 0x8D, 0xFF, 0xF5, 0x8D, 0x56, 0x62,
    0xE4, 0xFF, 0xFF, 0xFF, 0xFF, 0xFF, 0xFF, 0xEF, 0x51, 0x60, 0xA5, 0x23, 0x10, 0x00, 0x0C, 0xAA,
    0xCB, 0x6A, 0x78, 0x42, 0x16, 0x11, 0x21, 0x4A, 0x84, 0x95, 0xB3, 0xDD, 0xFB, 0xEE, 0x3B, 0x34,
    0x21, 0x30, 0x54, 0xB9, 0xF5, 0x87, 0x24, 0x31, 0x5D, 0xA0, 0xDD, 0xFC, 0xFF, 0xFE, 0xFE, 0xFE,
    0xFD, 0xFE, 0xFF, 0xFF, 0xFF, 0xFF, 0xD1, 0xC2, 0xFD, 0xFF, 0xFF, 0xFF, 0xFD, 0xEE, 0xFA, 0xFF,
    0xFF, 0xFE, 0xFD, 0xFA, 0xF5, 0xE9, 0xCE, 0xA3, 0x75, 0x46, 0x21, 0x0B, 0x04, 0x06, 0x0E, 0x26,
    0x35, 0x31, 0x3D, 0x61, 0x73, 0x91, 0xB3, 0xC8, 0xDE, 0xF0, 0xFA, 0xFE, 0xFF, 0xFF, 0xFF, 0xFF,
    0xFF, 0xFF, 0xFF, 0xFF, 0xFF, 0x00, 0xB0, 0xC5, 0xDC, 0xEC, 0xF6, 0xFB, 0xFC, 0xFE, 0xFE, 0xFE,
    0xFD, 0xF9, 0xF0, 0xE4, 0xE0, 0xDF, 0xD9, 0xC9, 0xB4, 0xAD, 0xB2, 0xBD, 0xD2, 0xEC, 0xFA, 0xFC,
    0xFD, 0xFB, 0xD7, 0x87, 0x7C, 0x8B, 0x30, 0x08, 0x85, 0x73, 0x43, 0xF1, 0xFF, 0xB1, 0x82, 0x36,
    0x4B, 0xB5, 0xED, 0xFB, 0xFF, 0xFF, 0xFF, 0xFF, 0xA9, 0x26, 0x9B, 0x71, 0x14, 0x0D, 0x00, 0x27,
    0xC4, 0xCA, 0x69, 0x5C, 0x53, 0x3D, 0x3B, 0x27, 0x1B, 0x1F, 0x29, 0x32, 0x6F, 0xBC, 0x2E, 0x2D,
    0x13, 0x3B, 0x3F, 0xD2, 0x86, 0x0F, 0x4A, 0x92, 0xDC, 0xFE, 0xFF, 0xFC, 0xF7, 0xFB, 0xF9, 0xE4,
    0xD3, 0xCB, 0xC9, 0xC7, 0xDA, 0xEC, 0xF7, 0xFA, 0xF4, 0xEE, 0xE9, 0xE3, 0xF3, 0xCF, 0xEA, 0xF1,
    0xEE, 0xE7, 0xD5, 0xB8, 0x8E, 0x64, 0x3F, 0x23, 0x16, 0x18, 0x1E, 0x25, 0x28, 0x2B, 0x38, 0x4A,
    0x50, 0x68, 0x91, 0xB3, 0xD0, 0xED, 0xFA, 0xFE, 0xFF, 0xFF, 0xFF, 0xFF, 0xFE, 0xFF, 0xFE, 0xFE,
    0xFE, 0xFE, 0xFE, 0xFF, 0xFF, 0x00, 0x29, 0x4A, 0x77, 0x9E, 0xB2, 0xB6, 0xB4, 0xB3, 0xB1, 0xA6,
    0x90, 0x75, 0x58, 0x40, 0x39, 0x3A, 0x31, 0x21, 0x10, 0x0B, 0x0C, 0x0F, 0x23, 0x53, 0x8B, 0xBC,
    0xE7, 0xFB, 0xFF, 0xF3, 0xA7, 0x8F, 0x87, 0x1D, 0x30, 0x97, 0x27, 0xCF, 0xFF, 0xF0, 0xA7, 0x99,
    0x50, 0x28, 0x55, 0x9C, 0xD3, 0xEC, 0xF9, 0xFF, 0xF5, 0x68, 0x43, 0xB7, 0x58, 0x1A, 0x0F, 0x04,
    0x20, 0x97, 0xBE, 0x6A, 0x53, 0x64, 0x77, 0x65, 0x3C, 0x3C, 0x38, 0x1F, 0x12, 0x37, 0x24, 0x29,
    0x18, 0x39, 0x30, 0xA9, 0x24, 0x13, 0x92, 0xF8, 0xEE, 0xC8, 0xA8, 0xAB, 0x9E, 0xBB, 0xAD, 0x73,
    0x53, 0x30, 0x1F, 0x1C, 0x2D, 0x62, 0x96, 0xBB, 0x96, 0x57, 0x74, 0x95, 0xE5, 0xE5, 0xC8, 0xAA,
    0x87, 0x61, 0x3E, 0x25, 0x19, 0x1B, 0x23, 0x2B, 0x30, 0x39, 0x48, 0x51, 0x47, 0x43, 0x53, 0x60,
    0x9E, 0xE3, 0xF8, 0xFE, 0xFF, 0xFF, 0xFF, 0xFE, 0xFE, 0xFE, 0xFE, 0xFE, 0xFE, 0xFE, 0xFE, 0xFE,
    0xFE, 0xFE, 0xFE, 0xFF, 0xFF, 0x00, 0x00, 0x03, 0x0B, 0x13, 0x19, 0x1C, 0x1F, 0x1F, 0x1D, 0x16,
    0x0E, 0x08, 0x05, 0x02, 0x07, 0x0B, 0x0B, 0x0F, 0x12, 0x14, 0x13, 0x03, 0x03, 0x04, 0x05, 0x12,
    0x4B, 0x9E, 0xDF, 0xFD, 0xFA, 0xA6, 0x8D, 0x78, 0x15, 0x68, 0x19, 0xA2, 0xFF, 0xFF, 0xEF, 0xC6,
    0xAB, 0x7C, 0x52, 0x3E, 0x48, 0x5F, 0x83, 0xB3, 0xDF, 0xD5, 0x40, 0x4F, 0x96, 0x42, 0x1C, 0x0B,
    0x01, 0x0B, 0x41, 0x32, 0x31, 0x45, 0x47, 0x5F, 0x60, 0x59, 0x5C, 0x58, 0x30, 0x18, 0x13, 0x20,
    0x17, 0x30, 0x1F, 0x36, 0x0F, 0x34, 0xB6, 0x92, 0x5F, 0x39, 0x1E, 0x18, 0x16, 0x22, 0x1F, 0x0A,
    0x06, 0x15, 0x0F, 0x26, 0x10, 0x08, 0x14, 0x30, 0x68, 0x89, 0xCE, 0xE1, 0xBA, 0x63, 0x2B, 0x15,
    0x12, 0x1B, 0x26, 0x2D, 0x31, 0x33, 0x3C, 0x47, 0x44, 0x33, 0x31, 0x32, 0x33, 0x36, 0x75, 0xC1,
    0xFA, 0xFF, 0xFF, 0xFE, 0xFE, 0xFE, 0xFE, 0xFE, 0xFE, 0xFE, 0xFF, 0xFF, 0xFE, 0xFE, 0xFE, 0xFE,
    0xFE, 0xFE, 0xFE, 0xFF, 0xFF, 0x00, 0x09, 0x06, 0x03, 0x02, 0x01, 0x02, 0x02, 0x04, 0x05, 0x06,
    0x08, 0x13, 0x18, 0x1F, 0x2C, 0x26, 0x28, 0x39, 0x47, 0x45, 0x3F, 0x19, 0x0E, 0x09, 0x03, 0x01,
    0x00, 0x0F, 0x40, 0xA5, 0xF6, 0xF4, 0x8A, 0x9D, 0x37, 0x19, 0x0A, 0x8C, 0xFF, 0xFF, 0xFF, 0xFD,
    0xEF, 0xDE, 0xC8, 0xB0, 0x9F, 0x90, 0x68, 0x42, 0x4B, 0x87, 0x74, 0x1E, 0x3C, 0xA0, 0x49, 0x0E,
    0x0C, 0x11, 0x03, 0x0C, 0x0D, 0x1F, 0x28, 0x28, 0x3D, 0x66, 0x70, 0x4C, 0x6E, 0x53, 0x0F, 0x19,
    0x13, 0x23, 0x19, 0x08, 0x0A, 0x2F, 0x3C, 0x08, 0x00, 0x04, 0x03, 0x00, 0x00, 0x00, 0x00, 0x00,
    0x09, 0x2B, 0x21, 0x42, 0x19, 0x0D, 0x12, 0x06, 0x4A, 0xBD, 0xC2, 0x75, 0x1F, 0x0C, 0x17, 0x21,
    0x35, 0x50, 0x6C, 0x88, 0x9D, 0xAB, 0xB9, 0xB9, 0x8D, 0x36, 0x22, 0x31, 0x3C, 0x72, 0xCA, 0xFC,
    0xFF, 0xFF, 0xFE, 0xFE, 0xFE, 0xFE, 0xFF, 0xFE, 0xFE, 0xFE, 0xFF, 0xFE, 0xFE, 0xFE, 0xFE, 0xFE,
    0xFE, 0xFE, 0xFE, 0xFF, 0xFF, 0x00, 0x14, 0x11, 0x11, 0x0F, 0x0D, 0x0F, 0x0E, 0x10, 0x13, 0x13,
    0x17, 0x2A, 0x37, 0x54, 0x7C, 0x85, 0x8C, 0xB2, 0xC7, 0xCB, 0xC2, 0x9B, 0x76, 0x63, 0x31, 0x0E,
    0x05, 0x05, 0x05, 0x15, 0x7A, 0xEA, 0xD5, 0x7E, 0x69, 0x01, 0x00, 0x87, 0xFF, 0xFF, 0xFE, 0xFF,
    0xFF, 0xFF, 0xFE, 0xFB, 0xF5, 0xEE, 0xCC, 0x7D, 0x2D, 0x1B, 0x1E, 0x19, 0x0B, 0x44, 0xA2, 0x5E,
    0x31, 0x29, 0x0A, 0x0E, 0x1B, 0x29, 0x19, 0x1F, 0x25, 0x18, 0x40, 0x6F, 0x63, 0x76, 0x2D, 0x1F,
    0x10, 0x12, 0x16, 0x0B, 0x0B, 0x0A, 0x06, 0x02, 0x04, 0x01, 0x01, 0x03, 0x0A, 0x09, 0x01, 0x02,
    0x0F, 0x1C, 0x2B, 0x49, 0x62, 0x58, 0x35, 0x2A, 0x4A, 0x85, 0x6B, 0x19, 0x11, 0x30, 0x62, 0x94,
    0xB9, 0xD3, 0xE8, 0xF4, 0xF8, 0xFA, 0xEE, 0xAE, 0x54, 0x32, 0x3C, 0x4A, 0x7F, 0xC8, 0xFC, 0xFF,
    0xFF, 0xFE, 0xFE, 0xFF, 0xFE, 0xFE, 0xFF, 0xFF, 0xFF, 0xFF, 0xFF, 0xFF, 0xFE, 0xFE, 0xFE, 0xFE,
    0xFE, 0xFE, 0xFF, 0xFF, 0xFF, 0x00, 0x56, 0x3C, 0x25, 0x1F, 0x24, 0x30, 0x38, 0x39, 0x2E, 0x23,
    0x25, 0x4F, 0x7A, 0xA7, 0xAC, 0xAE, 0xCF, 0xE4, 0xED, 0xF3, 0xF5, 0xE8, 0xD1, 0xC8, 0xB3, 0x86,
    0x42, 0x16, 0x0A, 0x06, 0x08, 0x4A, 0xC0, 0x7E, 0x6C, 0x1D, 0x00, 0x55, 0xE7, 0xFF, 0xFF, 0xFF,
    0xFF, 0xFF, 0xFE, 0xFE, 0xFF, 0xFF, 0xE9, 0x68, 0x15, 0x18, 0x2C, 0x4B, 0x53, 0x27, 0x1D, 0x63,
    0x9E, 0x33, 0x16, 0x19, 0x14, 0x10, 0x03, 0x09, 0x09, 0x08, 0x0C, 0x1A, 0x3F, 0x50, 0x54, 0x14,
    0x15, 0x04, 0x0E, 0x0D, 0x03, 0x01, 0x03, 0x0E, 0x19, 0x07, 0x04, 0x0D, 0x28, 0x26, 0x0F, 0x08,
    0x0C, 0x0D, 0x1D, 0x78, 0xA5, 0xA0, 0x6D, 0x47, 0x41, 0x66, 0x37, 0x1A, 0x56, 0xAF, 0xE8, 0xFA,
    0xFE, 0xFE, 0xFF, 0xFF, 0xFF, 0xF3, 0x92, 0x49, 0x32, 0x2E, 0x43, 0x87, 0xC7, 0xFC, 0xFF, 0xFF,
    0xFF, 0xFF, 0xFF, 0xFF, 0xFE, 0xFE, 0xFF, 0xFF, 0xFF, 0xFF, 0xFF, 0xFF, 0xFF, 0xFF, 0xFF, 0xFE,
    0xFE, 0xFE, 0xFF, 0xFF, 0xFF, 0x00, 0xC9, 0xBB, 0xA9, 0x9C, 0xA0, 0xAD, 0xAB, 0xA3, 0x5A, 0x1F,
    0x1E, 0x45, 0x70, 0xBD, 0xDA, 0xE9, 0xFB, 0xFF, 0xFF, 0xFF, 0xFF, 0xFE, 0xF9, 0xEF, 0xE2, 0xDB,
    0xC7, 0x83, 0x39, 0x14, 0x10, 0x0C, 0x35, 0x4F, 0x2C, 0x46, 0x0A, 0x0D, 0x58, 0xC5, 0xFA, 0xFF,
    0xFF, 0xFF, 0xFE, 0xFE, 0xFF, 0xED, 0x82, 0x36, 0x40, 0x4F, 0x63, 0x71, 0x61, 0x2C, 0x08, 0x08,
    0x24, 0x14, 0x24, 0x30, 0x2F, 0x24, 0x21, 0x0C, 0x04, 0x01, 0x01, 0x07, 0x08, 0x21, 0x3F, 0x25,
    0x0F, 0x07, 0x03, 0x09, 0x01, 0x01, 0x12, 0x1C, 0x1C, 0x0F, 0x0A, 0x2C, 0x38, 0x60, 0x4F, 0x21,
    0x11, 0x1A, 0x59, 0x93, 0x79, 0xA5, 0x84, 0x68, 0x37, 0x30, 0x29, 0x79, 0xDE, 0xFE, 0xFF, 0xFF,
    0xFF, 0xFE, 0xFE, 0xFF, 0xF9, 0x96, 0x69, 0x75, 0x24, 0x30, 0x76, 0xCE, 0xFB, 0xFF, 0xFF, 0xFF,
    0xFE, 0xFF, 0xFF, 0xFF, 0xFE, 0xFF, 0xFF, 0xFF, 0xF5, 0xC7, 0xB8, 0xB2, 0xBD, 0xE7, 0xFF, 0xFF,
    0xFE, 0xFE, 0xFF, 0xFF, 0xFF, 0x00, 0xFC, 0xF9, 0xF4, 0xF2, 0xEF, 0xEF, 0xF1, 0xF4, 0x85, 0x23,
    0x26, 0x2B, 0x1D, 0x88, 0xFD, 0xFF, 0xFE, 0xFE, 0xFE, 0xFE, 0xFE, 0xFE, 0xFF, 0xFF, 0xFE, 0xF8,
    0xE9, 0xD8, 0xB4, 0x64, 0x2F, 0x19, 0x0B, 0x07, 0x04, 0x3E, 0x31, 0x01, 0x01, 0x21, 0x66, 0xAE,
    0xDA, 0xF3, 0xFE, 0xFF, 0xF7, 0x98, 0x5A, 0x50, 0x2B, 0x24, 0x49, 0x5A, 0x3F, 0x19, 0x07, 0x03,
    0x01, 0x02, 0x02, 0x05, 0x09, 0x15, 0x23, 0x1C, 0x11, 0x09, 0x04, 0x01, 0x00, 0x05, 0x0E, 0x1D,
    0x0A, 0x05, 0x0D, 0x06, 0x00, 0x09, 0x16, 0x0D, 0x05, 0x02, 0x02, 0x35, 0x5F, 0x9C, 0x70, 0x7B,
    0x7B, 0x89, 0xAA, 0x76, 0x26, 0x59, 0x75, 0x4D, 0x0E, 0x19, 0x82, 0xED, 0xFF, 0xFF, 0xFE, 0xFE,
    0xFE, 0xFE, 0xFE, 0xFE, 0xAD, 0x74, 0xA9, 0x36, 0x29, 0x60, 0xC8, 0xFF, 0xFF, 0xFE, 0xFF, 0xFF,
    0xFE, 0xFE, 0xFE, 0xFE, 0xFE, 0xFE, 0xFF, 0xE4, 0x7A, 0x26, 0x30, 0x31, 0x38, 0xAF, 0xFF, 0xFE,
    0xFE, 0xFE, 0xFE, 0xFF, 0xFF, 0x00, 0xFF, 0xFF, 0xFF, 0xFF, 0xFF, 0xFF, 0xFF, 0xFF, 0x83, 0x27,
    0x40, 0x3F, 0x0D, 0x38, 0xDD, 0xFF, 0xFF, 0xFE, 0xFF, 0xFE, 0xFF, 0xFE, 0xFE, 0xFF, 0xFF, 0xFF,
    0xFF, 0xF7, 0xE3, 0xC8, 0x89, 0x3E, 0x17, 0x06, 0x04, 0x12, 0x34, 0x11, 0x03, 0x02, 0x03, 0x0C,
    0x2F, 0x6F, 0xB9, 0xE3, 0xA5, 0x6C, 0x3F, 0x0A, 0x09, 0x17, 0x1C, 0x10, 0x08, 0x05, 0x04, 0x05,
    0x05, 0x03, 0x02, 0x01, 0x00, 0x00, 0x02, 0x05, 0x0A, 0x10, 0x0E, 0x05, 0x02, 0x02, 0x00, 0x08,
    0x14, 0x04, 0x08, 0x07, 0x03, 0x0E, 0x0D, 0x0A, 0x05, 0x02, 0x04, 0x3A, 0x41, 0x1B, 0x10, 0x36,
    0x80, 0x9E, 0x7E, 0x60, 0x08, 0x0D, 0x58, 0x34, 0x09, 0x40, 0xE8, 0xFF, 0xFF, 0xFF, 0xFE, 0xFF,
    0xFF, 0xFE, 0xFF, 0xD1, 0x63, 0xC1, 0x52, 0x2C, 0x58, 0xC3, 0xFC, 0xFF, 0xFE, 0xFE, 0xFF, 0xFF,
    0xFE, 0xFE, 0xFE, 0xFF, 0xFF, 0xFF, 0xFF, 0xA2, 0x05, 0x15, 0x42, 0x44, 0x2D, 0x9F, 0xFF, 0xFF,
    0xFF, 0xFE, 0xFE, 0xFF, 0xFF, 0x00, 0xFF, 0xFF, 0xFF, 0xFF, 0xFE, 0xFE, 0xFF, 0xFF, 0x82, 0x2F,
    0x47, 0x3E, 0x11, 0x12, 0x92, 0xFC, 0xFF, 0xFF, 0xFE, 0xFE, 0xFF, 0xFE, 0xFE, 0xFE, 0xFF, 0xFF,
    0xFF, 0xFF, 0xFE, 0xF5, 0xB4, 0x6E, 0x48, 0x0C, 0x0D, 0x11, 0x23, 0x1C, 0x11, 0x04, 0x03, 0x03,
    0x01, 0x07, 0x20, 0x4C, 0x45, 0x59, 0x06, 0x0B, 0x33, 0x43, 0x21, 0x0E, 0x0D, 0x10, 0x14, 0x16,
    0x11, 0x0D, 0x09, 0x05, 0x06, 0x08, 0x07, 0x05, 0x03, 0x01, 0x03, 0x04, 0x06, 0x0B, 0x02, 0x01,
    0x08, 0x0C, 0x05, 0x02, 0x0B, 0x0B, 0x13, 0x18, 0x10, 0x03, 0x0E, 0x48, 0x14, 0x00, 0x01, 0x04,
    0x24, 0x5B, 0x62, 0x62, 0x0D, 0x17, 0x7B, 0x67, 0x37, 0x74, 0xFE, 0xFE, 0xFE, 0xFF, 0xFE, 0xFF,
    0xFF, 0xFF, 0xF9, 0x74, 0xA2, 0x89, 0x2F, 0x46, 0xB3, 0xFA, 0xFF, 0xFE, 0xFE, 0xFE, 0xFE, 0xFF,
    0xFE, 0xFF, 0xFF, 0xFF, 0xFF, 0xFF, 0xFF, 0x97, 0x09, 0x17, 0x42, 0x4B, 0x35, 0xA1, 0xFF, 0xFF,
    0xFF, 0xFE, 0xFF, 0xFF, 0xFF, 0x00, 0xFF, 0xFE, 0xFE, 0xFE, 0xFE, 0xFE, 0xFE, 0xFF, 0x83, 0x36,
    0x49, 0x3D, 0x10, 0x23, 0xCE, 0xFF, 0xFE, 0xFE, 0xFE, 0xFE, 0xFE, 0xFE, 0xFF, 0xFE, 0xFF, 0xFF,
    0xFF, 0xFE, 0xFE, 0xFF, 0xE4, 0x5C, 0x51, 0x1B, 0x0F, 0x36, 0xA2, 0x60, 0x2B, 0x11, 0x03, 0x01,
    0x03, 0x04, 0x05, 0x06, 0x25, 0x21, 0x05, 0x3C, 0x8F, 0x68, 0x1B, 0x0D, 0x18, 0x26, 0x20, 0x16,
    0x0E, 0x0C, 0x24, 0x28, 0x19, 0x12, 0x0F, 0x0B, 0x07, 0x03, 0x02, 0x02, 0x04, 0x0C, 0x0B, 0x06,
    0x01, 0x07, 0x08, 0x0A, 0x18, 0x0F, 0x1B, 0x22, 0x21, 0x09, 0x0D, 0x44, 0x0F, 0x00, 0x01, 0x12,
    0x21, 0x35, 0x43, 0x5B, 0x21, 0x0F, 0x3D, 0x66, 0x83, 0x9E, 0xFF, 0xFE, 0xFE, 0xFE, 0xFE, 0xFF,
    0xFF, 0xFF, 0xCE, 0x63, 0xC6, 0x33, 0x39, 0x73, 0xEE, 0xFF, 0xFE, 0xFE, 0xFE, 0xFE, 0xFE, 0xFE,
    0xFE, 0xFE, 0xFE, 0xFE, 0xFF, 0xFF, 0xFF, 0x9A, 0x0B, 0x18, 0x40, 0x4A, 0x38, 0x9E, 0xFF, 0xFF,
    0xFE, 0xFE, 0xFE, 0xFF, 0xFF, 0x00, 0xFF, 0xFE, 0xFE, 0xFF, 0xFE, 0xFE, 0xFF, 0xFF, 0x81, 0x39,
    0x4A, 0x42, 0x11, 0x22, 0xDB, 0xFF, 0xFE, 0xFE, 0xFE, 0xFE, 0xFE, 0xFE, 0xFE, 0xFE, 0xFE, 0xFE,
    0xFE, 0xFE, 0xFE, 0xFE, 0xFF, 0x98, 0x30, 0x3C, 0x15, 0x1C, 0xC4, 0xF3, 0xC1, 0x7F, 0x4D, 0x2B,
    0x14, 0x06, 0x06, 0x0D, 0x08, 0x06, 0x06, 0x2F, 0x73, 0x2B, 0x0B, 0x16, 0x1D, 0x25, 0x56, 0x63,
    0x2A, 0x13, 0x1C, 0x21, 0x0B, 0x06, 0x0E, 0x11, 0x0E, 0x07, 0x06, 0x05, 0x04, 0x02, 0x09, 0x0C,
    0x04, 0x02, 0x02, 0x11, 0x18, 0x0E, 0x1F, 0x35, 0x32, 0x17, 0x08, 0x66, 0x49, 0x03, 0x00, 0x0B,
    0x21, 0x21, 0x3F, 0xA9, 0x3E, 0x01, 0x0F, 0x3D, 0x8F, 0xEA, 0xFF, 0xFE, 0xFE, 0xFE, 0xFE, 0xFE,
    0xFE, 0xFF, 0x94, 0x98, 0x8D, 0x26, 0x39, 0xB2, 0xFF, 0xFF, 0xFE, 0xFE, 0xFE, 0xFE, 0xFE, 0xFE,
    0xFD, 0xFD, 0xFE, 0xFE, 0xFE, 0xFF, 0xFF, 0x9C, 0x09, 0x1D, 0x42, 0x47, 0x39, 0x9E, 0xFF, 0xFE,
    0xFE, 0xFE, 0xFE, 0xFF, 0xFF, 0x00, 0xFF, 0xFE, 0xFE, 0xFF, 0xFF, 0xFF, 0xFE, 0xFF, 0x79, 0x37,
    0x4A, 0x43, 0x13, 0x1F, 0xDB, 0xFF, 0xFE, 0xFE, 0xFE, 0xFE, 0xFE, 0xFE, 0xFE, 0xFE, 0xFE, 0xFE,
    0xFE, 0xFE, 0xFE, 0xFE, 0xFF, 0xE2, 0x46, 0x44, 0x22, 0x05, 0x49, 0xCC, 0xFD, 0xF8, 0xE8, 0xD5,
    0xA4, 0x3C, 0x1B, 0x16, 0x0F, 0x11, 0x13, 0x17, 0x26, 0x12, 0x21, 0x2A, 0x53, 0xAA, 0xE1, 0xE7,
    0xB6, 0x31, 0x15, 0x12, 0x08, 0x10, 0x15, 0x10, 0x07, 0x0D, 0x06, 0x02, 0x04, 0x05, 0x06, 0x06,
    0x06, 0x05, 0x02, 0x0A, 0x0E, 0x06, 0x12, 0x3E, 0x3B, 0x1C, 0x12, 0x74, 0x90, 0x53, 0x15, 0x06,
    0x0A, 0x24, 0x3C, 0x75, 0x16, 0x03, 0x18, 0x38, 0xC5, 0xFF, 0xFE, 0xFE, 0xFE, 0xFE, 0xFE, 0xFE,
    0xFF, 0xF4, 0x70, 0xC1, 0x49, 0x2C, 0x49, 0xE6, 0xFF, 0xFF, 0xFE, 0xFE, 0xFE, 0xFE, 0xFE, 0xFE,
    0xFD, 0xFD, 0xFD, 0xFE, 0xFE, 0xFF, 0xFF, 0x9B, 0x09, 0x1F, 0x43, 0x45, 0x41, 0x9E, 0xFF, 0xFE,
    0xFE, 0xFE, 0xFE, 0xFF, 0xFF, 0x00, 0xFF, 0xFE, 0xFE, 0xFF, 0xFE, 0xFE, 0xFE, 0xFE, 0x74, 0x39,
    0x49, 0x42, 0x15, 0x1F, 0xDA, 0xFF, 0xFE, 0xFE, 0xFE, 0xFE, 0xFE, 0xFE, 0xFE, 0xFE, 0xFE, 0xFE,
    0xFE, 0xFE, 0xFE, 0xFE, 0xFE, 0xFF, 0xB3, 0x41, 0x30, 0x10, 0x05, 0x24, 0x80, 0xD4, 0xFB, 0xFF,
    0xDA, 0x46, 0x26, 0x44, 0xA4, 0x5D, 0x12, 0x08, 0x09, 0x19, 0x1A, 0x54, 0xD6, 0xFE, 0xFE, 0xFF,
    0xEA, 0x39, 0x08, 0x1C, 0x13, 0x5B, 0x56, 0x09, 0x0C, 0x0C, 0x11, 0x04, 0x04, 0x04, 0x03, 0x06,
    0x0A, 0x04, 0x03, 0x09, 0x18, 0x19, 0x11, 0x35, 0x2E, 0x10, 0x2A, 0x63, 0x60, 0x8C, 0x97, 0x75,
    0x4E, 0x80, 0x88, 0x71, 0x19, 0x02, 0x13, 0x39, 0xCE, 0xFF, 0xFE, 0xFE, 0xFE, 0xFE, 0xFE, 0xFE,
    0xFF, 0xD4, 0x73, 0xB9, 0x2C, 0x2A, 0x7D, 0xFE, 0xFE, 0xFE, 0xFE, 0xFE, 0xFE, 0xFE, 0xFE, 0xFE,
    0xFE, 0xFE, 0xFE, 0xFE, 0xFE, 0xFE, 0xFF, 0x9B, 0x0A, 0x22, 0x45, 0x51, 0x4C, 0x9D, 0xFF, 0xFE,
    0xFE, 0xFE, 0xFE, 0xFF, 0xFF, 0x00, 0xFF, 0xFE, 0xFE, 0xFF, 0xFF, 0xFE, 0xFF, 0xFE, 0x73, 0x38,
    0x48, 0x44, 0x18, 0x20, 0xD9, 0xFF, 0xFE, 0xFE, 0xFE, 0xFE, 0xFE, 0xFE, 0xFE, 0xFE, 0xFE, 0xFE,
    0xFE, 0xFF, 0xFF, 0xFE, 0xFE, 0xFE, 0xFC, 0xB9, 0x49, 0x21, 0x09, 0x00, 0x02, 0x20, 0x7B, 0xDB,
    0xBC, 0x31, 0x2A, 0xA1, 0xFF, 0xC0, 0x1F, 0x09, 0x25, 0x26, 0x25, 0x28, 0xAA, 0xFD, 0xFF, 0xFF,
    0xAB, 0x0E, 0x08, 0x15, 0x1D, 0x54, 0x4A, 0x09, 0x0D, 0x12, 0x1B, 0x10, 0x05, 0x0B, 0x02, 0x02,
    0x09, 0x0D, 0x18, 0x1C, 0x1B, 0x19, 0x1A, 0x34, 0x21, 0x23, 0x59, 0x73, 0x71, 0x86, 0xAD, 0xB1,
    0x89, 0xA2, 0x93, 0xB1, 0x6D, 0x4C, 0x47, 0x44, 0xD5, 0xFF, 0xFE, 0xFE, 0xFE, 0xFE, 0xFE, 0xFE,
    0xFF, 0xAA, 0x8B, 0x8C, 0x2A, 0x33, 0xC8, 0xFF, 0xFE, 0xFE, 0xFE, 0xFE, 0xFE, 0xFD, 0xFD, 0xFE,
    0xFE, 0xFE, 0xFE, 0xFD, 0xFD, 0xFE, 0xFF, 0x9B, 0x0C, 0x20, 0x3A, 0x3F, 0x49, 0x9D, 0xFF, 0xFE,
    0xFE, 0xFE, 0xFE, 0xFF, 0xFF, 0x00, 0xFF, 0xFF, 0xFE, 0xFF, 0xFE, 0xFE, 0xFF, 0xFF, 0x73, 0x43,
    0x4F, 0x45, 0x1B, 0x22, 0xDA, 0xFF, 0xFE, 0xFE, 0xFE, 0xFE, 0xFE, 0xFE, 0xFE, 0xFE, 0xFE, 0xFE,
    0xFE, 0xFE, 0xFE, 0xFE, 0xFE, 0xFE, 0xFE, 0xFF, 0xC9, 0x41, 0x14, 0x0A, 0x03, 0x01, 0x03, 0x24,
    0x35, 0x3D, 0x2C, 0xA6, 0xF7, 0x87, 0x09, 0x2A, 0x39, 0x0E, 0x26, 0x19, 0x1E, 0xA6, 0xFE, 0xFF,
    0x67, 0x0C, 0x0D, 0x08, 0x21, 0x20, 0x16, 0x0A, 0x05, 0x1B, 0x16, 0x09, 0x06, 0x0C, 0x03, 0x0A,
    0x19, 0x17, 0x0F, 0x07, 0x0B, 0x0F, 0x32, 0x5C, 0x47, 0x53, 0x60, 0x8F, 0xBE, 0xCC, 0xBD, 0xB4,
    0xB0, 0x97, 0x62, 0x8A, 0x8F, 0x63, 0x52, 0xB8, 0xFB, 0xFF, 0xFE, 0xFE, 0xFE, 0xFE, 0xFE, 0xFE,
    0xFE, 0x7D, 0xA1, 0x5E, 0x2E, 0x5E, 0xF5, 0xFF, 0xFE, 0xFE, 0xFE, 0xFE, 0xFE, 0xFE, 0xFD, 0xFE,
    0xFE, 0xFE, 0xFE, 0xFD, 0xFD, 0xFE, 0xFF, 0x9B, 0x0B, 0x1D, 0x3B, 0x3B, 0x46, 0x9E, 0xFF, 0xFE,
    0xFE, 0xFE, 0xFE, 0xFF, 0xFF, 0x00, 0xFF, 0xFF, 0xFE, 0xFF, 0xFE, 0xFE, 0xFE, 0xFF, 0x78, 0x58,
    0x57, 0x46, 0x1C, 0x27, 0xDF, 0xFF, 0xFE, 0xFE, 0xFE, 0xFE, 0xFE, 0xFE, 0xFE, 0xFE, 0xFE, 0xFE,
    0xFF, 0xFF, 0xFE, 0xFE, 0xFE, 0xFE, 0xFE, 0xFE, 0xFF, 0xD6, 0x68, 0x21, 0x0D, 0x06, 0x04, 0x03,
    0x0D, 0x49, 0x0F, 0x17, 0x5D, 0x2C, 0x09, 0x5F, 0x32, 0x00, 0x05, 0x1E, 0x16, 0x1E, 0xAA, 0xF4,
    0x4A, 0x1E, 0x0A, 0x02, 0x19, 0x18, 0x11, 0x29, 0x57, 0x0E, 0x1F, 0x0D, 0x14, 0x05, 0x17, 0x20,
    0x17, 0x08, 0x03, 0x07, 0x09, 0x16, 0x28, 0x3C, 0x37, 0x4E, 0x65, 0xB3, 0xDF, 0xD4, 0xD2, 0xEC,
    0xE3, 0xC2, 0x7A, 0x7D, 0x54, 0x33, 0x73, 0xFB, 0xFF, 0xFE, 0xFE, 0xFE, 0xFE, 0xFE, 0xFE, 0xFF,
    0xF2, 0x61, 0xAE, 0x3C, 0x31, 0x9C, 0xFF, 0xFE, 0xFE, 0xFE, 0xFE, 0xFE, 0xFE, 0xFE, 0xFE, 0xFE,
    0xFE, 0xFE, 0xFE, 0xFE, 0xFE, 0xFE, 0xFF, 0x9C, 0x0A, 0x1D, 0x49, 0x4F, 0x4E, 0x9E, 0xFF, 0xFE,
    0xFE, 0xFE, 0xFF, 0xFF, 0xFF, 0x00, 0xFF, 0xFE, 0xFE, 0xFE, 0xFE, 0xFE, 0xFE, 0xFE, 0x7C, 0x63,
    0x51, 0x43, 0x1A, 0x2C, 0xE2, 0xFF, 0xFE, 0xFE, 0xFE, 0xFE, 0xFE, 0xFE, 0xFE, 0xFE, 0xFE, 0xFE,
    0xFE, 0xFF, 0xFF, 0xFE, 0xFE, 0xFE, 0xFE, 0xFE, 0xFE, 0xFF, 0xF4, 0xC3, 0x84, 0x46, 0x16, 0x0D,
    0x1E, 0x44, 0x07, 0x02, 0x03, 0x06, 0x23, 0x69, 0x10, 0x03, 0x00, 0x06, 0x1F, 0x15, 0x27, 0x9C,
    0x2F, 0x2A, 0x05, 0x03, 0x0D, 0x0E, 0x14, 0x7A, 0xC8, 0x15, 0x0C, 0x0F, 0x11, 0x24, 0x26, 0x19,
    0x12, 0x0C, 0x14, 0x11, 0x0A, 0x0F, 0x27, 0x0A, 0x0E, 0x47, 0x80, 0xC8, 0xC1, 0xB0, 0xC6, 0xF1,
    0xF0, 0xD9, 0x84, 0x84, 0x4F, 0x3C, 0xC1, 0xFF, 0xFE, 0xFE, 0xFE, 0xFE, 0xFE, 0xFE, 0xFE, 0xFF,
    0xDF, 0x5C, 0xAE, 0x24, 0x3B, 0xD0, 0xFF, 0xFE, 0xFE, 0xFE, 0xFE, 0xFE, 0xFE, 0xFE, 0xFF, 0xFE,
    0xFD, 0xFD, 0xFE, 0xFE, 0xFE, 0xFE, 0xFF, 0x9B, 0x09, 0x1A, 0x50, 0x5D, 0x56, 0x9E, 0xFF, 0xFE,
    0xFE, 0xFE, 0xFE, 0xFF, 0xFF, 0x00, 0xFF, 0xFE, 0xFE, 0xFF, 0xFE, 0xFE, 0xFE, 0xFF, 0x7E, 0x68,
    0x4E, 0x3F, 0x18, 0x2D, 0xE2, 0xFF, 0xFF, 0xFF, 0xFF, 0xFE, 0xFE, 0xFE, 0xFE, 0xFE, 0xFE, 0xFE,
    0xFE, 0xFF, 0xFF, 0xFE, 0xFE, 0xFE, 0xFE, 0xFE, 0xFE, 0xFE, 0xFE, 0xFF, 0xFD, 0xEB, 0xC3, 0x91,
    0x39, 0x38, 0x13, 0x0C, 0x0B, 0x0B, 0x49, 0x50, 0x05, 0x03, 0x00, 0x01, 0x09, 0x1A, 0x0C, 0x23,
    0x28, 0x26, 0x03, 0x02, 0x05, 0x15, 0x0F, 0x90, 0xE9, 0x29, 0x00, 0x10, 0x2B, 0x34, 0x1D, 0x19,
    0x11, 0x0C, 0x08, 0x0A, 0x07, 0x05, 0x14, 0x16, 0x1A, 0x38, 0x9F, 0xC4, 0xAC, 0xEF, 0xF8, 0xF0,
    0xE1, 0xB7, 0x68, 0x81, 0x59, 0x9A, 0xFC, 0xFE, 0xFE, 0xFF, 0xFE, 0xFE, 0xFE, 0xFE, 0xFE, 0xFF,
    0xC9, 0x6A, 0xA0, 0x18, 0x51, 0xF0, 0xFF, 0xFF, 0xFE, 0xFE, 0xFE, 0xFF, 0xFE, 0xFF, 0xFF, 0xFE,
    0xFE, 0xFD, 0xFE, 0xFE, 0xFE, 0xFE, 0xFF, 0x9B, 0x09, 0x19, 0x51, 0x61, 0x5B, 0xA0, 0xFF, 0xFE,
    0xFE, 0xFE, 0xFE, 0xFE, 0xFF, 0x00, 0xFE, 0xFE, 0xFE, 0xFF, 0xFE, 0xFE, 0xFE, 0xFE, 0x7F, 0x6B,
    0x51, 0x3F, 0x19, 0x2C, 0xE3, 0xFF, 0xFE, 0xFF, 0xFE, 0xFE, 0xFF, 0xFF, 0xFE, 0xFE, 0xFE, 0xFE,
    0xFE, 0xFE, 0xFF, 0xFF, 0xFE, 0xFE, 0xFE, 0xFE, 0xFE, 0xFE, 0xFE, 0xFE, 0xFF, 0xFF, 0xFF, 0xE4,
    0x4F, 0x39, 0x8B, 0xA0, 0x45, 0x11, 0x6A, 0x32, 0x05, 0x03, 0x04, 0x03, 0x01, 0x08, 0x10, 0x0A,
    0x30, 0x1C, 0x06, 0x01, 0x0A, 0x32, 0x12, 0x89, 0xE9, 0x2A, 0x00, 0x1F, 0x35, 0x25, 0x28, 0x19,
    0x08, 0x03, 0x07, 0x06, 0x02, 0x01, 0x03, 0x45, 0x4B, 0x3D, 0xA0, 0xB2, 0x9F, 0xCA, 0xD3, 0xBC,
    0x95, 0x8F, 0x79, 0x7F, 0x99, 0xF8, 0xFF, 0xFE, 0xFE, 0xFF, 0xFE, 0xFE, 0xFE, 0xFE, 0xFE, 0xFF,
    0xB4, 0x7D, 0x85, 0x16, 0x77, 0xFE, 0xFF, 0xFF, 0xFE, 0xFE, 0xFE, 0xFE, 0xFE, 0xFF, 0xFF, 0xFF,
    0xFE, 0xFE, 0xFE, 0xFE, 0xFE, 0xFE, 0xFF, 0x9B, 0x0A, 0x19, 0x52, 0x63, 0x61, 0xA2, 0xFF, 0xFF,
    0xFF, 0xFF, 0xFF, 0xFF, 0xFF, 0x00, 0xFF, 0xFE, 0xFE, 0xFF, 0xFF, 0xFE, 0xFF, 0xFF, 0x7E, 0x69,
    0x4E, 0x41, 0x19, 0x2E, 0xE4, 0xFF, 0xFE, 0xFE, 0xFE, 0xFE, 0xFE, 0xFF, 0xFE, 0xFF, 0xFF, 0xFE,
    0xFE, 0xFE, 0xFF, 0xFE, 0xFE, 0xFE, 0xFF, 0xFF, 0xFE, 0xFE, 0xFE, 0xFE, 0xFE, 0xFE, 0xFF, 0xE3,
    0x52, 0x3A, 0xBA, 0xFF, 0x7B, 0x17, 0x79, 0x23, 0x10, 0x06, 0x07, 0x09, 0x03, 0x02, 0x10, 0x11,
    0x3E, 0x17, 0x08, 0x00, 0x20, 0x46, 0x27, 0x81, 0xC8, 0x19, 0x14, 0x3A, 0x29, 0x2E, 0x18, 0x06,
    0x0C, 0x03, 0x06, 0x03, 0x01, 0x00, 0x1D, 0x56, 0x1B, 0x23, 0x64, 0x83, 0x6C, 0x6C, 0x7B, 0x71,
    0x50, 0x4F, 0x30, 0x70, 0xF5, 0xFF, 0xFE, 0xFE, 0xFE, 0xFE, 0xFE, 0xFE, 0xFE, 0xFE, 0xFE, 0xFF,
    0xA1, 0x8E, 0x64, 0x26, 0xA3, 0xFF, 0xFF, 0xFF, 0xFE, 0xFF, 0xFE, 0xFE, 0xFE, 0xFE, 0xFF, 0xFF,
    0xFE, 0xFE, 0xFF, 0xFE, 0xFE, 0xFF, 0xFF, 0x9D, 0x0E, 0x18, 0x52, 0x64, 0x61, 0xA1, 0xF9, 0xE4,
    0xD1, 0xBF, 0xB4, 0xAF, 0xB1, 0x00, 0xFF, 0xFF, 0xFF, 0xFF, 0xFF, 0xFF, 0xFF, 0xFF, 0x7D, 0x67,
    0x4A, 0x47, 0x19, 0x2F, 0xE4, 0xFF, 0xFE, 0xFE, 0xFF, 0xFE, 0xFE, 0xFF, 0xFF, 0xFE, 0xFF, 0xFF,
    0xFE, 0xFE, 0xFF, 0xFF, 0xFF, 0xFE, 0xFF, 0xFF, 0xFE, 0xFE, 0xFE, 0xFE, 0xFE, 0xFF, 0xFF, 0xE4,
    0x5D, 0x40, 0xB5, 0xFF, 0x6A, 0x1F, 0x70, 0x3C, 0x6E, 0x27, 0x0F, 0x07, 0x08, 0x05, 0x0F, 0x16,
    0x44, 0x11, 0x09, 0x02, 0x3E, 0x34, 0x35, 0x64, 0x75, 0x13, 0x49, 0x3E, 0x34, 0x18, 0x1D, 0x0A,
    0x09, 0x03, 0x05, 0x12, 0x06, 0x04, 0x36, 0x19, 0x01, 0x0E, 0x0D, 0x1C, 0x1F, 0x22, 0x24, 0x1C,
    0x15, 0x18, 0x12, 0x49, 0xF4, 0xFF, 0xFE, 0xFE, 0xFE, 0xFE, 0xFE, 0xFE, 0xFE, 0xFF, 0xFE, 0xFF,
    0x94, 0x99, 0x48, 0x35, 0xBA, 0xFF, 0xFF, 0xFF, 0xFF, 0xFF, 0xFF, 0xFE, 0xFE, 0xFE, 0xFF, 0xFF,
    0xFE, 0xFE, 0xFF, 0xFF, 0xFE, 0xFF, 0xFF, 0xA6, 0x13, 0x17, 0x52, 0x63, 0x5D, 0x70, 0x72, 0x4E,
    0x4C, 0x4C, 0x53, 0x5C, 0x5D, 0x00, 0xFA, 0xFD, 0xFD, 0xF7, 0xEC, 0xCD, 0xAC, 0xB5, 0x66, 0x66,
    0x4E, 0x51, 0x1B, 0x31, 0xDE, 0xFE, 0xFF, 0xFE, 0xFF, 0xFE, 0xFE, 0xFE, 0xFF, 0xFF, 0xFF, 0xFE,
    0xFE, 0xFE, 0xFE, 0xFF, 0xFF, 0xFF, 0xFF, 0xFF, 0xFF, 0xFF, 0xFE, 0xFE, 0xFF, 0xFE, 0xFF, 0xEB,
    0x6B, 0x52, 0xA7, 0xFF, 0x64, 0x29, 0x66, 0x4C, 0xE2, 0xA9, 0x2B, 0x0C, 0x08, 0x10, 0x0E, 0x19,
    0x49, 0x0C, 0x09, 0x0C, 0x4F, 0x2B, 0x41, 0x2F, 0x25, 0x32, 0x60, 0x3C, 0x15, 0x09, 0x30, 0x19,
    0x05, 0x01, 0x07, 0x1F, 0x05, 0x1C, 0x40, 0x02, 0x01, 0x0C, 0x09, 0x1D, 0x0D, 0x13, 0x0D, 0x07,
    0x08, 0x0E, 0x15, 0x34, 0xEA, 0xFF, 0xFE, 0xFE, 0xFE, 0xFF, 0xFE, 0xFE, 0xFE, 0xFF, 0xFF, 0xFF,
    0x8D, 0x9B, 0x36, 0x3D, 0xC8, 0xFF, 0xFF, 0xFF, 0xFF, 0xFF, 0xFF, 0xFF, 0xFE, 0xFE, 0xFE, 0xFF,
    0xFF, 0xFF, 0xFF, 0xFF, 0xFE, 0xFF, 0xFF, 0xB3, 0x1B, 0x18, 0x54, 0x65, 0x5A, 0x61, 0xAD, 0xC6,
    0xD0, 0xC7, 0xBA, 0xAF, 0xA7, 0x00, 0x8B, 0x93, 0x94, 0x75, 0x69, 0x70, 0x63, 0x75, 0x45, 0x66,
    0x57, 0x5D, 0x1D, 0x1C, 0x6F, 0xA8, 0xE6, 0xFF, 0xFE, 0xFE, 0xFE, 0xFF, 0xFF, 0xFF, 0xFF, 0xFE,
    0xFE, 0xFE, 0xFE, 0xFE, 0xFF, 0xFF, 0xFF, 0xFF, 0xFF, 0xFF, 0xFE, 0xFE, 0xFE, 0xFE, 0xFF, 0xF6,
    0x74, 0x5F, 0x90, 0xFF, 0x69, 0x34, 0x59, 0x4A, 0xED, 0xFD, 0x99, 0x1B, 0x0A, 0x0B, 0x0B, 0x16,
    0x4E, 0x0E, 0x07, 0x1B, 0x48, 0x2D, 0x4E, 0x10, 0x14, 0x5C, 0x47, 0x20, 0x09, 0x07, 0x2B, 0x28,
    0x01, 0x01, 0x18, 0x28, 0x00, 0x39, 0x3C, 0x00, 0x05, 0x0B, 0x06, 0x25, 0x07, 0x1A, 0x09, 0x01,
    0x04, 0x18, 0x1F, 0x33, 0xE8, 0xFF, 0xFE, 0xFE, 0xFE, 0xFE, 0xFE, 0xFE, 0xFE, 0xFE, 0xFE, 0xFF,
    0x8D, 0x96, 0x2B, 0x3F, 0xD3, 0xFF, 0xFF, 0xFF, 0xFF, 0xFF, 0xFE, 0xFE, 0xFE, 0xFE, 0xFE, 0xFE,
    0xFE, 0xFE, 0xFE, 0xFE, 0xFE, 0xFF, 0xFB, 0x8B, 0x16, 0x19, 0x55, 0x62, 0x59, 0x97, 0xFC, 0xF1,
    0xD2, 0xAE, 0x96, 0x86, 0x80, 0x00, 0x28, 0x28, 0x2B, 0x21, 0x2A, 0x59, 0x7D, 0xA3, 0x41, 0x62,
    0x5C, 0x5F, 0x1B, 0x11, 0x20, 0x49, 0xBB, 0xFE, 0xFF, 0xFE, 0xFE, 0xFF, 0xFF, 0xFF, 0xFF, 0xFF,
    0xFE, 0xFE, 0xFE, 0xFE, 0xFF, 0xFF, 0xFF, 0xFF, 0xFF, 0xFF, 0xFF, 0xFF, 0xFF, 0xFE, 0xFE, 0xFF,
    0x8D, 0x5D, 0x76, 0xFF, 0x7F, 0x42, 0x4F, 0x40, 0xE6, 0xFF, 0xEB, 0x5E, 0x12, 0x0C, 0x05, 0x13,
    0x4D, 0x24, 0x21, 0x29, 0x2F, 0x2B, 0x53, 0x07, 0x1E, 0x5A, 0x1D, 0x07, 0x07, 0x0D, 0x21, 0x36,
    0x01, 0x04, 0x32, 0x19, 0x03, 0x55, 0x1D, 0x00, 0x0B, 0x0B, 0x08, 0x2E, 0x0A, 0x18, 0x04, 0x02,
    0x06, 0x1E, 0x35, 0x3E, 0xED, 0xFF, 0xFF, 0xFF, 0xFF, 0xFE, 0xFE, 0xFF, 0xFE, 0xFF, 0xFE, 0xFF,
    0x91, 0x8A, 0x26, 0x41, 0xDB, 0xFF, 0xFF, 0xFF, 0xFF, 0xFF, 0xFF, 0xFF, 0xFF, 0xFE, 0xFE, 0xFF,
    0xFF, 0xFF, 0xFF, 0xFF, 0xFE, 0xFF, 0xBE, 0x3A, 0x12, 0x19, 0x56, 0x5E, 0x5A, 0x8C, 0xB4, 0x8A,
    0x74, 0x67, 0x63, 0x5E, 0x62, 0x00, 0x76, 0x63, 0x66, 0x71, 0x97, 0xD0, 0xE6, 0xE7, 0x5F, 0x62,
    0x62, 0x5F, 0x1A, 0x13, 0x15, 0x1C, 0xA7, 0xFF, 0xFF, 0xFF, 0xFE, 0xFF, 0xFF, 0xFF, 0xFF, 0xFF,
    0xFE, 0xFE, 0xFE, 0xFF, 0xFF, 0xFF, 0xFF, 0xFF, 0xFF, 0xFF, 0xFF, 0xFF, 0xFF, 0xFF, 0xFE, 0xFF,
    0xB7, 0x59, 0x5E, 0xF3, 0xA1, 0x46, 0x35, 0x32, 0xE2, 0xFF, 0xFE, 0xAE, 0x1D, 0x14, 0x04, 0x0E,
    0x4C, 0x30, 0x3A, 0x37, 0x1B, 0x2C, 0x62, 0x05, 0x37, 0x34, 0x0E, 0x03, 0x06, 0x13, 0x21, 0x35,
    0x03, 0x10, 0x2E, 0x03, 0x13, 0x62, 0x09, 0x00, 0x16, 0x08, 0x12, 0x2E, 0x07, 0x0B, 0x01, 0x02,
    0x07, 0x2A, 0x40, 0x54, 0xF7, 0xFF, 0xFF, 0xFF, 0xFF, 0xFF, 0xFE, 0xFE, 0xFE, 0xFE, 0xFE, 0xFF,
    0x97, 0x77, 0x24, 0x42, 0xE1, 0xFF, 0xFE, 0xFF, 0xFE, 0xFF, 0xFF, 0xFF, 0xFE, 0xFE, 0xFE, 0xFE,
    0xFE, 0xFE, 0xFF, 0xFE, 0xFF, 0xEE, 0x5F, 0x44, 0x17, 0x18, 0x55, 0x65, 0x5C, 0x45, 0x3E, 0x40,
    0x5F, 0x87, 0xA1, 0xAC, 0xAE, 0x00, 0xEE, 0xE7, 0xE5, 0xEF, 0xFC, 0xFF, 0xFF, 0xFD, 0x76, 0x69,
    0x6F, 0x5C, 0x17, 0x21, 0x53, 0x24, 0x76, 0xF7, 0xFF, 0xFE, 0xFE, 0xFE, 0xFE, 0xFF, 0xFF, 0xFE,
    0xFE, 0xFE, 0xFE, 0xFE, 0xFE, 0xFF, 0xFF, 0xFF, 0xFF, 0xFF, 0xFF, 0xFB, 0xF1, 0xF4, 0xFB, 0xFF,
    0xE0, 0x5C, 0x4C, 0xCF, 0xBC, 0x27, 0x0D, 0x14, 0x9B, 0xF2, 0xFF, 0xDA, 0x29, 0x10, 0x07, 0x07,
    0x4A, 0x2A, 0x30, 0x34, 0x0B, 0x24, 0x53, 0x0A, 0x45, 0x16, 0x07, 0x00, 0x02, 0x0C, 0x1B, 0x12,
    0x09, 0x32, 0x1C, 0x05, 0x22, 0x67, 0x02, 0x05, 0x14, 0x03, 0x1B, 0x23, 0x03, 0x04, 0x00, 0x02,
    0x10, 0x3A, 0x3F, 0x7E, 0xFB, 0xBC, 0xA3, 0xA4, 0xB9, 0xF5, 0xFF, 0xFE, 0xFE, 0xFE, 0xFE, 0xFF,
    0xA1, 0x5F, 0x27, 0x48, 0xE6, 0xFF, 0xFE, 0xFE, 0xFE, 0xFF, 0xFF, 0xFF, 0xFE, 0xFE, 0xFE, 0xFE,
    0xFE, 0xFE, 0xFE, 0xFE, 0xFF, 0xB8, 0x4B, 0x87, 0x12, 0x15, 0x4D, 0x69, 0x5F, 0x12, 0x37, 0xA6,
    0xEB, 0xFC, 0xFE, 0xFF, 0xFE, 0x00, 0xFF, 0xFF, 0xFF, 0xFF, 0xFF, 0xFF, 0xFF, 0xFE, 0x7C, 0x75,
    0x73, 0x5A, 0x14, 0x1B, 0x66, 0x43, 0x39, 0xCF, 0xFF, 0xFE, 0xFE, 0xFE, 0xFE, 0xFE, 0xFE, 0xFF,
    0xFF, 0xFE, 0xFE, 0xFE, 0xFF, 0xFA, 0xEA, 0xE7, 0xE7, 0xE4, 0xDB, 0xAF, 0x98, 0x9A, 0xA7, 0xD0,
    0xF3, 0x83, 0x47, 0x9E, 0xB7, 0x12, 0x0F, 0x05, 0x25, 0xCA, 0xFF, 0xF4, 0x48, 0x06, 0x0A, 0x05,
    0x48, 0x1E, 0x11, 0x22, 0x01, 0x27, 0x3D, 0x10, 0x3C, 0x06, 0x02, 0x00, 0x00, 0x06, 0x0E, 0x02,
    0x1C, 0x2E, 0x09, 0x08, 0x2F, 0x64, 0x01, 0x0C, 0x09, 0x06, 0x1D, 0x13, 0x05, 0x02, 0x00, 0x04,
    0x17, 0x52, 0x43, 0xC1, 0xDA, 0x30, 0x22, 0x20, 0x53, 0xE7, 0xFF, 0xFE, 0xFE, 0xFF, 0xFE, 0xFF,
    0xAD, 0x4D, 0x2E, 0x52, 0xEC, 0xFF, 0xFE, 0xFE, 0xFE, 0xFE, 0xFE, 0xFF, 0xFE, 0xFE, 0xFE, 0xFE,
    0xFE, 0xFE, 0xFE, 0xFF, 0xFD, 0x75, 0x7F, 0xA9, 0x10, 0x12, 0x48, 0x6E, 0x60, 0x4B, 0xD4, 0xFF,
    0xFF, 0xFF, 0xFF, 0xFF, 0xFF, 0x00, 0xC6, 0xD9, 0xE6, 0xEC, 0xF2, 0xF4, 0xF3, 0xF1, 0x7C, 0x7E,
    0x73, 0x57, 0x12, 0x2A, 0xBC, 0x7B, 0x27, 0x91, 0xFF, 0xFE, 0xFE, 0xFE, 0xFE, 0xFE, 0xFE, 0xFF,
    0xFF, 0xFF, 0xFF, 0xFF, 0xE3, 0xB4, 0xB8, 0xB7, 0x9B, 0x83, 0x75, 0x4C, 0x6A, 0x95, 0xB4, 0xD2,
    0xF9, 0xBD, 0x3E, 0x6B, 0x9A, 0x1B, 0x32, 0x20, 0x16, 0xB5, 0xFF, 0xFD, 0x60, 0x00, 0x09, 0x03,
    0x41, 0x1D, 0x0A, 0x17, 0x00, 0x41, 0x31, 0x1D, 0x3B, 0x04, 0x02, 0x00, 0x00, 0x07, 0x07, 0x0A,
    0x3B, 0x15, 0x13, 0x04, 0x31, 0x5E, 0x04, 0x0B, 0x01, 0x0E, 0x1A, 0x0D, 0x0B, 0x03, 0x01, 0x12,
    0x22, 0x61, 0x5B, 0xF4, 0xBA, 0x09, 0x06, 0x0A, 0x2D, 0xDC, 0xFF, 0xFE, 0xFE, 0xFE, 0xFE, 0xFF,
    0xB8, 0x44, 0x35, 0x5D, 0xF1, 0xFF, 0xFE, 0xFE, 0xFE, 0xFE, 0xFF, 0xFF, 0xFF, 0xFF, 0xFE, 0xFE,
    0xFE, 0xFE, 0xFE, 0xFF, 0xEA, 0x4E, 0xC0, 0xAC, 0x14, 0x12, 0x4D, 0x76, 0x64, 0x9A, 0xFF, 0xFF,
    0xFF, 0xFF, 0xFE, 0xFF, 0xFF, 0x00, 0xD0, 0xC8, 0xC4, 0xC5, 0xC4, 0xC2, 0xC1, 0xCC, 0x71, 0x81,
    0x71, 0x54, 0x12, 0x2E, 0xD9, 0xC6, 0x2F, 0x55, 0xF3, 0xFF, 0xFE, 0xFE, 0xFE, 0xFE, 0xFF, 0xFE,
    0xFE, 0xFD, 0xFF, 0xFF, 0xEE, 0x93, 0x6E, 0x79, 0x80, 0x84, 0x62, 0x23, 0x08, 0x52, 0xCE, 0xE7,
    0xFD, 0xE8, 0x57, 0x50, 0x7D, 0x30, 0x71, 0x32, 0x1A, 0x95, 0xFF, 0xF1, 0x45, 0x00, 0x0C, 0x07,
    0x37, 0x23, 0x0A, 0x12, 0x05, 0x4D, 0x18, 0x25, 0x3B, 0x03, 0x02, 0x01, 0x00, 0x05, 0x0C, 0x34,
    0x22, 0x07, 0x15, 0x00, 0x33, 0x59, 0x09, 0x06, 0x06, 0x17, 0x0C, 0x07, 0x0E, 0x05, 0x06, 0x20,
    0x32, 0x52, 0x89, 0xFF, 0xAF, 0x0C, 0x15, 0x24, 0x36, 0xCF, 0xEF, 0xFD, 0xFE, 0xFE, 0xFE, 0xFF,
    0xC2, 0x41, 0x3B, 0x66, 0xF5, 0xFF, 0xFE, 0xFE, 0xFE, 0xFC, 0xF8, 0xF8, 0xFC, 0xFF, 0xFE, 0xFE,
    0xFE, 0xFE, 0xFE, 0xFF, 0xC1, 0x4B, 0xD6, 0x70, 0x14, 0x13, 0x53, 0x7A, 0x66, 0xA1, 0xFF, 0xFF,
    0xFE, 0xFE, 0xFE, 0xFF, 0xFF, 0x00, 0xF9, 0xF8, 0xF7, 0xF5, 0xF1, 0xE8, 0xE7, 0xF5, 0x81, 0x81,
    0x75, 0x55, 0x13, 0x34, 0xE4, 0xEC, 0x52, 0x36, 0xDE, 0xFF, 0xFE, 0xFE, 0xFE, 0xFE, 0xFD, 0xC5,
    0xA8, 0xAD, 0xEA, 0xFF, 0xFF, 0xBB, 0x62, 0x5C, 0x52, 0x70, 0xB4, 0xA6, 0x3D, 0x4A, 0xEE, 0xFF,
    0xFD, 0xFC, 0x7A, 0x4D, 0x6D, 0x42, 0x84, 0x51, 0x28, 0x5F, 0xFE, 0xCF, 0x16, 0x02, 0x0E, 0x14,
    0x2F, 0x2A, 0x0A, 0x10, 0x0D, 0x3F, 0x09, 0x24, 0x3A, 0x02, 0x02, 0x02, 0x00, 0x04, 0x23, 0x56,
    0x12, 0x14, 0x07, 0x00, 0x2C, 0x67, 0x16, 0x06, 0x13, 0x21, 0x04, 0x05, 0x0E, 0x0B, 0x10, 0x21,
    0x4E, 0x4A, 0xC4, 0xFF, 0xAE, 0x0D, 0x18, 0x2D, 0x38, 0x9B, 0xA0, 0xF4, 0xFF, 0xFE, 0xFE, 0xFF,
    0xCA, 0x42, 0x40, 0x72, 0xF9, 0xFF, 0xFE, 0xFE, 0xFE, 0xAF, 0x80, 0x8A, 0xD1, 0xFF, 0xFF, 0xFF,
    0xFE, 0xFE, 0xFE, 0xFF, 0x92, 0x63, 0xAD, 0x2F, 0x14, 0x15, 0x55, 0x7C, 0x67, 0xA0, 0xFF, 0xFE,
    0xFE, 0xFF, 0xFE, 0xFF, 0xFF, 0x00, 0xFF, 0xFE, 0xFE, 0xFE, 0xFD, 0xF9, 0xF8, 0xFC, 0x80, 0x82,
    0x79, 0x57, 0x16, 0x34, 0xE4, 0xFE, 0x7F, 0x30, 0xC1, 0xFF, 0xFE, 0xFE, 0xFE, 0xFE, 0xF8, 0x71,
    0x3B, 0x33, 0xA0, 0xFE, 0xFF, 0xED, 0xBC, 0xCC, 0xDA, 0xBA, 0xCC, 0xF4, 0xCA, 0x48, 0xBB, 0xFF,
    0xFD, 0xFF, 0x7C, 0x47, 0x5B, 0x3E, 0x77, 0x7A, 0x2D, 0x31, 0xD9, 0x94, 0x02, 0x03, 0x0D, 0x28,
    0x2D, 0x3A, 0x05, 0x0C, 0x1C, 0x2E, 0x05, 0x2A, 0x3E, 0x01, 0x02, 0x03, 0x00, 0x08, 0x4E, 0x39,
    0x12, 0x29, 0x02, 0x01, 0x21, 0x7D, 0x20, 0x09, 0x26, 0x23, 0x01, 0x01, 0x09, 0x0E, 0x15, 0x2E,
    0x6D, 0x61, 0xF2, 0xFF, 0xAE, 0x0B, 0x1A, 0x2B, 0x2D, 0x41, 0x49, 0xE3, 0xFF, 0xFE, 0xFE, 0xFF,
    0xD1, 0x48, 0x44, 0x7C, 0xFC, 0xFF, 0xFF, 0xFF, 0xF3, 0x54, 0x1F, 0x24, 0xA3, 0xFF, 0xFF, 0xFE,
    0xFE, 0xFE, 0xFE, 0xFD, 0x68, 0x7B, 0x63, 0x22, 0x19, 0x17, 0x55, 0x79, 0x69, 0x9F, 0xFF, 0xFE,
    0xFE, 0xFE, 0xFE, 0xFF, 0xFF, 0x00, 0xFF, 0xFE, 0xFE, 0xFF, 0xFF, 0xFF, 0xFF, 0xFE, 0x7C, 0x84,
    0x7E, 0x59, 0x19, 0x34, 0xE3, 0xFF, 0x9B, 0x2F, 0x8F, 0xFF, 0xFF, 0xFF, 0xFE, 0xFF, 0xF3, 0x45,
    0x0B, 0x06, 0x4B, 0xEF, 0xFF, 0xFE, 0xF5, 0xED, 0xEE, 0xD3, 0x72, 0xD0, 0xFF, 0x81, 0x7D, 0xFF,
    0xFE, 0xFF, 0x7A, 0x26, 0x54, 0x22, 0x51, 0xBB, 0x5F, 0x20, 0x7B, 0x4F, 0x00, 0x03, 0x07, 0x36,
    0x2E, 0x4C, 0x04, 0x10, 0x2C, 0x14, 0x0D, 0x36, 0x47, 0x02, 0x02, 0x02, 0x02, 0x25, 0x52, 0x20,
    0x21, 0x25, 0x00, 0x00, 0x13, 0x82, 0x17, 0x0F, 0x25, 0x1C, 0x00, 0x00, 0x04, 0x10, 0x0F, 0x56,
    0x5C, 0xA5, 0xFF, 0xFF, 0xAC, 0x0A, 0x20, 0x2F, 0x1C, 0x1B, 0x4E, 0xDE, 0xFF, 0xFE, 0xFE, 0xFF,
    0xD8, 0x4C, 0x48, 0x86, 0xFF, 0xFF, 0xFF, 0xFF, 0xC5, 0x1F, 0x17, 0x15, 0x94, 0xFF, 0xFF, 0xFF,
    0xFF, 0xFF, 0xFF, 0xF3, 0x4E, 0x76, 0x2D, 0x3A, 0x1B, 0x1A, 0x55, 0x72, 0x67, 0x9E, 0xFF, 0xFE,
    0xFF, 0xFE, 0xFF, 0xFF, 0xFF, 0x00, 0xFF, 0xFE, 0xFE, 0xFF, 0xFF, 0xFE, 0xFE, 0xFE, 0x7A, 0x84,
    0x7E, 0x5A, 0x1A, 0x34, 0xE3, 0xFF, 0xB0, 0x38, 0x60, 0xF8, 0xFF, 0xFE, 0xFE, 0xFF, 0xF1, 0x4A,
    0x1C, 0x11, 0x24, 0xD2, 0xFF, 0xFE, 0xFF, 0xFF, 0xFF, 0xFE, 0xA0, 0x75, 0xFB, 0xB9, 0x53, 0xF2,
    0xFF, 0xFF, 0x76, 0x1E, 0x45, 0x24, 0x1D, 0x9B, 0x50, 0x0F, 0x0C, 0x08, 0x00, 0x09, 0x05, 0x32,
    0x27, 0x51, 0x0D, 0x18, 0x1D, 0x00, 0x1C, 0x34, 0x4B, 0x05, 0x01, 0x01, 0x09, 0x47, 0x35, 0x2E,
    0x2E, 0x1E, 0x00, 0x00, 0x08, 0x7A, 0x23, 0x17, 0x29, 0x0D, 0x00, 0x00, 0x01, 0x0A, 0x1A, 0x6E,
    0x58, 0xEA, 0xFF, 0xFF, 0xAC, 0x0A, 0x23, 0x2A, 0x10, 0x3B, 0x81, 0xF5, 0xFF, 0xFF, 0xFE, 0xFF,
    0xDD, 0x4B, 0x48, 0x8D, 0xFF, 0xFF, 0xFF, 0xFF, 0xA2, 0x15, 0x1A, 0x1D, 0x95, 0xFF, 0xFF, 0xFF,
    0xFF, 0xFF, 0xFF, 0xE4, 0x40, 0x4E, 0x23, 0x6B, 0x1B, 0x1B, 0x59, 0x73, 0x65, 0x9E, 0xFF, 0xFE,
    0xFE, 0xFE, 0xFF, 0xFF, 0xFF, 0x00, 0xFE, 0xFE, 0xFE, 0xFE, 0xFE, 0xFE, 0xFE, 0xFD, 0x79, 0x80,
    0x79, 0x57, 0x1B, 0x34, 0xE3, 0xFF, 0xB8, 0x40, 0x59, 0xEA, 0xFF, 0xFE, 0xFE, 0xFF, 0xF3, 0x4C,
    0x19, 0x10, 0x25, 0xCD, 0xFF, 0xFE, 0xFE, 0xFE, 0xFE, 0xFF, 0xF6, 0x7C, 0xCD, 0xDF, 0x46, 0xD9,
    0xFF, 0xFF, 0x75, 0x2C, 0x27, 0x4F, 0x0D, 0x5A, 0x9A, 0x36, 0x0D, 0x00, 0x00, 0x12, 0x0D, 0x24,
    0x27, 0x44, 0x23, 0x17, 0x12, 0x00, 0x32, 0x25, 0x46, 0x0D, 0x00, 0x03, 0x1B, 0x58, 0x0F, 0x30,
    0x31, 0x22, 0x00, 0x00, 0x07, 0x78, 0x39, 0x1B, 0x27, 0x02, 0x01, 0x00, 0x00, 0x01, 0x3F, 0x4A,
    0x9C, 0xFF, 0xFE, 0xFF, 0xAC, 0x06, 0x1E, 0x1F, 0x1C, 0x51, 0xA7, 0xFF, 0xFF, 0xFF, 0xFE, 0xFF,
    0xE2, 0x49, 0x4B, 0x95, 0xFF, 0xFE, 0xFE, 0xFF, 0xA3, 0x17, 0x14, 0x23, 0x98, 0xFF, 0xFF, 0xFF,
    0xFE, 0xFE, 0xFF, 0xD2, 0x31, 0x1E, 0x39, 0x8F, 0x15, 0x1A, 0x56, 0x6D, 0x62, 0x9D, 0xFF, 0xFE,
    0xFE, 0xFE, 0xFE, 0xFF, 0xFF, 0x00, 0xFF, 0xFE, 0xFE, 0xFE, 0xFE, 0xFE, 0xFF, 0xFE, 0x7A, 0x79,
    0x7A, 0x59, 0x1C, 0x34, 0xE2, 0xFF, 0xB9, 0x3F, 0x64, 0xE1, 0xFF, 0xFF, 0xFE, 0xFF, 0xF4, 0x4B,
    0x15, 0x0C, 0x24, 0xCF, 0xFF, 0xFF, 0xFF, 0xFF, 0xFF, 0xFE, 0xFF, 0xC3, 0x9B, 0xF0, 0x53, 0xBB,
    0xFF, 0xFE, 0x77, 0x32, 0x28, 0x3D, 0x33, 0x30, 0x6E, 0x1A, 0x06, 0x01, 0x01, 0x02, 0x02, 0x18,
    0x2D, 0x2C, 0x3D, 0x12, 0x0C, 0x05, 0x47, 0x14, 0x3F, 0x1B, 0x00, 0x08, 0x4C, 0x56, 0x00, 0x2C,
    0x32, 0x27, 0x00, 0x06, 0x13, 0x78, 0x54, 0x2F, 0x11, 0x00, 0x01, 0x01, 0x00, 0x1E, 0x52, 0x27,
    0xD6, 0xFF, 0xFF, 0xFF, 0xAC, 0x05, 0x19, 0x23, 0x2D, 0x70, 0xDE, 0xFF, 0xFF, 0xFF, 0xFE, 0xFF,
    0xE5, 0x42, 0x52, 0xA1, 0xFF, 0xFF, 0xFF, 0xFF, 0xA4, 0x18, 0x12, 0x27, 0x9A, 0xFF, 0xFE, 0xFF,
    0xFF, 0xFE, 0xFF, 0xC0, 0x1B, 0x0E, 0x68, 0xA4, 0x0F, 0x19, 0x53, 0x65, 0x5C, 0x9D, 0xFF, 0xFE,
    0xFE, 0xFE, 0xFE, 0xFF, 0xFF, 0x00, 0xFF, 0xFE, 0xFE, 0xFF, 0xFE, 0xFE, 0xFF, 0xFE, 0x78, 0x6D,
    0x75, 0x58, 0x1C, 0x37, 0xE2, 0xFF, 0xB4, 0x39, 0x62, 0xDF, 0xFF, 0xFF, 0xFF, 0xFF, 0xF4, 0x4F,
    0x15, 0x0B, 0x27, 0xD2, 0xFF, 0xFE, 0xFF, 0xFF, 0xFF, 0xFF, 0xFF, 0xEE, 0x88, 0xEC, 0x6B, 0xA5,
    0xFF, 0xFE, 0x79, 0x39, 0x31, 0x17, 0x48, 0x13, 0x06, 0x26, 0x19, 0x02, 0x01, 0x01, 0x00, 0x0F,
    0x2A, 0x17, 0x40, 0x17, 0x11, 0x0D, 0x49, 0x05, 0x31, 0x2A, 0x00, 0x14, 0x6F, 0x1D, 0x00, 0x27,
    0x32, 0x28, 0x00, 0x28, 0x28, 0x69, 0x5F, 0x20, 0x02, 0x01, 0x01, 0x02, 0x12, 0x69, 0x28, 0x20,
    0xCD, 0xFF, 0xFF, 0xFF, 0xAD, 0x05, 0x18, 0x22, 0x3C, 0xB7, 0xFF, 0xFF, 0xFE, 0xFE, 0xFF, 0xFF,
    0xE6, 0x3D, 0x4F, 0xA7, 0xFF, 0xFF, 0xFF, 0xFF, 0xA5, 0x19, 0x12, 0x2B, 0x9C, 0xFF, 0xFF, 0xFF,
    0xFF, 0xFF, 0xFF, 0xAD, 0x0D, 0x21, 0xA2, 0xAB, 0x0F, 0x18, 0x4E, 0x62, 0x5B, 0x9D, 0xFF, 0xFE,
    0xFE, 0xFE, 0xFE, 0xFF, 0xFF, 0x00, 0xFF, 0xFE, 0xFE, 0xFF, 0xFF, 0xFE, 0xFE, 0xFE, 0x76, 0x60,
    0x70, 0x54, 0x1A, 0x38, 0xE2, 0xFF, 0xAF, 0x33, 0x57, 0xE4, 0xFF, 0xFF, 0xFF, 0xFF, 0xF4, 0x56,
    0x17, 0x0C, 0x2A, 0xD2, 0xFF, 0xFF, 0xFF, 0xFF, 0xFF, 0xFF, 0xFF, 0xFC, 0x8A, 0xD5, 0x7E, 0x96,
    0xFF, 0xFE, 0x7B, 0x41, 0x34, 0x0C, 0x1F, 0x35, 0x05, 0x17, 0x2B, 0x11, 0x01, 0x01, 0x00, 0x08,
    0x1F, 0x0A, 0x2D, 0x14, 0x1D, 0x1C, 0x3C, 0x00, 0x1F, 0x33, 0x01, 0x2B, 0x53, 0x03, 0x01, 0x1F,
    0x37, 0x27, 0x0A, 0x3F, 0x13, 0x5B, 0x65, 0x04, 0x00, 0x01, 0x02, 0x0C, 0x63, 0x58, 0x03, 0x10,
    0x9C, 0xFF, 0xFF, 0xFF, 0xAC, 0x05, 0x13, 0x1F, 0x35, 0xD0, 0xFF, 0xFF, 0xFF, 0xFF, 0xFF, 0xFF,
    0xE6, 0x3D, 0x4D, 0xAD, 0xFF, 0xFF, 0xFF, 0xFF, 0xA6, 0x1B, 0x12, 0x29, 0x99, 0xFF, 0xFF, 0xFF,
    0xFF, 0xFF, 0xFF, 0x98, 0x0C, 0x3D, 0xD3, 0xAA, 0x10, 0x17, 0x4A, 0x62, 0x5C, 0x9D, 0xFF, 0xFE,
    0xFE, 0xFE, 0xFE, 0xFE, 0xFF, 0x00, 0xFF, 0xFE, 0xFE, 0xFF, 0xFE, 0xFE, 0xFE, 0xFE, 0x74, 0x58,
    0x6C, 0x4F, 0x19, 0x37, 0xE1, 0xFF, 0xB4, 0x2D, 0x4B, 0xEC, 0xFF, 0xFE, 0xFE, 0xFF, 0xF4, 0x56,
    0x16, 0x0B, 0x28, 0xCF, 0xFF, 0xFF, 0xFF, 0xFF, 0xFF, 0xFF, 0xFF, 0xFF, 0xA7, 0xB9, 0x8B, 0x8D,
    0xFF, 0xFE, 0x7C, 0x41, 0x31, 0x09, 0x40, 0x4D, 0x1C, 0x33, 0x41, 0x21, 0x03, 0x00, 0x00, 0x03,
    0x18, 0x08, 0x17, 0x18, 0x0A, 0x21, 0x2D, 0x00, 0x12, 0x41, 0x0E, 0x43, 0x2A, 0x00, 0x01, 0x1E,
    0x37, 0x22, 0x3E, 0x30, 0x07, 0x51, 0x68, 0x00, 0x00, 0x00, 0x04, 0x49, 0x6D, 0x0D, 0x00, 0x0C,
    0x69, 0xF4, 0xFB, 0xFF, 0xAC, 0x0A, 0x24, 0x2A, 0x3C, 0xD0, 0xFF, 0xFE, 0xFE, 0xFE, 0xFF, 0xFF,
    0xE5, 0x3F, 0x42, 0xB0, 0xFF, 0xFE, 0xFE, 0xFF, 0xA4, 0x1A, 0x12, 0x1E, 0x94, 0xFF, 0xFE, 0xFF,
    0xFF, 0xFF, 0xFF, 0x7E, 0x0E, 0x5B, 0xF4, 0xA9, 0x10, 0x16, 0x45, 0x65, 0x5E, 0x9C, 0xFF, 0xFE,
    0xFE, 0xFE, 0xFE, 0xFE, 0xFF, 0x00, 0xFF, 0xFE, 0xFE, 0xFF, 0xFE, 0xFE, 0xFF, 0xFE, 0x73, 0x57,
    0x67, 0x4B, 0x1B, 0x38, 0xE1, 0xFF, 0xC7, 0x31, 0x4F, 0xF4, 0xFF, 0xFE, 0xFE, 0xFF, 0xF4, 0x55,
    0x16, 0x0C, 0x26, 0xCF, 0xFF, 0xFF, 0xFF, 0xFF, 0xFF, 0xFF, 0xFF, 0xFF, 0xCB, 0xA8, 0x92, 0x87,
    0xFF, 0xFE, 0x7D, 0x3F, 0x2A, 0x06, 0x74, 0x89, 0x40, 0x2A, 0x80, 0x38, 0x1A, 0x01, 0x00, 0x03,
    0x1A, 0x0B, 0x0E, 0x13, 0x05, 0x21, 0x28, 0x06, 0x07, 0x3F, 0x27, 0x51, 0x14, 0x00, 0x01, 0x23,
    0x2C, 0x46, 0x49, 0x1D, 0x01, 0x4B, 0x68, 0x00, 0x00, 0x00, 0x2B, 0x64, 0x16, 0x00, 0x00, 0x10,
    0x3D, 0x54, 0x65, 0xCE, 0xAC, 0x2A, 0x55, 0x21, 0x3C, 0xCE, 0xFF, 0xFE, 0xFE, 0xFF, 0xFF, 0xFF,
    0xE4, 0x42, 0x43, 0xB1, 0xFF, 0xFF, 0xFE, 0xFF, 0xA3, 0x19, 0x12, 0x1A, 0x94, 0xFF, 0xFE, 0xFE,
    0xFF, 0xFF, 0xFE, 0x64, 0x15, 0x83, 0xFF, 0xA8, 0x10, 0x16, 0x47, 0x68, 0x5F, 0x9C, 0xFF, 0xFE,
    0xFE, 0xFE, 0xFF, 0xFF, 0xFF, 0x00, 0xFF, 0xFF, 0xFF, 0xFF, 0xFF, 0xFF, 0xFF, 0xFE, 0x72, 0x54,
    0x62, 0x49, 0x1C, 0x35, 0xE1, 0xFF, 0xDD, 0x43, 0x5C, 0xF9, 0xFF, 0xFE, 0xFE, 0xFF, 0xF4, 0x55,
    0x19, 0x0F, 0x26, 0xCF, 0xFF, 0xFF, 0xFF, 0xFF, 0xFF, 0xFF, 0xFF, 0xFF, 0xE0, 0x9D, 0x90, 0x84,
    0xFF, 0xFF, 0x7D, 0x3C, 0x26, 0x07, 0x72, 0x62, 0x18, 0x35, 0x67, 0x71, 0x1D, 0x0D, 0x00, 0x04,
    0x12, 0x11, 0x15, 0x0C, 0x07, 0x2E, 0x38, 0x2D, 0x04, 0x28, 0x2F, 0x34, 0x05, 0x00, 0x01, 0x2A,
    0x31, 0x5D, 0x25, 0x1B, 0x00, 0x49, 0x5F, 0x00, 0x01, 0x18, 0x4F, 0x19, 0x00, 0x01, 0x01, 0x0C,
    0x36, 0x07, 0x00, 0x4E, 0x9F, 0x2C, 0x4E, 0x24, 0x38, 0xCC, 0xFF, 0xFF, 0xFE, 0xFE, 0xFF, 0xFF,
    0xE2, 0x47, 0x4D, 0xB0, 0xFF, 0xFE, 0xFF, 0xFF, 0xA2, 0x19, 0x13, 0x1A, 0x95, 0xFF, 0xFE, 0xFE,
    0xFE, 0xFF, 0xF6, 0x4A, 0x20, 0xAA, 0xFF, 0xA8, 0x0E, 0x17, 0x47, 0x61, 0x5A, 0x9C, 0xFF, 0xFE,
    0xFE, 0xFE, 0xFF, 0xFF, 0xFF, 0x00, 0xFF, 0xFE, 0xFF, 0xFF, 0xFE, 0xFE, 0xFF, 0xFE, 0x73, 0x48,
    0x4F, 0x47, 0x20, 0x34, 0xE0, 0xFF, 0xEF, 0x56, 0x68, 0xFC, 0xFE, 0xFE, 0xFE, 0xFF, 0xF4, 0x53,
    0x1A, 0x13, 0x27, 0xCF, 0xFF, 0xFE, 0xFE, 0xFE, 0xFE, 0xFF, 0xFF, 0xFF, 0xED, 0x95, 0x87, 0x81,
    0xFF, 0xFE, 0x7F, 0x39, 0x23, 0x09, 0x6D, 0x4B, 0x05, 0x29, 0x35, 0x84, 0x3E, 0x21, 0x0C, 0x06,
    0x10, 0x16, 0x26, 0x17, 0x04, 0x3A, 0x23, 0x57, 0x1B, 0x10, 0x34, 0x22, 0x01, 0x00, 0x03, 0x2C,
    0x5D, 0x33, 0x2B, 0x0F, 0x00, 0x49, 0x55, 0x00, 0x11, 0x32, 0x1F, 0x00, 0x01, 0x01, 0x01, 0x07,
    0x3B, 0x16, 0x05, 0x58, 0xA2, 0x1B, 0x3E, 0x26, 0x37, 0xCD, 0xFF, 0xFE, 0xFE, 0xFE, 0xFE, 0xFF,
    0xE1, 0x48, 0x54, 0xAE, 0xFF, 0xFE, 0xFE, 0xFF, 0xA0, 0x16, 0x13, 0x1C, 0x95, 0xFF, 0xFF, 0xFE,
    0xFE, 0xFF, 0xEA, 0x3B, 0x32, 0xCC, 0xFF, 0xA7, 0x0F, 0x1A, 0x44, 0x52, 0x56, 0x9D, 0xFF, 0xFE,
    0xFE, 0xFE, 0xFE, 0xFF, 0xFF, 0x00, 0xFF, 0xFE, 0xFE, 0xFF, 0xFE, 0xFE, 0xFF, 0xFE, 0x73, 0x3E,
    0x40, 0x43, 0x23, 0x38, 0xDF, 0xFF, 0xF9, 0x69, 0x6D, 0xFD, 0xFE, 0xFE, 0xFE, 0xFF, 0xF4, 0x57,
    0x1F, 0x15, 0x23, 0xCF, 0xFF, 0xFE, 0xFE, 0xFE, 0xFE, 0xFF, 0xFF, 0xFF, 0xF5, 0x86, 0x78, 0x7C,
    0xFF, 0xFD, 0x7E, 0x33, 0x20, 0x0A, 0x6F, 0x5A, 0x10, 0x09, 0x2E, 0x41, 0x87, 0x31, 0x1D, 0x08,
    0x0A, 0x0D, 0x2A, 0x30, 0x09, 0x38, 0x07, 0x39, 0x3B, 0x02, 0x34, 0x30, 0x04, 0x00, 0x00, 0x34,
    0x5A, 0x25, 0x33, 0x05, 0x01, 0x4C, 0x47, 0x07, 0x24, 0x0F, 0x01, 0x00, 0x01, 0x01, 0x01, 0x03,
    0x35, 0x27, 0x06, 0x64, 0xA5, 0x10, 0x40, 0x23, 0x38, 0xCE, 0xFF, 0xFE, 0xFE, 0xFE, 0xFE, 0xFF,
    0xDF, 0x4A, 0x5D, 0xAD, 0xFF, 0xFE, 0xFE, 0xFF, 0x9F, 0x12, 0x12, 0x1E, 0x95, 0xFF, 0xFE, 0xFE,
    0xFE, 0xFF, 0xD5, 0x34, 0x4F, 0xE4, 0xFF, 0xA6, 0x0F, 0x1D, 0x3F, 0x45, 0x55, 0x9D, 0xFF, 0xFE,
    0xFE, 0xFE, 0xFE, 0xFE, 0xFF, 0x00, 0xFF, 0xFF, 0xFE, 0xFF, 0xFE, 0xFE, 0xFF, 0xFE, 0x72, 0x30,
    0x39, 0x42, 0x22, 0x35, 0xDF, 0xFF, 0xFE, 0x7A, 0x65, 0xFA, 0xFE, 0xFE, 0xFE, 0xFF, 0xF5, 0x59,
    0x22, 0x12, 0x1E, 0xCF, 0xFF, 0xFE, 0xFE, 0xFE, 0xFE, 0xFF, 0xFF, 0xFF, 0xF9, 0x88, 0x65, 0x79,
    0xFF, 0xFD, 0x77, 0x2B, 0x1F, 0x0A, 0x71, 0x5B, 0x15, 0x02, 0x0B, 0x24, 0x5A, 0x75, 0x23, 0x1D,
    0x09, 0x0B, 0x2C, 0x37, 0x0B, 0x2B, 0x12, 0x0E, 0x3F, 0x09, 0x3D, 0x3C, 0x05, 0x00, 0x02, 0x55,
    0x26, 0x2B, 0x35, 0x05, 0x05, 0x26, 0x21, 0x20, 0x1D, 0x00, 0x00, 0x00, 0x01, 0x01, 0x01, 0x02,
    0x24, 0x31, 0x04, 0x5D, 0xA4, 0x0A, 0x3F, 0x27, 0x38, 0xCE, 0xFF, 0xFE, 0xFE, 0xFE, 0xFE, 0xFF,
    0xDD, 0x4B, 0x5F, 0xAA, 0xFF, 0xFE, 0xFE, 0xFF, 0x9D, 0x10, 0x12, 0x1D, 0x95, 0xFF, 0xFF, 0xFE,
    0xFE, 0xFF, 0xB7, 0x33, 0x6F, 0xF5, 0xFF, 0xA5, 0x0F, 0x1E, 0x3F, 0x49, 0x57, 0x9D, 0xFF, 0xFE,
    0xFE, 0xFE, 0xFE, 0xFE, 0xFF, 0x00, 0xFF, 0xFE, 0xFE, 0xFE, 0xFE, 0xFE, 0xFF, 0xFE, 0x71, 0x2B,
    0x3B, 0x44, 0x1E, 0x33, 0xDF, 0xFF, 0xFF, 0x88, 0x5F, 0xF7, 0xFE, 0xFE, 0xFE, 0xFE, 0xF5, 0x5A,
    0x21, 0x10, 0x1B, 0xCF, 0xFF, 0xFE, 0xFE, 0xFE, 0xFE, 0xFF, 0xFE, 0xFE, 0xFB, 0x96, 0x57, 0x7A,
    0xFF, 0xFC, 0x73, 0x29, 0x1E, 0x0C, 0x72, 0x5E, 0x16, 0x03, 0x00, 0x0E, 0x2C, 0x94, 0x5B, 0x20,
    0x0C, 0x05, 0x1B, 0x3B, 0x0E, 0x1F, 0x05, 0x00, 0x2B, 0x1B, 0x2D, 0x3C, 0x09, 0x00, 0x26, 0x5B,
    0x09, 0x22, 0x20, 0x00, 0x0F, 0x58, 0x3D, 0x37, 0x03, 0x00, 0x00, 0x00, 0x00, 0x01, 0x01, 0x01,
    0x18, 0x34, 0x05, 0x23, 0x5F, 0x07, 0x33, 0x30, 0x37, 0xCF, 0xFF, 0xFE, 0xFE, 0xFE, 0xFE, 0xFF,
    0xDE, 0x4B, 0x5E, 0xA4, 0xFD, 0xFE, 0xFE, 0xFF, 0x9D, 0x0F, 0x12, 0x21, 0x96, 0xFF, 0xFF, 0xFF,
    0xFE, 0xFF, 0x98, 0x36, 0x8C, 0xFE, 0xFF, 0xA4, 0x0F, 0x1E, 0x3D, 0x49, 0x5C, 0x9D, 0xFF, 0xFE,
    0xFE, 0xFE, 0xFE, 0xFE, 0xFF, 0x00, 0xFF, 0xFE, 0xFF, 0xFE, 0xFE, 0xFF, 0xFF, 0xFE, 0x71, 0x2C,
    0x47, 0x47, 0x19, 0x30, 0xDF, 0xFF, 0xFF, 0x8F, 0x5A, 0xF5, 0xFF, 0xFE, 0xFE, 0xFF, 0xF5, 0x5D,
    0x29, 0x10, 0x19, 0xCF, 0xFF, 0xFE, 0xFE, 0xFE, 0xFE, 0xFE, 0xFE, 0xFE, 0xFB, 0xA4, 0x50, 0x7B,
    0xFF, 0xFC, 0x6E, 0x27, 0x1F, 0x10, 0x72, 0x60, 0x13, 0x03, 0x00, 0x02, 0x24, 0x37, 0x75, 0x26,
    0x1E, 0x02, 0x0D, 0x40, 0x14, 0x1A, 0x00, 0x00, 0x14, 0x21, 0x1D, 0x4E, 0x10, 0x00, 0x45, 0x3A,
    0x14, 0x12, 0x10, 0x00, 0x09, 0x41, 0x3F, 0x15, 0x00, 0x00, 0x00, 0x00, 0x00, 0x00, 0x01, 0x00,
    0x0D, 0x1C, 0x0A, 0x40, 0x33, 0x04, 0x24, 0x33, 0x35, 0xCF, 0xFF, 0xFF, 0xFE, 0xFE, 0xFE, 0xFF,
    0xE1, 0x47, 0x55, 0x9B, 0xFB, 0xFF, 0xFE, 0xFF, 0x9D, 0x0F, 0x14, 0x25, 0x97, 0xFF, 0xFE, 0xFF,
    0xFF, 0xFF, 0x7E, 0x35, 0xA0, 0xFF, 0xFF, 0xA4, 0x0D, 0x1A, 0x42, 0x4C, 0x60, 0x9E, 0xFF, 0xFE,
    0xFE, 0xFE, 0xFE, 0xFE, 0xFF, 0x00, 0xFF, 0xFE, 0xFF, 0xFF, 0xFF, 0xFE, 0xFF, 0xFE, 0x70, 0x2E,
    0x52, 0x4D, 0x16, 0x2A, 0xDD, 0xFF, 0xFF, 0x97, 0x53, 0xEF, 0xFF, 0xFF, 0xFE, 0xFF, 0xF6, 0x60,
    0x2C, 0x12, 0x18, 0xCF, 0xFF, 0xFF, 0xFE, 0xFE, 0xFE, 0xFE, 0xFF, 0xFF, 0xFC, 0xAC, 0x4B, 0x80,
    0xFF, 0xFB, 0x6A, 0x26, 0x21, 0x10, 0x72, 0x64, 0x12, 0x02, 0x01, 0x01, 0x19, 0x0D, 0x38, 0x67,
    0x1A, 0x16, 0x07, 0x3E, 0x1D, 0x14, 0x00, 0x00, 0x03, 0x15, 0x18, 0x6A, 0x1E, 0x15, 0x38, 0x19,
    0x12, 0x0A, 0x0F, 0x00, 0x17, 0x69, 0x13, 0x00, 0x00, 0x00, 0x00, 0x00, 0x00, 0x00, 0x01, 0x00,
    0x0B, 0x1A, 0x1E, 0x68, 0x3B, 0x06, 0x1A, 0x2A, 0x30, 0xCF, 0xFF, 0xFF, 0xFE, 0xFE, 0xFE, 0xFF,
    0xE7, 0x44, 0x4C, 0x95, 0xF8, 0xFF, 0xFE, 0xFF, 0x9B, 0x0F, 0x16, 0x29, 0x97, 0xFF, 0xFF, 0xFF,
    0xFF, 0xFE, 0x67, 0x30, 0xB6, 0xFF, 0xFF, 0xA4, 0x0D, 0x16, 0x44, 0x4B, 0x5D, 0x9E, 0xFF, 0xFE,
    0xFE, 0xFE, 0xFE, 0xFF, 0xFF, 0x00, 0xFF, 0xFF, 0xFF, 0xFF, 0xFF, 0xFE, 0xFF, 0xFE, 0x6F, 0x33,
    0x58, 0x51, 0x16, 0x2B, 0xDC, 0xFF, 0xFF, 0xA2, 0x4A, 0xE7, 0xFF, 0xFF, 0xFE, 0xFF, 0xF6, 0x63,
    0x2C, 0x12, 0x19, 0xCF, 0xFF, 0xFF, 0xFF, 0xFF, 0xFE, 0xFE, 0xFF, 0xFE, 0xFB, 0xA6, 0x47, 0x85,
    0xFF, 0xFA, 0x67, 0x23, 0x24, 0x0E, 0x71, 0x67, 0x14, 0x02, 0x01, 0x03, 0x25, 0x05, 0x09, 0x6A,
    0x43, 0x1C, 0x07, 0x37, 0x2A, 0x06, 0x00, 0x00, 0x00, 0x0D, 0x1B, 0x5B, 0x3A, 0x13, 0x23, 0x18,
    0x0A, 0x0F, 0x11, 0x07, 0x1C, 0x48, 0x07, 0x00, 0x00, 0x01, 0x01, 0x00, 0x00, 0x00, 0x00, 0x00,
    0x09, 0x20, 0x3B, 0x6E, 0x50, 0x0B, 0x17, 0x1D, 0x26, 0xCE, 0xFF, 0xFE, 0xFE, 0xFE, 0xFE, 0xFF,
    0xEF, 0x43, 0x41, 0x91, 0xF3, 0xFF, 0xFF, 0xFF, 0x9A, 0x0E, 0x18, 0x30, 0x98, 0xFF, 0xFF, 0xFE,
    0xFF, 0xFB, 0x56, 0x35, 0xD0, 0xFF, 0xFF, 0xA4, 0x0C, 0x14, 0x43, 0x49, 0x5A, 0x9F, 0xFF, 0xFE,
    0xFE, 0xFE, 0xFE, 0xFF, 0xFF, 0x00, 0xFF, 0xFF, 0xFF, 0xFF, 0xFF, 0xFF, 0xFF, 0xFE, 0x6D, 0x33,
    0x58, 0x52, 0x15, 0x27, 0xDD, 0xFF, 0xFF, 0xAC, 0x3E, 0xDA, 0xFF, 0xFF, 0xFF, 0xFF, 0xF6, 0x63,
    0x2E, 0x15, 0x1B, 0xCF, 0xFF, 0xFF, 0xFF, 0xFF, 0xFF, 0xFE, 0xFE, 0xFE, 0xFC, 0xA6, 0x44, 0x87,
    0xFF, 0xFB, 0x64, 0x1C, 0x25, 0x0B, 0x70, 0x68, 0x1B, 0x07, 0x01, 0x07, 0x1B, 0x01, 0x13, 0x2C,
    0x7C, 0x26, 0x0B, 0x27, 0x33, 0x04, 0x00, 0x00, 0x00, 0x0B, 0x27, 0x32, 0x65, 0x10, 0x09, 0x11,
    0x0C, 0x07, 0x09, 0x09, 0x35, 0x45, 0x03, 0x00, 0x01, 0x01, 0x01, 0x00, 0x00, 0x00, 0x00, 0x00,
    0x38, 0x4B, 0x58, 0x3F, 0x92, 0x0A, 0x17, 0x1D, 0x1F, 0xCC, 0xFF, 0xFE, 0xFE, 0xFE, 0xFE, 0xFF,
    0xF5, 0x4B, 0x33, 0x84, 0xED, 0xFF, 0xFE, 0xFF, 0x9A, 0x0E, 0x1A, 0x32, 0x98, 0xFF, 0xFF, 0xFF,
    0xFF, 0xF6, 0x4A, 0x3B, 0xDC, 0xFF, 0xFF, 0xA4, 0x0C, 0x12, 0x42, 0x48, 0x51, 0xA0, 0xFF, 0xFE,
    0xFE, 0xFE, 0xFE, 0xFF, 0xFF, 0x00, 0xFF, 0xFF, 0xFF, 0xFF, 0xFF, 0xFF, 0xFF, 0xFE, 0x6B, 0x2E,
    0x51, 0x4F, 0x19, 0x2B, 0xDE, 0xFF, 0xFF, 0xB4, 0x35, 0xC9, 0xFF, 0xFF, 0xFF, 0xFF, 0xF7, 0x60,
    0x27, 0x13, 0x1C, 0xCE, 0xFF, 0xFF, 0xFF, 0xFF, 0xFF, 0xFE, 0xFE, 0xFE, 0xFE, 0xA7, 0x3F, 0x8A,
    0xFF, 0xFB, 0x60, 0x17, 0x22, 0x09, 0x70, 0x6C, 0x25, 0x0B, 0x00, 0x14, 0x1A, 0x04, 0x19, 0x19,
    0x54, 0x4F, 0x0A, 0x1B, 0x36, 0x14, 0x06, 0x00, 0x00, 0x0A, 0x2D, 0x25, 0x4F, 0x39, 0x0A, 0x08,
    0x08, 0x02, 0x0D, 0x05, 0x2B, 0x2A, 0x00, 0x01, 0x01, 0x01, 0x01, 0x00, 0x00, 0x00, 0x00, 0x00,
    0x23, 0x4D, 0x33, 0x48, 0xA0, 0x0B, 0x16, 0x1E, 0x2A, 0xC9, 0xFF, 0xFF, 0xFF, 0xFF, 0xFF, 0xFF,
    0xFB, 0x5D, 0x21, 0x62, 0xE2, 0xFF, 0xFE, 0xFF, 0x9A, 0x0D, 0x1A, 0x35, 0x99, 0xFF, 0xFE, 0xFF,
    0xFF, 0xF2, 0x42, 0x3E, 0xDF, 0xFF, 0xFF, 0xA4, 0x0D, 0x11, 0x40, 0x45, 0x42, 0xA0, 0xFF, 0xFE,
    0xFE, 0xFE, 0xFE, 0xFE, 0xFF, 0x00, 0xFF, 0xFF, 0xFF, 0xFF, 0xFF, 0xFF, 0xFF, 0xFE, 0x6A, 0x30,
    0x50, 0x4E, 0x1D, 0x2D, 0xDE, 0xFF, 0xFF, 0xB1, 0x26, 0xB6, 0xFF, 0xFF, 0xFF, 0xFF, 0xF7, 0x61,
    0x24, 0x11, 0x1C, 0xCE, 0xFF, 0xFF, 0xFF, 0xFF, 0xFF, 0xFF, 0xFF, 0xFF, 0xFE, 0xA3, 0x36, 0x8B,
    0xFF, 0xFB, 0x5F, 0x15, 0x1E, 0x08, 0x70, 0x6E, 0x29, 0x09, 0x00, 0x27, 0x19, 0x0F, 0x21, 0x13,
    0x22, 0x61, 0x23, 0x10, 0x35, 0x1E, 0x17, 0x00, 0x00, 0x0B, 0x28, 0x18, 0x20, 0x69, 0x26, 0x03,
    0x01, 0x12, 0x09, 0x05, 0x2B, 0x1B, 0x00, 0x01, 0x01, 0x01, 0x01, 0x01, 0x00, 0x00, 0x00, 0x00,
    0x39, 0x32, 0x2C, 0x51, 0xA0, 0x0C, 0x16, 0x18, 0x33, 0xBF, 0xFF, 0xFF, 0xFF, 0xFF, 0xFF, 0xFF,
    0xFF, 0x76, 0x15, 0x45, 0xD5, 0xFF, 0xFF, 0xFF, 0x9A, 0x0D, 0x1D, 0x37, 0x98, 0xFF, 0xFE, 0xFF,
    0xFF, 0xED, 0x3A, 0x3D, 0xDD, 0xFF, 0xFF, 0xA4, 0x0E, 0x10, 0x3D, 0x46, 0x3E, 0x9F, 0xFF, 0xFF,
    0xFE, 0xFE, 0xFE, 0xFF, 0xFF, 0x00, 0xFF, 0xFF, 0xFF, 0xFF, 0xFF, 0xFF, 0xFF, 0xFE, 0x69, 0x38,
    0x57, 0x51, 0x1C, 0x29, 0xDE, 0xFF, 0xFF, 0xA7, 0x1B, 0xA5, 0xFF, 0xFF, 0xFF, 0xFF, 0xF7, 0x63,
    0x27, 0x11, 0x1B, 0xCE, 0xFF, 0xFF, 0xFF, 0xFF, 0xFF, 0xFF, 0xFF, 0xFF, 0xFE, 0xA3, 0x31, 0x88,
    0xFF, 0xFB, 0x5C, 0x12, 0x19, 0x06, 0x71, 0x70, 0x28, 0x03, 0x02, 0x30, 0x0F, 0x0E, 0x1A, 0x0A,
    0x0E, 0x2B, 0x3F, 0x08, 0x32, 0x21, 0x29, 0x02, 0x00, 0x0E, 0x22, 0x19, 0x2E, 0x28, 0x55, 0x14,
    0x04, 0x0F, 0x03, 0x07, 0x32, 0x11, 0x00, 0x01, 0x01, 0x01, 0x01, 0x01, 0x01, 0x01, 0x00, 0x0E,
    0x54, 0x0C, 0x39, 0x4F, 0x9F, 0x0A, 0x17, 0x14, 0x2E, 0xA7, 0xFF, 0xFF, 0xFF, 0xFF, 0xFF, 0xFF,
    0xFF, 0x91, 0x12, 0x34, 0xC5, 0xFF, 0xFF, 0xFF, 0x9A, 0x0D, 0x1F, 0x37, 0x97, 0xFF, 0xFE, 0xFF,
    0xFF, 0xEA, 0x36, 0x3B, 0xD9, 0xFF, 0xFF, 0xA2, 0x0E, 0x11, 0x3B, 0x47, 0x3F, 0x9F, 0xFF, 0xFF,
    0xFE, 0xFE, 0xFF, 0xFF, 0xFF, 0x00, 0xFF, 0xFF, 0xFF, 0xFF, 0xFF, 0xFE, 0xFE, 0xFE, 0x6A, 0x41,
    0x5C, 0x50, 0x19, 0x26, 0xDE, 0xFF, 0xFF, 0xA2, 0x18, 0x9B, 0xFF, 0xFF, 0xFF, 0xFF, 0xF7, 0x67,
    0x28, 0x11, 0x1C, 0xCE, 0xFF, 0xFF, 0xFF, 0xFF, 0xFF, 0xFE, 0xFE, 0xFF, 0xFD, 0xA0, 0x32, 0x88,
    0xFF, 0xFB, 0x5B, 0x12, 0x15, 0x04, 0x71, 0x71, 0x26, 0x00, 0x0B, 0x39, 0x07, 0x10, 0x1A, 0x0C,
    0x15, 0x29, 0x38, 0x0B, 0x2E, 0x28, 0x28, 0x09, 0x00, 0x11, 0x21, 0x45, 0x1C, 0x00, 0x2E, 0x47,
    0x1D, 0x06, 0x05, 0x08, 0x1D, 0x06, 0x00, 0x01, 0x01, 0x01, 0x01, 0x01, 0x01, 0x00, 0x00, 0x2A,
    0x41, 0x00, 0x40, 0x53, 0x9B, 0x08, 0x16, 0x16, 0x29, 0x8B, 0xFF, 0xFE, 0xFE, 0xFE, 0xFE, 0xFE,
    0xFF, 0xAB, 0x11, 0x2E, 0xB9, 0xFF, 0xFE, 0xFF, 0x99, 0x0C, 0x1F, 0x39, 0x98, 0xFF, 0xFE, 0xFF,
    0xFF, 0xEA, 0x36, 0x35, 0xD3, 0xFF, 0xFF, 0xA1, 0x0D, 0x14, 0x43, 0x4E, 0x43, 0x9E, 0xFF, 0xFF,
    0xFE, 0xFE, 0xFE, 0xFF, 0xFF, 0x00, 0xFF, 0xFF, 0xFF, 0xFF, 0xFF, 0xFE, 0xFF, 0xFD, 0x6B, 0x48,
    0x5F, 0x4A, 0x19, 0x25, 0xDD, 0xFF, 0xFF, 0x9D, 0x1C, 0x99, 0xFF, 0xFE, 0xFE, 0xFF, 0xF7, 0x67,
    0x28, 0x13, 0x1D, 0xCE, 0xFF, 0xFE, 0xFF, 0xFF, 0xFF, 0xFF, 0xFE, 0xFF, 0xFB, 0x9C, 0x35, 0x8E,
    0xFC, 0xF9, 0x57, 0x12, 0x14, 0x01, 0x70, 0x65, 0x17, 0x00, 0x25, 0x35, 0x01, 0x1B, 0x16, 0x0C,
    0x13, 0x2B, 0x1C, 0x27, 0x28, 0x33, 0x16, 0x18, 0x00, 0x11, 0x33, 0x5B, 0x08, 0x08, 0x4E, 0x36,
    0x52, 0x1E, 0x04, 0x02, 0x02, 0x00, 0x00, 0x00, 0x00, 0x00, 0x00, 0x00, 0x01, 0x00, 0x00, 0x44,
    0x24, 0x00, 0x46, 0x5B, 0x95, 0x06, 0x14, 0x1C, 0x28, 0x73, 0xF7, 0xFF, 0xFE, 0xFE, 0xFE, 0xFE,
    0xFF, 0xBF, 0x10, 0x2A, 0xAE, 0xFF, 0xFE, 0xFF, 0x98, 0x0B, 0x22, 0x3D, 0x99, 0xFF, 0xFE, 0xFE,
    0xFF, 0xEB, 0x36, 0x30, 0xCE, 0xFF, 0xFF, 0xA0, 0x0C, 0x17, 0x4F, 0x5D, 0x47, 0x9D, 0xFF, 0xFF,
    0xFE, 0xFE, 0xFE, 0xFE, 0xFF, 0x00, 0xFF, 0xFF, 0xFE, 0xFF, 0xFF, 0xFF, 0xFF, 0xFD, 0x6C, 0x51,
    0x66, 0x51, 0x1B, 0x27, 0xDC, 0xFF, 0xFF, 0x98, 0x20, 0x9E, 0xFF, 0xFE, 0xFE, 0xFF, 0xF8, 0x67,
    0x2B, 0x14, 0x1E, 0xCE, 0xFF, 0xFF, 0xFE, 0xFF, 0xFF, 0xFE, 0xFE, 0xFF, 0xF8, 0x9B, 0x37, 0x95,
    0xF7, 0xF8, 0x4E, 0x12, 0x16, 0x00, 0x71, 0x55, 0x06, 0x02, 0x32, 0x16, 0x05, 0x26, 0x15, 0x0B,
    0x10, 0x1C, 0x0C, 0x2C, 0x22, 0x3A, 0x0F, 0x20, 0x00, 0x0F, 0x57, 0x43, 0x07, 0x15, 0x5A, 0x33,
    0x43, 0x22, 0x1F, 0x0C, 0x01, 0x00, 0x00, 0x00, 0x00, 0x00, 0x00, 0x00, 0x00, 0x00, 0x04, 0x4C,
    0x0F, 0x00, 0x3B, 0x66, 0x8F, 0x04, 0x12, 0x1A, 0x25, 0x60, 0xEB, 0xFF, 0xFE, 0xFE, 0xFE, 0xFE,
    0xFF, 0xCD, 0x13, 0x25, 0xA4, 0xFF, 0xFE, 0xFF, 0x97, 0x0A, 0x22, 0x3D, 0x99, 0xFF, 0xFE, 0xFE,
    0xFF, 0xED, 0x39, 0x2F, 0xC8, 0xFF, 0xFF, 0xA1, 0x0D, 0x1A, 0x55, 0x5F, 0x48, 0x9C, 0xFF, 0xFE,
    0xFE, 0xFE, 0xFE, 0xFE, 0xFF, 0x00, 0xFF, 0xFF, 0xFE, 0xFF, 0xFE, 0xFE, 0xFF, 0xFE, 0x6C, 0x4F,
    0x69, 0x56, 0x1F, 0x29, 0xDB, 0xFF, 0xFF, 0x8F, 0x21, 0xA9, 0xFF, 0xFE, 0xFE, 0xFF, 0xF8, 0x68,
    0x2D, 0x15, 0x1D, 0xCE, 0xFF, 0xFE, 0xFE, 0xFF, 0xFF, 0xFF, 0xFE, 0xFF, 0xF5, 0x93, 0x30, 0x9E,
    0xF4, 0xF3, 0x42, 0x0D, 0x13, 0x02, 0x47, 0x2F, 0x00, 0x09, 0x27, 0x04, 0x0C, 0x23, 0x0C, 0x0A,
    0x11, 0x14, 0x09, 0x2F, 0x24, 0x40, 0x0F, 0x1B, 0x03, 0x2A, 0x46, 0x31, 0x06, 0x29, 0x3F, 0x3A,
    0x46, 0x06, 0x1E, 0x22, 0x1C, 0x09, 0x03, 0x01, 0x00, 0x00, 0x00, 0x00, 0x00, 0x00, 0x0C, 0x3E,
    0x04, 0x00, 0x23, 0x68, 0x84, 0x04, 0x10, 0x14, 0x1E, 0x57, 0xDD, 0xFF, 0xFE, 0xFE, 0xFE, 0xFE,
    0xFF, 0xD8, 0x19, 0x26, 0x9A, 0xFF, 0xFE, 0xFF, 0x96, 0x09, 0x20, 0x39, 0x99, 0xFF, 0xFE, 0xFF,
    0xFF, 0xF1, 0x3F, 0x2F, 0xC3, 0xFF, 0xFF, 0xA0, 0x0E, 0x1E, 0x5B, 0x55, 0x37, 0x9B, 0xFF, 0xFE,
    0xFE, 0xFE, 0xFE, 0xFF, 0xFF, 0x00, 0xFF, 0xFF, 0xFE, 0xFE, 0xFE, 0xFF, 0xFF, 0xFE, 0x6E, 0x53,
    0x6A, 0x57, 0x1A, 0x1F, 0xCD, 0xFF, 0xFF, 0x85, 0x1D, 0xB6, 0xFF, 0xFE, 0xFE, 0xFE, 0xF8, 0x6A,
    0x2D, 0x15, 0x1C, 0xCE, 0xFF, 0xFE, 0xFE, 0xFE, 0xFE, 0xFF, 0xFF, 0xFF, 0xF1, 0x88, 0x29, 0xA3,
    0xD3, 0x94, 0x19, 0x15, 0x1F, 0x10, 0x0B, 0x10, 0x09, 0x12, 0x18, 0x00, 0x17, 0x17, 0x09, 0x05,
    0x14, 0x13, 0x0A, 0x28, 0x21, 0x3E, 0x0C, 0x17, 0x0E, 0x42, 0x20, 0x2C, 0x08, 0x44, 0x20, 0x2B,
    0x25, 0x00, 0x08, 0x21, 0x2F, 0x3D, 0x1F, 0x0A, 0x01, 0x01, 0x00, 0x00, 0x00, 0x00, 0x10, 0x2F,
    0x00, 0x00, 0x11, 0x62, 0x78, 0x06, 0x0A, 0x10, 0x13, 0x4D, 0xD1, 0xFF, 0xFE, 0xFF, 0xFE, 0xFE,
    0xFF, 0xE3, 0x23, 0x26, 0x8E, 0xFD, 0xFE, 0xFF, 0x96, 0x09, 0x24, 0x3B, 0x98, 0xFF, 0xFE, 0xFE,
    0xFF, 0xF3, 0x43, 0x2F, 0xBD, 0xFF, 0xFF, 0x95, 0x0C, 0x1F, 0x59, 0x52, 0x2F, 0x9C, 0xFF, 0xFE,
    0xFE, 0xFE, 0xFE, 0xFF, 0xFF, 0x00, 0xFF, 0xFF, 0xFE, 0xFE, 0xFE, 0xFE, 0xFF, 0xFD, 0x71, 0x56,
    0x64, 0x51, 0x1F, 0x1E, 0x52, 0xDD, 0xFF, 0x7E, 0x1E, 0xC4, 0xFF, 0xFE, 0xFE, 0xFE, 0xF8, 0x6B,
    0x2D, 0x18, 0x1D, 0xCE, 0xFF, 0xFE, 0xFE, 0xFE, 0xFE, 0xFE, 0xFE, 0xFF, 0xEF, 0x8C, 0x29, 0x75,
    0x55, 0x2B, 0x25, 0x21, 0x1F, 0x14, 0x1C, 0x16, 0x16, 0x1D, 0x22, 0x20, 0x22, 0x14, 0x0C, 0x02,
    0x1A, 0x19, 0x08, 0x25, 0x22, 0x38, 0x0F, 0x0E, 0x1F, 0x4A, 0x0D, 0x22, 0x1E, 0x53, 0x0A, 0x31,
    0x14, 0x00, 0x0B, 0x31, 0x12, 0x1D, 0x52, 0x6B, 0x2C, 0x0D, 0x06, 0x06, 0x02, 0x01, 0x0D, 0x1C,
    0x00, 0x00, 0x09, 0x5E, 0x6C, 0x08, 0x04, 0x07, 0x0B, 0x46, 0xC7, 0xFF, 0xFE, 0xFE, 0xFE, 0xFE,
    0xFF, 0xED, 0x37, 0x27, 0x80, 0xF8, 0xFE, 0xFF, 0x96, 0x09, 0x26, 0x3E, 0x98, 0xFF, 0xFF, 0xFE,
    0xFE, 0xF6, 0x48, 0x31, 0xBA, 0xFF, 0xD5, 0x4D, 0x10, 0x19, 0x4E, 0x50, 0x37, 0x9C, 0xFF, 0xFE,
    0xFE, 0xFE, 0xFF, 0xFE, 0xFF, 0x00, 0xFF, 0xFE, 0xFE, 0xFE, 0xFE, 0xFE, 0xFF, 0xFD, 0x71, 0x4E,
    0x5C, 0x4B, 0x20, 0x2F, 0x21, 0x64, 0xEF, 0x77, 0x1E, 0xCD, 0xFF, 0xFE, 0xFE, 0xFF, 0xF8, 0x6D,
    0x2F, 0x1B, 0x1D, 0xCD, 0xFF, 0xFE, 0xFE, 0xFE, 0xFE, 0xFE, 0xFE, 0xFF, 0xEF, 0x8D, 0x23, 0x29,
    0x3B, 0x41, 0x1E, 0x05, 0x0A, 0x0B, 0x2D, 0x12, 0x17, 0x19, 0x10, 0x24, 0x24, 0x22, 0x16, 0x02,
    0x14, 0x12, 0x06, 0x2F, 0x1D, 0x2A, 0x17, 0x07, 0x42, 0x3A, 0x0D, 0x1F, 0x48, 0x36, 0x09, 0x3B,
    0x0D, 0x00, 0x08, 0x28, 0x14, 0x00, 0x0B, 0x38, 0x57, 0x60, 0x32, 0x1B, 0x1B, 0x05, 0x0D, 0x0C,
    0x00, 0x00, 0x06, 0x58, 0x5E, 0x07, 0x01, 0x03, 0x08, 0x41, 0xBA, 0xFF, 0xFE, 0xFE, 0xFE, 0xFE,
    0xFF, 0xF5, 0x4C, 0x27, 0x6E, 0xF0, 0xFF, 0xFF, 0x96, 0x09, 0x27, 0x40, 0x99, 0xFF, 0xFE, 0xFF,
    0xFF, 0xF8, 0x4E, 0x30, 0xB6, 0xDF, 0x4B, 0x27, 0x15, 0x16, 0x49, 0x4F, 0x39, 0x9C, 0xFF, 0xFE,
    0xFF, 0xFE, 0xFE, 0xFF, 0xFE, 0x00, 0xFF, 0xFF, 0xFE, 0xFF, 0xFF, 0xFE, 0xFF, 0xFD, 0x72, 0x57,
    0x60, 0x4A, 0x1E, 0x26, 0x26, 0x3C, 0xC5, 0x71, 0x20, 0xD4, 0xFF, 0xFE, 0xFE, 0xFF, 0xF8, 0x6C,
    0x29, 0x1A, 0x1C, 0xCD, 0xFF, 0xFE, 0xFE, 0xFE, 0xFE, 0xFF, 0xFF, 0xFF, 0xF0, 0x66, 0x1E, 0x2B,
    0x4C, 0xA1, 0x30, 0x00, 0x09, 0x0A, 0x3C, 0x11, 0x3B, 0x16, 0x00, 0x07, 0x19, 0x13, 0x1B, 0x1D,
    0x19, 0x09, 0x05, 0x2E, 0x12, 0x14, 0x18, 0x13, 0x5A, 0x38, 0x0F, 0x24, 0x4C, 0x0F, 0x15, 0x43,
    0x0C, 0x00, 0x0D, 0x34, 0x15, 0x00, 0x00, 0x00, 0x08, 0x3B, 0x7E, 0x5A, 0x35, 0x17, 0x13, 0x0F,
    0x00, 0x00, 0x05, 0x54, 0x57, 0x07, 0x02, 0x05, 0x0B, 0x3E, 0xB0, 0xFF, 0xFE, 0xFE, 0xFE, 0xFE,
    0xFF, 0xFC, 0x61, 0x23, 0x5C, 0xE3, 0xFF, 0xFF, 0x96, 0x0A, 0x28, 0x3E, 0x98, 0xFF, 0xFF, 0xFF,
    0xFF, 0xFB, 0x56, 0x2A, 0xAF, 0xAA, 0x25, 0x14, 0x0F, 0x17, 0x4E, 0x51, 0x37, 0x9C, 0xFF, 0xFE,
    0xFE, 0xFE, 0xFF, 0xFE, 0xFF, 0x00, 0xFF, 0xFF, 0xFE, 0xFE, 0xFE, 0xFE, 0xFF, 0xFD, 0x73, 0x50,
    0x5B, 0x4A, 0x1D, 0x3D, 0x38, 0x31, 0xC3, 0x67, 0x21, 0xDA, 0xFF, 0xFF, 0xFE, 0xFF, 0xF8, 0x6B,
    0x26, 0x18, 0x1B, 0xCD, 0xFF, 0xFF, 0xFF, 0xFE, 0xFE, 0xFE, 0xFF, 0xFF, 0xDF, 0x3C, 0x21, 0x36,
    0xA7, 0xEC, 0x39, 0x04, 0x06, 0x09, 0x16, 0x16, 0x4F, 0x07, 0x00, 0x0D, 0x27, 0x1C, 0x0B, 0x1A,
    0x31, 0x0D, 0x08, 0x3E, 0x11, 0x0F, 0x19, 0x30, 0x54, 0x3C, 0x08, 0x3A, 0x2E, 0x02, 0x15, 0x4D,
    0x0C, 0x03, 0x13, 0x26, 0x0F, 0x00, 0x01, 0x01, 0x00, 0x00, 0x10, 0x47, 0x85, 0x4A, 0x19, 0x0F,
    0x00, 0x00, 0x04, 0x50, 0x31, 0x03, 0x01, 0x05, 0x11, 0x3F, 0xA9, 0xFF, 0xFF, 0xFF, 0xFE, 0xFE,
    0xFE, 0xFF, 0x71, 0x20, 0x4D, 0xD3, 0xFF, 0xFF, 0x96, 0x0A, 0x27, 0x3C, 0x98, 0xFF, 0xFF, 0xFF,
    0xFF, 0xFE, 0x5F, 0x25, 0xA5, 0xA1, 0x27, 0x31, 0x15, 0x18, 0x4F, 0x55, 0x39, 0x9C, 0xFF, 0xFE,
    0xFE, 0xFE, 0xFF, 0xFF, 0xFF, 0x00, 0xFF, 0xFF, 0xFF, 0xFE, 0xFE, 0xFE, 0xFF, 0xFD, 0x71, 0x42,
    0x59, 0x4B, 0x1E, 0x4A, 0x35, 0x55, 0xEE, 0x53, 0x22, 0xDF, 0xFF, 0xFF, 0xFF, 0xFF, 0xF8, 0x69,
    0x22, 0x18, 0x19, 0xCB, 0xFF, 0xFE, 0xFF, 0xFF, 0xFE, 0xFE, 0xFF, 0xF5, 0x79, 0x2F, 0x19, 0x7B,
    0xE2, 0xA0, 0x1D, 0x01, 0x00, 0x02, 0x02, 0x25, 0x30, 0x03, 0x04, 0x04, 0x05, 0x11, 0x0B, 0x0D,
    0x42, 0x19, 0x0E, 0x4C, 0x13, 0x0E, 0x11, 0x44, 0x37, 0x33, 0x15, 0x68, 0x14, 0x00, 0x15, 0x50,
    0x0A, 0x0B, 0x27, 0x30, 0x15, 0x00, 0x00, 0x00, 0x00, 0x00, 0x00, 0x02, 0x35, 0x7D, 0x46, 0x1E,
    0x0A, 0x00, 0x04, 0x51, 0x13, 0x00, 0x00, 0x00, 0x04, 0x3A, 0xA1, 0xFF, 0xFF, 0xFF, 0xFF, 0xFE,
    0xFE, 0xFF, 0x80, 0x1A, 0x3D, 0xBF, 0xFF, 0xFF, 0x96, 0x09, 0x1D, 0x32, 0x96, 0xFF, 0xFF, 0xFF,
    0xFF, 0xFF, 0x67, 0x1D, 0x98, 0xDC, 0x2F, 0x4A, 0x21, 0x1A, 0x51, 0x54, 0x3A, 0x9C, 0xFF, 0xFE,
    0xFE, 0xFE, 0xFF, 0xFF, 0xFF, 0x00, 0xFF, 0xFF, 0xFF, 0xFF, 0xFE, 0xFE, 0xFF, 0xFD, 0x6B, 0x38,
    0x5A, 0x48, 0x20, 0x3D, 0x42, 0x51, 0xE9, 0x43, 0x27, 0xE6, 0xFF, 0xFF, 0xFF, 0xFF, 0xF9, 0x67,
    0x1F, 0x18, 0x17, 0xCA, 0xFF, 0xFF, 0xFF, 0xFF, 0xFE, 0xFE, 0xFD, 0x98, 0x2A, 0x4D, 0x2D, 0xA1,
    0xC2, 0x14, 0x01, 0x02, 0x02, 0x02, 0x04, 0x25, 0x28, 0x1C, 0x21, 0x14, 0x08, 0x06, 0x03, 0x11,
    0x53, 0x08, 0x13, 0x46, 0x11, 0x0A, 0x15, 0x4D, 0x20, 0x2F, 0x48, 0x51, 0x02, 0x01, 0x1D, 0x4D,
    0x09, 0x16, 0x2C, 0x24, 0x15, 0x00, 0x00, 0x01, 0x01, 0x01, 0x00, 0x00, 0x00, 0x11, 0x61, 0x64,
    0x1C, 0x13, 0x05, 0x4B, 0x14, 0x00, 0x00, 0x00, 0x02, 0x37, 0x55, 0xEE, 0xFF, 0xFF, 0xFF, 0xFE,
    0xFE, 0xFF, 0x92, 0x13, 0x2B, 0xAC, 0xFF, 0xFF, 0x96, 0x0A, 0x13, 0x28, 0x95, 0xFF, 0xFF, 0xFF,
    0xFF, 0xFF, 0x72, 0x15, 0x8A, 0xD8, 0x33, 0x61, 0x2B, 0x1B, 0x54, 0x5A, 0x3B, 0x9C, 0xFF, 0xFE,
    0xFE, 0xFE, 0xFE, 0xFF, 0xFF, 0x00, 0xFF, 0xFF, 0xFE, 0xFF, 0xFF, 0xFF, 0xFF, 0xFC, 0x66, 0x39,
    0x5D, 0x4B, 0x1E, 0x1C, 0x55, 0x32, 0xBB, 0x3F, 0x2F, 0xEC, 0xFF, 0xFF, 0xFF, 0xFF, 0xF9, 0x68,
    0x1F, 0x19, 0x16, 0xC9, 0xFF, 0xFE, 0xFF, 0xFF, 0xFF, 0xFF, 0xC8, 0x31, 0x26, 0x7C, 0x41, 0xAB,
    0x8C, 0x00, 0x01, 0x01, 0x02, 0x0A, 0x1F, 0x2B, 0x12, 0x01, 0x27, 0x36, 0x36, 0x34, 0x0A, 0x08,
    0x37, 0x07, 0x20, 0x4A, 0x12, 0x05, 0x20, 0x45, 0x1C, 0x2C, 0x7A, 0x2F, 0x05, 0x14, 0x33, 0x4A,
    0x09, 0x20, 0x1F, 0x26, 0x1D, 0x00, 0x00, 0x00, 0x01, 0x00, 0x00, 0x00, 0x00, 0x00, 0x10, 0x77,
    0x5F, 0x26, 0x14, 0x36, 0x14, 0x00, 0x00, 0x00, 0x01, 0x3B, 0x1F, 0xC7, 0xFF, 0xFF, 0xFF, 0xFF,
    0xFF, 0xFF, 0xA1, 0x10, 0x26, 0x9B, 0xFF, 0xFF, 0x95, 0x0A, 0x12, 0x21, 0x95, 0xFF, 0xFF, 0xFF,
    0xFF, 0xFF, 0x80, 0x10, 0x80, 0x96, 0x36, 0x63, 0x17, 0x1D, 0x54, 0x5D, 0x42, 0x9C, 0xFF, 0xFF,
    0xFE, 0xFE, 0xFE, 0xFF, 0xFF, 0x00, 0xFF, 0xFF, 0xFE, 0xFE, 0xFF, 0xFF, 0xFF, 0xFC, 0x67, 0x3B,
    0x4E, 0x45, 0x16, 0x0C, 0x49, 0x3A, 0x5A, 0x35, 0x38, 0xF1, 0xFF, 0xFF, 0xFF, 0xFF, 0xFA, 0x67,
    0x16, 0x17, 0x16, 0xC8, 0xFF, 0xFF, 0xFF, 0xFF, 0xFF, 0xF6, 0x63, 0x0F, 0x60, 0xA7, 0x41, 0xAE,
    0x93, 0x03, 0x02, 0x00, 0x0A, 0x23, 0x23, 0x3F, 0x06, 0x01, 0x3E, 0x4C, 0x36, 0x2D, 0x3A, 0x0D,
    0x26, 0x06, 0x31, 0x4B, 0x11, 0x0A, 0x35, 0x32, 0x18, 0x58, 0x70, 0x2D, 0x07, 0x28, 0x39, 0x44,
    0x08, 0x28, 0x18, 0x29, 0x2B, 0x02, 0x00, 0x01, 0x01, 0x01, 0x01, 0x01, 0x00, 0x00, 0x09, 0x29,
    0x4C, 0x6C, 0x21, 0x1E, 0x0B, 0x00, 0x01, 0x01, 0x00, 0x40, 0x22, 0xC6, 0xFF, 0xFF, 0xFE, 0xFF,
    0xFF, 0xFF, 0xAD, 0x11, 0x29, 0x8F, 0xFF, 0xFF, 0x8F, 0x0B, 0x14, 0x10, 0x91, 0xFF, 0xFF, 0xFF,
    0xFF, 0xFF, 0x93, 0x10, 0x5D, 0x3A, 0x50, 0x3E, 0x09, 0x1D, 0x51, 0x54, 0x3F, 0x9C, 0xFF, 0xFF,
    0xFE, 0xFE, 0xFF, 0xFF, 0xFF, 0x00, 0xFF, 0xFE, 0xFE, 0xFF, 0xFF, 0xFF, 0xFF, 0xFB, 0x63, 0x31,
    0x44, 0x43, 0x15, 0x0F, 0x2C, 0x53, 0x1E, 0x13, 0x46, 0xF6, 0xFF, 0xFF, 0xFF, 0xFF, 0xFA, 0x63,
    0x0D, 0x16, 0x15, 0xC8, 0xFF, 0xFF, 0xFF, 0xFF, 0xFF, 0xBF, 0x1F, 0x1E, 0xBE, 0xAF, 0x44, 0xAC,
    0xD1, 0x19, 0x00, 0x06, 0x27, 0x12, 0x27, 0x44, 0x02, 0x06, 0x4E, 0x58, 0x2A, 0x07, 0x1B, 0x36,
    0x2C, 0x09, 0x20, 0x49, 0x0E, 0x08, 0x3A, 0x20, 0x11, 0x88, 0x35, 0x2D, 0x06, 0x29, 0x39, 0x48,
    0x09, 0x2A, 0x0B, 0x24, 0x32, 0x05, 0x00, 0x00, 0x01, 0x00, 0x01, 0x00, 0x00, 0x00, 0x07, 0x23,
    0x08, 0x77, 0x66, 0x1E, 0x02, 0x01, 0x01, 0x01, 0x01, 0x41, 0x3E, 0xE5, 0xFF, 0xFF, 0xFF, 0xFF,
    0xFF, 0xFF, 0xBB, 0x14, 0x26, 0x87, 0xFF, 0xFF, 0x72, 0x09, 0x16, 0x0C, 0x90, 0xFF, 0xFF, 0xFF,
    0xFF, 0xFF, 0xA8, 0x15, 0x1F, 0x1A, 0x52, 0x1B, 0x0F, 0x1D, 0x51, 0x58, 0x46, 0x9D, 0xFF, 0xFE,
    0xFE, 0xFE, 0xFF, 0xFF, 0xFF, 0x00, 0xFF, 0xFE, 0xFF, 0xFF, 0xFF, 0xFF, 0xFF, 0xFB, 0x61, 0x3B,
    0x40, 0x34, 0x11, 0x28, 0x55, 0x4D, 0x46, 0x08, 0x53, 0xFB, 0xFF, 0xFF, 0xFF, 0xFF, 0xFA, 0x5E,
    0x0A, 0x14, 0x13, 0xC8, 0xFF, 0xFF, 0xFF, 0xFF, 0xFB, 0x6A, 0x15, 0x60, 0xF1, 0xAA, 0x43, 0xA8,
    0xFF, 0x7F, 0x0F, 0x21, 0x16, 0x00, 0x30, 0x34, 0x00, 0x0B, 0x5B, 0x70, 0x46, 0x0E, 0x00, 0x22,
    0x27, 0x01, 0x2B, 0x74, 0x0F, 0x0A, 0x38, 0x14, 0x41, 0x7C, 0x08, 0x20, 0x05, 0x26, 0x3C, 0x51,
    0x0D, 0x28, 0x02, 0x24, 0x3E, 0x09, 0x00, 0x00, 0x00, 0x00, 0x00, 0x00, 0x00, 0x00, 0x08, 0x28,
    0x01, 0x31, 0x85, 0x27, 0x06, 0x00, 0x00, 0x00, 0x01, 0x3F, 0x6F, 0xFC, 0xFF, 0xFF, 0xFF, 0xFF,
    0xFF, 0xFF, 0xCB, 0x18, 0x1F, 0x7D, 0xFF, 0xFF, 0x66, 0x06, 0x14, 0x0B, 0x90, 0xFF, 0xFF, 0xFF,
    0xFF, 0xFF, 0xBB, 0x11, 0x0C, 0x42, 0x2E, 0x3A, 0x14, 0x19, 0x4B, 0x51, 0x47, 0x9D, 0xFF, 0xFE,
    0xFE, 0xFE, 0xFE, 0xFF, 0xFF, 0x00, 0xFF, 0xFE, 0xFE, 0xFF, 0xFF, 0xFE, 0xFF, 0xFB, 0x61, 0x3E,
    0x3D, 0x33, 0x11, 0x2C, 0xBA, 0x45, 0x66, 0x33, 0x40, 0xE8, 0xFF, 0xFF, 0xFF, 0xFF, 0xFA, 0x56,
    0x04, 0x0E, 0x12, 0xC8, 0xFF, 0xFF, 0xFF, 0xFF, 0xD2, 0x3A, 0x2C, 0xAF, 0xFB, 0xA4, 0x3D, 0xA0,
    0xFF, 0xBD, 0x1B, 0x1C, 0x01, 0x00, 0x3B, 0x26, 0x00, 0x0D, 0x61, 0x7D, 0x5C, 0x16, 0x00, 0x10,
    0x32, 0x08, 0x1C, 0x67, 0x10, 0x0E, 0x2E, 0x15, 0x84, 0x49, 0x00, 0x1D, 0x07, 0x1E, 0x39, 0x50,
    0x13, 0x26, 0x00, 0x18, 0x38, 0x10, 0x00, 0x00, 0x00, 0x00, 0x00, 0x00, 0x00, 0x00, 0x09, 0x2B,
    0x02, 0x06, 0x53, 0x39, 0x1B, 0x00, 0x00, 0x00, 0x01, 0x3A, 0x7D, 0xFF, 0xFF, 0xFF, 0xFF, 0xFF,
    0xFF, 0xFF, 0xD0, 0x18, 0x19, 0x74, 0xFF, 0xFF, 0x63, 0x00, 0x0E, 0x08, 0x8E, 0xFF, 0xFE, 0xFE,
    0xFF, 0xFF, 0xC1, 0x14, 0x37, 0x48, 0x2B, 0x79, 0x14, 0x16, 0x3F, 0x3B, 0x34, 0x9C, 0xFF, 0xFF,
    0xFE, 0xFE, 0xFE, 0xFF, 0xFF, 0x00, 0xFF, 0xFE, 0xFE, 0xFF, 0xFE, 0xFE, 0xFF, 0xFA, 0x5F, 0x3D,
    0x40, 0x3E, 0x0F, 0x20, 0xDC, 0xB0, 0x48, 0x6C, 0x23, 0x69, 0xF0, 0xFF, 0xFF, 0xFF, 0xF9, 0x51,
    0x02, 0x0A, 0x12, 0xC8, 0xFF, 0xFF, 0xFF, 0xFF, 0x8D, 0x39, 0x43, 0xE5, 0xFC, 0xA3, 0x3A, 0x92,
    0xFF, 0x76, 0x21, 0x0F, 0x00, 0x01, 0x40, 0x1C, 0x00, 0x15, 0x6D, 0x6C, 0x53, 0x12, 0x01, 0x02,
    0x2E, 0x10, 0x1C, 0x7B, 0x10, 0x16, 0x1B, 0x3B, 0x9A, 0x36, 0x00, 0x2B, 0x0E, 0x14, 0x37, 0x5B,
    0x1D, 0x20, 0x00, 0x0E, 0x3C, 0x1D, 0x01, 0x00, 0x00, 0x00, 0x00, 0x00, 0x00, 0x00, 0x0A, 0x2E,
    0x02, 0x00, 0x62, 0x84, 0x27, 0x02, 0x00, 0x00, 0x06, 0x3F, 0x82, 0xFF, 0xFF, 0xFE, 0xFE, 0xFF,
    0xFF, 0xFF, 0xCF, 0x17, 0x1A, 0x6B, 0xFF, 0xFF, 0x65, 0x00, 0x09, 0x08, 0x8D, 0xFF, 0xFE, 0xFF,
    0xFC, 0xCA, 0x55, 0x32, 0x51, 0x3D, 0x79, 0x86, 0x10, 0x16, 0x39, 0x2F, 0x2A, 0x9B, 0xFF, 0xFE,
    0xFF, 0xFF, 0xFF, 0xFF, 0xFF, 0x00, 0xFF, 0xFE, 0xFF, 0xFF, 0xFF, 0xFF, 0xFF, 0xFA, 0x5E, 0x36,
    0x35, 0x30, 0x0B, 0x0B, 0xB4, 0xFF, 0x78, 0x38, 0x5A, 0x21, 0x67, 0xE7, 0xFF, 0xFF, 0xF8, 0x50,
    0x10, 0x10, 0x15, 0xC7, 0xFF, 0xFE, 0xFF, 0xF5, 0x56, 0x35, 0x6F, 0xFE, 0xFE, 0xAB, 0x3C, 0x84,
    0xEA, 0x3F, 0x35, 0x03, 0x00, 0x04, 0x3D, 0x13, 0x00, 0x18, 0x73, 0x75, 0x71, 0x0F, 0x00, 0x00,
    0x32, 0x1F, 0x0F, 0x6D, 0x14, 0x1A, 0x13, 0x77, 0x65, 0x33, 0x00, 0x30, 0x1A, 0x0E, 0x3E, 0x60,
    0x25, 0x12, 0x00, 0x07, 0x42, 0x29, 0x02, 0x00, 0x00, 0x00, 0x00, 0x00, 0x00, 0x00, 0x0C, 0x32,
    0x01, 0x00, 0x1B, 0x7F, 0x20, 0x03, 0x00, 0x00, 0x05, 0x3D, 0x8A, 0xFF, 0xFE, 0xFE, 0xFE, 0xFF,
    0xFF, 0xFF, 0xCC, 0x21, 0x2E, 0x64, 0xFD, 0xFF, 0x6B, 0x00, 0x07, 0x04, 0x89, 0xFF, 0xFF, 0xFF,
    0xB7, 0x1D, 0x23, 0x4C, 0x25, 0x9B, 0xA8, 0x65, 0x09, 0x13, 0x33, 0x2D, 0x24, 0x9B, 0xFF, 0xFE,
    0xFE, 0xFE, 0xFF, 0xFF, 0xFF, 0x00, 0xFF, 0xFF, 0xFE, 0xFE, 0xFE, 0xFF, 0xFF, 0xFA, 0x5C, 0x28,
    0x2F, 0x2D, 0x0D, 0x03, 0x73, 0xFF, 0x7F, 0x05, 0x35, 0x5B, 0x38, 0x58, 0xC1, 0xF7, 0xF5, 0x4F,
    0x1E, 0x13, 0x12, 0x97, 0xFE, 0xFF, 0xFF, 0xD3, 0x38, 0x2E, 0xAC, 0xFF, 0xFF, 0xB7, 0x42, 0x77,
    0xBF, 0x3D, 0x34, 0x01, 0x01, 0x07, 0x3D, 0x0C, 0x00, 0x12, 0x75, 0x74, 0x82, 0x10, 0x00, 0x00,
    0x31, 0x3F, 0x08, 0x6F, 0x1F, 0x11, 0x2B, 0x8E, 0x4C, 0x32, 0x00, 0x27, 0x22, 0x09, 0x49, 0x55,
    0x32, 0x07, 0x01, 0x02, 0x47, 0x37, 0x03, 0x00, 0x00, 0x00, 0x00, 0x00, 0x00, 0x00, 0x10, 0x36,
    0x01, 0x00, 0x05, 0x5F, 0x22, 0x00, 0x00, 0x00, 0x03, 0x3F, 0x95, 0xFF, 0xFE, 0xFE, 0xFF, 0xFE,
    0xFF, 0xFF, 0xCA, 0x2C, 0x3D, 0x5F, 0xFA, 0xE8, 0x45, 0x02, 0x03, 0x04, 0x89, 0xFF, 0xF4, 0xAD,
    0x38, 0x24, 0x40, 0x1C, 0x2A, 0xBF, 0xC4, 0x37, 0x08, 0x14, 0x36, 0x36, 0x29, 0x9B, 0xFF, 0xFE,
    0xFE, 0xFE, 0xFF, 0xFF, 0xFF, 0x00, 0xFF, 0xFE, 0xFE, 0xFE, 0xFE, 0xFF, 0xFF, 0xFA, 0x58, 0x1B,
    0x25, 0x24, 0x0D, 0x06, 0x2B, 0xDC, 0x5D, 0x0A, 0x63, 0x3F, 0x49, 0x39, 0x33, 0x63, 0x9E, 0x45,
    0x1B, 0x2E, 0x44, 0x38, 0xB5, 0xFF, 0xFF, 0xA6, 0x32, 0x3A, 0xDC, 0xFF, 0xFF, 0xC7, 0x53, 0x63,
    0x9E, 0x3E, 0x20, 0x01, 0x01, 0x0A, 0x46, 0x08, 0x00, 0x0A, 0x70, 0x65, 0x99, 0x15, 0x01, 0x00,
    0x21, 0x69, 0x0F, 0x54, 0x23, 0x02, 0x6D, 0x71, 0x4E, 0x1D, 0x00, 0x1B, 0x2C, 0x04, 0x47, 0x4F,
    0x4A, 0x00, 0x01, 0x00, 0x3D, 0x55, 0x06, 0x00, 0x00, 0x00, 0x00, 0x00, 0x00, 0x00, 0x16, 0x3C,
    0x00, 0x01, 0x00, 0x56, 0x2D, 0x00, 0x00, 0x00, 0x05, 0x42, 0xA3, 0xFF, 0xFE, 0xFE, 0xFE, 0xFE,
    0xFF, 0xFF, 0xC8, 0x38, 0x45, 0x62, 0xEB, 0x67, 0x28, 0x39, 0x1F, 0x0C, 0x68, 0x9D, 0x57, 0x2D,
    0x31, 0x2D, 0x39, 0x3D, 0x32, 0xAF, 0xCE, 0x19, 0x0A, 0x12, 0x20, 0x20, 0x19, 0x93, 0xFF, 0xFE,
    0xFE, 0xFE, 0xFF, 0xFF, 0xFF, 0x00, 0xFF, 0xFF, 0xFF, 0xFF, 0xFE, 0xFA, 0xF9, 0xF3, 0x50, 0x0A,
    0x0A, 0x0C, 0x0D, 0x0B, 0x10, 0x81, 0x3A, 0x15, 0xC0, 0xAD, 0x3B, 0x1F, 0x1F, 0x1F, 0x24, 0x1E,
    0x1D, 0x21, 0x1C, 0x1B, 0x36, 0xD7, 0xFF, 0x87, 0x39, 0x62, 0xF6, 0xFE, 0xFF, 0xD5, 0x6E, 0x51,
    0x8E, 0x46, 0x15, 0x01, 0x02, 0x0A, 0x54, 0x0C, 0x01, 0x03, 0x64, 0x55, 0x91, 0x1C, 0x02, 0x01,
    0x08, 0x71, 0x30, 0x36, 0x2C, 0x0D, 0x99, 0x35, 0x54, 0x09, 0x01, 0x13, 0x4F, 0x0A, 0x38, 0x53,
    0x70, 0x05, 0x01, 0x00, 0x22, 0x64, 0x11, 0x00, 0x00, 0x00, 0x00, 0x00, 0x00, 0x00, 0x1D, 0x39,
    0x00, 0x01, 0x01, 0x45, 0x2B, 0x00, 0x00, 0x00, 0x07, 0x44, 0xB1, 0xFF, 0xFE, 0xFE, 0xFE, 0xFE,
    0xFE, 0xFF, 0xC0, 0x41, 0x56, 0x69, 0x82, 0x16, 0x27, 0x17, 0x1E, 0x12, 0x12, 0x17, 0x29, 0x2D,
    0x1D, 0x3B, 0xB7, 0x7B, 0x29, 0x8F, 0x79, 0x0F, 0x0C, 0x0E, 0x09, 0x09, 0x08, 0x87, 0xFF, 0xFF,
    0xFF, 0xFF, 0xFF, 0xFF, 0xFF, 0x00, 0xFF, 0xFF, 0xEC, 0xA3, 0x70, 0x58, 0x53, 0x4F, 0x1F, 0x06,
    0x05, 0x07, 0x0D, 0x0E, 0x0F, 0x17, 0x0F, 0x15, 0x46, 0x4E, 0x2F, 0x0A, 0x0C, 0x12, 0x12, 0x14,
    0x15, 0x0F, 0x0C, 0x0F, 0x0D, 0x43, 0x6D, 0x39, 0x3D, 0x39, 0x69, 0x6C, 0x6E, 0x5D, 0x3B, 0x24,
    0x39, 0x44, 0x12, 0x01, 0x03, 0x0A, 0x58, 0x14, 0x02, 0x00, 0x4C, 0x44, 0x77, 0x3C, 0x09, 0x04,
    0x06, 0x44, 0x58, 0x30, 0x60, 0x22, 0x77, 0x24, 0x4C, 0x02, 0x03, 0x0A, 0x63, 0x1A, 0x1F, 0x58,
    0x8A, 0x17, 0x01, 0x02, 0x12, 0x73, 0x24, 0x00, 0x02, 0x02, 0x02, 0x02, 0x01, 0x00, 0x28, 0x30,
    0x00, 0x02, 0x05, 0x63, 0x69, 0x04, 0x04, 0x03, 0x0B, 0x45, 0x51, 0x6C, 0x69, 0x68, 0x68, 0x6A,
    0x6B, 0x6A, 0x49, 0x3F, 0x59, 0x35, 0x17, 0x0B, 0x11, 0x0C, 0x0D, 0x0C, 0x09, 0x09, 0x0F, 0x0D,
    0x0A, 0x28, 0x38, 0x1C, 0x0D, 0x1D, 0x14, 0x0D, 0x0A, 0x08, 0x05, 0x05, 0x04, 0x31, 0x69, 0x7A,
    0x7F, 0x7E, 0xA7, 0xFB, 0xFF, 0x00, 0xFF, 0xFF, 0xA7, 0x2E, 0x35, 0x31, 0x2E, 0x2E, 0x30, 0x30,
    0x34, 0x36, 0x35, 0x2D, 0x25, 0x24, 0x29, 0x32, 0x38, 0x3B, 0x3A, 0x38, 0x35, 0x38, 0x3E, 0x3F,
    0x37, 0x2F, 0x27, 0x25, 0x29, 0x2E, 0x2F, 0x27, 0x43, 0x0A, 0x27, 0x33, 0x34, 0x33, 0x35, 0x38,
    0x27, 0x3E, 0x20, 0x15, 0x2E, 0x2B, 0x5B, 0x20, 0x25, 0x2B, 0x43, 0x55, 0x86, 0x6F, 0x11, 0x0F,
    0x30, 0x30, 0x54, 0x25, 0x66, 0x37, 0x44, 0x39, 0x5A, 0x19, 0x17, 0x26, 0x6E, 0x3D, 0x1D, 0x62,
    0x8E, 0x33, 0x11, 0x2B, 0x1F, 0x6B, 0x3B, 0x06, 0x1F, 0x25, 0x25, 0x27, 0x25, 0x10, 0x38, 0x34,
    0x1F, 0x12, 0x0F, 0x7D, 0x7E, 0x1F, 0x31, 0x20, 0x14, 0x43, 0x13, 0x07, 0x02, 0x02, 0x04, 0x09,
    0x0E, 0x0F, 0x0A, 0x44, 0x57, 0x25, 0x18, 0x1B, 0x1F, 0x27, 0x27, 0x26, 0x25, 0x25, 0x26, 0x28,
    0x32, 0x3A, 0x3B, 0x3C, 0x3D, 0x35, 0x34, 0x35, 0x34, 0x31, 0x2D, 0x2A, 0x27, 0x26, 0x29, 0x2D,
    0x31, 0x3F, 0x43, 0xE3, 0xFF, 0x00, 0xFF, 0xFF, 0x8F, 0x2E, 0x49, 0x38, 0x26, 0x1D, 0x1A, 0x20,
    0x25, 0x21, 0x19, 0x14, 0x16, 0x1D, 0x22, 0x22, 0x29, 0x39, 0x3D, 0x40, 0x40, 0x3E, 0x3C, 0x35,
    0x2C, 0x29, 0x25, 0x24, 0x29, 0x36, 0x34, 0x3A, 0x48, 0x13, 0x3F, 0x42, 0x43, 0x45, 0x49, 0x4B,
    0x3D, 0x3F, 0x26, 0x1C, 0x46, 0x40, 0x61, 0x35, 0x3C, 0x4E, 0x3D, 0x60, 0x68, 0x9B, 0x21, 0x10,
    0x42, 0x47, 0x34, 0x25, 0x68, 0x4B, 0x16, 0x50, 0x66, 0x46, 0x1A, 0x3F, 0x63, 0x66, 0x26, 0x5C,
    0x8B, 0x5E, 0x15, 0x43, 0x36, 0x41, 0x5A, 0x07, 0x2D, 0x4D, 0x4B, 0x4D, 0x4C, 0x22, 0x50, 0x45,
    0x46, 0x1B, 0x18, 0xA4, 0x78, 0x35, 0x47, 0x2F, 0x1B, 0x49, 0x3B, 0x32, 0x22, 0x16, 0x16, 0x13,
    0x0E, 0x0B, 0x0C, 0x4C, 0x57, 0x22, 0x13, 0x13, 0x15, 0x1A, 0x1A, 0x1B, 0x1A, 0x1C, 0x1A, 0x1B,
    0x1F, 0x28, 0x2E, 0x2C, 0x2C, 0x2B, 0x2B, 0x2A, 0x2A, 0x29, 0x28, 0x28, 0x28, 0x2A, 0x30, 0x39,
    0x40, 0x5F, 0x4C, 0xD3, 0xFF, 0x00, 0xFF, 0xFF, 0x84, 0x32, 0x34, 0x2E, 0x21, 0x19, 0x24, 0x30,
    0x33, 0x24, 0x14, 0x19, 0x2B, 0x39, 0x38, 0x28, 0x1F, 0x28, 0x35, 0x3B, 0x34, 0x24, 0x1C, 0x15,
    0x16, 0x1E, 0x26, 0x30, 0x3A, 0x43, 0x36, 0x4E, 0x43, 0x1E, 0x50, 0x4F, 0x50, 0x52, 0x55, 0x55,
    0x52, 0x3B, 0x2A, 0x1A, 0x4F, 0x4D, 0x62, 0x59, 0x3D, 0x59, 0x40, 0x60, 0x4B, 0xC8, 0x5B, 0x0F,
    0x39, 0x58, 0x3C, 0x3C, 0x4D, 0x6D, 0x07, 0x5E, 0x3F, 0x7A, 0x20, 0x45, 0x4C, 0x80, 0x30, 0x4C,
    0x7D, 0x85, 0x16, 0x44, 0x4D, 0x29, 0x71, 0x1C, 0x13, 0x51, 0x5A, 0x5C, 0x58, 0x2B, 0x6E, 0x4F,
    0x4A, 0x10, 0x24, 0xC3, 0x63, 0x44, 0x4A, 0x30, 0x2A, 0x50, 0x4F, 0x52, 0x3D, 0x2B, 0x2C, 0x29,
    0x23, 0x13, 0x12, 0x43, 0x4F, 0x39, 0x4A, 0x47, 0x45, 0x45, 0x42, 0x41, 0x3F, 0x41, 0x41, 0x3C,
    0x37, 0x39, 0x3C, 0x3A, 0x33, 0x30, 0x2D, 0x28, 0x26, 0x24, 0x20, 0x21, 0x23, 0x2B, 0x26, 0x30,
    0x30, 0x3F, 0x45, 0xC5, 0xFF, 0x00, 0xFF, 0xFE, 0x6F, 0x43, 0x40, 0x39, 0x2B, 0x33, 0x3E, 0x34,
    0x35, 0x34, 0x29, 0x20, 0x24, 0x26, 0x21, 0x18, 0x12, 0x0F, 0x10, 0x14, 0x12, 0x0E, 0x10, 0x15,
    0x20, 0x2E, 0x38, 0x3A, 0x41, 0x3F, 0x2B, 0x5A, 0x3E, 0x1B, 0x3F, 0x3F, 0x42, 0x46, 0x48, 0x46,
    0x45, 0x2B, 0x3C, 0x18, 0x3F, 0x3E, 0x49, 0x70, 0x27, 0x3D, 0x32, 0x4B, 0x45, 0x94, 0xA7, 0x1C,
    0x1D, 0x3F, 0x33, 0x46, 0x3E, 0x78, 0x2A, 0x5D, 0x1D, 0x6C, 0x40, 0x2B, 0x36, 0x7E, 0x3D, 0x31,
    0x6B, 0x99, 0x27, 0x29, 0x41, 0x1E, 0x6D, 0x46, 0x06, 0x36, 0x47, 0x44, 0x39, 0x32, 0x67, 0x39,
    0x2C, 0x02, 0x38, 0x99, 0x31, 0x3C, 0x40, 0x2B, 0x40, 0x3C, 0x37, 0x3B, 0x38, 0x36, 0x38, 0x34,
    0x2E, 0x14, 0x17, 0x28, 0x48, 0x34, 0x47, 0x45, 0x3F, 0x3A, 0x3B, 0x3C, 0x3E, 0x41, 0x44, 0x40,
    0x3B, 0x38, 0x36, 0x33, 0x31, 0x2F, 0x2E, 0x32, 0x35, 0x38, 0x3B, 0x40, 0x46, 0x48, 0x3B, 0x4E,
    0x73, 0x7E, 0x5D, 0xB3, 0xFF, 0x00, 0xFF, 0xFB, 0x63, 0x58, 0x7A, 0x77, 0x73, 0x78, 0x7E, 0x78,
    0x72, 0x73, 0x76, 0x78, 0x7A, 0x7C, 0x7C, 0x7A, 0x77, 0x78, 0x7B, 0x7E, 0x80, 0x83, 0x80, 0x82,
    0x85, 0x86, 0x8B, 0x8D, 0x8A, 0x82, 0x67, 0x6D, 0x4C, 0x2B, 0x73, 0x79, 0x79, 0x81, 0x8A, 0x87,
    0x84, 0x6B, 0x53, 0x26, 0x52, 0x80, 0x66, 0x74, 0x27, 0x64, 0x7E, 0x5E, 0x73, 0x42, 0x95, 0x34,
    0x05, 0x35, 0x67, 0x2E, 0x46, 0x3E, 0x61, 0x37, 0x2D, 0x62, 0x6E, 0x20, 0x54, 0x77, 0x5C, 0x21,
    0x5D, 0x91, 0x53, 0x1D, 0x70, 0x6A, 0x49, 0x70, 0x11, 0x27, 0x78, 0x7D, 0x41, 0x40, 0x65, 0x69,
    0x1A, 0x08, 0x8A, 0x63, 0x5E, 0x83, 0x7B, 0x3B, 0x4D, 0x4E, 0x70, 0x70, 0x75, 0x78, 0x79, 0x75,
    0x68, 0x22, 0x1D, 0x1E, 0x58, 0x7F, 0x8D, 0x8C, 0x8A, 0x85, 0x84, 0x83, 0x87, 0x8A, 0x8A, 0x87,
    0x85, 0x83, 0x81, 0x7E, 0x7C, 0x79, 0x77, 0x78, 0x7B, 0x7C, 0x7B, 0x7B, 0x83, 0x8C, 0x88, 0x91,
    0x9E, 0xA5, 0x56, 0xAD, 0xFF, 0x00, 0xFF, 0xFF, 0x9D, 0x4E, 0xC2, 0xE1, 0xD7, 0xC5, 0xB1, 0xA0,
    0x8E, 0x90, 0x96, 0x99, 0x97, 0x99, 0x9A, 0x98, 0x97, 0x98, 0x99, 0x96, 0x94, 0x95, 0x93, 0x98,
    0x9E, 0x9F, 0x9F, 0xA1, 0x9E, 0x9D, 0x94, 0x72, 0x68, 0x20, 0x7E, 0x93, 0x91, 0x96, 0xA1, 0xA3,
    0xA7, 0x99, 0x5C, 0x61, 0x47, 0x9A, 0x84, 0x58, 0x53, 0x64, 0xA0, 0x76, 0x6F, 0x5C, 0x40, 0x65,
    0x1A, 0x26, 0x6A, 0x34, 0x42, 0x0A, 0x3C, 0x48, 0x28, 0x5C, 0x67, 0x62, 0x4D, 0x4D, 0x6D, 0x27,
    0x2F, 0x5D, 0x84, 0x22, 0x78, 0x98, 0x3D, 0x64, 0x41, 0x15, 0x7E, 0x98, 0x48, 0x42, 0x6F, 0x6F,
    0x0F, 0x47, 0xAD, 0x58, 0x9B, 0xB0, 0x91, 0x40, 0x35, 0x5E, 0x93, 0x91, 0x93, 0x99, 0x98, 0x97,
    0x5F, 0x23, 0x20, 0x33, 0x59, 0x9B, 0xA3, 0xA2, 0xA0, 0x9A, 0x99, 0x99, 0x9F, 0x9F, 0x9A, 0x9A,
    0x9A, 0x9A, 0x98, 0x97, 0x96, 0x93, 0x8E, 0x8C, 0x8F, 0x92, 0x91, 0x8F, 0x97, 0xAC, 0xD1, 0xD7,
    0xCB, 0x81, 0x5C, 0xE4, 0xFF, 0x00, 0xFF, 0xFF, 0xF8, 0x9D, 0x6A, 0xBF, 0xD9, 0x91, 0x8D, 0x89,
    0x68, 0x73, 0x98, 0xA4, 0xA1, 0x95, 0x84, 0x92, 0xA2, 0xA4, 0xA4, 0xA2, 0xA3, 0xA4, 0xA5, 0x9C,
    0x88, 0x92, 0x8E, 0x8E, 0x9F, 0xA2, 0xA8, 0x80, 0x73, 0x1E, 0x0C, 0x57, 0x95, 0x99, 0x9C, 0x84,
    0x66, 0x58, 0x3E, 0x59, 0x28, 0x21, 0x37, 0x29, 0x52, 0x35, 0x25, 0x4A, 0x4E, 0x77, 0x35, 0x98,
    0x79, 0x24, 0x0B, 0x17, 0x36, 0x0F, 0x0D, 0x2B, 0x2F, 0x22, 0x19, 0x53, 0x36, 0x08, 0x2C, 0x4F,
    0x11, 0x15, 0x66, 0x43, 0x08, 0x0F, 0x0D, 0x26, 0x69, 0x11, 0x10, 0x20, 0x32, 0x1E, 0x15, 0x08,
    0x14, 0x8C, 0x89, 0x32, 0x27, 0x22, 0x1D, 0x28, 0x29, 0x66, 0x82, 0x84, 0x7D, 0x5E, 0x31, 0x18,
    0x0E, 0x37, 0x35, 0x5C, 0x94, 0xA4, 0xA4, 0x9C, 0x8B, 0x7B, 0x6D, 0x88, 0x8B, 0x97, 0x9A, 0x9D,
    0x9F, 0xA1, 0xA1, 0x9F, 0x88, 0x8E, 0x9A, 0x8F, 0x92, 0x98, 0xA4, 0xA5, 0xAC, 0x95, 0xB8, 0xCA,
    0x82, 0x63, 0xD5, 0xFF, 0xFF, 0x00, 0xFF, 0xFF, 0xFF, 0xFB, 0xB2, 0x64, 0xAE, 0xAB, 0x5B, 0x5C,
    0x72, 0xB5, 0xEB, 0xEB, 0xEA, 0xD6, 0xC1, 0xD2, 0xE4, 0xDF, 0xE4, 0xE7, 0xE7, 0xE8, 0xEA, 0xD2,
    0xB0, 0xC7, 0xC9, 0xC9, 0xE8, 0xE9, 0xEB, 0xC2, 0x65, 0x67, 0x20, 0x2D, 0x8E, 0xB5, 0x96, 0x66,
    0x4A, 0x35, 0x2A, 0x28, 0x31, 0x28, 0x1B, 0x1D, 0x20, 0x36, 0x37, 0x20, 0x14, 0x31, 0x5A, 0x4B,
    0xAF, 0x7F, 0x27, 0x08, 0x28, 0x43, 0x10, 0x11, 0x1E, 0x27, 0x26, 0x11, 0x26, 0x16, 0x04, 0x2F,
    0x43, 0x14, 0x1A, 0x45, 0x1B, 0x06, 0x04, 0x05, 0x3D, 0x3C, 0x06, 0x0C, 0x13, 0x06, 0x03, 0x09,
    0x4E, 0x98, 0x5B, 0x2F, 0x2B, 0x15, 0x1F, 0x2C, 0x1E, 0x24, 0x31, 0x46, 0x45, 0x19, 0x0C, 0x11,
    0x2E, 0x4E, 0x6E, 0xB1, 0xE4, 0xE7, 0xE9, 0xDF, 0xCC, 0xB2, 0x8D, 0xC7, 0xCB, 0xE1, 0xE4, 0xE8,
    0xEA, 0xEA, 0xEA, 0xEA, 0xCA, 0xBF, 0xE2, 0xCD, 0xD0, 0xD5, 0xE9, 0xE9, 0xBE, 0x85, 0xA9, 0x89,
    0x84, 0xE0, 0xFF, 0xFF, 0xFF, 0x00, 0xFF, 0xFF, 0xFE, 0xFF, 0xFF, 0xCA, 0x69, 0x94, 0x8B, 0x5B,
    0x8B, 0xD5, 0xE9, 0xE7, 0xE8, 0xD2, 0xC5, 0xD7, 0xE9, 0xE6, 0xE4, 0xE1, 0xDC, 0xDD, 0xE2, 0xC9,
    0xAC, 0xBF, 0xBF, 0xBB, 0xE5, 0xE6, 0xE6, 0xE4, 0x8E, 0x54, 0x70, 0x24, 0x21, 0x49, 0x30, 0x1D,
    0x28, 0x2D, 0x32, 0x2E, 0x26, 0x40, 0x16, 0x0C, 0x13, 0x20, 0x38, 0x38, 0x30, 0x24, 0x3E, 0x6A,
    0x60, 0x9F, 0x66, 0x11, 0x34, 0x64, 0x21, 0x12, 0x32, 0x25, 0x13, 0x0C, 0x16, 0x19, 0x10, 0x0C,
    0x1B, 0x1F, 0x0F, 0x0F, 0x14, 0x13, 0x06, 0x01, 0x06, 0x31, 0x34, 0x12, 0x02, 0x03, 0x0F, 0x24,
    0x4E, 0x54, 0x2E, 0x23, 0x19, 0x11, 0x1D, 0x2A, 0x29, 0x2C, 0x1F, 0x1F, 0x20, 0x12, 0x0C, 0x21,
    0x44, 0x84, 0xC7, 0xE6, 0xE3, 0xE3, 0xE4, 0xD7, 0xCA, 0xB1, 0x8F, 0xC5, 0xC7, 0xE2, 0xE9, 0xE3,
    0xE6, 0xE8, 0xE7, 0xE7, 0xC9, 0xB5, 0xDD, 0xC7, 0xD5, 0xD9, 0xDE, 0xB4, 0x72, 0x82, 0x83, 0x90,
    0xEA, 0xFF, 0xFE, 0xFF, 0xFF, 0x00, 0xFF, 0xFE, 0xFE, 0xFF, 0xFF, 0xFF, 0xD2, 0x5D, 0x71, 0x74,
    0x6B, 0xC0, 0xE8, 0xE8, 0xEA, 0xD7, 0xD0, 0xDA, 0xE9, 0xE8, 0xE9, 0xE9, 0xE8, 0xE5, 0xE2, 0xC5,
    0xB2, 0xC4, 0xC6, 0xC3, 0xE5, 0xE3, 0xE3, 0xDA, 0x98, 0x46, 0x45, 0x54, 0x37, 0x27, 0x16, 0x23,
    0x50, 0x4D, 0x43, 0x2B, 0x1C, 0x28, 0x2C, 0x34, 0x20, 0x17, 0x17, 0x1F, 0x2A, 0x38, 0x38, 0x47,
    0x5E, 0x47, 0x3B, 0x1E, 0x1D, 0x57, 0x1A, 0x11, 0x17, 0x11, 0x12, 0x1E, 0x2A, 0x2E, 0x2E, 0x2A,
    0x2B, 0x2E, 0x25, 0x1D, 0x1F, 0x22, 0x18, 0x0C, 0x0F, 0x1B, 0x2F, 0x34, 0x46, 0x28, 0x14, 0x11,
    0x0D, 0x0A, 0x0D, 0x11, 0x14, 0x16, 0x22, 0x24, 0x34, 0x42, 0x38, 0x24, 0x2C, 0x2E, 0x19, 0x24,
    0x83, 0xD8, 0xE5, 0xE4, 0xE4, 0xE3, 0xE4, 0xCC, 0xC8, 0xB2, 0x8F, 0xC1, 0xC9, 0xE3, 0xE8, 0xEA,
    0xEA, 0xEA, 0xE9, 0xE9, 0xCB, 0xB8, 0xDC, 0xCF, 0xE1, 0xD5, 0xAC, 0x66, 0x68, 0x7B, 0x97, 0xEE,
    0xFF, 0xFF, 0xFE, 0xFE, 0xFF, 0x00, 0xFF, 0xFE, 0xFE, 0xFE, 0xFE, 0xFF, 0xFF, 0xDD, 0x72, 0x5E,
    0x5A, 0x65, 0xBD, 0xE9, 0xEC, 0xD7, 0xD3, 0xDB, 0xEA, 0xE9, 0xE9, 0xEA, 0xEB, 0xEC, 0xEB, 0xD0,
    0xBB, 0xC3, 0xC5, 0xCA, 0xE4, 0xE3, 0xE3, 0xC7, 0x79, 0x6A, 0x9A, 0x81, 0x53, 0x4A, 0x20, 0x22,
    0x78, 0x5D, 0x55, 0x3B, 0x29, 0x34, 0x23, 0x25, 0x30, 0x1C, 0x22, 0x1F, 0x15, 0x1A, 0x22, 0x2D,
    0x30, 0x32, 0x1F, 0x0D, 0x04, 0x0A, 0x03, 0x01, 0x07, 0x1B, 0x28, 0x29, 0x26, 0x28, 0x22, 0x26,
    0x24, 0x29, 0x28, 0x21, 0x22, 0x25, 0x20, 0x1D, 0x11, 0x18, 0x20, 0x20, 0x65, 0x93, 0x5B, 0x16,
    0x04, 0x10, 0x17, 0x15, 0x09, 0x07, 0x07, 0x07, 0x13, 0x22, 0x28, 0x22, 0x2E, 0x3F, 0x69, 0x48,
    0x57, 0xB1, 0xE3, 0xE4, 0xE5, 0xE5, 0xD8, 0xBF, 0xB7, 0xAB, 0x8B, 0xBE, 0xCE, 0xE4, 0xE6, 0xE6,
    0xE9, 0xEB, 0xEA, 0xE9, 0xD5, 0xC2, 0xDE, 0xD8, 0xC7, 0xB0, 0x72, 0x67, 0x77, 0x9A, 0xF1, 0xFF,
    0xFF, 0xFE, 0xFF, 0xFE, 0xFE, 0x00, 0xFE, 0xFE, 0xFE, 0xFE, 0xFE, 0xFE, 0xFF, 0xFF, 0xED, 0x8B,
    0x59, 0x51, 0x66, 0xB8, 0xE2, 0xD5, 0xD0, 0xD9, 0xE9, 0xE9, 0xE9, 0xEA, 0xEB, 0xEC, 0xEC, 0xD8,
    0xCD, 0xD3, 0xD4, 0xCF, 0xE2, 0xE6, 0xE8, 0xBB, 0x67, 0x98, 0xE4, 0xE3, 0xAB, 0x64, 0x4A, 0x41,
    0x3F, 0x2B, 0x5F, 0x49, 0x41, 0x30, 0x4E, 0x42, 0x28, 0x27, 0x37, 0x2F, 0x20, 0x24, 0x2D, 0x2B,
    0x21, 0x13, 0x12, 0x0B, 0x02, 0x02, 0x0E, 0x1B, 0x28, 0x2F, 0x24, 0x1C, 0x18, 0x20, 0x1D, 0x1D,
    0x1C, 0x1B, 0x24, 0x27, 0x1E, 0x0E, 0x0E, 0x14, 0x12, 0x0C, 0x0E, 0x15, 0x1A, 0x44, 0x6B, 0x6C,
    0x23, 0x25, 0x3C, 0x4D, 0x51, 0x3A, 0x1E, 0x20, 0x2F, 0x3D, 0x3F, 0x4B, 0x3D, 0x46, 0xA6, 0x7B,
    0x3F, 0x70, 0xDE, 0xE4, 0xE6, 0xDF, 0xC8, 0xCA, 0xB3, 0xA1, 0x8F, 0xC1, 0xD3, 0xE1, 0xE5, 0xE6,
    0xE6, 0xE7, 0xE9, 0xE8, 0xDF, 0xD5, 0xE1, 0xBF, 0xA8, 0x81, 0x77, 0x7C, 0xA2, 0xF4, 0xFF, 0xFE,
    0xFE, 0xFE, 0xFF, 0xFE, 0xFE, 0x00, 0xFE, 0xFE, 0xFE, 0xFE, 0xFE, 0xFE, 0xFE, 0xFE, 0xFF, 0xF5,
    0xA0, 0x77, 0x69, 0x5E, 0xA7, 0xC9, 0xDC, 0xE0, 0xE8, 0xE7, 0xE7, 0xE7, 0xE8, 0xE9, 0xEA, 0xD4,
    0xCA, 0xD3, 0xDC, 0xDC, 0xE8, 0xE9, 0xEB, 0xDC, 0x81, 0x6E, 0xBD, 0xE0, 0xE3, 0xD7, 0x7E, 0x52,
    0x52, 0x26, 0x48, 0x40, 0x68, 0x83, 0x5D, 0x3F, 0x42, 0x54, 0x54, 0x4A, 0x31, 0x2A, 0x28, 0x20,
    0x13, 0x0B, 0x0B, 0x13, 0x1B, 0x1F, 0x39, 0x38, 0x32, 0x3D, 0x3A, 0x29, 0x22, 0x27, 0x29, 0x2B,
    0x32, 0x25, 0x1E, 0x1E, 0x19, 0x1F, 0x35, 0x2C, 0x26, 0x43, 0x1D, 0x33, 0x2D, 0x13, 0x18, 0x83,
    0x6A, 0x3A, 0x52, 0x5F, 0x63, 0x52, 0x39, 0x2D, 0x3C, 0x50, 0x83, 0x74, 0x39, 0x31, 0x7B, 0x88,
    0x36, 0x59, 0xC8, 0xD8, 0xD2, 0xC1, 0xAD, 0x92, 0x67, 0x5A, 0x64, 0x95, 0xBC, 0xD9, 0xE6, 0xE9,
    0xE9, 0xEA, 0xEB, 0xEB, 0xE1, 0xD2, 0xC7, 0xAE, 0x75, 0x77, 0x96, 0xCF, 0xFA, 0xFF, 0xFE, 0xFE,
    0xFE, 0xFE, 0xFE, 0xFE, 0xFE, 0x00, 0xFF, 0xFE, 0xFE, 0xFF, 0xFE, 0xFE, 0xFE, 0xFF, 0xFF, 0xFF,
    0xF9, 0xB1, 0x85, 0x79, 0x62, 0x98, 0xCE, 0xE3, 0xE7, 0xE8, 0xE8, 0xE7, 0xE7, 0xE7, 0xE8, 0xCE,
    0xBC, 0xC6, 0xD5, 0xD5, 0xE7, 0xE6, 0xDF, 0xD0, 0xAC, 0x7F, 0x79, 0xA2, 0xBE, 0xBE, 0x8B, 0x4C,
    0x2D, 0x1D, 0x39, 0x3B, 0x1E, 0x65, 0x38, 0x21, 0x42, 0x60, 0x4C, 0x2B, 0x26, 0x30, 0x27, 0x24,
    0x33, 0x25, 0x1B, 0x23, 0x20, 0x11, 0x21, 0x42, 0x27, 0x34, 0x3F, 0x3D, 0x39, 0x3E, 0x2D, 0x1A,
    0x1F, 0x1C, 0x13, 0x0A, 0x06, 0x0A, 0x11, 0x10, 0x28, 0x54, 0x17, 0x3F, 0x33, 0x0E, 0x22, 0x75,
    0x73, 0x2D, 0x44, 0x4B, 0x36, 0x44, 0x41, 0x35, 0x1D, 0x35, 0x50, 0x32, 0x3A, 0x39, 0x44, 0x3E,
    0x2E, 0x47, 0x84, 0x8B, 0x70, 0x58, 0x41, 0x34, 0x2C, 0x28, 0x31, 0x42, 0x58, 0x86, 0xA6, 0xB6,
    0xC0, 0xCD, 0xD7, 0xD6, 0xBA, 0xA3, 0xA2, 0x7E, 0x3B, 0x95, 0xE7, 0xFF, 0xFE, 0xFE, 0xFE, 0xFE,
    0xFE, 0xFE, 0xFE, 0xFE, 0xFE, 0x00, 0xFF, 0xFF, 0xFF, 0xFF, 0xFF, 0xFE, 0xFE, 0xFF, 0xFF, 0xFF,
    0xFF, 0xFC, 0xC8, 0x92, 0x8C, 0x75, 0x97, 0xBC, 0xE1, 0xE9, 0xE8, 0xE7, 0xE7, 0xE7, 0xE6, 0xC8,
    0xB1, 0xA8, 0xA3, 0x94, 0x9B, 0x8D, 0x7A, 0x65, 0x5A, 0x54, 0x57, 0x51, 0x61, 0x62, 0x4A, 0x2D,
    0x44, 0x2A, 0x18, 0x39, 0x27, 0x2A, 0x36, 0x1D, 0x29, 0x44, 0x33, 0x1F, 0x1A, 0x1E, 0x2E, 0x1B,
    0x29, 0x28, 0x17, 0x11, 0x12, 0x27, 0x2F, 0x4D, 0x4D, 0x26, 0x33, 0x3E, 0x42, 0x45, 0x35, 0x19,
    0x08, 0x0F, 0x0A, 0x03, 0x01, 0x05, 0x0B, 0x14, 0x3B, 0x3D, 0x1A, 0x2A, 0x10, 0x18, 0x46, 0x3A,
    0x29, 0x1C, 0x24, 0x18, 0x27, 0x39, 0x2D, 0x1F, 0x16, 0x2A, 0x20, 0x1C, 0x30, 0x3A, 0x39, 0x2D,
    0x2A, 0x31, 0x3E, 0x5E, 0x69, 0x70, 0x7E, 0x81, 0x73, 0x6B, 0x67, 0x73, 0x70, 0x6C, 0x66, 0x5F,
    0x5C, 0x66, 0x7E, 0x89, 0x76, 0x4D, 0x46, 0x31, 0x74, 0xED, 0xFF, 0xFF, 0xFE, 0xFE, 0xFE, 0xFE,
    0xFE, 0xFE, 0xFE, 0xFF, 0xFF, 0x00, 0xFF, 0xFF, 0xFE, 0xFF, 0xFE, 0xFE, 0xFF, 0xFE, 0xFE, 0xFF,
    0xFE, 0xFE, 0xFF, 0xE9, 0xAF, 0x80, 0x7C, 0x9D, 0xC6, 0xE5, 0xE8, 0xE7, 0xE6, 0xE8, 0xE1, 0xAB,
    0x84, 0x60, 0x4A, 0x40, 0x44, 0x46, 0x52, 0x56, 0x5D, 0x5A, 0x50, 0x45, 0x34, 0x2A, 0x1F, 0x17,
    0x15, 0x1D, 0x13, 0x1D, 0x26, 0x21, 0x23, 0x1D, 0x19, 0x26, 0x2B, 0x27, 0x1A, 0x25, 0x3B, 0x22,
    0x11, 0x11, 0x13, 0x28, 0x46, 0x20, 0x0C, 0x19, 0x3C, 0x3D, 0x3E, 0x1F, 0x12, 0x16, 0x13, 0x14,
    0x23, 0x14, 0x1F, 0x09, 0x0F, 0x16, 0x27, 0x30, 0x2D, 0x36, 0x14, 0x13, 0x2F, 0x45, 0x2A, 0x2B,
    0x1E, 0x1B, 0x15, 0x17, 0x14, 0x13, 0x19, 0x14, 0x1E, 0x2F, 0x40, 0x4A, 0x50, 0x4F, 0x3F, 0x2A,
    0x29, 0x36, 0x47, 0xAE, 0xE4, 0xE6, 0xE8, 0xE3, 0xC7, 0xB7, 0xA6, 0xC7, 0xD7, 0xD5, 0xD4, 0xCD,
    0xC0, 0xA4, 0x7A, 0x6E, 0x51, 0x34, 0x48, 0x71, 0xDF, 0xFF, 0xFF, 0xFE, 0xFE, 0xFE, 0xFE, 0xFE,
    0xFE, 0xFE, 0xFE, 0xFF, 0xFF, 0x00, 0xFF, 0xFF, 0xFF, 0xFF, 0xFF, 0xFF, 0xFF, 0xFF, 0xFF, 0xFF,
    0xFF, 0xFF, 0xFF, 0xFF, 0xF2, 0x8C, 0x63, 0x79, 0x97, 0xAA, 0xCA, 0xD0, 0xD1, 0xCD, 0xA6, 0x63,
    0x4B, 0x46, 0x4C, 0x4F, 0x6D, 0x88, 0x9A, 0xA0, 0x98, 0x4C, 0x2B, 0x1F, 0x19, 0x1D, 0x22, 0x27,
    0x29, 0x2D, 0x2F, 0x26, 0x27, 0x28, 0x39, 0x4C, 0x46, 0x3C, 0x41, 0x45, 0x21, 0x2D, 0x6C, 0x46,
    0x32, 0x2E, 0x3B, 0x34, 0x20, 0x1F, 0x17, 0x16, 0x21, 0x30, 0x33, 0x40, 0x3F, 0x37, 0x3D, 0x44,
    0x3F, 0x21, 0x3B, 0x24, 0x26, 0x27, 0x2B, 0x1E, 0x0E, 0x1B, 0x28, 0x3E, 0x47, 0x34, 0x48, 0x36,
    0x20, 0x1C, 0x13, 0x13, 0x10, 0x18, 0x2B, 0x3A, 0x3E, 0x41, 0x3C, 0x38, 0x3C, 0x39, 0x39, 0x3F,
    0x4B, 0x61, 0x80, 0xD1, 0xE3, 0xE3, 0xE4, 0xE0, 0xC6, 0xB3, 0xA5, 0xCB, 0xD9, 0xDF, 0xE6, 0xE5,
    0xE4, 0xC3, 0xAD, 0x84, 0x46, 0x81, 0xAB, 0xE5, 0xFF, 0xFF, 0xFF, 0xFF, 0xFF, 0xFF, 0xFF, 0xFE,
    0xFF, 0xFE, 0xFE, 0xFF, 0xFF, 0x00, 0xFF, 0xFF, 0xFF, 0xFF, 0xFF, 0xFF, 0xFF, 0xFF, 0xFE, 0xFF,
    0xFF, 0xFF, 0xFF, 0xFE, 0xFF, 0xD1, 0x6D, 0x51, 0x4D, 0x4C, 0x6E, 0x8B, 0x8F, 0x85, 0x65, 0x50,
    0x55, 0x76, 0x91, 0xA3, 0xCE, 0xD9, 0xDF, 0xDB, 0x7E, 0x47, 0x38, 0x50, 0x63, 0x76, 0x88, 0x9A,
    0xA8, 0xA3, 0xA2, 0x88, 0x4D, 0x35, 0x30, 0x2A, 0x27, 0x21, 0x1F, 0x1C, 0x1A, 0x12, 0x27, 0x20,
    0x1F, 0x27, 0x2A, 0x4A, 0x3C, 0x2A, 0x2A, 0x17, 0x0B, 0x12, 0x12, 0x1D, 0x2C, 0x2B, 0x2D, 0x47,
    0x58, 0x40, 0x47, 0x2B, 0x38, 0x2F, 0x1C, 0x17, 0x16, 0x1D, 0x28, 0x29, 0x1B, 0x52, 0x71, 0x51,
    0x2A, 0x1E, 0x13, 0x20, 0x17, 0x2A, 0x2F, 0x32, 0x3E, 0x44, 0x3F, 0x38, 0x49, 0x5E, 0x71, 0x7B,
    0x87, 0xAA, 0xD7, 0xE3, 0xE1, 0xE3, 0xE4, 0xDF, 0xCA, 0xB7, 0xA9, 0xCF, 0xD8, 0xDE, 0xE7, 0xE0,
    0xC2, 0xBD, 0x98, 0x4F, 0xC0, 0xFA, 0xFE, 0xFF, 0xFE, 0xFE, 0xFF, 0xFE, 0xFE, 0xFE, 0xFE, 0xFE,
    0xFE, 0xFE, 0xFE, 0xFF, 0xFF, 0x00, 0xFF, 0xFF, 0xFF, 0xFF, 0xFF, 0xFF, 0xFF, 0xFF, 0xFF, 0xFF,
    0xFF, 0xFF, 0xFE, 0xFF, 0xFF, 0xF9, 0xDA, 0x9D, 0x63, 0x38, 0x43, 0x63, 0x63, 0x83, 0x9D, 0xA5,
    0xA3, 0xBC, 0xCA, 0xCE, 0xE0, 0xDF, 0xE3, 0xC6, 0x4F, 0x33, 0x5D, 0xA7, 0x9D, 0xC9, 0xE0, 0xE4,
    0xE5, 0xE5, 0xDE, 0x9A, 0x63, 0x47, 0x20, 0x19, 0x21, 0x35, 0x23, 0x0E, 0x28, 0x51, 0x19, 0x11,
    0x1A, 0x1D, 0x18, 0x26, 0x48, 0x52, 0x58, 0x49, 0x2E, 0x24, 0x22, 0x27, 0x31, 0x36, 0x3A, 0x40,
    0x4A, 0x54, 0x2E, 0x29, 0x1A, 0x45, 0x53, 0x28, 0x28, 0x18, 0x16, 0x20, 0x24, 0x34, 0x3C, 0x40,
    0x33, 0x2B, 0x39, 0x5C, 0x33, 0x47, 0x46, 0x47, 0x48, 0x46, 0x4E, 0x5F, 0x9E, 0xBF, 0xB9, 0xBB,
    0xBF, 0xBE, 0xBA, 0xBE, 0xC5, 0xCC, 0xD0, 0xD6, 0xD6, 0xB3, 0xAA, 0xD1, 0xDF, 0xE3, 0xE0, 0xC0,
    0xC0, 0x9D, 0x64, 0xD0, 0xFF, 0xFF, 0xFF, 0xFF, 0xFF, 0xFE, 0xFF, 0xFE, 0xFE, 0xFE, 0xFE, 0xFE,
    0xFE, 0xFE, 0xFE, 0xFF, 0xFF, 0x00, 0xFF, 0xFF, 0xFF, 0xFF, 0xFF, 0xFF, 0xFF, 0xFF, 0xFE, 0xFF,
    0xFF, 0xFF, 0xFF, 0xFF, 0xFF, 0xFF, 0xFD, 0xFA, 0xF0, 0xAC, 0x3C, 0x53, 0x87, 0x93, 0xCD, 0xDB,
    0xC4, 0xCD, 0xD7, 0xDA, 0xE0, 0xDE, 0xE1, 0xCA, 0x7D, 0x38, 0x53, 0x8F, 0x8D, 0xD6, 0xE9, 0xE8,
    0xE9, 0xDA, 0xB0, 0x5B, 0x20, 0x19, 0x16, 0x1D, 0x3C, 0x45, 0x6E, 0x29, 0x1D, 0x6A, 0x7C, 0x38,
    0x15, 0x16, 0x25, 0x1D, 0x19, 0x15, 0x26, 0x4B, 0x65, 0x69, 0x5F, 0x59, 0x5A, 0x58, 0x50, 0x46,
    0x33, 0x15, 0x18, 0x15, 0x08, 0x0F, 0x40, 0x18, 0x20, 0x3B, 0x38, 0x2D, 0x22, 0x1C, 0x1F, 0x27,
    0x2C, 0x37, 0x49, 0x32, 0x24, 0x26, 0x2B, 0x31, 0x31, 0x37, 0x57, 0x8C, 0xCB, 0xE0, 0xC0, 0x7C,
    0x5F, 0x54, 0x5A, 0x69, 0x72, 0x78, 0x80, 0x8B, 0x90, 0x77, 0x77, 0xA4, 0xC0, 0xC0, 0x9F, 0x98,
    0x87, 0x54, 0xD0, 0xFF, 0xFF, 0xFF, 0xFF, 0xFF, 0xFE, 0xFF, 0xFF, 0xFF, 0xFF, 0xFE, 0xFE, 0xFE,
    0xFE, 0xFE, 0xFE, 0xFF, 0xFF, 0x00, 0xFF, 0xFF, 0xFF, 0xFF, 0xFF, 0xFF, 0xFF, 0xFF, 0xFF, 0xFF,
    0xFF, 0xFF, 0xFF, 0xFF, 0xFF, 0xFF, 0xFF, 0xFE, 0xFE, 0xFC, 0xAE, 0x41, 0x7A, 0xB2, 0xAF, 0xD3,
    0xCE, 0xD7, 0xDE, 0xE1, 0xE1, 0xDF, 0xDD, 0xD8, 0x9D, 0x4E, 0x0E, 0x22, 0x5A, 0xB7, 0xDC, 0xE7,
    0xE1, 0xA8, 0x6D, 0x2E, 0x35, 0x45, 0x4B, 0x32, 0x5D, 0x61, 0x88, 0x90, 0x42, 0x1F, 0x73, 0xAD,
    0x7F, 0x4B, 0x20, 0x10, 0x25, 0x3B, 0x46, 0x57, 0x61, 0x5C, 0x56, 0x48, 0x1E, 0x14, 0x16, 0x1A,
    0x1A, 0x16, 0x19, 0x1E, 0x1F, 0x2F, 0x42, 0x4C, 0x42, 0x67, 0x60, 0x57, 0x5B, 0x53, 0x4C, 0x50,
    0x54, 0x52, 0x52, 0x4C, 0x38, 0x30, 0x23, 0x1F, 0x29, 0x3B, 0x46, 0xB9, 0xE4, 0xE6, 0x90, 0x3D,
    0x3F, 0x53, 0x6A, 0x7B, 0x82, 0x81, 0x7B, 0x77, 0x78, 0x70, 0x66, 0x69, 0x6C, 0x5F, 0x4B, 0x48,
    0x59, 0xA3, 0xFA, 0xFF, 0xFF, 0xFF, 0xFF, 0xFE, 0xFE, 0xFF, 0xFF, 0xFE, 0xFF, 0xFF, 0xFF, 0xFE,
    0xFE, 0xFE, 0xFE, 0xFF, 0xFF, 0x00, 0xFF, 0xFF, 0xFF, 0xFF, 0xFF, 0xFF, 0xFF, 0xFF, 0xFF, 0xFF,
    0xFF, 0xFF, 0xFF, 0xFF, 0xFF, 0xFF, 0xFF, 0xFE, 0xFE, 0xFF, 0xE5, 0x94, 0x4C, 0x72, 0xA8, 0xB1,
    0xD4, 0xDD, 0xDC, 0xD4, 0xD8, 0xDA, 0xCA, 0xC5, 0xB3, 0x8C, 0x50, 0x14, 0x2B, 0x68, 0x7C, 0xA6,
    0xAC, 0x84, 0x52, 0x47, 0x54, 0x53, 0x54, 0x52, 0x40, 0x89, 0x77, 0xA8, 0x9F, 0x5B, 0x38, 0x6A,
    0xB3, 0xD7, 0xA8, 0x74, 0x83, 0x98, 0x92, 0x92, 0x95, 0x8D, 0x80, 0x7B, 0x51, 0x2E, 0x4D, 0x5A,
    0x5B, 0x58, 0x53, 0x59, 0x5E, 0x64, 0x68, 0x5C, 0x62, 0x70, 0x6F, 0x6D, 0x6C, 0x68, 0x66, 0x6C,
    0x70, 0x68, 0x5F, 0x59, 0x5D, 0x61, 0x58, 0x58, 0x5F, 0x78, 0x4C, 0x92, 0xE4, 0xAD, 0x49, 0x55,
    0x87, 0xA2, 0xA8, 0xAD, 0xAF, 0xAC, 0xAB, 0xA2, 0x91, 0x87, 0x7C, 0x63, 0x5D, 0x5C, 0x4E, 0x63,
    0xB8, 0xF7, 0xFF, 0xFE, 0xFF, 0xFF, 0xFF, 0xFF, 0xFE, 0xFE, 0xFF, 0xFF, 0xFF, 0xFF, 0xFF, 0xFF,
    0xFF, 0xFE, 0xFF, 0xFF, 0xFF, 0x00, 0xFF, 0xFF, 0xFF, 0xFF, 0xFF, 0xFF, 0xFF, 0xFF, 0xFE, 0xFF,
    0xFF, 0xFF, 0xFE, 0xFF, 0xFF, 0xFF, 0xFF, 0xFE, 0xFE, 0xFF, 0xFD, 0xDF, 0xA2, 0x55, 0x67, 0xA4,
    0xAB, 0xB7, 0xAF, 0x90, 0x96, 0xA6, 0x97, 0x8C, 0x8D, 0x9A, 0x88, 0x61, 0x2D, 0x3D, 0x77, 0x80,
    0x74, 0x61, 0x37, 0x67, 0x74, 0x87, 0x80, 0x73, 0x42, 0x59, 0x98, 0x76, 0x9E, 0xC1, 0xC1, 0x8E,
    0x74, 0xA5, 0xE6, 0xE4, 0xE0, 0xED, 0xEE, 0xEE, 0xEE, 0xE2, 0xD8, 0xCA, 0xB5, 0x8B, 0x74, 0x6B,
    0x75, 0x78, 0x7D, 0x84, 0x8D, 0x92, 0x8F, 0x96, 0x9B, 0x96, 0x95, 0x97, 0x96, 0x91, 0x95, 0x95,
    0x92, 0x90, 0x8E, 0x8E, 0x8E, 0x8B, 0x8C, 0x90, 0x8E, 0x7F, 0x68, 0x51, 0x95, 0x4E, 0x44, 0x5A,
    0x84, 0x9E, 0xA6, 0xA9, 0xAA, 0xAB, 0xAD, 0xAC, 0xB0, 0xB2, 0xA1, 0x82, 0x91, 0x4F, 0x87, 0xE6,
    0xFF, 0xFF, 0xFF, 0xFE, 0xFF, 0xFF, 0xFF, 0xFF, 0xFE, 0xFE, 0xFF, 0xFF, 0xFF, 0xFF, 0xFF, 0xFF,
    0xFF, 0xFE, 0xFE, 0xFF, 0xFF, 0x00, 0xFF, 0xFF, 0xFF, 0xFF, 0xFF, 0xFF, 0xFF, 0xFF, 0xFF, 0xFF,
    0xFF, 0xFF, 0xFF, 0xFF, 0xFF, 0xFF, 0xFE, 0xFE, 0xFE, 0xFE, 0xFF, 0xFF, 0xED, 0xBA, 0x77, 0x83,
    0x9F, 0x8D, 0x7C, 0x6D, 0x69, 0x6C, 0x70, 0x72, 0x6F, 0x71, 0x73, 0x76, 0x74, 0x42, 0x22, 0x60,
    0x6A, 0x51, 0x35, 0x7F, 0x9F, 0xCD, 0xBA, 0x9E, 0x60, 0x34, 0x68, 0x91, 0xB6, 0xC5, 0xD3, 0xDF,
    0xDC, 0xBD, 0xC1, 0xE3, 0xEC, 0xEC, 0xEF, 0xF4, 0xFC, 0xFF, 0xFB, 0xF8, 0xFC, 0xF4, 0xDC, 0xD1,
    0xCD, 0xCB, 0xC3, 0xC4, 0xD5, 0xCB, 0xC5, 0xDB, 0xD9, 0xD5, 0xD5, 0xD7, 0xD2, 0xCE, 0xCE, 0xCB,
    0xC5, 0xC0, 0xBD, 0xBB, 0xB7, 0xAB, 0x9E, 0x91, 0x97, 0x9F, 0x6C, 0x34, 0x46, 0x3A, 0x34, 0x59,
    0x65, 0x68, 0x5E, 0x6D, 0x77, 0x7E, 0x85, 0x87, 0x89, 0x8F, 0x8C, 0x82, 0x5A, 0x9D, 0xF8, 0xFF,
    0xFE, 0xFE, 0xFE, 0xFF, 0xFF, 0xFF, 0xFF, 0xFF, 0xFE, 0xFE, 0xFF, 0xFF, 0xFF, 0xFF, 0xFF, 0xFF,
    0xFE, 0xFE, 0xFF, 0xFF, 0xFF, 0x00, 0xFF, 0xFF, 0xFF, 0xFF, 0xFF, 0xFF, 0xFF, 0xFF, 0xFF, 0xFF,
    0xFE, 0xFE, 0xFF, 0xFF, 0xFF, 0xFF, 0xFE, 0xFE, 0xFE, 0xFE, 0xFE, 0xFE, 0xFF, 0xFB, 0xE2, 0xBD,
    0x9E, 0x8C, 0x82, 0x7E, 0x79, 0x79, 0x7B, 0x7C, 0x7A, 0x7E, 0x7A, 0x85, 0x94, 0x81, 0x3D, 0x2B,
    0x6D, 0x50, 0x47, 0x7F, 0xAD, 0xF1, 0xDE, 0xBB, 0x7D, 0x3B, 0x50, 0x96, 0xB9, 0xD4, 0xD6, 0xC6,
    0xCE, 0xEB, 0xE8, 0xEE, 0xF6, 0xF4, 0xF4, 0xFA, 0xFE, 0xFE, 0xFE, 0xFE, 0xFE, 0xFF, 0xFF, 0xFE,
    0xFC, 0xFD, 0xEE, 0xE2, 0xF7, 0xF2, 0xEF, 0xFA, 0xFE, 0xFE, 0xFF, 0xFE, 0xFD, 0xFC, 0xFB, 0xF5,
    0xF0, 0xF2, 0xF1, 0xE9, 0xE6, 0xE5, 0xDB, 0xC1, 0x8D, 0x83, 0x7E, 0x34, 0x34, 0x4A, 0x5E, 0x6C,
    0x6A, 0x4C, 0x49, 0x61, 0x69, 0x62, 0x5A, 0x5E, 0x60, 0x62, 0x64, 0x75, 0xC8, 0xFD, 0xFF, 0xFE,
    0xFE, 0xFE, 0xFE, 0xFE, 0xFF, 0xFF, 0xFF, 0xFF, 0xFE, 0xFE, 0xFE, 0xFE, 0xFE, 0xFE, 0xFF, 0xFF,
    0xFF, 0xFE, 0xFF, 0xFF, 0xFF, 0x00, 0xFF, 0xFF, 0xFF, 0xFF, 0xFF, 0xFF, 0xFF, 0xFE, 0xFE, 0xFF,
    0xFE, 0xFE, 0xFE, 0xFE, 0xFF, 0xFF, 0xFF, 0xFE, 0xFE, 0xFE, 0xFE, 0xFE, 0xFE, 0xFF, 0xFF, 0xFB,
    0xDB, 0xD0, 0xD2, 0xD3, 0xD0, 0xCE, 0xCF, 0xD5, 0xD4, 0xBD, 0x9E, 0x66, 0x71, 0xAE, 0x88, 0x2A,
    0x6B, 0x43, 0x5A, 0x7A, 0x99, 0xE0, 0xFB, 0xD0, 0x98, 0x68, 0x33, 0x67, 0x96, 0xA9, 0xAB, 0xC7,
    0xDE, 0xD8, 0xDE, 0xEA, 0xF6, 0xF4, 0xF2, 0xFA, 0xF3, 0xE9, 0xE6, 0xF1, 0xF4, 0xF5, 0xF9, 0xFA,
    0xF9, 0xFA, 0xFD, 0xFF, 0xFD, 0xFE, 0xFE, 0xFD, 0xF5, 0xF3, 0xF9, 0xFF, 0xFE, 0xFE, 0xFC, 0xFA,
    0xEA, 0xF5, 0xEE, 0xD6, 0xD1, 0xDD, 0xEE, 0xE8, 0xBC, 0x90, 0x82, 0x38, 0x34, 0x57, 0xAA, 0xA8,
    0x6E, 0x5A, 0x92, 0xB5, 0xB6, 0xAB, 0x9F, 0x9E, 0xA0, 0xA5, 0xB5, 0xE4, 0xFF, 0xFE, 0xFE, 0xFE,
    0xFE, 0xFE, 0xFE, 0xFE, 0xFE, 0xFF, 0xFF, 0xFE, 0xFE, 0xFE, 0xFF, 0xFE, 0xFE, 0xFE, 0xFE, 0xFE,
    0xFE, 0xFE, 0xFE, 0xFF, 0xFF, 0x00, 0xFF, 0xFF, 0xFF, 0xFF, 0xFE, 0xFF, 0xFF, 0xFF, 0xFF, 0xFE,
    0xFE, 0xFE, 0xFE, 0xFE, 0xFF, 0xFF, 0xFF, 0xFE, 0xFE, 0xFE, 0xFE, 0xFE, 0xFE, 0xFE, 0xFE, 0xFF,
    0xFF, 0xFF, 0xFF, 0xFF, 0xFF, 0xFF, 0xFF, 0xFF, 0xFF, 0xFF, 0xF0, 0xB0, 0x76, 0xBD, 0xCD, 0x65,
    0x2C, 0x52, 0x94, 0xBD, 0xA6, 0xBD, 0xFA, 0xF2, 0xBA, 0x94, 0x4F, 0x4D, 0x46, 0x67, 0x71, 0x8F,
    0xB9, 0xC5, 0xC5, 0xC2, 0xB3, 0x97, 0x80, 0x60, 0x5A, 0x42, 0x43, 0x46, 0x4B, 0x5E, 0x5C, 0x74,
    0x93, 0xAD, 0xC7, 0xDE, 0xF1, 0xFD, 0xFF, 0xFF, 0xFC, 0xFA, 0xED, 0xF2, 0xFC, 0xF7, 0xF5, 0xFB,
    0xFB, 0xFE, 0xFA, 0xF0, 0xEA, 0xE4, 0xE0, 0xDD, 0xA1, 0x9A, 0x8B, 0x42, 0x3E, 0x82, 0xFF, 0xB8,
    0x67, 0xB3, 0xFC, 0xFF, 0xFF, 0xFF, 0xFF, 0xFF, 0xFF, 0xFF, 0xFF, 0xFF, 0xFF, 0xFF, 0xFE, 0xFE,
    0xFE, 0xFE, 0xFE, 0xFE, 0xFE, 0xFE, 0xFF, 0xFF, 0xFE, 0xFE, 0xFF, 0xFE, 0xFE, 0xFE, 0xFE, 0xFE,
    0xFE, 0xFE, 0xFE, 0xFE, 0xFF, 0x00, 0xFF, 0xFF, 0xFF, 0xFF, 0xFF, 0xFF, 0xFF, 0xFF, 0xFF, 0xFF,
    0xFE, 0xFE, 0xFE, 0xFE, 0xFE, 0xFF, 0xFF, 0xFF, 0xFF, 0xFF, 0xFE, 0xFE, 0xFE, 0xFE, 0xFE, 0xFE,
    0xFF, 0xFF, 0xFF, 0xFF, 0xFE, 0xFE, 0xFE, 0xFE, 0xFE, 0xFF, 0xFF, 0xF5, 0xA3, 0x6B, 0xC0, 0x98,
    0x23, 0x6A, 0xC0, 0xF2, 0xCE, 0xAF, 0xE1, 0xFF, 0xE4, 0xAA, 0x6D, 0x60, 0x53, 0x8A, 0x64, 0x2C,
    0x5B, 0x57, 0x43, 0x37, 0x0B, 0x21, 0x48, 0x03, 0x35, 0x3B, 0x29, 0x07, 0x13, 0x6E, 0x14, 0x06,
    0x03, 0x07, 0x20, 0x45, 0x49, 0x70, 0xA8, 0xD1, 0xEA, 0xF7, 0xEE, 0xC7, 0xF9, 0xFD, 0xFE, 0xFE,
    0xFF, 0xFF, 0xFE, 0xFE, 0xFE, 0xFE, 0xFA, 0xF6, 0xD3, 0xA0, 0x8C, 0x40, 0x40, 0x9B, 0xDF, 0x65,
    0x93, 0xF9, 0xFF, 0xFF, 0xFF, 0xFF, 0xFF, 0xFE, 0xFE, 0xFE, 0xFF, 0xFF, 0xFF, 0xFF, 0xFF, 0xFF,
    0xFE, 0xFE, 0xFE, 0xFE, 0xFE, 0xFF, 0xFF, 0xFF, 0xFE, 0xFF, 0xFF, 0xFF, 0xFE, 0xFE, 0xFE, 0xFE,
    0xFE, 0xFF, 0xFF, 0xFF, 0xFF, 0x00, 0xFF, 0xFF, 0xFF, 0xFF, 0xFF, 0xFF, 0xFF, 0xFF, 0xFF, 0xFE,
    0xFE, 0xFE, 0xFE, 0xFE, 0xFE, 0xFE, 0xFE, 0xFE, 0xFF, 0xFE, 0xFE, 0xFE, 0xFE, 0xFE, 0xFE, 0xFF,
    0xFF, 0xFF, 0xFF, 0xFE, 0xFE, 0xFE, 0xFE, 0xFE, 0xFE, 0xFE, 0xFE, 0xFF, 0xE8, 0x78, 0x6A, 0x9E,
    0x3E, 0x7B, 0xC7, 0xFA, 0xF1, 0xC4, 0xC6, 0xF9, 0xFB, 0xC1, 0x85, 0x5D, 0x4F, 0x7E, 0xA6, 0x2B,
    0x00, 0x0B, 0x1E, 0x36, 0x06, 0x4A, 0x4A, 0x02, 0x15, 0x66, 0x2A, 0x0A, 0x18, 0x83, 0x19, 0x01,
    0x02, 0x02, 0x4C, 0x59, 0x0C, 0x01, 0x09, 0x1B, 0x50, 0x5A, 0x88, 0xBA, 0xE2, 0xF3, 0xFD, 0xFF,
    0xFF, 0xFF, 0xFF, 0xFF, 0xFE, 0xFE, 0xFE, 0xFF, 0xE9, 0xBC, 0x85, 0x2C, 0x34, 0xA8, 0x8E, 0x6C,
    0xE8, 0xFF, 0xFE, 0xFE, 0xFE, 0xFE, 0xFE, 0xFE, 0xFE, 0xFE, 0xFE, 0xFE, 0xFE, 0xFF, 0xFF, 0xFE,
    0xFE, 0xFE, 0xFE, 0xFE, 0xFF, 0xFE, 0xFF, 0xFF, 0xFE, 0xFE, 0xFF, 0xFF, 0xFE, 0xFE, 0xFE, 0xFE,
    0xFE, 0xFE, 0xFE, 0xFF, 0xFF, 0x00, 0xFF, 0xFF, 0xFF, 0xFF, 0xFF, 0xFF, 0xFF, 0xFF, 0xFF, 0xFF,
    0xFF, 0xFF, 0xFE, 0xFE, 0xFE, 0xFF, 0xFF, 0xFF, 0xFF, 0xFF, 0xFF, 0xFF, 0xFE, 0xFE, 0xFE, 0xFF,
    0xFF, 0xFF, 0xFF, 0xFF, 0xFF, 0xFF, 0xFE, 0xFE, 0xFE, 0xFE, 0xFE, 0xFF, 0xFF, 0xC7, 0x4B, 0x5E,
    0x48, 0x77, 0xB7, 0xF8, 0xFE, 0xE6, 0xCA, 0xE6, 0xFF, 0xD5, 0x99, 0x5A, 0x58, 0x79, 0xA9, 0x68,
    0x00, 0x0D, 0x1A, 0x2F, 0x0B, 0x57, 0x3F, 0x01, 0x01, 0x37, 0x43, 0x1D, 0x34, 0x93, 0x30, 0x00,
    0x00, 0x20, 0x5D, 0x39, 0x02, 0x03, 0x03, 0x06, 0x55, 0x1E, 0x02, 0x15, 0x33, 0x5B, 0x8E, 0xC4,
    0xDD, 0xEE, 0xF5, 0xF5, 0xEE, 0xE6, 0xE9, 0xFA, 0xF3, 0xC3, 0x76, 0x21, 0x2D, 0x94, 0x5B, 0xB8,
    0xFF, 0xFE, 0xFE, 0xFE, 0xFF, 0xFF, 0xFF, 0xFF, 0xFE, 0xFE, 0xFE, 0xFE, 0xFF, 0xFF, 0xFF, 0xFF,
    0xFF, 0xFE, 0xFF, 0xFE, 0xFE, 0xFF, 0xFF, 0xFF, 0xFF, 0xFF, 0xFF, 0xFF, 0xFF, 0xFE, 0xFE, 0xFE,
    0xFF, 0xFE, 0xFF, 0xFF, 0xFF, 0x00, 0xFF, 0xFF, 0xFF, 0xFF, 0xFF, 0xFF, 0xFF, 0xFF, 0xFF, 0xFF,
    0xFF, 0xFF, 0xFE, 0xFE, 0xFE, 0xFE, 0xFE, 0xFF, 0xFF, 0xFF, 0xFF, 0xFF, 0xFE, 0xFF, 0xFE, 0xFE,
    0xFF, 0xFF, 0xFF, 0xFF, 0xFF, 0xFF, 0xFF, 0xFE, 0xFE, 0xFE, 0xFE, 0xFF, 0xFF, 0xFB, 0x92, 0x35,
    0x43, 0x63, 0x97, 0xE8, 0xFF, 0xFB, 0xEA, 0xE7, 0xF6, 0xD0, 0xAE, 0x53, 0x6B, 0x8B, 0x91, 0x9B,
    0x1A, 0x0B, 0x15, 0x34, 0x09, 0x59, 0x51, 0x03, 0x01, 0x0B, 0x51, 0x2D, 0x30, 0x63, 0x54, 0x03,
    0x01, 0x47, 0x49, 0x1C, 0x00, 0x02, 0x01, 0x02, 0x4D, 0x1F, 0x01, 0x02, 0x00, 0x14, 0x10, 0x15,
    0x2E, 0x59, 0x6D, 0x81, 0x95, 0xBD, 0xE5, 0xFA, 0xF3, 0xBC, 0x53, 0x29, 0x2F, 0x67, 0x68, 0xED,
    0xFF, 0xFE, 0xFE, 0xFE, 0xFE, 0xFF, 0xFF, 0xFF, 0xFF, 0xFE, 0xFE, 0xFE, 0xFE, 0xFE, 0xFE, 0xFE,
    0xFE, 0xFE, 0xFE, 0xFE, 0xFE, 0xFE, 0xFF, 0xFF, 0xFE, 0xFF, 0xFF, 0xFF, 0xFE, 0xFE, 0xFF, 0xFE,
    0xFE, 0xFE, 0xFE, 0xFF, 0xFF, 0x00, 0xFF, 0xFF, 0xFF, 0xFF, 0xFF, 0xFF, 0xFF, 0xFF, 0xFF, 0xFF,
    0xFF, 0xFF, 0xFF, 0xFF, 0xFE, 0xFE, 0xFF, 0xFF, 0xFF, 0xFF, 0xFF, 0xFF, 0xFF, 0xFF, 0xFF, 0xFE,
    0xFF, 0xFF, 0xFF, 0xFF, 0xFF, 0xFF, 0xFF, 0xFF, 0xFE, 0xFF, 0xFE, 0xFF, 0xFF, 0xFF, 0xE1, 0x57,
    0x3E, 0x4D, 0x7C, 0xBB, 0xFF, 0xFE, 0xFD, 0xFC, 0xE9, 0xBE, 0xB1, 0x47, 0x80, 0xA8, 0x86, 0xA7,
    0x45, 0x09, 0x17, 0x33, 0x03, 0x54, 0x68, 0x09, 0x01, 0x0C, 0x4C, 0x36, 0x17, 0x58, 0x79, 0x13,
    0x13, 0x46, 0x41, 0x0A, 0x01, 0x01, 0x01, 0x00, 0x39, 0x19, 0x02, 0x02, 0x00, 0x11, 0x24, 0x00,
    0x03, 0x44, 0x61, 0x90, 0xD1, 0xF0, 0xFA, 0xFE, 0xEE, 0xA9, 0x31, 0x4A, 0x2E, 0x46, 0x93, 0xFF,
    0xFE, 0xFE, 0xFE, 0xFF, 0xFF, 0xFF, 0xFF, 0xFF, 0xFF, 0xFF, 0xFF, 0xFE, 0xFF, 0xFF, 0xFF, 0xFF,
    0xFE, 0xFF, 0xFE, 0xFE, 0xFF, 0xFE, 0xFE, 0xFF, 0xFF, 0xFF, 0xFF, 0xFF, 0xFF, 0xFE, 0xFE, 0xFE,
    0xFE, 0xFF, 0xFF, 0xFF, 0xFF, 0x00, 0xFF, 0xFF, 0xFF, 0xFF, 0xFF, 0xFF, 0xFF, 0xFF, 0xFF, 0xFF,
    0xFF, 0xFF, 0xFF, 0xFF, 0xFF, 0xFF, 0xFF, 0xFF, 0xFF, 0xFF, 0xFF, 0xFF, 0xFF, 0xFF, 0xFF, 0xFF,
    0xFF, 0xFF, 0xFF, 0xFF, 0xFF, 0xFF, 0xFF, 0xFF, 0xFF, 0xFF, 0xFF, 0xFF, 0xFE, 0xFF, 0xFF, 0x98,
    0x52, 0x39, 0x65, 0x75, 0xF7, 0xFF, 0xFF, 0xFF, 0xE9, 0xEB, 0x95, 0x46, 0x96, 0xC9, 0x8C, 0x97,
    0x66, 0x0B, 0x1D, 0x2B, 0x00, 0x46, 0x89, 0x1B, 0x00, 0x12, 0x3C, 0x34, 0x1F, 0x71, 0x7F, 0x2F,
    0x1D, 0x34, 0x3F, 0x01, 0x01, 0x01, 0x02, 0x00, 0x24, 0x23, 0x02, 0x02, 0x01, 0x05, 0x24, 0x05,
    0x05, 0x5B, 0x88, 0xB6, 0xFF, 0xFF, 0xFE, 0xFF, 0xDB, 0x6A, 0x34, 0x5F, 0x2B, 0x4F, 0xD0, 0xFF,
    0xFE, 0xFF, 0xFE, 0xFF, 0xFF, 0xFF, 0xFF, 0xFF, 0xFF, 0xFF, 0xFF, 0xFE, 0xFF, 0xFF, 0xFF, 0xFF,
    0xFF, 0xFF, 0xFF, 0xFF, 0xFF, 0xFF, 0xFF, 0xFF, 0xFF, 0xFF, 0xFF, 0xFF, 0xFF, 0xFF, 0xFF, 0xFF,
    0xFE, 0xFE, 0xFE, 0xFF, 0xFF, 0x00, 0xFF, 0xFF, 0xFF, 0xFF, 0xFF, 0xFF, 0xFF, 0xFF, 0xFF, 0xFF,
    0xFF, 0xFF, 0xFF, 0xFF, 0xFF, 0xFF, 0xFF, 0xFF, 0xFF, 0xFE, 0xFF, 0xFF, 0xFF, 0xFF, 0xFF, 0xFF,
    0xFF, 0xFF, 0xFF, 0xFF, 0xFF, 0xFF, 0xFF, 0xFF, 0xFF, 0xFF, 0xFE, 0xFE, 0xFE, 0xFE, 0xFF, 0xC3,
    0x35, 0x3B, 0x44, 0x52, 0xB4, 0xFF, 0xFF, 0xFA, 0xE1, 0xFF, 0x93, 0x4F, 0xA6, 0xE3, 0xA3, 0x88,
    0x7B, 0x15, 0x1D, 0x1D, 0x00, 0x27, 0x8E, 0x3F, 0x00, 0x10, 0x43, 0x18, 0x2D, 0x5D, 0x4F, 0x55,
    0x12, 0x33, 0x33, 0x02, 0x01, 0x01, 0x02, 0x00, 0x1A, 0x3A, 0x03, 0x02, 0x02, 0x01, 0x1C, 0x0D,
    0x08, 0x67, 0xA8, 0xD3, 0xFF, 0xFF, 0xFF, 0xFF, 0xB9, 0x2F, 0x61, 0x5E, 0x37, 0x7E, 0xF7, 0xFF,
    0xFE, 0xFE, 0xFE, 0xFE, 0xFE, 0xFF, 0xFF, 0xFF, 0xFF, 0xFF, 0xFF, 0xFE, 0xFE, 0xFE, 0xFF, 0xFF,
    0xFF, 0xFF, 0xFF, 0xFF, 0xFF, 0xFF, 0xFE, 0xFF, 0xFE, 0xFF, 0xFF, 0xFF, 0xFF, 0xFF, 0xFF, 0xFE,
    0xFE, 0xFE, 0xFE, 0xFF, 0xFF, 0x00, 0xFF, 0xFF, 0xFF, 0xFF, 0xFF, 0xFF, 0xFF, 0xFE, 0xFE, 0xFF,
    0xFF, 0xFF, 0xFF, 0xFF, 0xFF, 0xFF, 0xFE, 0xFE, 0xFE, 0xFE, 0xFF, 0xFF, 0xFF, 0xFF, 0xFF, 0xFF,
    0xFE, 0xFE, 0xFF, 0xFF, 0xFF, 0xFF, 0xFF, 0xFF, 0xFE, 0xFF, 0xFE, 0xFE, 0xFE, 0xFF, 0xFF, 0xE5,
    0x36, 0x37, 0x33, 0x52, 0x52, 0xE1, 0xFF, 0xF8, 0xED, 0xFF, 0x9E, 0x52, 0xAF, 0xF2, 0xBC, 0x87,
    0x84, 0x2A, 0x22, 0x13, 0x01, 0x08, 0x68, 0x72, 0x0A, 0x09, 0x4B, 0x17, 0x2E, 0x4A, 0x3D, 0x74,
    0x1F, 0x35, 0x2F, 0x25, 0x04, 0x00, 0x02, 0x01, 0x18, 0x4D, 0x05, 0x02, 0x02, 0x02, 0x1C, 0x14,
    0x0B, 0x71, 0xBE, 0xF1, 0xFF, 0xFF, 0xFF, 0xEF, 0x70, 0x2E, 0x6C, 0x49, 0x41, 0xB6, 0xFF, 0xFF,
    0xFE, 0xFE, 0xFE, 0xFE, 0xFE, 0xFF, 0xFF, 0xFF, 0xFF, 0xFF, 0xFF, 0xFE, 0xFE, 0xFE, 0xFF, 0xFF,
    0xFE, 0xFF, 0xFF, 0xFF, 0xFF, 0xFE, 0xFF, 0xFE, 0xFE, 0xFF, 0xFF, 0xFF, 0xFF, 0xFF, 0xFF, 0xFF,
    0xFF, 0xFE, 0xFE, 0xFF, 0xFF, 0x00, 0xFF, 0xFF, 0xFF, 0xFF, 0xFF, 0xFF, 0xFF, 0xFF, 0xFF, 0xFF,
    0xFF, 0xFF, 0xFF, 0xFF, 0xFF, 0xFF, 0xFF, 0xFE, 0xFE, 0xFE, 0xFE, 0xFF, 0xFF, 0xFF, 0xFF, 0xFF,
    0xFE, 0xFF, 0xFF, 0xFF, 0xFF, 0xFF, 0xFF, 0xFF, 0xFF, 0xFF, 0xFF, 0xFE, 0xFE, 0xFF, 0xFF, 0xEF,
    0x4D, 0x3A, 0x2D, 0x37, 0x49, 0x70, 0xF4, 0xFC, 0xF9, 0xFF, 0x95, 0x50, 0xAF, 0xF2, 0xCF, 0x93,
    0x87, 0x44, 0x29, 0x1A, 0x03, 0x01, 0x19, 0x77, 0x58, 0x07, 0x3F, 0x33, 0x3F, 0x4A, 0x3C, 0x5C,
    0x55, 0x2F, 0x71, 0x51, 0x2B, 0x07, 0x02, 0x01, 0x17, 0x53, 0x04, 0x02, 0x02, 0x04, 0x1F, 0x1D,
    0x12, 0x7E, 0xC3, 0xEA, 0xFF, 0xFF, 0xFC, 0xA1, 0x23, 0x6E, 0x6E, 0x39, 0x61, 0xE5, 0xFF, 0xFF,
    0xFF, 0xFF, 0xFF, 0xFE, 0xFE, 0xFF, 0xFF, 0xFF, 0xFF, 0xFF, 0xFF, 0xFF, 0xFF, 0xFE, 0xFF, 0xFF,
    0xFE, 0xFE, 0xFF, 0xFF, 0xFF, 0xFF, 0xFF, 0xFE, 0xFF, 0xFF, 0xFF, 0xFF, 0xFF, 0xFF, 0xFF, 0xFF,
    0xFE, 0xFE, 0xFE, 0xFF, 0xFF, 0x00, 0xFF, 0xFF, 0xFF, 0xFF, 0xFF, 0xFF, 0xFF, 0xFE, 0xFE, 0xFF,
    0xFF, 0xFF, 0xFF, 0xFF, 0xFF, 0xFF, 0xFF, 0xFE, 0xFE, 0xFE, 0xFE, 0xFE, 0xFF, 0xFF, 0xFF, 0xFF,
    0xFF, 0xFF, 0xFF, 0xFE, 0xFE, 0xFF, 0xFF, 0xFF, 0xFF, 0xFF, 0xFF, 0xFE, 0xFE, 0xFE, 0xFF, 0xED,
    0x4D, 0x49, 0x1C, 0x29, 0x41, 0x4E, 0x92, 0xF7, 0xF8, 0xFD, 0x8D, 0x53, 0xD3, 0xDB, 0xDD, 0xA7,
    0x89, 0x5E, 0x24, 0x28, 0x03, 0x02, 0x03, 0x69, 0x96, 0x1E, 0x2B, 0x48, 0x4D, 0x4A, 0x20, 0x3D,
    0x77, 0x2E, 0xB9, 0xBC, 0x56, 0x3A, 0x17, 0x02, 0x25, 0x55, 0x03, 0x02, 0x02, 0x05, 0x25, 0x28,
    0x1A, 0x82, 0xC8, 0xDD, 0xF2, 0xFF, 0xBE, 0x31, 0x4B, 0xAA, 0x49, 0x51, 0x76, 0xF8, 0xFF, 0xFF,
    0xFE, 0xFF, 0xFF, 0xFE, 0xFE, 0xFE, 0xFF, 0xFF, 0xFF, 0xFF, 0xFF, 0xFF, 0xFF, 0xFF, 0xFE, 0xFE,
    0xFE, 0xFF, 0xFF, 0xFF, 0xFF, 0xFF, 0xFF, 0xFE, 0xFE, 0xFE, 0xFE, 0xFE, 0xFF, 0xFF, 0xFF, 0xFF,
    0xFE, 0xFE, 0xFF, 0xFF, 0xFF, 0x00, 0xFF, 0xFF, 0xFF, 0xFF, 0xFF, 0xFF, 0xFF, 0xFE, 0xFE, 0xFE,
    0xFE, 0xFF, 0xFF, 0xFF, 0xFF, 0xFF, 0xFF, 0xFE, 0xFE, 0xFE, 0xFE, 0xFE, 0xFE, 0xFF, 0xFF, 0xFF,
    0xFE, 0xFE, 0xFF, 0xFE, 0xFE, 0xFF, 0xFF, 0xFF, 0xFF, 0xFF, 0xFF, 0xFE, 0xFE, 0xFE, 0xFF, 0xF7,
    0x51, 0x3A, 0x32, 0x0B, 0x23, 0x44, 0x5B, 0xA5, 0xF9, 0xFB, 0x8F, 0x5B, 0xEB, 0xE1, 0xDC, 0xBC,
    0x8D, 0x7B, 0x20, 0x31, 0x0C, 0x0D, 0x2A, 0x48, 0x87, 0x6C, 0x29, 0x31, 0x3F, 0x3C, 0x1B, 0x42,
    0x60, 0x54, 0xA3, 0xCF, 0xCB, 0x9A, 0x54, 0x17, 0x46, 0x4F, 0x00, 0x02, 0x01, 0x04, 0x29, 0x32,
    0x19, 0x7D, 0xE4, 0xF2, 0xD1, 0xBD, 0x3D, 0x34, 0x9B, 0x5A, 0x58, 0x48, 0x6D, 0xFE, 0xFF, 0xFF,
    0xFE, 0xFE, 0xFF, 0xFE, 0xFE, 0xFE, 0xFE, 0xFF, 0xFF, 0xFF, 0xFF, 0xFF, 0xFF, 0xFF, 0xFF, 0xFE,
    0xFE, 0xFF, 0xFF, 0xFE, 0xFF, 0xFF, 0xFF, 0xFE, 0xFE, 0xFE, 0xFE, 0xFE, 0xFF, 0xFF, 0xFF, 0xFE,
    0xFE, 0xFE, 0xFE, 0xFF, 0xFF, 0x00, 0xFF, 0xFF, 0xFF, 0xFF, 0xFF, 0xFF, 0xFF, 0xFE, 0xFE, 0xFE,
    0xFE, 0xFE, 0xFE, 0xFF, 0xFF, 0xFF, 0xFF, 0xFF, 0xFE, 0xFE, 0xFE, 0xFE, 0xFE, 0xFF, 0xFF, 0xFF,
    0xFF, 0xFF, 0xFE, 0xFE, 0xFE, 0xFE, 0xFF, 0xFF, 0xFF, 0xFF, 0xFF, 0xFF, 0xFE, 0xFE, 0xFE, 0xFD,
    0x64, 0x22, 0x56, 0x10, 0x0A, 0x29, 0x4C, 0x66, 0xBF, 0xFC, 0x91, 0x5B, 0xEB, 0xEF, 0xD2, 0xD1,
    0x98, 0x8D, 0x3C, 0x32, 0x32, 0x26, 0x89, 0xBC, 0x7E, 0x9C, 0x87, 0x1E, 0x1F, 0x3D, 0x39, 0x2F,
    0x3C, 0x75, 0x73, 0xD7, 0xE4, 0xFF, 0xC2, 0x30, 0x64, 0x4E, 0x2B, 0x17, 0x06, 0x05, 0x2A, 0x37,
    0x1F, 0x97, 0xED, 0xFC, 0xA4, 0x32, 0x21, 0x69, 0x57, 0x64, 0xB7, 0x51, 0x8A, 0xFF, 0xFE, 0xFF,
    0xFF, 0xFF, 0xFF, 0xFE, 0xFE, 0xFE, 0xFE, 0xFF, 0xFE, 0xFF, 0xFF, 0xFF, 0xFF, 0xFF, 0xFE, 0xFE,
    0xFE, 0xFE, 0xFE, 0xFF, 0xFF, 0xFF, 0xFF, 0xFE, 0xFE, 0xFE, 0xFE, 0xFE, 0xFE, 0xFF, 0xFF, 0xFF,
    0xFE, 0xFF, 0xFF, 0xFF, 0xFF, 0x00, 0xFF, 0xFF, 0xFF, 0xFF, 0xFF, 0xFF, 0xFF, 0xFF, 0xFF, 0xFF,
    0xFF, 0xFF, 0xFE, 0xFF, 0xFF, 0xFF, 0xFF, 0xFF, 0xFE, 0xFE, 0xFE, 0xFE, 0xFE, 0xFE, 0xFF, 0xFF,
    0xFF, 0xFF, 0xFF, 0xFE, 0xFE, 0xFE, 0xFF, 0xFF, 0xFF, 0xFF, 0xFF, 0xFF, 0xFF, 0xFF, 0xFE, 0xFF,
    0x95, 0x42, 0x3E, 0x40, 0x01, 0x16, 0x37, 0x56, 0x75, 0xE0, 0x97, 0x55, 0xE5, 0xF1, 0xD7, 0xE4,
    0xAC, 0x91, 0x58, 0x21, 0x57, 0x2F, 0xBC, 0xEA, 0xAF, 0x88, 0x88, 0x52, 0x0A, 0x5D, 0x59, 0x14,
    0x41, 0x6B, 0x58, 0xD4, 0xE0, 0xFB, 0xB4, 0x32, 0x72, 0x7B, 0x62, 0x3F, 0x16, 0x06, 0x29, 0x34,
    0x2D, 0xA2, 0xE9, 0xBC, 0x38, 0x0C, 0x47, 0x4D, 0x93, 0xEA, 0xBA, 0x46, 0xBB, 0xFF, 0xFF, 0xFF,
    0xFF, 0xFF, 0xFF, 0xFF, 0xFF, 0xFF, 0xFF, 0xFE, 0xFE, 0xFF, 0xFF, 0xFF, 0xFF, 0xFF, 0xFF, 0xFE,
    0xFE, 0xFE, 0xFE, 0xFF, 0xFF, 0xFF, 0xFF, 0xFF, 0xFE, 0xFE, 0xFF, 0xFE, 0xFE, 0xFE, 0xFF, 0xFF,
    0xFF, 0xFF, 0xFF, 0xFF, 0xFF, 0x00, 0xFF, 0xFF, 0xFF, 0xFF, 0xFF, 0xFF, 0xFF, 0xFF, 0xFE, 0xFE,
    0xFE, 0xFE, 0xFE, 0xFE, 0xFE, 0xFF, 0xFF, 0xFF, 0xFE, 0xFE, 0xFE, 0xFE, 0xFE, 0xFE, 0xFF, 0xFE,
    0xFF, 0xFF, 0xFF, 0xFE, 0xFE, 0xFE, 0xFE, 0xFF, 0xFF, 0xFF, 0xFE, 0xFF, 0xFF, 0xFF, 0xFE, 0xFF,
    0xBD, 0x35, 0x42, 0x4E, 0x21, 0x12, 0x2F, 0x44, 0x50, 0x85, 0x9A, 0x4C, 0xD9, 0xF6, 0xDB, 0xF3,
    0xC4, 0x91, 0x5C, 0x1C, 0x5C, 0x4A, 0x3D, 0x9C, 0xD7, 0xAD, 0x75, 0x4A, 0x21, 0x57, 0x5B, 0x2F,
    0x33, 0x4F, 0x57, 0xB5, 0xD9, 0xDE, 0x58, 0x33, 0x97, 0xF7, 0xED, 0x93, 0x33, 0x13, 0x3A, 0x20,
    0x30, 0xA4, 0xB2, 0x4C, 0x08, 0x35, 0x52, 0xAB, 0xFC, 0xF8, 0x77, 0x53, 0xE1, 0xFF, 0xFE, 0xFE,
    0xFE, 0xFE, 0xFF, 0xFF, 0xFE, 0xFE, 0xFE, 0xFE, 0xFE, 0xFE, 0xFE, 0xFF, 0xFF, 0xFF, 0xFF, 0xFE,
    0xFE, 0xFE, 0xFE, 0xFE, 0xFF, 0xFF, 0xFF, 0xFF, 0xFE, 0xFE, 0xFE, 0xFE, 0xFE, 0xFE, 0xFE, 0xFF,
    0xFF, 0xFF, 0xFF, 0xFF, 0xFF, 0x00, 0xFF, 0xFF, 0xFE, 0xFE, 0xFE, 0xFF, 0xFF, 0xFE, 0xFE, 0xFE,
    0xFE, 0xFE, 0xFE, 0xFE, 0xFE, 0xFF, 0xFE, 0xFE, 0xFE, 0xFE, 0xFE, 0xFE, 0xFE, 0xFE, 0xFE, 0xFE,
    0xFF, 0xFF, 0xFE, 0xFE, 0xFE, 0xFE, 0xFE, 0xFE, 0xFE, 0xFE, 0xFE, 0xFE, 0xFF, 0xFE, 0xFE, 0xFF,
    0xB2, 0x12, 0x3A, 0x46, 0x34, 0x32, 0x23, 0x43, 0x38, 0x36, 0x59, 0x47, 0xC5, 0xFF, 0xE6, 0xE3,
    0xD9, 0x9A, 0x6D, 0x23, 0x3B, 0x55, 0x2D, 0x32, 0xC5, 0xD2, 0x52, 0x51, 0x20, 0x46, 0x30, 0x5E,
    0x2D, 0x5C, 0x60, 0x8B, 0xB8, 0x5B, 0x1B, 0x5C, 0xCD, 0xF6, 0xE9, 0x76, 0x26, 0x23, 0x49, 0x0D,
    0x34, 0x8A, 0x55, 0x15, 0x2A, 0x4C, 0x9A, 0xF9, 0xFF, 0xCF, 0x46, 0x61, 0xF6, 0xFE, 0xFE, 0xFE,
    0xFE, 0xFE, 0xFE, 0xFE, 0xFF, 0xFE, 0xFE, 0xFE, 0xFE, 0xFE, 0xFE, 0xFE, 0xFF, 0xFF, 0xFF, 0xFE,
    0xFE, 0xFE, 0xFE, 0xFE, 0xFE, 0xFE, 0xFF, 0xFE, 0xFE, 0xFE, 0xFE, 0xFE, 0xFE, 0xFE, 0xFE, 0xFE,
    0xFE, 0xFE, 0xFF, 0xFF, 0xFF, 0x00, 0xFF, 0xFF, 0xFF, 0xFE, 0xFE, 0xFF, 0xFF, 0xFF, 0xFF, 0xFE,
    0xFE, 0xFE, 0xFE, 0xFE, 0xFE, 0xFF, 0xFF, 0xFE, 0xFE, 0xFE, 0xFE, 0xFE, 0xFE, 0xFE, 0xFE, 0xFE,
    0xFF, 0xFF, 0xFF, 0xFE, 0xFE, 0xFE, 0xFE, 0xFE, 0xFE, 0xFF, 0xFF, 0xFF, 0xFF, 0xFE, 0xFE, 0xFF,
    0x92, 0x17, 0x35, 0x46, 0x37, 0x2D, 0x62, 0x3A, 0x44, 0x13, 0x1A, 0x44, 0xA9, 0xFF, 0xFE, 0xE8,
    0xCB, 0xA3, 0x7C, 0x35, 0x24, 0x52, 0x3A, 0x22, 0xB9, 0xB4, 0x34, 0x5A, 0x2A, 0x2F, 0x38, 0x7C,
    0x37, 0x6D, 0x6A, 0x6E, 0xAD, 0x14, 0x29, 0x7D, 0xE6, 0xE7, 0xC1, 0x55, 0x1D, 0x43, 0x49, 0x0E,
    0x38, 0x5E, 0x17, 0x23, 0x39, 0x82, 0xEE, 0xFF, 0xED, 0x6E, 0x27, 0x6D, 0xFE, 0xFE, 0xFE, 0xFE,
    0xFE, 0xFE, 0xFF, 0xFE, 0xFF, 0xFF, 0xFF, 0xFE, 0xFE, 0xFE, 0xFE, 0xFE, 0xFF, 0xFF, 0xFF, 0xFF,
    0xFE, 0xFE, 0xFE, 0xFE, 0xFE, 0xFE, 0xFF, 0xFF, 0xFF, 0xFF, 0xFF, 0xFE, 0xFE, 0xFE, 0xFE, 0xFE,
    0xFE, 0xFE, 0xFE, 0xFF, 0xFF, 0x00, 0xFF, 0xFF, 0xFF, 0xFE, 0xFF, 0xFF, 0xFF, 0xFF, 0xFF, 0xFF,
    0xFF, 0xFF, 0xFE, 0xFE, 0xFE, 0xFE, 0xFF, 0xFF, 0xFF, 0xFF, 0xFF, 0xFE, 0xFE, 0xFE, 0xFE, 0xFE,
    0xFF, 0xFF, 0xFF, 0xFE, 0xFF, 0xFF, 0xFE, 0xFE, 0xFE, 0xFE, 0xFF, 0xFF, 0xFF, 0xFF, 0xFF, 0xFD,
    0x70, 0x19, 0x42, 0x5A, 0x59, 0x2D, 0x4C, 0x7F, 0x32, 0x29, 0x08, 0x42, 0x83, 0xFF, 0xFF, 0xFF,
    0xEF, 0xAF, 0x7E, 0x4B, 0x0E, 0x3E, 0x89, 0x7E, 0xCA, 0x88, 0x3D, 0x46, 0x3D, 0x20, 0x3F, 0x4A,
    0x55, 0x57, 0x65, 0x5C, 0x9B, 0x21, 0x3E, 0xA9, 0xE5, 0xD9, 0x94, 0x49, 0x25, 0x6A, 0x34, 0x02,
    0x2D, 0x25, 0x1C, 0x2D, 0x5D, 0xD7, 0xFF, 0xE2, 0x78, 0x39, 0x6C, 0x99, 0xFF, 0xFF, 0xFE, 0xFE,
    0xFE, 0xFE, 0xFF, 0xFF, 0xFF, 0xFF, 0xFF, 0xFE, 0xFE, 0xFE, 0xFE, 0xFF, 0xFF, 0xFF, 0xFF, 0xFF,
    0xFF, 0xFE, 0xFE, 0xFE, 0xFE, 0xFE, 0xFF, 0xFF, 0xFF, 0xFF, 0xFF, 0xFF, 0xFF, 0xFE, 0xFE, 0xFE,
    0xFE, 0xFF, 0xFF, 0xFF, 0xFF, 0x00, 0xFF, 0xFF, 0xFF, 0xFE, 0xFF, 0xFF, 0xFF, 0xFF, 0xFF, 0xFF,
    0xFF, 0xFF, 0xFE, 0xFE, 0xFE, 0xFE, 0xFE, 0xFE, 0xFF, 0xFF, 0xFE, 0xFE, 0xFE, 0xFF, 0xFF, 0xFE,
    0xFE, 0xFF, 0xFF, 0xFF, 0xFF, 0xFF, 0xFF, 0xFF, 0xFE, 0xFE, 0xFE, 0xFF, 0xFF, 0xFF, 0xFF, 0xFB,
    0x7F, 0x22, 0x31, 0x7F, 0x81, 0x7A, 0x29, 0x73, 0x72, 0x18, 0x06, 0x38, 0x64, 0xF1, 0xFF, 0xFF,
    0xFC, 0xDB, 0x84, 0x5E, 0x1F, 0x1E, 0x54, 0x85, 0xA7, 0x56, 0x46, 0x54, 0x2D, 0x19, 0x36, 0x30,
    0x5A, 0x2F, 0x3F, 0x4F, 0x7E, 0x54, 0x98, 0xD8, 0xE2, 0xC4, 0x6B, 0x2B, 0x4B, 0x78, 0x19, 0x05,
    0x08, 0x17, 0x2C, 0x40, 0xA8, 0xF6, 0xC9, 0x69, 0x3E, 0x71, 0xA0, 0xAB, 0xFF, 0xFE, 0xFE, 0xFF,
    0xFE, 0xFE, 0xFF, 0xFF, 0xFF, 0xFF, 0xFF, 0xFF, 0xFF, 0xFE, 0xFE, 0xFE, 0xFF, 0xFF, 0xFF, 0xFF,
    0xFF, 0xFE, 0xFE, 0xFE, 0xFF, 0xFE, 0xFF, 0xFF, 0xFE, 0xFF, 0xFF, 0xFF, 0xFE, 0xFF, 0xFF, 0xFF,
    0xFF, 0xFE, 0xFE, 0xFF, 0xFF, 0x00, 0xFF, 0xFF, 0xFF, 0xFF, 0xFF, 0xFF, 0xFF, 0xFF, 0xFF, 0xFF,
    0xFF, 0xFF, 0xFF, 0xFF, 0xFE, 0xFE, 0xFE, 0xFF, 0xFF, 0xFF, 0xFF, 0xFF, 0xFF, 0xFF, 0xFF, 0xFF,
    0xFE, 0xFF, 0xFF, 0xFF, 0xFF, 0xFF, 0xFF, 0xFF, 0xFE, 0xFE, 0xFF, 0xFF, 0xFF, 0xFF, 0xFF, 0xFF,
    0x98, 0x26, 0x16, 0x50, 0xC9, 0x98, 0x7E, 0x38, 0x9B, 0x53, 0x11, 0x24, 0x54, 0xC9, 0xFF, 0xFE,
    0xFE, 0xEF, 0xAB, 0x68, 0x47, 0x13, 0x27, 0x5C, 0x75, 0x37, 0x36, 0x44, 0x27, 0x0E, 0x2E, 0x21,
    0x3E, 0x25, 0x1F, 0x39, 0x52, 0x9C, 0xBC, 0xD0, 0xD6, 0x7D, 0x29, 0x1A, 0x8B, 0x5C, 0x23, 0x09,
    0x0A, 0x34, 0x2F, 0x69, 0xCB, 0x9F, 0x3F, 0x48, 0x7B, 0xBA, 0x85, 0xA6, 0xFF, 0xFF, 0xFE, 0xFE,
    0xFE, 0xFE, 0xFE, 0xFF, 0xFF, 0xFF, 0xFF, 0xFF, 0xFF, 0xFF, 0xFF, 0xFE, 0xFF, 0xFF, 0xFF, 0xFF,
    0xFF, 0xFF, 0xFF, 0xFF, 0xFE, 0xFE, 0xFF, 0xFF, 0xFF, 0xFF, 0xFF, 0xFF, 0xFF, 0xFF, 0xFF, 0xFE,
    0xFE, 0xFF, 0xFF, 0xFF, 0xFF, 0x00, 0xFF, 0xFF, 0xFF, 0xFF, 0xFF, 0xFF, 0xFF, 0xFF, 0xFF, 0xFF,
    0xFF, 0xFF, 0xFF, 0xFF, 0xFF, 0xFF, 0xFF, 0xFF, 0xFF, 0xFF, 0xFF, 0xFF, 0xFF, 0xFF, 0xFF, 0xFE,
    0xFF, 0xFF, 0xFF, 0xFF, 0xFF, 0xFF, 0xFF, 0xFF, 0xFF, 0xFF, 0xFF, 0xFF, 0xFF, 0xFF, 0xFF, 0xFF,
    0xC3, 0x43, 0x0D, 0x25, 0x8C, 0xE0, 0x90, 0x76, 0x53, 0x9E, 0x3A, 0x19, 0x46, 0x8E, 0xFC, 0xFE,
    0xFE, 0xF8, 0xCF, 0x71, 0x65, 0x1B, 0x25, 0x28, 0x48, 0x26, 0x24, 0x39, 0x1E, 0x12, 0x27, 0x1C,
    0x33, 0x27, 0x0D, 0x2A, 0x3E, 0x64, 0x8F, 0xC7, 0x84, 0x41, 0x1E, 0x3C, 0x97, 0x3E, 0x27, 0x02,
    0x35, 0x34, 0x44, 0x84, 0x71, 0x22, 0x46, 0x9C, 0xF0, 0xE1, 0x76, 0x93, 0xFF, 0xFF, 0xFE, 0xFE,
    0xFE, 0xFE, 0xFE, 0xFF, 0xFF, 0xFF, 0xFF, 0xFF, 0xFF, 0xFF, 0xFF, 0xFF, 0xFF, 0xFF, 0xFF, 0xFF,
    0xFF, 0xFF, 0xFF, 0xFF, 0xFF, 0xFF, 0xFF, 0xFF, 0xFF, 0xFF, 0xFF, 0xFF, 0xFF, 0xFF, 0xFF, 0xFE,
    0xFF, 0xFF, 0xFE, 0xFF, 0xFF, 0x00, 0xFF, 0xFF, 0xFF, 0xFF, 0xFF, 0xFF, 0xFF, 0xFF, 0xFF, 0xFF,
    0xFF, 0xFF, 0xFF, 0xFF, 0xFF, 0xFF, 0xFF, 0xFF, 0xFF, 0xFF, 0xFF, 0xFF, 0xFF, 0xFF, 0xFF, 0xFF,
    0xFF, 0xFF, 0xFF, 0xFF, 0xFF, 0xFF, 0xFF, 0xFF, 0xFF, 0xFF, 0xFF, 0xFF, 0xFF, 0xFF, 0xFF, 0xFF,
    0xE0, 0x53, 0x17, 0x25, 0x32, 0xC5, 0xD2, 0x8D, 0x69, 0x87, 0x7E, 0x28, 0x1F, 0x46, 0xCB, 0xFF,
    0xFE, 0xFD, 0xE5, 0x89, 0x74, 0x21, 0x1D, 0x1B, 0x2D, 0x23, 0x13, 0x2B, 0x18, 0x15, 0x1D, 0x1A,
    0x1F, 0x17, 0x07, 0x26, 0x42, 0x4E, 0x66, 0x60, 0x6A, 0x3D, 0x08, 0x61, 0x55, 0x3A, 0x16, 0x17,
    0x42, 0x3C, 0x4F, 0x59, 0x14, 0x42, 0xA9, 0xF7, 0xFF, 0xF2, 0x7F, 0x85, 0xFF, 0xFF, 0xFF, 0xFF,
    0xFE, 0xFF, 0xFF, 0xFE, 0xFF, 0xFF, 0xFF, 0xFF, 0xFF, 0xFF, 0xFF, 0xFF, 0xFF, 0xFF, 0xFF, 0xFF,
    0xFF, 0xFF, 0xFF, 0xFF, 0xFF, 0xFF, 0xFE, 0xFF, 0xFF, 0xFF, 0xFF, 0xFF, 0xFF, 0xFF, 0xFF, 0xFF,
    0xFF, 0xFF, 0xFF, 0xFF, 0xFF, 0x00, 0xFF, 0xFF, 0xFF, 0xFF, 0xFF, 0xFF, 0xFF, 0xFE, 0xFE, 0xFF,
    0xFE, 0xFF, 0xFF, 0xFF, 0xFF, 0xFF, 0xFF, 0xFE, 0xFE, 0xFF, 0xFF, 0xFF, 0xFF, 0xFF, 0xFF, 0xFF,
    0xFE, 0xFE, 0xFF, 0xFF, 0xFF, 0xFF, 0xFF, 0xFF, 0xFF, 0xFF, 0xFF, 0xFE, 0xFF, 0xFE, 0xFE, 0xFF,
    0xFA, 0x7C, 0x25, 0x30, 0x25, 0x4A, 0xE1, 0xBB, 0x8B, 0x74, 0x9A, 0x42, 0x15, 0x1C, 0x67, 0xF4,
    0xFE, 0xFF, 0xF2, 0xA3, 0x82, 0x41, 0x0B, 0x2A, 0x29, 0x22, 0x0A, 0x19, 0x0E, 0x11, 0x10, 0x11,
    0x0F, 0x15, 0x08, 0x1D, 0x2D, 0x39, 0x3B, 0x4E, 0x5C, 0x37, 0x18, 0x5C, 0x1D, 0x34, 0x0E, 0x2D,
    0x20, 0x51, 0x33, 0x17, 0x39, 0xA5, 0xF8, 0xFF, 0xFF, 0xFD, 0x97, 0x7A, 0xFF, 0xFF, 0xFE, 0xFF,
    0xFE, 0xFF, 0xFE, 0xFE, 0xFE, 0xFE, 0xFF, 0xFF, 0xFF, 0xFF, 0xFF, 0xFF, 0xFF, 0xFE, 0xFF, 0xFF,
    0xFF, 0xFF, 0xFF, 0xFF, 0xFF, 0xFF, 0xFF, 0xFE, 0xFE, 0xFF, 0xFF, 0xFF, 0xFF, 0xFF, 0xFF, 0xFF,
    0xFE, 0xFE, 0xFF, 0xFF, 0xFF, 0x00, 0xFF, 0xFF, 0xFF, 0xFF, 0xFF, 0xFF, 0xFF, 0xFE, 0xFE, 0xFF,
    0xFF, 0xFF, 0xFF, 0xFF, 0xFF, 0xFF, 0xFF, 0xFE, 0xFF, 0xFF, 0xFF, 0xFF, 0xFF, 0xFF, 0xFF, 0xFF,
    0xFF, 0xFF, 0xFF, 0xFF, 0xFF, 0xFF, 0xFF, 0xFF, 0xFF, 0xFF, 0xFF, 0xFF, 0xFE, 0xFF, 0xFF, 0xFF,
    0xFF, 0x8B, 0x36, 0x2B, 0x5C, 0x1F, 0x66, 0xE8, 0x9E, 0x7D, 0x7D, 0x66, 0x27, 0x18, 0x24, 0xBF,
    0xFD, 0xFF, 0xFC, 0xBB, 0x8C, 0x63, 0x0B, 0x17, 0x1A, 0x14, 0x07, 0x08, 0x05, 0x0B, 0x07, 0x05,
    0x05, 0x0E, 0x0D, 0x15, 0x1A, 0x21, 0x1C, 0x4E, 0x76, 0x1F, 0x2E, 0x3F, 0x16, 0x1A, 0x14, 0x1B,
    0x38, 0x53, 0x16, 0x29, 0x8B, 0xF1, 0xFF, 0xFF, 0xFF, 0xFF, 0xB5, 0x7B, 0xFE, 0xFF, 0xFF, 0xFF,
    0xFF, 0xFE, 0xFE, 0xFE, 0xFF, 0xFF, 0xFF, 0xFF, 0xFF, 0xFF, 0xFF, 0xFF, 0xFF, 0xFF, 0xFF, 0xFF,
    0xFF, 0xFF, 0xFF, 0xFF, 0xFF, 0xFF, 0xFF, 0xFF, 0xFE, 0xFF, 0xFF, 0xFF, 0xFF, 0xFF, 0xFF, 0xFF,
    0xFF, 0xFE, 0xFF, 0xFF, 0xFF, 0x00, 0xFF, 0xFF, 0xFF, 0xFF, 0xFF, 0xFF, 0xFF, 0xFF, 0xFF, 0xFF,
    0xFE, 0xFF, 0xFF, 0xFF, 0xFF, 0xFF, 0xFF, 0xFE, 0xFE, 0xFE, 0xFF, 0xFF, 0xFF, 0xFF, 0xFF, 0xFF,
    0xFF, 0xFF, 0xFE, 0xFE, 0xFF, 0xFF, 0xFF, 0xFF, 0xFF, 0xFF, 0xFF, 0xFF, 0xFE, 0xFE, 0xFE, 0xFF,
    0xF7, 0x61, 0x46, 0x44, 0x62, 0x63, 0x2E, 0x88, 0xD3, 0x6D, 0x4C, 0x84, 0x46, 0x17, 0x1A, 0x63,
    0xEF, 0xFA, 0xFF, 0xD6, 0x82, 0x7A, 0x18, 0x07, 0x0C, 0x07, 0x07, 0x04, 0x04, 0x07, 0x03, 0x00,
    0x00, 0x04, 0x09, 0x0E, 0x12, 0x16, 0x0F, 0x31, 0x59, 0x1B, 0x3B, 0x2F, 0x18, 0x0C, 0x1A, 0x18,
    0x6D, 0x45, 0x22, 0x58, 0xCE, 0xFF, 0xFE, 0xDD, 0xA8, 0x9A, 0x81, 0x73, 0xFB, 0xFF, 0xFF, 0xFF,
    0xFE, 0xFE, 0xFE, 0xFE, 0xFE, 0xFE, 0xFF, 0xFF, 0xFF, 0xFF, 0xFF, 0xFF, 0xFF, 0xFF, 0xFE, 0xFF,
    0xFF, 0xFE, 0xFE, 0xFF, 0xFF, 0xFF, 0xFF, 0xFF, 0xFE, 0xFE, 0xFF, 0xFF, 0xFF, 0xFF, 0xFF, 0xFF,
    0xFE, 0xFE, 0xFE, 0xFF, 0xFF, 0x00, 0xFF, 0xFF, 0xFF, 0xFF, 0xFF, 0xFF, 0xFF, 0xFF, 0xFF, 0xFF,
    0xFF, 0xFF, 0xFF, 0xFF, 0xFF, 0xFF, 0xFF, 0xFF, 0xFE, 0xFE, 0xFF, 0xFF, 0xFF, 0xFF, 0xFF, 0xFF,
    0xFE, 0xFF, 0xFF, 0xFF, 0xFF, 0xFF, 0xFF, 0xFF, 0xFF, 0xFF, 0xFF, 0xFF, 0xFF, 0xFE, 0xFE, 0xFF,
    0xE9, 0x75, 0x50, 0x56, 0x5E, 0x88, 0x57, 0x3B, 0xA0, 0x85, 0x2D, 0x77, 0x5A, 0x1D, 0x15, 0x20,
    0xC6, 0xF3, 0xF7, 0xF4, 0x8D, 0x7A, 0x39, 0x00, 0x02, 0x01, 0x03, 0x02, 0x02, 0x04, 0x02, 0x01,
    0x01, 0x03, 0x05, 0x07, 0x05, 0x06, 0x0A, 0x27, 0x54, 0x15, 0x3D, 0x29, 0x0A, 0x0A, 0x17, 0x30,
    0x81, 0x3A, 0x34, 0x75, 0xEA, 0xF9, 0xAC, 0x53, 0x52, 0x65, 0x5B, 0x4D, 0xE4, 0xFF, 0xFF, 0xFF,
    0xFE, 0xFF, 0xFF, 0xFE, 0xFE, 0xFF, 0xFF, 0xFF, 0xFF, 0xFF, 0xFF, 0xFF, 0xFF, 0xFF, 0xFF, 0xFF,
    0xFF, 0xFF, 0xFF, 0xFF, 0xFF, 0xFF, 0xFF, 0xFF, 0xFF, 0xFF, 0xFF, 0xFF, 0xFF, 0xFF, 0xFF, 0xFE,
    0xFE, 0xFF, 0xFF, 0xFF, 0xFF, 0x00, 0xFF, 0xFF, 0xFF, 0xFF, 0xFF, 0xFF, 0xFF, 0xFF, 0xFF, 0xFF,
    0xFE, 0xFE, 0xFE, 0xFF, 0xFF, 0xFF, 0xFF, 0xFF, 0xFE, 0xFE, 0xFE, 0xFE, 0xFE, 0xFF, 0xFF, 0xFF,
    0xFF, 0xFF, 0xFF, 0xFE, 0xFE, 0xFE, 0xFF, 0xFF, 0xFF, 0xFF, 0xFF, 0xFF, 0xFE, 0xFE, 0xFE, 0xFF,
    0xF3, 0x57, 0x82, 0x7F, 0x69, 0x8C, 0x77, 0x42, 0x45, 0x87, 0x2F, 0x46, 0x6B, 0x2B, 0x08, 0x0B,
    0x7B, 0xED, 0xDF, 0xFA, 0xCF, 0x73, 0x4D, 0x06, 0x02, 0x02, 0x02, 0x01, 0x00, 0x01, 0x01, 0x01,
    0x01, 0x01, 0x04, 0x04, 0x01, 0x03, 0x06, 0x1F, 0x2B, 0x11, 0x37, 0x24, 0x02, 0x0E, 0x1E, 0x43,
    0x5D, 0x32, 0x57, 0xAD, 0xE4, 0x8E, 0x3D, 0x65, 0x8A, 0xAD, 0xA4, 0x64, 0xD7, 0xFF, 0xFE, 0xFF,
    0xFF, 0xFF, 0xFF, 0xFF, 0xFE, 0xFE, 0xFE, 0xFE, 0xFF, 0xFF, 0xFF, 0xFF, 0xFF, 0xFF, 0xFE, 0xFE,
    0xFE, 0xFE, 0xFE, 0xFF, 0xFF, 0xFF, 0xFF, 0xFF, 0xFE, 0xFF, 0xFF, 0xFE, 0xFF, 0xFF, 0xFF, 0xFE,
    0xFE, 0xFF, 0xFF, 0xFF, 0xFF, 0x00, 0xFF, 0xFF, 0xFF, 0xFF, 0xFF, 0xFF, 0xFF, 0xFF, 0xFF, 0xFF,
    0xFF, 0xFF, 0xFE, 0xFF, 0xFF, 0xFF, 0xFF, 0xFE, 0xFE, 0xFE, 0xFE, 0xFE, 0xFE, 0xFF, 0xFF, 0xFF,
    0xFF, 0xFF, 0xFF, 0xFE, 0xFE, 0xFE, 0xFF, 0xFF, 0xFF, 0xFF, 0xFF, 0xFF, 0xFE, 0xFE, 0xFE, 0xFE,
    0xFE, 0x6C, 0xA7, 0xF3, 0xA3, 0x62, 0x85, 0x5A, 0x3A, 0x55, 0x48, 0x28, 0x6A, 0x47, 0x0B, 0x05,
    0x2B, 0xCF, 0xC8, 0xE5, 0xF4, 0xA5, 0x4D, 0x12, 0x02, 0x03, 0x01, 0x00, 0x00, 0x18, 0x50, 0x74,
    0x71, 0x46, 0x0E, 0x01, 0x00, 0x06, 0x0A, 0x0E, 0x08, 0x13, 0x38, 0x1E, 0x04, 0x11, 0x2B, 0x37,
    0x4B, 0x37, 0x90, 0xEC, 0x86, 0x26, 0x72, 0xD3, 0xF9, 0xFF, 0xE2, 0x4F, 0xDF, 0xFF, 0xFF, 0xFF,
    0xFE, 0xFE, 0xFE, 0xFF, 0xFF, 0xFF, 0xFF, 0xFE, 0xFF, 0xFF, 0xFF, 0xFF, 0xFF, 0xFF, 0xFF, 0xFF,
    0xFE, 0xFE, 0xFE, 0xFF, 0xFF, 0xFF, 0xFF, 0xFF, 0xFF, 0xFF, 0xFE, 0xFE, 0xFE, 0xFF, 0xFF, 0xFF,
    0xFF, 0xFF, 0xFF, 0xFF, 0xFF, 0x00, 0xFF, 0xFF, 0xFE, 0xFF, 0xFF, 0xFF, 0xFF, 0xFF, 0xFF, 0xFF,
    0xFE, 0xFE, 0xFE, 0xFE, 0xFE, 0xFF, 0xFE, 0xFE, 0xFE, 0xFE, 0xFE, 0xFE, 0xFE, 0xFE, 0xFE, 0xFF,
    0xFE, 0xFF, 0xFF, 0xFE, 0xFE, 0xFE, 0xFE, 0xFF, 0xFE, 0xFF, 0xFF, 0xFE, 0xFF, 0xFE, 0xFE, 0xFE,
    0xFF, 0x7C, 0xAC, 0xFF, 0xEF, 0x8A, 0x46, 0x5A, 0x51, 0x2C, 0x42, 0x24, 0x57, 0x4E, 0x16, 0x05,
    0x04, 0x8D, 0xB3, 0xB3, 0xF9, 0xDD, 0x86, 0x31, 0x01, 0x02, 0x00, 0x01, 0x2D, 0x72, 0xBC, 0xF0,
    0xF9, 0xE0, 0x85, 0x14, 0x00, 0x03, 0x08, 0x04, 0x02, 0x13, 0x3B, 0x17, 0x09, 0x1C, 0x30, 0x24,
    0x40, 0x4D, 0xCA, 0xB5, 0x29, 0x6E, 0xE4, 0xFF, 0xFF, 0xFF, 0xE2, 0x75, 0xF3, 0xFF, 0xFE, 0xFE,
    0xFE, 0xFE, 0xFE, 0xFE, 0xFE, 0xFE, 0xFE, 0xFE, 0xFE, 0xFE, 0xFE, 0xFF, 0xFF, 0xFF, 0xFE, 0xFE,
    0xFE, 0xFE, 0xFE, 0xFE, 0xFF, 0xFF, 0xFF, 0xFF, 0xFE, 0xFF, 0xFE, 0xFE, 0xFE, 0xFE, 0xFF, 0xFE,
    0xFF, 0xFF, 0xFE, 0xFE, 0xFF, 0x00, 0xFF, 0xFF, 0xFF, 0xFF, 0xFF, 0xFF, 0xFF, 0xFF, 0xFF, 0xFF,
    0xFE, 0xFE, 0xFE, 0xFE, 0xFE, 0xFF, 0xFF, 0xFF, 0xFF, 0xFF, 0xFE, 0xFE, 0xFE, 0xFE, 0xFE, 0xFF,
    0xFF, 0xFF, 0xFF, 0xFF, 0xFE, 0xFE, 0xFE, 0xFF, 0xFE, 0xFE, 0xFF, 0xFF, 0xFE, 0xFE, 0xFE, 0xFE,
    0xFF, 0x95, 0xA7, 0xFF, 0xFF, 0xD3, 0x72, 0x3C, 0x4C, 0x48, 0x18, 0x1C, 0x48, 0x49, 0x1D, 0x0A,
    0x00, 0x43, 0x92, 0x7E, 0xED, 0xF9, 0xB6, 0x56, 0x05, 0x01, 0x02, 0x33, 0x76, 0x76, 0x88, 0xC6,
    0xDE, 0xDA, 0xBE, 0x69, 0x10, 0x02, 0x04, 0x04, 0x06, 0x10, 0x44, 0x1B, 0x0B, 0x2C, 0x2B, 0x2F,
    0x35, 0x72, 0xC4, 0x42, 0x69, 0xE5, 0xFF, 0xFF, 0xFF, 0xFF, 0xDA, 0x84, 0xFA, 0xFE, 0xFE, 0xFE,
    0xFE, 0xFF, 0xFF, 0xFF, 0xFF, 0xFE, 0xFE, 0xFE, 0xFE, 0xFE, 0xFE, 0xFF, 0xFF, 0xFF, 0xFF, 0xFF,
    0xFE, 0xFE, 0xFE, 0xFE, 0xFF, 0xFF, 0xFF, 0xFF, 0xFF, 0xFF, 0xFF, 0xFE, 0xFE, 0xFF, 0xFE, 0xFE,
    0xFF, 0xFF, 0xFF, 0xFF, 0xFF, 0x00, 0xFF, 0xFF, 0xFF, 0xFF, 0xFF, 0xFF, 0xFF, 0xFF, 0xFF, 0xFF,
    0xFE, 0xFE, 0xFE, 0xFE, 0xFE, 0xFF, 0xFF, 0xFF, 0xFF, 0xFE, 0xFE, 0xFE, 0xFE, 0xFE, 0xFE, 0xFF,
    0xFF, 0xFF, 0xFF, 0xFE, 0xFE, 0xFE, 0xFE, 0xFE, 0xFE, 0xFE, 0xFF, 0xFF, 0xFE, 0xFE, 0xFE, 0xFE,
    0xFF, 0xB3, 0x96, 0xFF, 0xFE, 0xFD, 0xB8, 0x6C, 0x22, 0x48, 0x26, 0x1B, 0x3F, 0x47, 0x17, 0x0C,
    0x00, 0x10, 0x5E, 0x61, 0xD0, 0xFF, 0xDC, 0x70, 0x0F, 0x03, 0x28, 0x66, 0x88, 0x62, 0x2B, 0x34,
    0x38, 0x73, 0xB0, 0xA3, 0x6D, 0x0B, 0x02, 0x03, 0x0B, 0x0C, 0x4C, 0x26, 0x04, 0x3C, 0x24, 0x43,
    0x36, 0x89, 0x64, 0x48, 0xD5, 0xE8, 0xD3, 0xD7, 0xED, 0xFF, 0xBE, 0x84, 0xFF, 0xFE, 0xFE, 0xFE,
    0xFE, 0xFE, 0xFF, 0xFF, 0xFF, 0xFF, 0xFE, 0xFE, 0xFE, 0xFE, 0xFE, 0xFF, 0xFF, 0xFF, 0xFF, 0xFF,
    0xFE, 0xFE, 0xFE, 0xFE, 0xFE, 0xFE, 0xFF, 0xFF, 0xFF, 0xFF, 0xFF, 0xFE, 0xFE, 0xFE, 0xFE, 0xFE,
    0xFF, 0xFF, 0xFE, 0xFF, 0xFF, 0x00, 0xFF, 0xFF, 0xFF, 0xFF, 0xFF, 0xFE, 0xFF, 0xFF, 0xFF, 0xFF,
    0xFE, 0xFE, 0xFE, 0xFF, 0xFE, 0xFE, 0xFF, 0xFF, 0xFF, 0xFF, 0xFF, 0xFF, 0xFE, 0xFE, 0xFE, 0xFE,
    0xFF, 0xFF, 0xFF, 0xFE, 0xFF, 0xFF, 0xFF, 0xFF, 0xFE, 0xFE, 0xFF, 0xFF, 0xFE, 0xFE, 0xFF, 0xFF,
    0xFF, 0xD4, 0x7E, 0xFC, 0xFE, 0xFF, 0xF6, 0x91, 0x53, 0x25, 0x4E, 0x14, 0x32, 0x46, 0x0D, 0x07,
    0x00, 0x01, 0x3C, 0x61, 0xB0, 0xFD, 0xE9, 0x8A, 0x37, 0x1B, 0x51, 0x80, 0xA0, 0x7D, 0x83, 0x8D,
    0x98, 0x97, 0xD6, 0xC5, 0xA8, 0x47, 0x08, 0x01, 0x05, 0x0F, 0x4E, 0x32, 0x07, 0x41, 0x20, 0x53,
    0x46, 0x66, 0x28, 0x84, 0x94, 0x5C, 0x2F, 0x36, 0x6F, 0xC5, 0x94, 0xA9, 0xFF, 0xFE, 0xFE, 0xFE,
    0xFE, 0xFE, 0xFF, 0xFF, 0xFF, 0xFF, 0xFF, 0xFF, 0xFE, 0xFE, 0xFE, 0xFF, 0xFF, 0xFF, 0xFF, 0xFF,
    0xFF, 0xFF, 0xFE, 0xFE, 0xFE, 0xFE, 0xFF, 0xFF, 0xFF, 0xFF, 0xFF, 0xFE, 0xFE, 0xFE, 0xFE, 0xFF,
    0xFF, 0xFE, 0xFF, 0xFF, 0xFF, 0x00, 0xFF, 0xFF, 0xFF, 0xFF, 0xFF, 0xFF, 0xFF, 0xFF, 0xFF, 0xFF,
    0xFF, 0xFF, 0xFF, 0xFF, 0xFF, 0xFF, 0xFF, 0xFF, 0xFF, 0xFF, 0xFF, 0xFF, 0xFF, 0xFF, 0xFF, 0xFE,
    0xFF, 0xFF, 0xFF, 0xFF, 0xFF, 0xFF, 0xFF, 0xFF, 0xFE, 0xFF, 0xFF, 0xFF, 0xFF, 0xFF, 0xFF, 0xFF,
    0xFF, 0xF3, 0x75, 0xE2, 0xFF, 0xFF, 0xFF, 0xDD, 0x68, 0x53, 0x45, 0x21, 0x1D, 0x45, 0x06, 0x03,
    0x02, 0x01, 0x3C, 0x5E, 0x79, 0xC0, 0xE8, 0xBB, 0x63, 0x2A, 0x78, 0xBB, 0xAD, 0x5E, 0x45, 0x41,
    0x57, 0x6B, 0x8B, 0xC2, 0xCC, 0x8B, 0x48, 0x01, 0x02, 0x12, 0x4E, 0x3B, 0x0C, 0x39, 0x25, 0x5B,
    0x4C, 0x2A, 0x29, 0x48, 0x32, 0x46, 0x6F, 0x7F, 0x71, 0x93, 0x61, 0xD8, 0xFF, 0xFF, 0xFF, 0xFE,
    0xFE, 0xFE, 0xFF, 0xFF, 0xFF, 0xFF, 0xFF, 0xFF, 0xFF, 0xFF, 0xFE, 0xFE, 0xFF, 0xFF, 0xFF, 0xFF,
    0xFF, 0xFF, 0xFF, 0xFE, 0xFF, 0xFF, 0xFF, 0xFF, 0xFF, 0xFF, 0xFF, 0xFF, 0xFF, 0xFF, 0xFF, 0xFF,
    0xFF, 0xFF, 0xFF, 0xFF, 0xFF, 0x00, 0xFF, 0xFF, 0xFF, 0xFF, 0xFF, 0xFE, 0xFF, 0xFF, 0xFF, 0xFF,
    0xFF, 0xFF, 0xFF, 0xFE, 0xFE, 0xFF, 0xFF, 0xFF, 0xFF, 0xFF, 0xFF, 0xFF, 0xFF, 0xFF, 0xFF, 0xFE,
    0xFE, 0xFF, 0xFF, 0xFF, 0xFF, 0xFF, 0xFF, 0xFF, 0xFE, 0xFF, 0xFF, 0xFF, 0xFF, 0xFF, 0xFF, 0xFF,
    0xFF, 0xFF, 0x98, 0xA3, 0xFF, 0xFF, 0xFF, 0xFF, 0xAB, 0x66, 0x4B, 0x2A, 0x13, 0x3C, 0x01, 0x01,
    0x02, 0x10, 0x41, 0x5D, 0x8A, 0xC5, 0xF3, 0xDC, 0x7A, 0x37, 0xAA, 0xED, 0xFF, 0xE4, 0xAA, 0x96,
    0x8B, 0xAB, 0xE3, 0xFA, 0xF3, 0xAF, 0x91, 0x24, 0x00, 0x0E, 0x4A, 0x3F, 0x11, 0x2E, 0x2E, 0x5B,
    0x4B, 0x14, 0x18, 0x20, 0x75, 0xE5, 0xFF, 0xF6, 0xB3, 0x56, 0x6E, 0xFA, 0xFF, 0xFF, 0xFF, 0xFF,
    0xFE, 0xFE, 0xFF, 0xFF, 0xFF, 0xFF, 0xFF, 0xFF, 0xFF, 0xFF, 0xFE, 0xFE, 0xFE, 0xFF, 0xFF, 0xFF,
    0xFF, 0xFF, 0xFF, 0xFE, 0xFF, 0xFE, 0xFF, 0xFF, 0xFF, 0xFF, 0xFF, 0xFF, 0xFF, 0xFF, 0xFF, 0xFE,
    0xFE, 0xFE, 0xFE, 0xFF, 0xFF, 0x00, 0xFF, 0xFF, 0xFF, 0xFF, 0xFF, 0xFE, 0xFF, 0xFF, 0xFF, 0xFF,
    0xFE, 0xFF, 0xFF, 0xFF, 0xFF, 0xFF, 0xFF, 0xFF, 0xFF, 0xFE, 0xFF, 0xFF, 0xFF, 0xFF, 0xFF, 0xFE,
    0xFF, 0xFF, 0xFF, 0xFF, 0xFF, 0xFF, 0xFF, 0xFF, 0xFF, 0xFF, 0xFF, 0xFF, 0xFF, 0xFF, 0xFF, 0xFF,
    0xFF, 0xFF, 0xE8, 0x75, 0xDA, 0xFF, 0xFF, 0xF7, 0xA0, 0x45, 0x67, 0x28, 0x0F, 0x2E, 0x04, 0x00,
    0x09, 0x43, 0x54, 0x7B, 0xC5, 0xEC, 0xFF, 0xD6, 0x6A, 0x5F, 0xDD, 0xFC, 0xFF, 0xF4, 0x9D, 0x57,
    0xB4, 0xFE, 0xFF, 0xFE, 0xFE, 0xC5, 0xA9, 0x67, 0x07, 0x0B, 0x50, 0x4E, 0x14, 0x22, 0x39, 0x67,
    0x49, 0x07, 0x22, 0x68, 0xEC, 0xFF, 0xFF, 0xFF, 0xE1, 0x3F, 0xA9, 0xFF, 0xFF, 0xFF, 0xFF, 0xFF,
    0xFE, 0xFE, 0xFF, 0xFF, 0xFF, 0xFF, 0xFF, 0xFF, 0xFF, 0xFF, 0xFF, 0xFE, 0xFE, 0xFF, 0xFF, 0xFF,
    0xFF, 0xFF, 0xFF, 0xFE, 0xFF, 0xFF, 0xFF, 0xFF, 0xFF, 0xFF, 0xFF, 0xFE, 0xFE, 0xFF, 0xFF, 0xFE,
    0xFE, 0xFE, 0xFE, 0xFF, 0xFF, 0x00, 0xFF, 0xFF, 0xFF, 0xFF, 0xFF, 0xFF, 0xFF, 0xFF, 0xFF, 0xFF,
    0xFF, 0xFF, 0xFF, 0xFF, 0xFF, 0xFF, 0xFF, 0xFE, 0xFF, 0xFF, 0xFF, 0xFF, 0xFF, 0xFF, 0xFF, 0xFF,
    0xFF, 0xFF, 0xFF, 0xFF, 0xFF, 0xFF, 0xFF, 0xFF, 0xFF, 0xFF, 0xFF, 0xFF, 0xFF, 0xFF, 0xFF, 0xFF,
    0xFF, 0xFF, 0xFF, 0xC7, 0x79, 0xD6, 0xF9, 0xA2, 0x5D, 0x7B, 0x71, 0x55, 0x16, 0x1B, 0x05, 0x06,
    0x39, 0x5F, 0x70, 0xB0, 0xE9, 0xFD, 0xFE, 0xB3, 0x4A, 0xAB, 0xFA, 0xFF, 0xF8, 0x95, 0x4E, 0x5B,
    0x55, 0xD1, 0xFF, 0xFE, 0xFF, 0xDF, 0xA7, 0x96, 0x2F, 0x03, 0x50, 0x58, 0x11, 0x14, 0x3F, 0x76,
    0x3E, 0x10, 0x48, 0x84, 0xA8, 0xF7, 0xFF, 0xFF, 0xB3, 0x6C, 0xF3, 0xFF, 0xFF, 0xFF, 0xFF, 0xFE,
    0xFE, 0xFF, 0xFF, 0xFF, 0xFF, 0xFF, 0xFF, 0xFF, 0xFF, 0xFF, 0xFF, 0xFE, 0xFF, 0xFF, 0xFF, 0xFF,
    0xFF, 0xFF, 0xFF, 0xFF, 0xFF, 0xFF, 0xFF, 0xFF, 0xFF, 0xFF, 0xFF, 0xFF, 0xFF, 0xFF, 0xFF, 0xFF,
    0xFF, 0xFE, 0xFF, 0xFF, 0xFF, 0x00, 0xFF, 0xFF, 0xFF, 0xFF, 0xFF, 0xFF, 0xFF, 0xFF, 0xFF, 0xFF,
    0xFF, 0xFF, 0xFF, 0xFF, 0xFF, 0xFF, 0xFF, 0xFF, 0xFF, 0xFF, 0xFF, 0xFF, 0xFF, 0xFF, 0xFF, 0xFF,
    0xFF, 0xFF, 0xFF, 0xFF, 0xFF, 0xFF, 0xFF, 0xFF, 0xFF, 0xFF, 0xFF, 0xFF, 0xFF, 0xFF, 0xFF, 0xFF,
    0xFF, 0xFF, 0xFF, 0xFF, 0xBC, 0x3E, 0x64, 0x6C, 0xC2, 0xF5, 0x8A, 0x78, 0x2D, 0x0E, 0x07, 0x34,
    0x5F, 0x71, 0xA3, 0xDD, 0xFC, 0xFF, 0xEB, 0x69, 0x68, 0xEB, 0xFF, 0xFF, 0xE3, 0x8E, 0xC9, 0xF4,
    0xC0, 0xB5, 0xFC, 0xFF, 0xFF, 0xFA, 0xCA, 0x8D, 0x4C, 0x00, 0x44, 0x55, 0x0C, 0x0B, 0x3C, 0x76,
    0x32, 0x29, 0x4B, 0x9E, 0x7E, 0x9C, 0xD5, 0xA5, 0x83, 0xE4, 0xFF, 0xFF, 0xFF, 0xFF, 0xFF, 0xFF,
    0xFF, 0xFF, 0xFF, 0xFF, 0xFF, 0xFF, 0xFF, 0xFF, 0xFF, 0xFF, 0xFF, 0xFF, 0xFF, 0xFF, 0xFF, 0xFF,
    0xFF, 0xFF, 0xFF, 0xFF, 0xFF, 0xFF, 0xFF, 0xFF, 0xFF, 0xFF, 0xFF, 0xFF, 0xFF, 0xFF, 0xFF, 0xFF,
    0xFF, 0xFF, 0xFF, 0xFF, 0xFF, 0x00, 0xFF, 0xFF, 0xFF, 0xFF, 0xFF, 0xFF, 0xFF, 0xFF, 0xFF, 0xFF,
    0xFF, 0xFF, 0xFF, 0xFF, 0xFF, 0xFF, 0xFF, 0xFF, 0xFE, 0xFF, 0xFF, 0xFF, 0xFF, 0xFF, 0xFF, 0xFF,
    0xFF, 0xFF, 0xFF, 0xFE, 0xFF, 0xFF, 0xFF, 0xFF, 0xFF, 0xFF, 0xFE, 0xFF, 0xFE, 0xFE, 0xFF, 0xFF,
    0xFF, 0xFF, 0xFF, 0xFF, 0xFD, 0x91, 0x2C, 0x2F, 0x77, 0x7C, 0x41, 0x66, 0x3E, 0x0D, 0x36, 0x66,
    0x7A, 0x8F, 0xC7, 0xFA, 0xFF, 0xF9, 0x93, 0x63, 0xB0, 0xFB, 0xFE, 0xFF, 0xF0, 0xC6, 0xDD, 0xFF,
    0xFC, 0xE9, 0xFD, 0xFF, 0xFE, 0xFE, 0xE9, 0x9F, 0x73, 0x07, 0x38, 0x4C, 0x07, 0x07, 0x37, 0x72,
    0x2E, 0x31, 0x5A, 0xA3, 0xA9, 0x47, 0x3C, 0x7D, 0xEC, 0xFF, 0xFF, 0xFF, 0xFF, 0xFF, 0xFE, 0xFF,
    0xFF, 0xFF, 0xFE, 0xFF, 0xFF, 0xFF, 0xFF, 0xFF, 0xFF, 0xFF, 0xFF, 0xFF, 0xFF, 0xFF, 0xFF, 0xFF,
    0xFF, 0xFF, 0xFF, 0xFF, 0xFF, 0xFF, 0xFF, 0xFF, 0xFF, 0xFF, 0xFF, 0xFF, 0xFF, 0xFF, 0xFF, 0xFF,
    0xFF, 0xFF, 0xFE, 0xFF, 0xFF, 0x00, 0xFF, 0xFF, 0xFF, 0xFF, 0xFF, 0xFF, 0xFF, 0xFF, 0xFF, 0xFF,
    0xFF, 0xFF, 0xFF, 0xFF, 0xFF, 0xFF, 0xFF, 0xFF, 0xFE, 0xFF, 0xFF, 0xFF, 0xFF, 0xFF, 0xFF, 0xFF,
    0xFF, 0xFF, 0xFF, 0xFE, 0xFF, 0xFF, 0xFF, 0xFF, 0xFF, 0xFF, 0xFF, 0xFE, 0xFE, 0xFE, 0xFF, 0xFF,
    0xFF, 0xFF, 0xFE, 0xFF, 0xFF, 0xF5, 0x8E, 0x3E, 0x3D, 0x40, 0x00, 0x41, 0x3A, 0x2E, 0x6F, 0x80,
    0x81, 0xB1, 0xEA, 0xFF, 0xF7, 0x93, 0x59, 0xC7, 0xE2, 0xF1, 0xFC, 0xFD, 0xF9, 0xC3, 0xCB, 0xFF,
    0xFB, 0xFE, 0xFF, 0xFF, 0xFE, 0xFF, 0xE7, 0xD1, 0x90, 0x17, 0x2C, 0x4F, 0x03, 0x05, 0x34, 0x70,
    0x31, 0x1F, 0x03, 0x17, 0x3B, 0x32, 0x8E, 0xF4, 0xFF, 0xFE, 0xFE, 0xFE, 0xFF, 0xFF, 0xFF, 0xFF,
    0xFF, 0xFF, 0xFF, 0xFF, 0xFF, 0xFF, 0xFF, 0xFF, 0xFF, 0xFF, 0xFF, 0xFF, 0xFF, 0xFF, 0xFF, 0xFF,
    0xFF, 0xFF, 0xFF, 0xFF, 0xFF, 0xFF, 0xFF, 0xFF, 0xFE, 0xFF, 0xFF, 0xFF, 0xFF, 0xFF, 0xFF, 0xFF,
    0xFF, 0xFF, 0xFF, 0xFF, 0xFF, 0x00, 0xFF, 0xFF, 0xFF, 0xFF, 0xFF, 0xFF, 0xFF, 0xFF, 0xFF, 0xFF,
    0xFF, 0xFF, 0xFF, 0xFF, 0xFF, 0xFF, 0xFF, 0xFF, 0xFE, 0xFF, 0xFF, 0xFF, 0xFF, 0xFF, 0xFF, 0xFF,
    0xFF, 0xFF, 0xFF, 0xFF, 0xFF, 0xFF, 0xFF, 0xFF, 0xFF, 0xFF, 0xFF, 0xFF, 0xFF, 0xFF, 0xFF, 0xFF,
    0xFF, 0xFF, 0xFF, 0xFF, 0xFF, 0xFF, 0xF0, 0x8E, 0x4C, 0x65, 0x28, 0x0F, 0x38, 0x5A, 0x6B, 0x73,
    0x86, 0xDB, 0xF1, 0xD6, 0x7E, 0x26, 0x93, 0xDE, 0xE1, 0xF5, 0xE7, 0xE2, 0xED, 0xC8, 0xDB, 0xFD,
    0xEC, 0xFC, 0xFF, 0xFF, 0xFF, 0xFF, 0xDE, 0xCE, 0x98, 0x1D, 0x26, 0x58, 0x04, 0x05, 0x2E, 0x6B,
    0x32, 0x0D, 0x0D, 0x55, 0x4E, 0x86, 0xEE, 0xFF, 0xFE, 0xFF, 0xFF, 0xFE, 0xFF, 0xFF, 0xFF, 0xFF,
    0xFF, 0xFF, 0xFF, 0xFF, 0xFF, 0xFF, 0xFF, 0xFF, 0xFF, 0xFF, 0xFF, 0xFF, 0xFF, 0xFF, 0xFF, 0xFF,
    0xFF, 0xFF, 0xFF, 0xFF, 0xFF, 0xFF, 0xFF, 0xFF, 0xFF, 0xFF, 0xFF, 0xFF, 0xFF, 0xFF, 0xFF, 0xFF,
    0xFF, 0xFF, 0xFF, 0xFF, 0xFF, 0x00, 0xFF, 0xFF, 0xFF, 0xFF, 0xFF, 0xFF, 0xFF, 0xFF, 0xFF, 0xFF,
    0xFF, 0xFF, 0xFF, 0xFF, 0xFF, 0xFF, 0xFF, 0xFF, 0xFF, 0xFF, 0xFF, 0xFF, 0xFF, 0xFF, 0xFF, 0xFF,
    0xFF, 0xFF, 0xFF, 0xFE, 0xFF, 0xFF, 0xFF, 0xFF, 0xFF, 0xFF, 0xFF, 0xFF, 0xFF, 0xFF, 0xFF, 0xFF,
    0xFF, 0xFF, 0xFF, 0xFF, 0xFF, 0xFF, 0xFF, 0xE9, 0x88, 0x4C, 0x57, 0x1B, 0x8A, 0x7D, 0x96, 0x84,
    0xC3, 0xFC, 0xE0, 0x5D, 0x1C, 0x2F, 0xB1, 0xCC, 0xA6, 0x93, 0xA1, 0x89, 0x9B, 0xAA, 0xDC, 0xF9,
    0xD6, 0xF5, 0xFB, 0xE6, 0xDC, 0xEE, 0xCF, 0xEB, 0xC2, 0x2B, 0x22, 0x58, 0x06, 0x08, 0x21, 0x61,
    0x27, 0x09, 0x3D, 0x65, 0x82, 0xF0, 0xFF, 0xFF, 0xFF, 0xFF, 0xFF, 0xFE, 0xFE, 0xFF, 0xFF, 0xFF,
    0xFF, 0xFF, 0xFF, 0xFF, 0xFF, 0xFF, 0xFF, 0xFF, 0xFF, 0xFF, 0xFF, 0xFF, 0xFF, 0xFF, 0xFF, 0xFF,
    0xFE, 0xFE, 0xFF, 0xFF, 0xFF, 0xFF, 0xFF, 0xFF, 0xFF, 0xFF, 0xFF, 0xFE, 0xFF, 0xFF, 0xFF, 0xFF,
    0xFF, 0xFF, 0xFF, 0xFF, 0xFF, 0x00, 0xFF, 0xFF, 0xFF, 0xFF, 0xFF, 0xFF, 0xFF, 0xFE, 0xFE, 0xFE,
    0xFE, 0xFF, 0xFF, 0xFF, 0xFF, 0xFF, 0xFF, 0xFF, 0xFF, 0xFE, 0xFE, 0xFE, 0xFE, 0xFF, 0xFF, 0xFF,
    0xFF, 0xFF, 0xFF, 0xFE, 0xFE, 0xFE, 0xFE, 0xFF, 0xFF, 0xFF, 0xFF, 0xFF, 0xFE, 0xFE, 0xFE, 0xFE,
    0xFE, 0xFE, 0xFE, 0xFF, 0xFF, 0xFF, 0xFE, 0xFF, 0xE3, 0x7A, 0x5D, 0x2F, 0xA6, 0xC3, 0xE1, 0xC5,
    0xFF, 0xF7, 0x9F, 0x41, 0x4E, 0x30, 0x57, 0x44, 0x66, 0x6B, 0x53, 0x57, 0x39, 0x49, 0xC7, 0xF8,
    0xC8, 0xE8, 0xB6, 0x64, 0x61, 0x75, 0x8D, 0xE5, 0xD9, 0x37, 0x14, 0x4B, 0x09, 0x0A, 0x13, 0x50,
    0x12, 0x17, 0x64, 0x71, 0xE1, 0xFF, 0xFF, 0xFE, 0xFE, 0xFE, 0xFE, 0xFE, 0xFE, 0xFE, 0xFE, 0xFF,
    0xFF, 0xFF, 0xFF, 0xFE, 0xFE, 0xFE, 0xFE, 0xFE, 0xFE, 0xFF, 0xFF, 0xFF, 0xFF, 0xFF, 0xFE, 0xFE,
    0xFE, 0xFE, 0xFE, 0xFF, 0xFF, 0xFF, 0xFF, 0xFF, 0xFF, 0xFE, 0xFE, 0xFE, 0xFE, 0xFE, 0xFF, 0xFF,
    0xFE, 0xFF, 0xFE, 0xFF, 0xFF, 0x00, 0xFF, 0xFF, 0xFF, 0xFF, 0xFE, 0xFF, 0xFF, 0xFF, 0xFE, 0xFE,
    0xFE, 0xFE, 0xFE, 0xFE, 0xFF, 0xFF, 0xFF, 0xFE, 0xFE, 0xFE, 0xFE, 0xFE, 0xFE, 0xFE, 0xFE, 0xFF,
    0xFF, 0xFF, 0xFE, 0xFE, 0xFE, 0xFE, 0xFE, 0xFE, 0xFE, 0xFF, 0xFF, 0xFF, 0xFE, 0xFE, 0xFE, 0xFE,
    0xFE, 0xFE, 0xFE, 0xFE, 0xFF, 0xFF, 0xFE, 0xFE, 0xFF, 0xD1, 0x7C, 0x46, 0x65, 0xAA, 0xC1, 0xA0,
    0xD4, 0xED, 0x79, 0x31, 0x6B, 0x2A, 0x13, 0x38, 0x63, 0x55, 0x71, 0x51, 0x2E, 0x11, 0x86, 0xDA,
    0xA7, 0xAB, 0x6A, 0x73, 0x90, 0x7C, 0x47, 0x67, 0xA3, 0x32, 0x12, 0x4A, 0x13, 0x07, 0x0C, 0x41,
    0x0B, 0x37, 0x7F, 0xBA, 0xFF, 0xFE, 0xFE, 0xFE, 0xFE, 0xFE, 0xFE, 0xFE, 0xFE, 0xFE, 0xFE, 0xFE,
    0xFE, 0xFF, 0xFF, 0xFE, 0xFE, 0xFE, 0xFE, 0xFE, 0xFE, 0xFE, 0xFF, 0xFF, 0xFF, 0xFF, 0xFF, 0xFF,
    0xFE, 0xFE, 0xFE, 0xFE, 0xFE, 0xFF, 0xFF, 0xFF, 0xFE, 0xFE, 0xFE, 0xFE, 0xFE, 0xFE, 0xFE, 0xFE,
    0xFF, 0xFF, 0xFE, 0xFE, 0xFF, 0x00, 0xFF, 0xFF, 0xFF, 0xFF, 0xFF, 0xFF, 0xFF, 0xFF, 0xFE, 0xFE,
    0xFE, 0xFE, 0xFE, 0xFF, 0xFF, 0xFF, 0xFF, 0xFE, 0xFF, 0xFE, 0xFE, 0xFE, 0xFE, 0xFE, 0xFF, 0xFF,
    0xFF, 0xFF, 0xFF, 0xFE, 0xFE, 0xFE, 0xFE, 0xFE, 0xFE, 0xFF, 0xFF, 0xFE, 0xFF, 0xFE, 0xFE, 0xFE,
    0xFE, 0xFE, 0xFE, 0xFE, 0xFE, 0xFE, 0xFE, 0xFE, 0xFE, 0xFC, 0xB3, 0x57, 0x55, 0x99, 0x97, 0xB7,
    0x90, 0xDE, 0xD1, 0x6E, 0x71, 0x17, 0x0A, 0x1B, 0x42, 0x55, 0x3D, 0x24, 0x2A, 0x21, 0x4F, 0x76,
    0x65, 0x35, 0x2B, 0x63, 0x67, 0x70, 0x70, 0x1F, 0x4D, 0x25, 0x0D, 0x4B, 0x39, 0x2E, 0x08, 0x36,
    0x16, 0x55, 0x9D, 0xF4, 0xFF, 0xFE, 0xFE, 0xFE, 0xFE, 0xFF, 0xFE, 0xFE, 0xFE, 0xFE, 0xFE, 0xFE,
    0xFE, 0xFF, 0xFF, 0xFF, 0xFE, 0xFE, 0xFE, 0xFE, 0xFE, 0xFE, 0xFE, 0xFE, 0xFF, 0xFF, 0xFF, 0xFF,
    0xFE, 0xFE, 0xFE, 0xFE, 0xFF, 0xFF, 0xFF, 0xFF, 0xFE, 0xFF, 0xFE, 0xFE, 0xFE, 0xFE, 0xFE, 0xFF,
    0xFF, 0xFF, 0xFE, 0xFF, 0xFF, 0x00, 0xFF, 0xFF, 0xFE, 0xFF, 0xFF, 0xFF, 0xFF, 0xFF, 0xFF, 0xFE,
    0xFE, 0xFE, 0xFE, 0xFE, 0xFE, 0xFF, 0xFF, 0xFF, 0xFF, 0xFF, 0xFE, 0xFE, 0xFE, 0xFE, 0xFE, 0xFE,
    0xFF, 0xFF, 0xFF, 0xFF, 0xFE, 0xFE, 0xFE, 0xFE, 0xFE, 0xFF, 0xFF, 0xFF, 0xFF, 0xFF, 0xFF, 0xFE,
    0xFE, 0xFE, 0xFE, 0xFE, 0xFF, 0xFF, 0xFF, 0xFF, 0xFE, 0xFF, 0xE1, 0x6F, 0x48, 0x8A, 0xA4, 0x9B,
    0xC8, 0x93, 0xE9, 0xB6, 0x37, 0x03, 0x13, 0x2E, 0x40, 0x49, 0x2A, 0x15, 0x38, 0x83, 0x20, 0x3B,
    0x3A, 0x37, 0x20, 0x43, 0x82, 0x6B, 0x34, 0x12, 0x2D, 0x15, 0x10, 0x4D, 0x37, 0x63, 0x0E, 0x2B,
    0x26, 0x61, 0xC8, 0xFF, 0xFE, 0xFE, 0xFE, 0xFE, 0xFE, 0xFF, 0xFE, 0xFE, 0xFE, 0xFE, 0xFE, 0xFE,
    0xFE, 0xFF, 0xFF, 0xFF, 0xFF, 0xFF, 0xFE, 0xFE, 0xFE, 0xFE, 0xFE, 0xFE, 0xFF, 0xFF, 0xFF, 0xFF,
    0xFE, 0xFE, 0xFE, 0xFE, 0xFE, 0xFE, 0xFF, 0xFF, 0xFF, 0xFF, 0xFE, 0xFE, 0xFE, 0xFE, 0xFE, 0xFF,
    0xFF, 0xFF, 0xFF, 0xFF, 0xFF, 0x00, 0xFF, 0xFF, 0xFF, 0xFF, 0xFF, 0xFF, 0xFF, 0xFF, 0xFF, 0xFF,
    0xFE, 0xFE, 0xFE, 0xFE, 0xFE, 0xFF, 0xFF, 0xFF, 0xFF, 0xFF, 0xFE, 0xFE, 0xFE, 0xFE, 0xFE, 0xFE,
    0xFF, 0xFF, 0xFF, 0xFE, 0xFF, 0xFE, 0xFE, 0xFF, 0xFE, 0xFE, 0xFF, 0xFF, 0xFF, 0xFF, 0xFF, 0xFE,
    0xFE, 0xFE, 0xFE, 0xFE, 0xFE, 0xFF, 0xFF, 0xFF, 0xFF, 0xFF, 0xF9, 0x8C, 0x3B, 0x9A, 0xA7, 0x9D,
    0xC9, 0xB2, 0x86, 0x5C, 0x0C, 0x04, 0x04, 0x18, 0x1F, 0x06, 0x06, 0x18, 0x83, 0xE6, 0x47, 0x0E,
    0x24, 0x1B, 0x17, 0x29, 0x68, 0x70, 0x4F, 0x48, 0x3A, 0x08, 0x19, 0x4D, 0x17, 0x58, 0x23, 0x26,
    0x3B, 0x82, 0xF0, 0xFF, 0xFE, 0xFE, 0xFE, 0xFE, 0xFF, 0xFF, 0xFF, 0xFF, 0xFF, 0xFE, 0xFE, 0xFE,
    0xFE, 0xFF, 0xFE, 0xFF, 0xFF, 0xFF, 0xFF, 0xFE, 0xFE, 0xFE, 0xFE, 0xFE, 0xFF, 0xFF, 0xFF, 0xFF,
    0xFF, 0xFE, 0xFE, 0xFE, 0xFE, 0xFE, 0xFF, 0xFF, 0xFF, 0xFE, 0xFF, 0xFF, 0xFE, 0xFE, 0xFF, 0xFE,
    0xFE, 0xFE, 0xFE, 0xFE, 0xFF, 0x00, 0xFF, 0xFF, 0xFF, 0xFF, 0xFE, 0xFF, 0xFF, 0xFF, 0xFF, 0xFF,
    0xFE, 0xFE, 0xFE, 0xFE, 0xFE, 0xFE, 0xFE, 0xFF, 0xFF, 0xFF, 0xFE, 0xFE, 0xFE, 0xFE, 0xFE, 0xFE,
    0xFE, 0xFF, 0xFF, 0xFF, 0xFE, 0xFE, 0xFE, 0xFE, 0xFE, 0xFE, 0xFE, 0xFF, 0xFF, 0xFF, 0xFF, 0xFF,
    0xFE, 0xFE, 0xFE, 0xFE, 0xFE, 0xFE, 0xFF, 0xFF, 0xFF, 0xFE, 0xFF, 0xB2, 0x3E, 0xA5, 0xA5, 0xCF,
    0x90, 0xC5, 0x57, 0x08, 0x16, 0x0C, 0x04, 0x02, 0x08, 0x23, 0x12, 0x10, 0x41, 0xC6, 0x90, 0x1D,
    0x1C, 0x0E, 0x14, 0x27, 0x2B, 0x60, 0x8A, 0x5B, 0x19, 0x04, 0x26, 0x41, 0x0C, 0x3B, 0x3A, 0x29,
    0x5A, 0xB1, 0xFF, 0xFE, 0xFE, 0xFE, 0xFE, 0xFE, 0xFE, 0xFE, 0xFF, 0xFF, 0xFF, 0xFE, 0xFE, 0xFE,
    0xFE, 0xFE, 0xFE, 0xFF, 0xFF, 0xFF, 0xFF, 0xFE, 0xFE, 0xFE, 0xFE, 0xFE, 0xFF, 0xFF, 0xFF, 0xFF,
    0xFF, 0xFF, 0xFE, 0xFE, 0xFE, 0xFE, 0xFE, 0xFE, 0xFE, 0xFF, 0xFF, 0xFE, 0xFE, 0xFE, 0xFE, 0xFE,
    0xFE, 0xFE, 0xFE, 0xFF, 0xFF, 0x00, 0xFF, 0xFF, 0xFF, 0xFF, 0xFF, 0xFF, 0xFF, 0xFF, 0xFF, 0xFF,
    0xFF, 0xFF, 0xFE, 0xFE, 0xFE, 0xFE, 0xFF, 0xFF, 0xFF, 0xFF, 0xFF, 0xFF, 0xFF, 0xFF, 0xFF, 0xFE,
    0xFF, 0xFF, 0xFF, 0xFF, 0xFF, 0xFF, 0xFF, 0xFF, 0xFF, 0xFE, 0xFF, 0xFF, 0xFF, 0xFF, 0xFF, 0xFF,
    0xFF, 0xFF, 0xFF, 0xFE, 0xFF, 0xFF, 0xFF, 0xFF, 0xFF, 0xFF, 0xFF, 0xD6, 0x55, 0x3E, 0x57, 0x8B,
    0x72, 0x29, 0x0E, 0x07, 0x1C, 0x18, 0x0A, 0x04, 0x01, 0x0E, 0x1B, 0x0D, 0x0A, 0x2C, 0x7E, 0x37,
    0x27, 0x16, 0x2D, 0xA4, 0xB3, 0x8A, 0x6A, 0x1F, 0x0D, 0x0E, 0x3A, 0x2F, 0x12, 0x26, 0x6F, 0x34,
    0x72, 0xD8, 0xFF, 0xFF, 0xFF, 0xFE, 0xFE, 0xFE, 0xFF, 0xFF, 0xFF, 0xFF, 0xFF, 0xFF, 0xFF, 0xFF,
    0xFE, 0xFF, 0xFF, 0xFF, 0xFF, 0xFF, 0xFF, 0xFF, 0xFF, 0xFF, 0xFE, 0xFE, 0xFF, 0xFF, 0xFF, 0xFF,
    0xFF, 0xFF, 0xFF, 0xFF, 0xFF, 0xFF, 0xFF, 0xFF, 0xFF, 0xFF, 0xFF, 0xFF, 0xFF, 0xFF, 0xFF, 0xFF,
    0xFE, 0xFF, 0xFE, 0xFF, 0xFF, 0x00, 0xFF, 0xFF, 0xFF, 0xFF, 0xFF, 0xFF, 0xFF, 0xFF, 0xFF, 0xFF,
    0xFF, 0xFF, 0xFF, 0xFF, 0xFE, 0xFE, 0xFF, 0xFF, 0xFF, 0xFF, 0xFF, 0xFF, 0xFF, 0xFF, 0xFF, 0xFF,
    0xFF, 0xFF, 0xFF, 0xFF, 0xFF, 0xFF, 0xFF, 0xFF, 0xFF, 0xFF, 0xFF, 0xFF, 0xFF, 0xFF, 0xFF, 0xFF,
    0xFF, 0xFF, 0xFF, 0xFF, 0xFF, 0xFF, 0xFF, 0xFF, 0xFF, 0xFF, 0xFF, 0xF1, 0x77, 0x25, 0x3F, 0x33,
    0x48, 0x0F, 0x06, 0x08, 0x1E, 0x26, 0x11, 0x19, 0x04, 0x03, 0x12, 0x12, 0x13, 0x14, 0x24, 0x24,
    0x2D, 0x1A, 0x22, 0x69, 0xE8, 0xCA, 0x65, 0x17, 0x15, 0x1F, 0x46, 0x20, 0x3E, 0x25, 0x8A, 0x5A,
    0x85, 0xF0, 0xFF, 0xFF, 0xFF, 0xFF, 0xFF, 0xFE, 0xFF, 0xFF, 0xFF, 0xFF, 0xFF, 0xFF, 0xFF, 0xFF,
    0xFE, 0xFF, 0xFF, 0xFF, 0xFF, 0xFF, 0xFF, 0xFF, 0xFF, 0xFF, 0xFF, 0xFE, 0xFF, 0xFF, 0xFF, 0xFF,
    0xFF, 0xFF, 0xFF, 0xFF, 0xFF, 0xFF, 0xFF, 0xFF, 0xFF, 0xFF, 0xFF, 0xFF, 0xFF, 0xFF, 0xFF, 0xFF,
    0xFF, 0xFF, 0xFF, 0xFF, 0xFF, 0x00, 0xFF, 0xFF, 0xFF, 0xFF, 0xFF, 0xFF, 0xFF, 0xFF, 0xFF, 0xFF,
    0xFF, 0xFF, 0xFF, 0xFF, 0xFF, 0xFE, 0xFF, 0xFE, 0xFF, 0xFF, 0xFF, 0xFF, 0xFF, 0xFF, 0xFF, 0xFF,
    0xFF, 0xFF, 0xFF, 0xFF, 0xFF, 0xFF, 0xFF, 0xFF, 0xFF, 0xFF, 0xFF, 0xFF, 0xFF, 0xFF, 0xFF, 0xFF,
    0xFF, 0xFF, 0xFF, 0xFF, 0xFF, 0xFF, 0xFF, 0xFF, 0xFF, 0xFF, 0xFF, 0xFD, 0x93, 0x4A, 0x40, 0x7C,
    0x45, 0x0A, 0x0A, 0x07, 0x1D, 0x36, 0x0F, 0x2E, 0x23, 0x0A, 0x0D, 0x0B, 0x1C, 0x38, 0x12, 0x07,
    0x36, 0x29, 0x3A, 0x2C, 0xB2, 0x7F, 0x1F, 0x19, 0x16, 0x3C, 0x40, 0x0C, 0x43, 0x43, 0x64, 0x75,
    0x8E, 0xFA, 0xFF, 0xFF, 0xFF, 0xFF, 0xFE, 0xFE, 0xFE, 0xFF, 0xFF, 0xFF, 0xFF, 0xFF, 0xFF, 0xFF,
    0xFE, 0xFF, 0xFF, 0xFF, 0xFF, 0xFF, 0xFF, 0xFF, 0xFF, 0xFF, 0xFF, 0xFF, 0xFF, 0xFF, 0xFF, 0xFF,
    0xFF, 0xFF, 0xFF, 0xFF, 0xFF, 0xFE, 0xFF, 0xFF, 0xFF, 0xFF, 0xFF, 0xFF, 0xFF, 0xFF, 0xFF, 0xFF,
    0xFF, 0xFE, 0xFF, 0xFF, 0xFF, 0x00, 0xFF, 0xFF, 0xFF, 0xFF, 0xFF, 0xFF, 0xFF, 0xFF, 0xFF, 0xFF,
    0xFF, 0xFF, 0xFF, 0xFF, 0xFF, 0xFF, 0xFF, 0xFF, 0xFF, 0xFF, 0xFF, 0xFF, 0xFF, 0xFF, 0xFF, 0xFF,
    0xFF, 0xFF, 0xFF, 0xFF, 0xFF, 0xFF, 0xFF, 0xFF, 0xFF, 0xFF, 0xFE, 0xFF, 0xFF, 0xFF, 0xFF, 0xFF,
    0xFF, 0xFF, 0xFF, 0xFF, 0xFF, 0xFE, 0xFE, 0xFF, 0xFF, 0xFF, 0xFF, 0xFF, 0xA1, 0x47, 0x6E, 0x4F,
    0x08, 0x0A, 0x15, 0x07, 0x18, 0x42, 0x0D, 0x14, 0x42, 0x21, 0x1F, 0x1A, 0x12, 0x42, 0x35, 0x08,
    0x3B, 0x40, 0x40, 0x2D, 0x53, 0x2E, 0x0E, 0x18, 0x2B, 0x4A, 0x32, 0x04, 0x17, 0x7F, 0x50, 0x58,
    0x87, 0xFE, 0xFF, 0xFF, 0xFF, 0xFF, 0xFF, 0xFE, 0xFE, 0xFE, 0xFF, 0xFF, 0xFF, 0xFF, 0xFF, 0xFF,
    0xFF, 0xFF, 0xFF, 0xFF, 0xFE, 0xFF, 0xFF, 0xFF, 0xFF, 0xFF, 0xFF, 0xFF, 0xFF, 0xFF, 0xFF, 0xFF,
    0xFF, 0xFF, 0xFF, 0xFF, 0xFF, 0xFF, 0xFF, 0xFF, 0xFF, 0xFF, 0xFF, 0xFF, 0xFF, 0xFF, 0xFF, 0xFF,
    0xFF, 0xFE, 0xFF, 0xFF, 0xFF, 0x00, 0xFF, 0xFF, 0xFF, 0xFF, 0xFF, 0xFE, 0xFF, 0xFF, 0xFF, 0xFF,
    0xFF, 0xFF, 0xFF, 0xFF, 0xFF, 0xFF, 0xFE, 0xFE, 0xFE, 0xFF, 0xFF, 0xFF, 0xFF, 0xFF, 0xFF, 0xFF,
    0xFF, 0xFF, 0xFF, 0xFF, 0xFF, 0xFF, 0xFF, 0xFF, 0xFF, 0xFF, 0xFE, 0xFF, 0xFF, 0xFF, 0xFF, 0xFF,
    0xFF, 0xFF, 0xFF, 0xFF, 0xFF, 0xFF, 0xFE, 0xFF, 0xFF, 0xFF, 0xFF, 0xF2, 0x7B, 0x6C, 0x51, 0x03,
    0x04, 0x07, 0x22, 0x0D, 0x0D, 0x48, 0x12, 0x0A, 0x23, 0x54, 0x27, 0x47, 0x3F, 0x2B, 0x71, 0x3D,
    0x38, 0x68, 0x42, 0x4B, 0x18, 0x11, 0x14, 0x1F, 0x47, 0x40, 0x21, 0x09, 0x03, 0x4B, 0x9D, 0x3B,
    0x85, 0xFD, 0xFF, 0xFF, 0xFF, 0xFF, 0xFF, 0xFE, 0xFF, 0xFE, 0xFF, 0xFF, 0xFF, 0xFF, 0xFF, 0xFF,
    0xFF, 0xFF, 0xFF, 0xFE, 0xFE, 0xFF, 0xFF, 0xFF, 0xFF, 0xFF, 0xFF, 0xFF, 0xFF, 0xFE, 0xFF, 0xFF,
    0xFF, 0xFF, 0xFF, 0xFF, 0xFF, 0xFF, 0xFF, 0xFF, 0xFE, 0xFF, 0xFF, 0xFF, 0xFF, 0xFF, 0xFF, 0xFF,
    0xFF, 0xFE, 0xFE, 0xFF, 0xFF, 0x00, 0xFF, 0xFF, 0xFF, 0xFF, 0xFF, 0xFF, 0xFF, 0xFF, 0xFF, 0xFF,
    0xFF, 0xFF, 0xFF, 0xFF, 0xFF, 0xFF, 0xFE, 0xFE, 0xFE, 0xFE, 0xFF, 0xFF, 0xFF, 0xFF, 0xFF, 0xFF,
    0xFF, 0xFF, 0xFF, 0xFF, 0xFF, 0xFF, 0xFF, 0xFF, 0xFF, 0xFF, 0xFF, 0xFF, 0xFE, 0xFF, 0xFF, 0xFF,
    0xFF, 0xFF, 0xFF, 0xFF, 0xFF, 0xFF, 0xFF, 0xFE, 0xFF, 0xFF, 0xFF, 0xAA, 0x52, 0x4C, 0x16, 0x01,
    0x03, 0x04, 0x22, 0x26, 0x07, 0x41, 0x2A, 0x0C, 0x22, 0x42, 0x54, 0x5A, 0x86, 0x64, 0x7F, 0xA3,
    0x59, 0xA0, 0x67, 0x6D, 0x11, 0x08, 0x2C, 0x2E, 0x5F, 0x3A, 0x19, 0x14, 0x10, 0x07, 0x6B, 0x75,
    0x66, 0xE9, 0xFF, 0xFF, 0xFF, 0xFF, 0xFF, 0xFE, 0xFF, 0xFF, 0xFF, 0xFF, 0xFF, 0xFF, 0xFF, 0xFF,
    0xFF, 0xFF, 0xFF, 0xFE, 0xFE, 0xFF, 0xFF, 0xFF, 0xFF, 0xFF, 0xFF, 0xFF, 0xFF, 0xFE, 0xFF, 0xFF,
    0xFF, 0xFF, 0xFE, 0xFE, 0xFF, 0xFF, 0xFF, 0xFF, 0xFE, 0xFF, 0xFF, 0xFF, 0xFF, 0xFF, 0xFF, 0xFF,
    0xFF, 0xFF, 0xFF, 0xFF, 0xFF, 0x00, 0xFF, 0xFF, 0xFF, 0xFF, 0xFF, 0xFF, 0xFF, 0xFF, 0xFE, 0xFF,
    0xFF, 0xFF, 0xFF, 0xFF, 0xFF, 0xFF, 0xFE, 0xFE, 0xFE, 0xFE, 0xFF, 0xFF, 0xFF, 0xFF, 0xFF, 0xFF,
    0xFF, 0xFF, 0xFF, 0xFE, 0xFE, 0xFF, 0xFF, 0xFF, 0xFF, 0xFF, 0xFF, 0xFF, 0xFE, 0xFE, 0xFF, 0xFF,
    0xFF, 0xFF, 0xFF, 0xFF, 0xFF, 0xFF, 0xFE, 0xFE, 0xFF, 0xFF, 0xE0, 0x5B, 0x7D, 0x58, 0x1D, 0x08,
    0x04, 0x04, 0x13, 0x4A, 0x19, 0x2B, 0x51, 0x16, 0x32, 0x5B, 0x6F, 0x77, 0xBE, 0xCE, 0x91, 0xD4,
    0x9F, 0xC8, 0xAB, 0x8A, 0x21, 0x24, 0x42, 0x61, 0x69, 0x32, 0x30, 0x2D, 0x2B, 0x0B, 0x24, 0x7B,
    0x7C, 0xB4, 0xFF, 0xFF, 0xFF, 0xFF, 0xFF, 0xFF, 0xFF, 0xFF, 0xFF, 0xFE, 0xFF, 0xFF, 0xFF, 0xFF,
    0xFF, 0xFF, 0xFF, 0xFE, 0xFE, 0xFF, 0xFF, 0xFF, 0xFF, 0xFF, 0xFF, 0xFF, 0xFF, 0xFF, 0xFE, 0xFE,
    0xFE, 0xFF, 0xFE, 0xFF, 0xFF, 0xFF, 0xFF, 0xFF, 0xFF, 0xFF, 0xFF, 0xFF, 0xFF, 0xFF, 0xFF, 0xFF,
    0xFF, 0xFF, 0xFF, 0xFF, 0xFF, 0x00, 0xFF, 0xFF, 0xFF, 0xFF, 0xFF, 0xFF, 0xFF, 0xFF, 0xFE, 0xFE,
    0xFF, 0xFF, 0xFE, 0xFE, 0xFF, 0xFF, 0xFF, 0xFE, 0xFE, 0xFE, 0xFE, 0xFE, 0xFE, 0xFF, 0xFF, 0xFF,
    0xFF, 0xFF, 0xFF, 0xFE, 0xFE, 0xFE, 0xFF, 0xFF, 0xFF, 0xFF, 0xFF, 0xFF, 0xFE, 0xFE, 0xFE, 0xFE,
    0xFF, 0xFF, 0xFF, 0xFF, 0xFF, 0xFE, 0xFE, 0xFE, 0xFE, 0xFF, 0xB2, 0x9F, 0xED, 0x8A, 0x3C, 0x17,
    0x08, 0x02, 0x05, 0x3F, 0x45, 0x27, 0x58, 0x34, 0x25, 0x89, 0xA8, 0x99, 0xD9, 0xFF, 0xD3, 0xC8,
    0xC8, 0xEC, 0xDA, 0xAB, 0x3D, 0x5C, 0x6E, 0x92, 0x75, 0x22, 0x57, 0x52, 0x38, 0x11, 0x47, 0x5A,
    0x94, 0x9F, 0xEB, 0xFF, 0xFF, 0xFF, 0xFF, 0xFE, 0xFF, 0xFE, 0xFF, 0xFE, 0xFE, 0xFE, 0xFF, 0xFF,
    0xFF, 0xFF, 0xFF, 0xFE, 0xFE, 0xFE, 0xFE, 0xFF, 0xFF, 0xFF, 0xFF, 0xFF, 0xFF, 0xFE, 0xFE, 0xFE,
    0xFE, 0xFE, 0xFE, 0xFE, 0xFF, 0xFF, 0xFF, 0xFF, 0xFE, 0xFE, 0xFF, 0xFE, 0xFE, 0xFE, 0xFF, 0xFF,
    0xFF, 0xFE, 0xFF, 0xFF, 0xFF, 0x00, 0xFF, 0xFF, 0xFF, 0xFF, 0xFF, 0xFF, 0xFF, 0xFF, 0xFE, 0xFE,
    0xFE, 0xFE, 0xFE, 0xFE, 0xFF, 0xFF, 0xFE, 0xFE, 0xFE, 0xFE, 0xFE, 0xFE, 0xFE, 0xFE, 0xFF, 0xFF,
    0xFE, 0xFF, 0xFE, 0xFE, 0xFE, 0xFE, 0xFE, 0xFF, 0xFF, 0xFF, 0xFF, 0xFF, 0xFF, 0xFE, 0xFE, 0xFE,
    0xFE, 0xFF, 0xFF, 0xFF, 0xFF, 0xFF, 0xFE, 0xFE, 0xFE, 0xFE, 0xE8, 0xF9, 0xFC, 0x99, 0x78, 0x34,
    0x0C, 0x13, 0x10, 0x15, 0x52, 0x33, 0x3A, 0x63, 0x28, 0x67, 0xD6, 0xBB, 0xD1, 0xE4, 0xD1, 0xC5,
    0xA5, 0xCD, 0xC0, 0xBF, 0x4C, 0x72, 0x95, 0x93, 0x6E, 0x09, 0x27, 0x40, 0x31, 0x25, 0x73, 0x94,
    0xD2, 0x97, 0xB8, 0xFF, 0xFF, 0xFF, 0xFF, 0xFF, 0xFE, 0xFE, 0xFE, 0xFE, 0xFE, 0xFE, 0xFE, 0xFF,
    0xFE, 0xFF, 0xFF, 0xFE, 0xFE, 0xFE, 0xFE, 0xFE, 0xFE, 0xFF, 0xFF, 0xFF, 0xFF, 0xFE, 0xFE, 0xFE,
    0xFE, 0xFE, 0xFE, 0xFE, 0xFF, 0xFF, 0xFF, 0xFF, 0xFE, 0xFE, 0xFE, 0xFE, 0xFE, 0xFE, 0xFF, 0xFE,
    0xFF, 0xFE, 0xFE, 0xFF, 0xFF, 0x00, 0xFF, 0xFF, 0xFF, 0xFF, 0xFE, 0xFF, 0xFF, 0xFF, 0xFF, 0xFE,
    0xFE, 0xFE, 0xFE, 0xFF, 0xFF, 0xFF, 0xFE, 0xFE, 0xFE, 0xFE, 0xFE, 0xFE, 0xFE, 0xFF, 0xFF, 0xFF,
    0xFF, 0xFF, 0xFF, 0xFE, 0xFE, 0xFE, 0xFE, 0xFE, 0xFE, 0xFF, 0xFF, 0xFF, 0xFF, 0xFE, 0xFE, 0xFE,
    0xFE, 0xFE, 0xFF, 0xFF, 0xFF, 0xFF, 0xFF, 0xFE, 0xFF, 0xFE, 0xFF, 0xFE, 0xFF, 0xAD, 0xA0, 0x51,
    0x23, 0x12, 0x04, 0x1C, 0x39, 0x4A, 0x2A, 0x5F, 0x5D, 0x4B, 0xA1, 0xE2, 0xC7, 0xAC, 0x96, 0xC8,
    0x84, 0x7C, 0x8F, 0xAC, 0x32, 0x68, 0x7B, 0x96, 0x2A, 0x00, 0x09, 0x26, 0x20, 0x5C, 0x9B, 0xB0,
    0xFF, 0xE5, 0xD1, 0xFF, 0xFE, 0xFE, 0xFF, 0xFE, 0xFE, 0xFF, 0xFF, 0xFE, 0xFE, 0xFE, 0xFE, 0xFF,
    0xFF, 0xFF, 0xFF, 0xFE, 0xFE, 0xFF, 0xFE, 0xFE, 0xFE, 0xFF, 0xFF, 0xFF, 0xFF, 0xFF, 0xFE, 0xFE,
    0xFE, 0xFE, 0xFE, 0xFE, 0xFF, 0xFF, 0xFF, 0xFF, 0xFF, 0xFE, 0xFE, 0xFE, 0xFE, 0xFE, 0xFE, 0xFE,
    0xFF, 0xFE, 0xFF, 0xFE, 0xFF, 0x00, 0xFF, 0xFF, 0xFF, 0xFF, 0xFF, 0xFF, 0xFF, 0xFF, 0xFF, 0xFE,
    0xFE, 0xFE, 0xFE, 0xFE, 0xFE, 0xFE, 0xFF, 0xFE, 0xFE, 0xFE, 0xFE, 0xFE, 0xFE, 0xFE, 0xFF, 0xFF,
    0xFF, 0xFF, 0xFF, 0xFE, 0xFE, 0xFE, 0xFE, 0xFE, 0xFE, 0xFF, 0xFF, 0xFF, 0xFF, 0xFE, 0xFE, 0xFE,
    0xFE, 0xFE, 0xFF, 0xFF, 0xFF, 0xFF, 0xFF, 0xFE, 0xFE, 0xFE, 0xFE, 0xFE, 0xFF, 0xCB, 0x90, 0x40,
    0x22, 0x06, 0x26, 0x7D, 0x82, 0x58, 0x3F, 0x40, 0xAB, 0x53, 0x5E, 0x9D, 0x94, 0x90, 0x63, 0xA7,
    0x91, 0x3F, 0x69, 0x84, 0x21, 0x41, 0x6D, 0x5F, 0x0F, 0x07, 0x02, 0x1B, 0x35, 0x71, 0x9C, 0xCA,
    0xFF, 0xFF, 0xFF, 0xFE, 0xFE, 0xFE, 0xFE, 0xFE, 0xFE, 0xFF, 0xFE, 0xFE, 0xFE, 0xFE, 0xFE, 0xFE,
    0xFE, 0xFF, 0xFF, 0xFE, 0xFE, 0xFF, 0xFE, 0xFE, 0xFE, 0xFE, 0xFE, 0xFE, 0xFF, 0xFF, 0xFE, 0xFE,
    0xFE, 0xFE, 0xFE, 0xFE, 0xFE, 0xFF, 0xFF, 0xFF, 0xFF, 0xFF, 0xFE, 0xFE, 0xFE, 0xFE, 0xFE, 0xFF,
    0xFF, 0xFE, 0xFF, 0xFF, 0xFF, 0x00, 0xFF, 0xFF, 0xFF, 0xFF, 0xFF, 0xFF, 0xFF, 0xFF, 0xFF, 0xFF,
    0xFE, 0xFE, 0xFE, 0xFE, 0xFE, 0xFF, 0xFF, 0xFF, 0xFF, 0xFF, 0xFE, 0xFE, 0xFE, 0xFE, 0xFE, 0xFF,
    0xFF, 0xFF, 0xFF, 0xFE, 0xFE, 0xFE, 0xFE, 0xFE, 0xFE, 0xFF, 0xFF, 0xFF, 0xFF, 0xFF, 0xFF, 0xFE,
    0xFE, 0xFE, 0xFF, 0xFE, 0xFF, 0xFF, 0xFF, 0xFE, 0xFF, 0xFE, 0xFE, 0xFE, 0xFF, 0xE8, 0x5F, 0x2E,
    0x0B, 0x23, 0x99, 0xBE, 0xA6, 0x32, 0x68, 0x54, 0x80, 0xBC, 0x58, 0x5B, 0x3E, 0x57, 0x41, 0x61,
    0x88, 0x17, 0x4F, 0x46, 0x0B, 0x24, 0x4F, 0x1A, 0x47, 0x2E, 0x0F, 0x0A, 0x34, 0x5F, 0x77, 0xE3,
    0xFF, 0xFE, 0xFE, 0xFE, 0xFE, 0xFE, 0xFE, 0xFE, 0xFE, 0xFF, 0xFF, 0xFE, 0xFE, 0xFE, 0xFE, 0xFE,
    0xFE, 0xFF, 0xFF, 0xFF, 0xFF, 0xFF, 0xFF, 0xFE, 0xFE, 0xFE, 0xFE, 0xFE, 0xFF, 0xFF, 0xFF, 0xFF,
    0xFE, 0xFE, 0xFE, 0xFE, 0xFE, 0xFF, 0xFF, 0xFF, 0xFF, 0xFF, 0xFE, 0xFE, 0xFE, 0xFE, 0xFE, 0xFE,
    0xFF, 0xFF, 0xFF, 0xFF, 0xFF, 0x00, 0xFF, 0xFF, 0xFF, 0xFF, 0xFF, 0xFF, 0xFF, 0xFF, 0xFF, 0xFF,
    0xFF, 0xFE, 0xFE, 0xFE, 0xFE, 0xFF, 0xFF, 0xFF, 0xFF, 0xFF, 0xFF, 0xFE, 0xFE, 0xFE, 0xFE, 0xFE,
    0xFF, 0xFF, 0xFF, 0xFF, 0xFF, 0xFE, 0xFE, 0xFE, 0xFE, 0xFE, 0xFF, 0xFF, 0xFF, 0xFF, 0xFF, 0xFF,
    0xFE, 0xFE, 0xFE, 0xFE, 0xFF, 0xFF, 0xFF, 0xFF, 0xFF, 0xFE, 0xFE, 0xFF, 0xFF, 0xE1, 0x58, 0x17,
    0x18, 0x9F, 0xD4, 0xBB, 0x73, 0x29, 0x25, 0x72, 0x7C, 0xB1, 0xC7, 0x60, 0x2B, 0x22, 0x37, 0x3D,
    0x65, 0x11, 0x3B, 0x11, 0x07, 0x19, 0x0D, 0x26, 0x9C, 0x86, 0x47, 0x23, 0x1A, 0x4B, 0x5C, 0xF5,
    0xFF, 0xFE, 0xFE, 0xFE, 0xFE, 0xFE, 0xFE, 0xFF, 0xFF, 0xFF, 0xFF, 0xFF, 0xFE, 0xFE, 0xFE, 0xFE,
    0xFE, 0xFF, 0xFF, 0xFF, 0xFF, 0xFF, 0xFF, 0xFE, 0xFE, 0xFE, 0xFF, 0xFF, 0xFF, 0xFF, 0xFF, 0xFF,
    0xFF, 0xFF, 0xFE, 0xFE, 0xFF, 0xFE, 0xFF, 0xFF, 0xFF, 0xFF, 0xFF, 0xFE, 0xFE, 0xFE, 0xFF, 0xFF,
    0xFE, 0xFE, 0xFF, 0xFF, 0xFF, 0x00, 0xFF, 0xFE, 0xFF, 0xFF, 0xFF, 0xFF, 0xFF, 0xFF, 0xFF, 0xFF,
    0xFF, 0xFE, 0xFE, 0xFE, 0xFE, 0xFE, 0xFF, 0xFE, 0xFF, 0xFF, 0xFF, 0xFE, 0xFE, 0xFE, 0xFE, 0xFE,
    0xFE, 0xFF, 0xFF, 0xFF, 0xFF, 0xFE, 0xFE, 0xFE, 0xFE, 0xFE, 0xFF, 0xFF, 0xFF, 0xFF, 0xFF, 0xFF,
    0xFE, 0xFE, 0xFE, 0xFE, 0xFF, 0xFF, 0xFE, 0xFF, 0xFF, 0xFF, 0xFF, 0xFE, 0xFF, 0xC5, 0x51, 0x09,
    0x62, 0xD7, 0xB1, 0x60, 0x10, 0x10, 0x27, 0x1C, 0x5D, 0xAB, 0xD7, 0xCE, 0x76, 0x31, 0x1F, 0x1D,
    0x32, 0x1A, 0x18, 0x05, 0x07, 0x0D, 0x3D, 0x6B, 0x5D, 0xB0, 0xB6, 0x69, 0x23, 0x4E, 0x80, 0xF1,
    0xFF, 0xFE, 0xFE, 0xFF, 0xFE, 0xFE, 0xFE, 0xFE, 0xFF, 0xFF, 0xFF, 0xFE, 0xFF, 0xFE, 0xFE, 0xFE,
    0xFE, 0xFE, 0xFE, 0xFF, 0xFE, 0xFF, 0xFF, 0xFE, 0xFE, 0xFE, 0xFE, 0xFE, 0xFF, 0xFF, 0xFF, 0xFF,
    0xFE, 0xFF, 0xFE, 0xFE, 0xFE, 0xFE, 0xFF, 0xFF, 0xFF, 0xFF, 0xFF, 0xFE, 0xFE, 0xFE, 0xFE, 0xFE,
    0xFE, 0xFE, 0xFF, 0xFF, 0xFF, 0x00, 0xFF, 0xFE, 0xFE, 0xFF, 0xFF, 0xFF, 0xFE, 0xFF, 0xFF, 0xFF,
    0xFF, 0xFF, 0xFE, 0xFE, 0xFE, 0xFE, 0xFF, 0xFF, 0xFF, 0xFF, 0xFF, 0xFE, 0xFE, 0xFE, 0xFE, 0xFE,
    0xFE, 0xFF, 0xFF, 0xFF, 0xFF, 0xFE, 0xFF, 0xFF, 0xFE, 0xFE, 0xFF, 0xFF, 0xFF, 0xFF, 0xFF, 0xFF,
    0xFF, 0xFE, 0xFE, 0xFE, 0xFE, 0xFF, 0xFF, 0xFF, 0xFF, 0xFF, 0xFF, 0xFF, 0xFF, 0xB6, 0x49, 0x1F,
    0xAD, 0xAD, 0x6A, 0x47, 0x2C, 0x00, 0x15, 0x42, 0x2A, 0x39, 0x7C, 0xA0, 0x94, 0x68, 0x21, 0x18,
    0x2A, 0x1D, 0x09, 0x28, 0x53, 0x7F, 0xAC, 0x5D, 0x15, 0x3F, 0xAF, 0xB5, 0x37, 0x1F, 0x63, 0xDA,
    0xFF, 0xFE, 0xFF, 0xFF, 0xFF, 0xFE, 0xFE, 0xFE, 0xFF, 0xFF, 0xFF, 0xFF, 0xFF, 0xFF, 0xFF, 0xFF,
    0xFE, 0xFE, 0xFE, 0xFF, 0xFF, 0xFF, 0xFF, 0xFF, 0xFE, 0xFF, 0xFE, 0xFE, 0xFF, 0xFF, 0xFF, 0xFF,
    0xFF, 0xFF, 0xFE, 0xFE, 0xFE, 0xFE, 0xFF, 0xFF, 0xFF, 0xFF, 0xFF, 0xFF, 0xFE, 0xFF, 0xFF, 0xFE,
    0xFE, 0xFE, 0xFF, 0xFF, 0xFF, 0x00, 0xFF, 0xFF, 0xFF, 0xFF, 0xFF, 0xFF, 0xFF, 0xFF, 0xFF, 0xFF,
    0xFF, 0xFF, 0xFF, 0xFF, 0xFE, 0xFE, 0xFE, 0xFF, 0xFF, 0xFF, 0xFF, 0xFF, 0xFF, 0xFE, 0xFF, 0xFE,
    0xFF, 0xFF, 0xFF, 0xFF, 0xFF, 0xFF, 0xFF, 0xFF, 0xFF, 0xFF, 0xFF, 0xFF, 0xFF, 0xFF, 0xFF, 0xFF,
    0xFF, 0xFF, 0xFF, 0xFF, 0xFF, 0xFF, 0xFF, 0xFF, 0xFF, 0xFF, 0xFF, 0xFF, 0xFF, 0xB5, 0x3C, 0x54,
    0xBF, 0x7B, 0x8A, 0x41, 0x2B, 0x20, 0x0D, 0x4A, 0x91, 0x92, 0x70, 0x74, 0x6D, 0x45, 0x20, 0x46,
    0x45, 0x31, 0x63, 0x9E, 0xC8, 0xE2, 0xAE, 0x56, 0x69, 0x3E, 0x33, 0xB2, 0x82, 0x1F, 0x7C, 0xD3,
    0xFF, 0xFF, 0xFF, 0xFF, 0xFF, 0xFE, 0xFE, 0xFE, 0xFF, 0xFF, 0xFF, 0xFF, 0xFF, 0xFF, 0xFF, 0xFF,
    0xFE, 0xFF, 0xFF, 0xFF, 0xFF, 0xFF, 0xFF, 0xFF, 0xFF, 0xFF, 0xFF, 0xFE, 0xFF, 0xFF, 0xFF, 0xFF,
    0xFF, 0xFF, 0xFF, 0xFE, 0xFF, 0xFF, 0xFF, 0xFF, 0xFF, 0xFF, 0xFF, 0xFF, 0xFF, 0xFF, 0xFF, 0xFF,
    0xFE, 0xFE, 0xFE, 0xFF, 0xFF, 0x00, 0xFF, 0xFF, 0xFF, 0xFF, 0xFE, 0xFE, 0xFE, 0xFF, 0xFE, 0xFF,
    0xFF, 0xFF, 0xFF, 0xFF, 0xFE, 0xFE, 0xFE, 0xFE, 0xFF, 0xFF, 0xFF, 0xFF, 0xFF, 0xFF, 0xFF, 0xFE,
    0xFF, 0xFF, 0xFF, 0xFE, 0xFF, 0xFF, 0xFF, 0xFF, 0xFF, 0xFF, 0xFF, 0xFF, 0xFF, 0xFF, 0xFF, 0xFF,
    0xFF, 0xFF, 0xFF, 0xFE, 0xFE, 0xFF, 0xFF, 0xFF, 0xFF, 0xFF, 0xFF, 0xFF, 0xFF, 0xBF, 0x40, 0x71,
    0x88, 0x80, 0x5A, 0x63, 0x1C, 0x2D, 0x4A, 0x78, 0xC8, 0xEB, 0xC5, 0x87, 0x58, 0x28, 0x12, 0x6A,
    0x47, 0x2A, 0x6E, 0x95, 0xDD, 0xFE, 0xE0, 0xB1, 0x80, 0x27, 0x02, 0x5E, 0x98, 0x32, 0x77, 0xD0,
    0xFF, 0xFF, 0xFF, 0xFF, 0xFF, 0xFE, 0xFE, 0xFF, 0xFF, 0xFE, 0xFF, 0xFF, 0xFF, 0xFF, 0xFF, 0xFF,
    0xFE, 0xFF, 0xFE, 0xFF, 0xFE, 0xFF, 0xFF, 0xFF, 0xFF, 0xFF, 0xFF, 0xFE, 0xFE, 0xFF, 0xFF, 0xFF,
    0xFF, 0xFF, 0xFE, 0xFE, 0xFF, 0xFE, 0xFF, 0xFE, 0xFE, 0xFF, 0xFF, 0xFF, 0xFE, 0xFE, 0xFF, 0xFF,
    0xFE, 0xFE, 0xFE, 0xFE, 0xFF, 0x00, 0xFF, 0xFF, 0xFF, 0xFF, 0xFF, 0xFE, 0xFF, 0xFF, 0xFF, 0xFF,
    0xFF, 0xFF, 0xFF, 0xFF, 0xFF, 0xFF, 0xFE, 0xFE, 0xFE, 0xFF, 0xFF, 0xFF, 0xFF, 0xFF, 0xFF, 0xFE,
    0xFE, 0xFE, 0xFF, 0xFF, 0xFF, 0xFF, 0xFF, 0xFF, 0xFF, 0xFF, 0xFF, 0xFE, 0xFF, 0xFF, 0xFF, 0xFF,
    0xFF, 0xFF, 0xFF, 0xFF, 0xFF, 0xFE, 0xFF, 0xFF, 0xFF, 0xFF, 0xFF, 0xFF, 0xFF, 0xDA, 0x63, 0x79,
    0x76, 0x59, 0x44, 0x2F, 0x42, 0x29, 0x57, 0x8D, 0xAF, 0xD2, 0xBF, 0x6A, 0x1B, 0x05, 0x0F, 0x76,
    0x3E, 0x01, 0x08, 0x2C, 0x92, 0xBD, 0xBC, 0xAD, 0x51, 0x12, 0x07, 0x4C, 0x8C, 0x43, 0x8E, 0xE1,
    0xFF, 0xFF, 0xFF, 0xFF, 0xFF, 0xFF, 0xFF, 0xFE, 0xFF, 0xFF, 0xFF, 0xFF, 0xFF, 0xFF, 0xFF, 0xFF,
    0xFF, 0xFF, 0xFF, 0xFF, 0xFE, 0xFF, 0xFF, 0xFF, 0xFF, 0xFF, 0xFF, 0xFE, 0xFE, 0xFF, 0xFF, 0xFF,
    0xFE, 0xFF, 0xFF, 0xFF, 0xFF, 0xFE, 0xFF, 0xFF, 0xFF, 0xFF, 0xFF, 0xFF, 0xFF, 0xFF, 0xFF, 0xFE,
    0xFE, 0xFE, 0xFE, 0xFE, 0xFF, 0x00, 0xFF, 0xFF, 0xFF, 0xFF, 0xFF, 0xFF, 0xFF, 0xFF, 0xFE, 0xFF,
    0xFF, 0xFF, 0xFF, 0xFF, 0xFF, 0xFF, 0xFE, 0xFE, 0xFE, 0xFF, 0xFF, 0xFF, 0xFF, 0xFF, 0xFF, 0xFE,
    0xFE, 0xFF, 0xFF, 0xFF, 0xFF, 0xFF, 0xFF, 0xFF, 0xFF, 0xFF, 0xFF, 0xFE, 0xFE, 0xFF, 0xFF, 0xFF,
    0xFF, 0xFF, 0xFF, 0xFF, 0xFF, 0xFE, 0xFE, 0xFF, 0xFF, 0xFF, 0xFF, 0xFF, 0xFF, 0xF5, 0x84, 0x8F,
    0xBB, 0x87, 0x37, 0x24, 0x31, 0x50, 0x66, 0x8F, 0xD3, 0xB7, 0x81, 0x46, 0x1A, 0x08, 0x09, 0x78,
    0x4F, 0x0A, 0x1F, 0x55, 0xB1, 0xD5, 0xCC, 0xA4, 0x53, 0x0E, 0x21, 0x59, 0x80, 0x5F, 0x9D, 0xF4,
    0xFF, 0xFF, 0xFF, 0xFF, 0xFF, 0xFF, 0xFF, 0xFE, 0xFF, 0xFF, 0xFF, 0xFF, 0xFF, 0xFF, 0xFF, 0xFF,
    0xFF, 0xFF, 0xFE, 0xFE, 0xFE, 0xFF, 0xFF, 0xFF, 0xFF, 0xFF, 0xFF, 0xFF, 0xFF, 0xFF, 0xFE, 0xFF,
    0xFF, 0xFF, 0xFF, 0xFF, 0xFF, 0xFF, 0xFF, 0xFF, 0xFF, 0xFF, 0xFF, 0xFF, 0xFF, 0xFF, 0xFF, 0xFF,
    0xFE, 0xFE, 0xFE, 0xFF, 0xFF, 0x00, 0xFF, 0xFF, 0xFF, 0xFF, 0xFF, 0xFE, 0xFF, 0xFF, 0xFF, 0xFF,
    0xFF, 0xFF, 0xFF, 0xFF, 0xFF, 0xFF, 0xFE, 0xFE, 0xFE, 0xFF, 0xFF, 0xFF, 0xFF, 0xFF, 0xFF, 0xFF,
    0xFE, 0xFE, 0xFF, 0xFF, 0xFF, 0xFF, 0xFF, 0xFF, 0xFF, 0xFF, 0xFE, 0xFE, 0xFE, 0xFF, 0xFF, 0xFF,
    0xFF, 0xFF, 0xFF, 0xFF, 0xFF, 0xFE, 0xFE, 0xFF, 0xFF, 0xFF, 0xFF, 0xFF, 0xFF, 0xFF, 0xC9, 0xB8,
    0xC7, 0xE8, 0x77, 0x3E, 0x2F, 0x30, 0x59, 0xAE, 0xD8, 0xDD, 0xAB, 0x6C, 0x3B, 0x19, 0x0F, 0x4C,
    0x25, 0x11, 0x47, 0x86, 0xC3, 0xD2, 0xDB, 0xC6, 0x57, 0x1A, 0x47, 0xA7, 0x83, 0x86, 0xC2, 0xFF,
    0xFF, 0xFF, 0xFF, 0xFF, 0xFE, 0xFF, 0xFF, 0xFF, 0xFF, 0xFF, 0xFE, 0xFF, 0xFF, 0xFF, 0xFF, 0xFF,
    0xFF, 0xFF, 0xFE, 0xFF, 0xFE, 0xFF, 0xFF, 0xFF, 0xFF, 0xFF, 0xFF, 0xFF, 0xFF, 0xFF, 0xFE, 0xFF,
    0xFF, 0xFF, 0xFF, 0xFF, 0xFF, 0xFF, 0xFF, 0xFE, 0xFE, 0xFF, 0xFF, 0xFF, 0xFE, 0xFE, 0xFF, 0xFE,
    0xFE, 0xFE, 0xFE, 0xFF, 0xFF, 0x00, 0xFF, 0xFF, 0xFF, 0xFF, 0xFF, 0xFF, 0xFE, 0xFF, 0xFE, 0xFE,
    0xFF, 0xFF, 0xFF, 0xFF, 0xFF, 0xFF, 0xFE, 0xFE, 0xFE, 0xFE, 0xFE, 0xFF, 0xFF, 0xFF, 0xFF, 0xFF,
    0xFF, 0xFF, 0xFF, 0xFE, 0xFF, 0xFF, 0xFF, 0xFF, 0xFF, 0xFF, 0xFF, 0xFE, 0xFE, 0xFE, 0xFE, 0xFF,
    0xFF, 0xFF, 0xFF, 0xFF, 0xFF, 0xFE, 0xFE, 0xFE, 0xFF, 0xFF, 0xFF, 0xFF, 0xFF, 0xFF, 0xF5, 0xC7,
    0xB4, 0xF6, 0xE4, 0x80, 0x44, 0x3F, 0x57, 0x87, 0xBB, 0xB1, 0x8F, 0x79, 0x4B, 0x13, 0x1B, 0x32,
    0x09, 0x06, 0x19, 0x43, 0x8E, 0xD3, 0xD4, 0xA4, 0x58, 0x4C, 0xC1, 0xCD, 0x9E, 0xAD, 0xEA, 0xFF,
    0xFE, 0xFE, 0xFF, 0xFF, 0xFF, 0xFF, 0xFF, 0xFE, 0xFF, 0xFE, 0xFE, 0xFE, 0xFE, 0xFE, 0xFF, 0xFF,
    0xFF, 0xFF, 0xFF, 0xFF, 0xFE, 0xFE, 0xFF, 0xFF, 0xFF, 0xFF, 0xFF, 0xFF, 0xFF, 0xFF, 0xFE, 0xFE,
    0xFE, 0xFF, 0xFF, 0xFF, 0xFF, 0xFF, 0xFF, 0xFF, 0xFF, 0xFE, 0xFE, 0xFE, 0xFF, 0xFF, 0xFF, 0xFF,
    0xFE, 0xFE, 0xFE, 0xFF, 0xFF, 0x00, 0xFF, 0xFF, 0xFF, 0xFF, 0xFF, 0xFF, 0xFF, 0xFF, 0xFF, 0xFF,
    0xFF, 0xFF, 0xFF, 0xFF, 0xFF, 0xFF, 0xFF, 0xFF, 0xFE, 0xFE, 0xFF, 0xFF, 0xFF, 0xFF, 0xFF, 0xFF,
    0xFF, 0xFF, 0xFF, 0xFE, 0xFF, 0xFF, 0xFF, 0xFF, 0xFF, 0xFF, 0xFF, 0xFF, 0xFF, 0xFF, 0xFF, 0xFF,
    0xFF, 0xFF, 0xFF, 0xFF, 0xFF, 0xFF, 0xFF, 0xFF, 0xFF, 0xFF, 0xFF, 0xFF, 0xFF, 0xFF, 0xFF, 0xEC,
    0xB6, 0xEB, 0xFF, 0xEE, 0x93, 0x69, 0x7F, 0x9A, 0xCB, 0xEA, 0xCD, 0x9D, 0x5D, 0x3C, 0x20, 0x16,
    0x28, 0x25, 0x58, 0x7F, 0xC1, 0xEB, 0xD5, 0x7D, 0x6E, 0xD3, 0xFD, 0xC1, 0xBC, 0xD2, 0xFF, 0xFF,
    0xFF, 0xFF, 0xFF, 0xFF, 0xFF, 0xFF, 0xFF, 0xFF, 0xFF, 0xFF, 0xFF, 0xFF, 0xFF, 0xFF, 0xFF, 0xFF,
    0xFF, 0xFF, 0xFF, 0xFE, 0xFE, 0xFF, 0xFF, 0xFF, 0xFF, 0xFF, 0xFF, 0xFF, 0xFF, 0xFF, 0xFF, 0xFE,
    0xFF, 0xFF, 0xFF, 0xFF, 0xFF, 0xFF, 0xFF, 0xFF, 0xFF, 0xFF, 0xFF, 0xFF, 0xFF, 0xFF, 0xFF, 0xFF,
    0xFF, 0xFF, 0xFF, 0xFF, 0xFF, 0x00, 0xFF, 0xFF, 0xFF, 0xFF, 0xFF, 0xFF, 0xFF, 0xFF, 0xFE, 0xFF,
    0xFE, 0xFE, 0xFE, 0xFE, 0xFF, 0xFF, 0xFF, 0xFE, 0xFE, 0xFE, 0xFE, 0xFE, 0xFE, 0xFE, 0xFF, 0xFE,
    0xFF, 0xFF, 0xFF, 0xFE, 0xFE, 0xFE, 0xFE, 0xFF, 0xFF, 0xFF, 0xFF, 0xFF, 0xFE, 0xFE, 0xFE, 0xFE,
    0xFE, 0xFF, 0xFF, 0xFF, 0xFF, 0xFF, 0xFE, 0xFE, 0xFE, 0xFE, 0xFE, 0xFE, 0xFE, 0xFE, 0xFE, 0xFF,
    0xF9, 0xFC, 0xFE, 0xFF, 0xFA, 0xC2, 0x7A, 0x7D, 0xA1, 0xCA, 0xC5, 0x8A, 0x82, 0x95, 0x92, 0x7C,
    0x68, 0x80, 0x8A, 0xA9, 0xC3, 0x9F, 0x67, 0x8E, 0xE9, 0xFF, 0xF2, 0xB3, 0xD0, 0xFC, 0xFF, 0xFE,
    0xFE, 0xFE, 0xFE, 0xFE, 0xFE, 0xFF, 0xFF, 0xFF, 0xFE, 0xFE, 0xFE, 0xFE, 0xFE, 0xFE, 0xFE, 0xFF,
    0xFF, 0xFF, 0xFF, 0xFE, 0xFE, 0xFE, 0xFE, 0xFE, 0xFE, 0xFF, 0xFF, 0xFF, 0xFF, 0xFF, 0xFE, 0xFE,
    0xFE, 0xFE, 0xFE, 0xFF, 0xFF, 0xFF, 0xFF, 0xFE, 0xFE, 0xFE, 0xFE, 0xFE, 0xFE, 0xFE, 0xFF, 0xFF,
    0xFE, 0xFE, 0xFE, 0xFE, 0xFF, 0x00, 0xFF, 0xFF, 0xFF, 0xFF, 0xFE, 0xFF, 0xFF, 0xFF, 0xFE, 0xFF,
    0xFF, 0xFE, 0xFE, 0xFE, 0xFE, 0xFF, 0xFE, 0xFE, 0xFE, 0xFE, 0xFE, 0xFE, 0xFF, 0xFF, 0xFF, 0xFF,
    0xFF, 0xFF, 0xFF, 0xFE, 0xFE, 0xFE, 0xFE, 0xFE, 0xFF, 0xFF, 0xFF, 0xFF, 0xFF, 0xFE, 0xFE, 0xFE,
    0xFE, 0xFF, 0xFF, 0xFF, 0xFF, 0xFF, 0xFF, 0xFE, 0xFE, 0xFE, 0xFE, 0xFF, 0xFE, 0xFF, 0xFF, 0xFE,
    0xFF, 0xFF, 0xFE, 0xFE, 0xFF, 0xFF, 0xEE, 0xBF, 0x9C, 0x7E, 0x71, 0x8E, 0x9D, 0xAF, 0xB0, 0xB6,
    0xA1, 0xAF, 0xCA, 0xBB, 0x97, 0x90, 0xD4, 0xFD, 0xFF, 0xFF, 0xFC, 0xF2, 0xFD, 0xFE, 0xFF, 0xFF,
    0xFE, 0xFE, 0xFE, 0xFE, 0xFE, 0xFF, 0xFF, 0xFF, 0xFF, 0xFF, 0xFF, 0xFE, 0xFE, 0xFE, 0xFE, 0xFF,
    0xFF, 0xFE, 0xFF, 0xFF, 0xFE, 0xFE, 0xFE, 0xFE, 0xFE, 0xFF, 0xFF, 0xFE, 0xFF, 0xFF, 0xFE, 0xFE,
    0xFE, 0xFE, 0xFE, 0xFE, 0xFF, 0xFF, 0xFF, 0xFE, 0xFE, 0xFE, 0xFF, 0xFE, 0xFE, 0xFF, 0xFF, 0xFE,
    0xFE, 0xFE, 0xFE, 0xFE, 0xFF, 0x00, 0xFF, 0xFF, 0xFF, 0xFF, 0xFF, 0xFF, 0xFF, 0xFF, 0xFF, 0xFF,
    0xFE, 0xFE, 0xFE, 0xFE, 0xFF, 0xFF, 0xFF, 0xFF, 0xFF, 0xFE, 0xFE, 0xFE, 0xFE, 0xFE, 0xFF, 0xFF,
    0xFF, 0xFF, 0xFF, 0xFE, 0xFE, 0xFE, 0xFE, 0xFE, 0xFF, 0xFF, 0xFF, 0xFF, 0xFF, 0xFE, 0xFE, 0xFE,
    0xFE, 0xFE, 0xFE, 0xFF, 0xFF, 0xFF, 0xFF, 0xFF, 0xFF, 0xFE, 0xFE, 0xFE, 0xFE, 0xFF, 0xFF, 0xFF,
    0xFF, 0xFF, 0xFF, 0xFE, 0xFE, 0xFE, 0xFF, 0xFF, 0xF9, 0xE2, 0xBF, 0xB0, 0xBC, 0xBF, 0xCB, 0xD9,
    0xD1, 0xC0, 0xB5, 0xD1, 0xEC, 0xFC, 0xFF, 0xFF, 0xFE, 0xFE, 0xFF, 0xFF, 0xFF, 0xFF, 0xFF, 0xFF,
    0xFF, 0xFE, 0xFE, 0xFE, 0xFE, 0xFF, 0xFF, 0xFF, 0xFF, 0xFF, 0xFF, 0xFE, 0xFE, 0xFE, 0xFE, 0xFF,
    0xFF, 0xFF, 0xFF, 0xFF, 0xFF, 0xFE, 0xFE, 0xFE, 0xFE, 0xFF, 0xFF, 0xFF, 0xFF, 0xFF, 0xFF, 0xFF,
    0xFE, 0xFE, 0xFE, 0xFE, 0xFF, 0xFF, 0xFF, 0xFF, 0xFF, 0xFE, 0xFF, 0xFE, 0xFE, 0xFE, 0xFF, 0xFF,
    0xFF, 0xFF, 0xFF, 0xFF, 0xFF, 0x00, 0xFF, 0xFF, 0xFF, 0xFF, 0xFF, 0xFE, 0xFE, 0xFF, 0xFF, 0xFE,
    0xFE, 0xFE, 0xFE, 0xFE, 0xFE, 0xFE, 0xFE, 0xFE, 0xFE, 0xFE, 0xFE, 0xFE, 0xFE, 0xFE, 0xFE, 0xFE,
    0xFF, 0xFF, 0xFF, 0xFE, 0xFE, 0xFE, 0xFE, 0xFE, 0xFE, 0xFF, 0xFF, 0xFF, 0xFE, 0xFE, 0xFE, 0xFE,
    0xFE, 0xFE, 0xFE, 0xFE, 0xFF, 0xFF, 0xFF, 0xFF, 0xFE, 0xFE, 0xFE, 0xFE, 0xFE, 0xFE, 0xFF, 0xFF,
    0xFE, 0xFE, 0xFE, 0xFE, 0xFE, 0xFE, 0xFE, 0xFE, 0xFF, 0xFF, 0xFF, 0xFF, 0xFE, 0xFF, 0xFF, 0xFF,
    0xFF, 0xFF, 0xFF, 0xFF, 0xFF, 0xFE, 0xFE, 0xFE, 0xFE, 0xFE, 0xFE, 0xFE, 0xFE, 0xFF, 0xFF, 0xFF,
    0xFE, 0xFE, 0xFE, 0xFE, 0xFE, 0xFE, 0xFE, 0xFE, 0xFE, 0xFF, 0xFF, 0xFE, 0xFE, 0xFE, 0xFE, 0xFE,
    0xFE, 0xFF, 0xFF, 0xFF, 0xFE, 0xFE, 0xFE, 0xFE, 0xFE, 0xFE, 0xFE, 0xFF, 0xFF, 0xFF, 0xFF, 0xFF,
    0xFE, 0xFE, 0xFE, 0xFE, 0xFE, 0xFE, 0xFF, 0xFF, 0xFF, 0xFF, 0xFF, 0xFE, 0xFE, 0xFE, 0xFE, 0xFE,
    0xFF, 0xFE, 0xFE, 0xFF, 0xFF, 0x00, 0xFF, 0xFF, 0xFF, 0xFF, 0xFF, 0xFE, 0xFF, 0xFF, 0xFF, 0xFF,
    0xFE, 0xFE, 0xFE, 0xFE, 0xFF, 0xFF, 0xFF, 0xFF, 0xFF, 0xFF, 0xFE, 0xFE, 0xFE, 0xFE, 0xFE, 0xFF,
    0xFF, 0xFF, 0xFF, 0xFE, 0xFE, 0xFE, 0xFE, 0xFE, 0xFE, 0xFF, 0xFF, 0xFF, 0xFF, 0xFF, 0xFF, 0xFE,
    0xFE, 0xFE, 0xFE, 0xFF, 0xFF, 0xFF, 0xFF, 0xFF, 0xFF, 0xFF, 0xFE, 0xFE, 0xFE, 0xFF, 0xFF, 0xFF,
    0xFF, 0xFF, 0xFF, 0xFE, 0xFE, 0xFE, 0xFE, 0xFF, 0xFF, 0xFF, 0xFF, 0xFF, 0xFF, 0xFE, 0xFE, 0xFE,
    0xFE, 0xFE, 0xFE, 0xFF, 0xFF, 0xFF, 0xFF, 0xFE, 0xFE, 0xFE, 0xFE, 0xFE, 0xFE, 0xFE, 0xFE, 0xFF,
    0xFF, 0xFE, 0xFE, 0xFE, 0xFE, 0xFE, 0xFE, 0xFF, 0xFF, 0xFF, 0xFF, 0xFF, 0xFE, 0xFE, 0xFE, 0xFE,
    0xFE, 0xFF, 0xFF, 0xFF, 0xFF, 0xFF, 0xFE, 0xFE, 0xFE, 0xFE, 0xFE, 0xFE, 0xFF, 0xFF, 0xFF, 0xFF,
    0xFF, 0xFE, 0xFE, 0xFE, 0xFE, 0xFF, 0xFF, 0xFF, 0xFF, 0xFF, 0xFF, 0xFE, 0xFE, 0xFF, 0xFF, 0xFE,
    0xFE, 0xFE, 0xFF, 0xFF, 0xFF, 0x00, 0xFF, 0xFF, 0xFF, 0xFF, 0xFE, 0xFE, 0xFF, 0xFF, 0xFF, 0xFF,
    0xFF, 0xFF, 0xFE, 0xFE, 0xFF, 0xFF, 0xFF, 0xFF, 0xFF, 0xFF, 0xFE, 0xFF, 0xFE, 0xFE, 0xFE, 0xFE,
    0xFF, 0xFF, 0xFF, 0xFF, 0xFF, 0xFE, 0xFF, 0xFE, 0xFE, 0xFF, 0xFF, 0xFF, 0xFF, 0xFF, 0xFF, 0xFF,
    0xFE, 0xFE, 0xFE, 0xFF, 0xFF, 0xFF, 0xFF, 0xFF, 0xFF, 0xFF, 0xFF, 0xFE, 0xFF, 0xFE, 0xFE, 0xFF,
    0xFF, 0xFF, 0xFF, 0xFF, 0xFF, 0xFE, 0xFE, 0xFE, 0xFE, 0xFF, 0xFF, 0xFF, 0xFF, 0xFF, 0xFF, 0xFE,
    0xFE, 0xFE, 0xFE, 0xFE, 0xFF, 0xFE, 0xFF, 0xFF, 0xFF, 0xFE, 0xFE, 0xFE, 0xFE, 0xFE, 0xFF, 0xFF,
    0xFF, 0xFF, 0xFF, 0xFF, 0xFE, 0xFE, 0xFE, 0xFE, 0xFF, 0xFF, 0xFF, 0xFF, 0xFE, 0xFE, 0xFE, 0xFE,
    0xFE, 0xFE, 0xFF, 0xFF, 0xFF, 0xFF, 0xFF, 0xFF, 0xFF, 0xFE, 0xFE, 0xFE, 0xFF, 0xFF, 0xFF, 0xFF,
    0xFF, 0xFF, 0xFE, 0xFE, 0xFF, 0xFF, 0xFF, 0xFF, 0xFF, 0xFF, 0xFF, 0xFF, 0xFF, 0xFF, 0xFF, 0xFE,
    0xFF, 0xFE, 0xFE, 0xFF, 0xFF, 0x00, 0xFF, 0xFF, 0xFF, 0xFF, 0xFF, 0xFF, 0xFF, 0xFF, 0xFF, 0xFF,
    0xFF, 0xFF, 0xFF, 0xFF, 0xFF, 0xFF, 0xFF, 0xFF, 0xFF, 0xFF, 0xFF, 0xFF, 0xFF, 0xFE, 0xFE, 0xFF,
    0xFF, 0xFF, 0xFF, 0xFF, 0xFE, 0xFF, 0xFF, 0xFE, 0xFE, 0xFF, 0xFF, 0xFF, 0xFF, 0xFF, 0xFF, 0xFF,
    0xFF, 0xFE, 0xFF, 0xFF, 0xFF, 0xFF, 0xFF, 0xFF, 0xFF, 0xFF, 0xFF, 0xFF, 0xFF, 0xFF, 0xFF, 0xFF,
    0xFF, 0xFF, 0xFF, 0xFF, 0xFE, 0xFE, 0xFE, 0xFE, 0xFF, 0xFF, 0xFF, 0xFF, 0xFF, 0xFE, 0xFF, 0xFF,
    0xFE, 0xFE, 0xFE, 0xFE, 0xFF, 0xFF, 0xFF, 0xFF, 0xFF, 0xFF, 0xFE, 0xFE, 0xFE, 0xFE, 0xFF, 0xFF,
    0xFF, 0xFF, 0xFF, 0xFF, 0xFE, 0xFE, 0xFE, 0xFE, 0xFF, 0xFF, 0xFF, 0xFF, 0xFF, 0xFF, 0xFF, 0xFF,
    0xFE, 0xFF, 0xFF, 0xFF, 0xFF, 0xFF, 0xFF, 0xFF, 0xFF, 0xFF, 0xFF, 0xFE, 0xFF, 0xFF, 0xFF, 0xFF,
    0xFF, 0xFF, 0xFE, 0xFE, 0xFF, 0xFE, 0xFF, 0xFF, 0xFF, 0xFF, 0xFF, 0xFF, 0xFF, 0xFF, 0xFF, 0xFF,
    0xFE, 0xFE, 0xFF, 0xFF, 0xFF, 0x00, 0xFF, 0xFF, 0xFF, 0xFF, 0xFE, 0xFF, 0xFF, 0xFF, 0xFF, 0xFF,
    0xFF, 0xFF, 0xFE, 0xFF, 0xFF, 0xFE, 0xFE, 0xFF, 0xFF, 0xFF, 0xFF, 0xFF, 0xFF, 0xFF, 0xFF, 0xFE,
    0xFF, 0xFF, 0xFF, 0xFF, 0xFF, 0xFF, 0xFF, 0xFF, 0xFE, 0xFF, 0xFF, 0xFE, 0xFF, 0xFF, 0xFF, 0xFF,
    0xFF, 0xFF, 0xFF, 0xFE, 0xFF, 0xFF, 0xFF, 0xFF, 0xFF, 0xFF, 0xFF, 0xFF, 0xFF, 0xFF, 0xFE, 0xFE,
    0xFF, 0xFF, 0xFF, 0xFF, 0xFF, 0xFF, 0xFF, 0xFF, 0xFE, 0xFF, 0xFF, 0xFF, 0xFF, 0xFF, 0xFF, 0xFF,
    0xFE, 0xFE, 0xFF, 0xFE, 0xFF, 0xFF, 0xFF, 0xFF, 0xFF, 0xFF, 0xFF, 0xFE, 0xFE, 0xFE, 0xFF, 0xFF,
    0xFF, 0xFF, 0xFF, 0xFF, 0xFF, 0xFF, 0xFE, 0xFE, 0xFF, 0xFF, 0xFF, 0xFF, 0xFF, 0xFF, 0xFE, 0xFF,
    0xFE, 0xFE, 0xFF, 0xFF, 0xFF, 0xFF, 0xFF, 0xFF, 0xFF, 0xFF, 0xFE, 0xFE, 0xFF, 0xFF, 0xFF, 0xFF,
    0xFF, 0xFF, 0xFF, 0xFE, 0xFF, 0xFE, 0xFF, 0xFF, 0xFF, 0xFF, 0xFF, 0xFF, 0xFF, 0xFE, 0xFF, 0xFF,
    0xFE, 0xFE, 0xFF, 0xFF, 0xFF, 0x00, 0xFF, 0xFF, 0xFF, 0xFF, 0xFF, 0xFF, 0xFF, 0xFF, 0xFF, 0xFF,
    0xFF, 0xFF, 0xFF, 0xFF, 0xFF, 0xFF, 0xFF, 0xFF, 0xFF, 0xFF, 0xFF, 0xFF, 0xFF, 0xFF, 0xFF, 0xFF,
    0xFF, 0xFF, 0xFF, 0xFF, 0xFF, 0xFF, 0xFF, 0xFF, 0xFF, 0xFF, 0xFF, 0xFF, 0xFF, 0xFF, 0xFF, 0xFF,
    0xFF, 0xFF, 0xFF, 0xFF, 0xFF, 0xFF, 0xFF, 0xFF, 0xFF, 0xFF, 0xFF, 0xFF, 0xFF, 0xFF, 0xFF, 0xFF,
    0xFF, 0xFF, 0xFF, 0xFF, 0xFF, 0xFF, 0xFF, 0xFF, 0xFF, 0xFF, 0xFF, 0xFF, 0xFF, 0xFF, 0xFF, 0xFF,
    0xFF, 0xFE, 0xFE, 0xFF, 0xFF, 0xFF, 0xFF, 0xFF, 0xFF, 0xFF, 0xFF, 0xFF, 0xFF, 0xFE, 0xFF, 0xFF,
    0xFF, 0xFF, 0xFF, 0xFF, 0xFF, 0xFF, 0xFF, 0xFF, 0xFF, 0xFF, 0xFF, 0xFF, 0xFF, 0xFF, 0xFE, 0xFF,
    0xFE, 0xFF, 0xFF, 0xFF, 0xFF, 0xFF, 0xFF, 0xFF, 0xFF, 0xFF, 0xFF, 0xFF, 0xFF, 0xFF, 0xFF, 0xFF,
    0xFF, 0xFF, 0xFF, 0xFF, 0xFF, 0xFF, 0xFF, 0xFF, 0xFF, 0xFF, 0xFF, 0xFF, 0xFF, 0xFF, 0xFF, 0xFF,
    0xFF, 0xFF, 0xFF, 0xFF, 0xFF, 0x00, 0xFF, 0xFF, 0xFF, 0xFF, 0xFF, 0xFF, 0xFE, 0xFF, 0xFF, 0xFF,
    0xFF, 0xFF, 0xFF, 0xFF, 0xFF, 0xFF, 0xFF, 0xFE, 0xFF, 0xFF, 0xFF, 0xFF, 0xFF, 0xFF, 0xFF, 0xFF,
    0xFF, 0xFF, 0xFF, 0xFF, 0xFF, 0xFF, 0xFF, 0xFF, 0xFF, 0xFF, 0xFE, 0xFE, 0xFF, 0xFF, 0xFF, 0xFF,
    0xFF, 0xFF, 0xFF, 0xFF, 0xFF, 0xFF, 0xFE, 0xFF, 0xFF, 0xFF, 0xFF, 0xFF, 0xFF, 0xFF, 0xFF, 0xFF,
    0xFE, 0xFF, 0xFF, 0xFF, 0xFF, 0xFF, 0xFF, 0xFF, 0xFF, 0xFF, 0xFF, 0xFF, 0xFF, 0xFF, 0xFF, 0xFF,
    0xFF, 0xFE, 0xFE, 0xFE, 0xFF, 0xFF, 0xFF, 0xFF, 0xFF, 0xFF, 0xFF, 0xFF, 0xFE, 0xFE, 0xFF, 0xFF,
    0xFF, 0xFF, 0xFF, 0xFF, 0xFF, 0xFE, 0xFE, 0xFF, 0xFF, 0xFF, 0xFF, 0xFF, 0xFF, 0xFF, 0xFF, 0xFF,
    0xFE, 0xFE, 0xFE, 0xFE, 0xFF, 0xFF, 0xFF, 0xFF, 0xFF, 0xFF, 0xFF, 0xFE, 0xFE, 0xFE, 0xFF, 0xFF,
    0xFF, 0xFF, 0xFF, 0xFF, 0xFF, 0xFF, 0xFF, 0xFE, 0xFF, 0xFF, 0xFF, 0xFF, 0xFF, 0xFF, 0xFF, 0xFE,
    0xFE, 0xFE, 0xFE, 0xFF, 0xFF, 0x00, 0xFF, 0xFF, 0xFF, 0xFF, 0xFF, 0xFF, 0xFF, 0xFF, 0xFE, 0xFF,
    0xFF, 0xFF, 0xFF, 0xFF, 0xFF, 0xFF, 0xFE, 0xFF, 0xFF, 0xFF, 0xFF, 0xFF, 0xFF, 0xFF, 0xFF, 0xFF,
    0xFF, 0xFF, 0xFF, 0xFF, 0xFF, 0xFF, 0xFF, 0xFF, 0xFF, 0xFF, 0xFF, 0xFE, 0xFE, 0xFF, 0xFF, 0xFF,
    0xFF, 0xFF, 0xFF, 0xFF, 0xFF, 0xFF, 0xFF, 0xFF, 0xFF, 0xFF, 0xFF, 0xFF, 0xFF, 0xFF, 0xFF, 0xFF,
    0xFF, 0xFF, 0xFF, 0xFF, 0xFF, 0xFF, 0xFF, 0xFF, 0xFF, 0xFE, 0xFF, 0xFF, 0xFF, 0xFF, 0xFF, 0xFF,
    0xFF, 0xFE, 0xFF, 0xFE, 0xFF, 0xFF, 0xFF, 0xFF, 0xFF, 0xFF, 0xFF, 0xFF, 0xFF, 0xFE, 0xFE, 0xFF,
    0xFF, 0xFF, 0xFF, 0xFF, 0xFF, 0xFF, 0xFF, 0xFF, 0xFF, 0xFF, 0xFF, 0xFF, 0xFF, 0xFF, 0xFF, 0xFF,
    0xFF, 0xFE, 0xFE, 0xFE, 0xFE, 0xFF, 0xFF, 0xFF, 0xFF, 0xFF, 0xFF, 0xFF, 0xFE, 0xFE, 0xFF, 0xFF,
    0xFF, 0xFF, 0xFF, 0xFF, 0xFF, 0xFF, 0xFE, 0xFF, 0xFF, 0xFF, 0xFF, 0xFF, 0xFF, 0xFE, 0xFF, 0xFF,
    0xFF, 0xFE, 0xFE, 0xFE, 0xFF, 0x00, 0xFF, 0xFF, 0xFF, 0xFF, 0xFF, 0xFE, 0xFE, 0xFE, 0xFF, 0xFF,
    0xFF, 0xFF, 0xFF, 0xFE, 0xFF, 0xFF, 0xFF, 0xFE, 0xFF, 0xFF, 0xFF, 0xFF, 0xFF, 0xFF, 0xFF, 0xFF,
    0xFF, 0xFF, 0xFF, 0xFF, 0xFF, 0xFF, 0xFF, 0xFF, 0xFF, 0xFF, 0xFF, 0xFF, 0xFF, 0xFF, 0xFF, 0xFF,
    0xFF, 0xFF, 0xFF, 0xFF, 0xFF, 0xFF, 0xFF, 0xFF, 0xFF, 0xFF, 0xFF, 0xFF, 0xFF, 0xFF, 0xFF, 0xFF,
    0xFF, 0xFF, 0xFF, 0xFF, 0xFF, 0xFF, 0xFF, 0xFF, 0xFF, 0xFE, 0xFF, 0xFF, 0xFF, 0xFF, 0xFF, 0xFF,
    0xFF, 0xFF, 0xFF, 0xFF, 0xFF, 0xFE, 0xFF, 0xFF, 0xFF, 0xFF, 0xFF, 0xFF, 0xFF, 0xFE, 0xFE, 0xFE,
    0xFF, 0xFF, 0xFF, 0xFF, 0xFF, 0xFF, 0xFF, 0xFE, 0xFF, 0xFF, 0xFF, 0xFF, 0xFF, 0xFF, 0xFF, 0xFF,
    0xFF, 0xFF, 0xFE, 0xFE, 0xFE, 0xFF, 0xFF, 0xFF, 0xFF, 0xFF, 0xFF, 0xFF, 0xFF, 0xFF, 0xFE, 0xFF,
    0xFF, 0xFF, 0xFF, 0xFF, 0xFF, 0xFF, 0xFF, 0xFE, 0xFF, 0xFF, 0xFF, 0xFF, 0xFF, 0xFF, 0xFF, 0xFF,
    0xFF, 0xFE, 0xFE, 0xFE, 0xFF, 0x00, 0xFF, 0xFF, 0xFF, 0xFF, 0xFF, 0xFF, 0xFF, 0xFF, 0xFF, 0xFF,
    0xFF, 0xFF, 0xFF, 0xFF, 0xFF, 0xFF, 0xFF, 0xFE, 0xFE, 0xFE, 0xFF, 0xFF, 0xFF, 0xFF, 0xFF, 0xFF,
    0xFF, 0xFF, 0xFF, 0xFF, 0xFF, 0xFF, 0xFF, 0xFF, 0xFF, 0xFF, 0xFF, 0xFF, 0xFF, 0xFF, 0xFF, 0xFF,
    0xFF, 0xFF, 0xFF, 0xFF, 0xFF, 0xFF, 0xFF, 0xFF, 0xFF, 0xFF, 0xFF, 0xFF, 0xFF, 0xFF, 0xFF, 0xFF,
    0xFF, 0xFF, 0xFF, 0xFF, 0xFF, 0xFF, 0xFF, 0xFF, 0xFF, 0xFF, 0xFF, 0xFF, 0xFF, 0xFF, 0xFF, 0xFF,
    0xFF, 0xFF, 0xFF, 0xFF, 0xFF, 0xFF, 0xFF, 0xFF, 0xFF, 0xFF, 0xFF, 0xFF, 0xFF, 0xFF, 0xFF, 0xFF,
    0xFF, 0xFF, 0xFF, 0xFF, 0xFF, 0xFF, 0xFF, 0xFF, 0xFF, 0xFF, 0xFF, 0xFF, 0xFF, 0xFF, 0xFF, 0xFF,
    0xFF, 0xFF, 0xFF, 0xFF, 0xFE, 0xFF, 0xFF, 0xFF, 0xFF, 0xFF, 0xFF, 0xFF, 0xFF, 0xFF, 0xFF, 0xFF,
    0xFF, 0xFF, 0xFF, 0xFF, 0xFF, 0xFF, 0xFF, 0xFF, 0xFF, 0xFF, 0xFF, 0xFF, 0xFF, 0xFF, 0xFF, 0xFF,
    0xFF, 0xFF, 0xFF, 0xFF, 0xFF, 0x00, 0xFF, 0xFF, 0xFF, 0xFF, 0xFF, 0xFF, 0xFF, 0xFF, 0xFF, 0xFF,
    0xFF, 0xFF, 0xFF, 0xFF, 0xFF, 0xFF, 0xFF, 0xFF, 0xFF, 0xFF, 0xFF, 0xFF, 0xFF, 0xFF, 0xFF, 0xFF,
    0xFF, 0xFF, 0xFF, 0xFF, 0xFF, 0xFF, 0xFF, 0xFF, 0xFF, 0xFF, 0xFF, 0xFF, 0xFF, 0xFF, 0xFF, 0xFF,
    0xFF, 0xFF, 0xFF, 0xFF, 0xFF, 0xFF, 0xFF, 0xFF, 0xFF, 0xFF, 0xFF, 0xFF, 0xFF, 0xFF, 0xFF, 0xFF,
    0xFF, 0xFF, 0xFF, 0xFF, 0xFF, 0xFF, 0xFF, 0xFF, 0xFF, 0xFF, 0xFF, 0xFF, 0xFF, 0xFF, 0xFF, 0xFF,
    0xFF, 0xFF, 0xFF, 0xFF, 0xFF, 0xFF, 0xFF, 0xFF, 0xFF, 0xFF, 0xFF, 0xFF, 0xFF, 0xFF, 0xFF, 0xFF,
    0xFF, 0xFF, 0xFF, 0xFF, 0xFF, 0xFF, 0xFF, 0xFF, 0xFF, 0xFF, 0xFF, 0xFF, 0xFF, 0xFF, 0xFF, 0xFF,
    0xFF, 0xFF, 0xFF, 0xFF, 0xFF, 0xFF, 0xFF, 0xFF, 0xFF, 0xFF, 0xFF, 0xFF, 0xFF, 0xFF, 0xFF, 0xFF,
    0xFF, 0xFF, 0xFF, 0xFF, 0xFF, 0xFF, 0xFF, 0xFF, 0xFF, 0xFF, 0xFF, 0xFF, 0xFF, 0xFF, 0xFF, 0xFF,
    0xFF, 0xFF, 0xFF, 0xFF, 0xFF, 0x00, 0xFF, 0xFF, 0xFF, 0xFF, 0xFF, 0xFF, 0xFE, 0xFE, 0xFE, 0xFF,
    0xFF, 0xFF, 0xFF, 0xFF, 0xFF, 0xFF, 0xFF, 0xFE, 0xFE, 0xFE, 0xFE, 0xFE, 0xFF, 0xFF, 0xFF, 0xFF,
    0xFF, 0xFF, 0xFF, 0xFF, 0xFF, 0xFF, 0xFF, 0xFF, 0xFF, 0xFF, 0xFF, 0xFF, 0xFF, 0xFF, 0xFE, 0xFE,
    0xFF, 0xFF, 0xFF, 0xFF, 0xFF, 0xFF, 0xFF, 0xFF, 0xFF, 0xFF, 0xFF, 0xFF, 0xFF, 0xFF, 0xFE, 0xFE,
    0xFF, 0xFE, 0xFF, 0xFF, 0xFF, 0xFF, 0xFE, 0xFF, 0xFF, 0xFF, 0xFF, 0xFF, 0xFE, 0xFE, 0xFF, 0xFF,
    0xFF, 0xFF, 0xFF, 0xFF, 0xFF, 0xFF, 0xFF, 0xFE, 0xFF, 0xFE, 0xFF, 0xFF, 0xFF, 0xFE, 0xFF, 0xFF,
    0xFE, 0xFE, 0xFE, 0xFE, 0xFE, 0xFF, 0xFF, 0xFF, 0xFF, 0xFF, 0xFF, 0xFE, 0xFE, 0xFF, 0xFF, 0xFF,
    0xFF, 0xFF, 0xFE, 0xFE, 0xFE, 0xFF, 0xFF, 0xFF, 0xFF, 0xFF, 0xFF, 0xFF, 0xFF, 0xFF, 0xFE, 0xFF,
    0xFE, 0xFF, 0xFF, 0xFF, 0xFF, 0xFF, 0xFF, 0xFF, 0xFE, 0xFF, 0xFF, 0xFF, 0xFE, 0xFF, 0xFF, 0xFF,
    0xFE, 0xFE, 0xFE, 0xFF, 0xFF, 0x00, 0xFF, 0xFF, 0xFF, 0xFF, 0xFF, 0xFF, 0xFF, 0xFE, 0xFF, 0xFF,
    0xFF, 0xFF, 0xFF, 0xFF, 0xFF, 0xFF, 0xFF, 0xFF, 0xFF, 0xFF, 0xFE, 0xFF, 0xFF, 0xFF, 0xFF, 0xFF,
    0xFF, 0xFF, 0xFF, 0xFF, 0xFF, 0xFE, 0xFF, 0xFF, 0xFF, 0xFF, 0xFF, 0xFF, 0xFF, 0xFF, 0xFE, 0xFF,
    0xFF, 0xFF, 0xFF, 0xFF, 0xFF, 0xFF, 0xFF, 0xFF, 0xFF, 0xFF, 0xFF, 0xFF, 0xFF, 0xFF, 0xFF, 0xFF,
    0xFF, 0xFF, 0xFF, 0xFF, 0xFF, 0xFF, 0xFF, 0xFF, 0xFF, 0xFF, 0xFF, 0xFF, 0xFF, 0xFE, 0xFF, 0xFE,
    0xFF, 0xFF, 0xFF, 0xFF, 0xFF, 0xFF, 0xFE, 0xFF, 0xFF, 0xFE, 0xFF, 0xFF, 0xFF, 0xFF, 0xFF, 0xFF,
    0xFF, 0xFF, 0xFF, 0xFF, 0xFF, 0xFF, 0xFF, 0xFF, 0xFF, 0xFF, 0xFF, 0xFF, 0xFF, 0xFF, 0xFF, 0xFF,
    0xFF, 0xFF, 0xFF, 0xFF, 0xFF, 0xFF, 0xFF, 0xFF, 0xFF, 0xFF, 0xFF, 0xFF, 0xFF, 0xFF, 0xFF, 0xFF,
    0xFF, 0xFF, 0xFF, 0xFF, 0xFF, 0xFF, 0xFF, 0xFF, 0xFF, 0xFF, 0xFF, 0xFF, 0xFF, 0xFF, 0xFF, 0xFF,
    0xFF, 0xFE, 0xFF, 0xFF, 0xFF, 0x00, 0xFF, 0xFF, 0xFF, 0xFF, 0xFF, 0xFE, 0xFF, 0xFF, 0xFF, 0xFF,
    0xFF, 0xFF, 0xFE, 0xFF, 0xFF, 0xFF, 0xFF, 0xFF, 0xFF, 0xFF, 0xFE, 0xFE, 0xFE, 0xFE, 0xFF, 0xFF,
    0xFF, 0xFF, 0xFF, 0xFF, 0xFF, 0xFE, 0xFF, 0xFF, 0xFF, 0xFF, 0xFF, 0xFF, 0xFF, 0xFE, 0xFF, 0xFE,
    0xFF, 0xFF, 0xFF, 0xFF, 0xFF, 0xFF, 0xFF, 0xFF, 0xFF, 0xFF, 0xFE, 0xFE, 0xFF, 0xFF, 0xFF, 0xFF,
    0xFF, 0xFF, 0xFF, 0xFE, 0xFE, 0xFF, 0xFF, 0xFF, 0xFF, 0xFF, 0xFF, 0xFF, 0xFF, 0xFF, 0xFE, 0xFE,
    0xFF, 0xFF, 0xFF, 0xFF, 0xFF, 0xFF, 0xFF, 0xFF, 0xFF, 0xFF, 0xFF, 0xFF, 0xFF, 0xFF, 0xFF, 0xFF,
    0xFF, 0xFF, 0xFF, 0xFF, 0xFF, 0xFF, 0xFF, 0xFF, 0xFF, 0xFF, 0xFF, 0xFE, 0xFF, 0xFF, 0xFF, 0xFF,
    0xFF, 0xFF, 0xFF, 0xFF, 0xFE, 0xFF, 0xFF, 0xFF, 0xFE, 0xFE, 0xFF, 0xFF, 0xFF, 0xFF, 0xFF, 0xFF,
    0xFF, 0xFE, 0xFF, 0xFF, 0xFF, 0xFF, 0xFF, 0xFF, 0xFF, 0xFF, 0xFF, 0xFF, 0xFF, 0xFE, 0xFF, 0xFF,
    0xFF, 0xFF, 0xFF, 0xFF, 0xFF, 0x00, 0xFF, 0xFF, 0xFF, 0xFE, 0xFE, 0xFE, 0xFE, 0xFF, 0xFF, 0xFE,
    0xFE, 0xFE, 0xFE, 0xFE, 0xFF, 0xFF, 0xFF, 0xFF, 0xFF, 0xFE, 0xFE, 0xFE, 0xFE, 0xFE, 0xFF, 0xFE,
    0xFF, 0xFF, 0xFF, 0xFE, 0xFE, 0xFE, 0xFF, 0xFF, 0xFF, 0xFF, 0xFF, 0xFF, 0xFF, 0xFF, 0xFF, 0xFF,
    0xFF, 0xFE, 0xFF, 0xFF, 0xFF, 0xFF, 0xFF, 0xFF, 0xFF, 0xFE, 0xFE, 0xFE, 0xFE, 0xFE, 0xFE, 0xFF,
    0xFE, 0xFE, 0xFF, 0xFE, 0xFE, 0xFE, 0xFE, 0xFE, 0xFF, 0xFE, 0xFF, 0xFE, 0xFE, 0xFE, 0xFE, 0xFE,
    0xFF, 0xFE, 0xFF, 0xFF, 0xFF, 0xFE, 0xFF, 0xFF, 0xFF, 0xFE, 0xFE, 0xFF, 0xFF, 0xFE, 0xFE, 0xFF,
    0xFF, 0xFE, 0xFF, 0xFF, 0xFF, 0xFF, 0xFE, 0xFE, 0xFF, 0xFF, 0xFF, 0xFE, 0xFF, 0xFE, 0xFE, 0xFE,
    0xFE, 0xFF, 0xFF, 0xFF, 0xFE, 0xFF, 0xFE, 0xFF, 0xFE, 0xFE, 0xFF, 0xFF, 0xFF, 0xFF, 0xFF, 0xFF,
    0xFE, 0xFE, 0xFE, 0xFE, 0xFE, 0xFE, 0xFE, 0xFF, 0xFF, 0xFF, 0xFF, 0xFF, 0xFF, 0xFF, 0xFE, 0xFE,
    0xFE, 0xFE, 0xFE, 0xFE, 0xFF, 0x00, 0xFF, 0xFF, 0xFE, 0xFF, 0xFF, 0xFE, 0xFF, 0xFF, 0xFF, 0xFF,
    0xFF, 0xFE, 0xFE, 0xFE, 0xFF, 0xFF, 0xFF, 0xFF, 0xFF, 0xFF, 0xFF, 0xFE, 0xFE, 0xFE, 0xFE, 0xFF,
    0xFF, 0xFF, 0xFF, 0xFE, 0xFF, 0xFF, 0xFF, 0xFF, 0xFF, 0xFF, 0xFF, 0xFF, 0xFF, 0xFF, 0xFF, 0xFE,
    0xFF, 0xFE, 0xFF, 0xFF, 0xFF, 0xFF, 0xFF, 0xFF, 0xFF, 0xFE, 0xFE, 0xFE, 0xFE, 0xFF, 0xFF, 0xFF,
    0xFF, 0xFF, 0xFF, 0xFF, 0xFE, 0xFE, 0xFE, 0xFE, 0xFF, 0xFE, 0xFE, 0xFF, 0xFF, 0xFE, 0xFE, 0xFE,
    0xFE, 0xFF, 0xFF, 0xFF, 0xFE, 0xFF, 0xFF, 0xFF, 0xFF, 0xFE, 0xFE, 0xFF, 0xFF, 0xFE, 0xFF, 0xFF,
    0xFF, 0xFF, 0xFF, 0xFE, 0xFE, 0xFE, 0xFF, 0xFF, 0xFF, 0xFF, 0xFF, 0xFE, 0xFE, 0xFE, 0xFE, 0xFE,
    0xFE, 0xFE, 0xFF, 0xFE, 0xFE, 0xFF, 0xFE, 0xFE, 0xFE, 0xFF, 0xFE, 0xFE, 0xFF, 0xFF, 0xFF, 0xFF,
    0xFF, 0xFE, 0xFE, 0xFE, 0xFE, 0xFE, 0xFF, 0xFF, 0xFF, 0xFF, 0xFF, 0xFF, 0xFE, 0xFF, 0xFF, 0xFE,
    0xFE, 0xFE, 0xFE, 0xFF, 0xFF, 0x00, 0xFF, 0xFF, 0xFE, 0xFF, 0xFE, 0xFE, 0xFE, 0xFE, 0xFE, 0xFF,
    0xFF, 0xFE, 0xFE, 0xFE, 0xFE, 0xFF, 0xFF, 0xFE, 0xFE, 0xFF, 0xFF, 0xFF, 0xFF, 0xFF, 0xFF, 0xFF,
    0xFF, 0xFF, 0xFF, 0xFE, 0xFF, 0xFF, 0xFF, 0xFF, 0xFF, 0xFF, 0xFF, 0xFF, 0xFE, 0xFF, 0xFE, 0xFE,
    0xFF, 0xFF, 0xFE, 0xFE, 0xFE, 0xFF, 0xFE, 0xFE, 0xFF, 0xFE, 0xFF, 0xFE, 0xFE, 0xFF, 0xFE, 0xFE,
    0xFE, 0xFF, 0xFF, 0xFF, 0xFE, 0xFF, 0xFE, 0xFE, 0xFE, 0xFE, 0xFE, 0xFF, 0xFE, 0xFE, 0xFE, 0xFF,
    0xFE, 0xFE, 0xFF, 0xFF, 0xFF, 0xFE, 0xFF, 0xFF, 0xFF, 0xFF, 0xFE, 0xFE, 0xFE, 0xFE, 0xFE, 0xFF,
    0xFE, 0xFE, 0xFF, 0xFE, 0xFE, 0xFE, 0xFF, 0xFF, 0xFF, 0xFF, 0xFF, 0xFE, 0xFF, 0xFF, 0xFE, 0xFE,
    0xFE, 0xFF, 0xFF, 0xFE, 0xFF, 0xFF, 0xFF, 0xFF, 0xFE, 0xFE, 0xFE, 0xFF, 0xFF, 0xFF, 0xFF, 0xFF,
    0xFF, 0xFE, 0xFE, 0xFE, 0xFE, 0xFE, 0xFE, 0xFE, 0xFF, 0xFF, 0xFF, 0xFF, 0xFE, 0xFE, 0xFF, 0xFE,
    0xFE, 0xFE, 0xFE, 0xFE, 0xFF, 0x00, 0xFF, 0xFF, 0xFF, 0xFF, 0xFF, 0xFE, 0xFF, 0xFF, 0xFF, 0xFF,
    0xFF, 0xFF, 0xFF, 0xFE, 0xFF, 0xFF, 0xFF, 0xFF, 0xFF, 0xFF, 0xFF, 0xFF, 0xFF, 0xFF, 0xFF, 0xFF,
    0xFF, 0xFF, 0xFF, 0xFF, 0xFF, 0xFF, 0xFF, 0xFF, 0xFF, 0xFF, 0xFF, 0xFF, 0xFF, 0xFF, 0xFF, 0xFF,
    0xFF, 0xFF, 0xFF, 0xFF, 0xFF, 0xFF, 0xFF, 0xFF, 0xFF, 0xFF, 0xFF, 0xFE, 0xFE, 0xFF, 0xFF, 0xFF,
    0xFF, 0xFF, 0xFF, 0xFF, 0xFF, 0xFF, 0xFF, 0xFF, 0xFF, 0xFF, 0xFF, 0xFF, 0xFF, 0xFF, 0xFF, 0xFF,
    0xFF, 0xFF, 0xFF, 0xFF, 0xFF, 0xFF, 0xFF, 0xFF, 0xFF, 0xFF, 0xFF, 0xFF, 0xFF, 0xFE, 0xFF, 0xFF,
    0xFF, 0xFF, 0xFF, 0xFF, 0xFF, 0xFF, 0xFF, 0xFF, 0xFF, 0xFF, 0xFF, 0xFF, 0xFF, 0xFF, 0xFF, 0xFF,
    0xFE, 0xFF, 0xFF, 0xFF, 0xFF, 0xFF, 0xFF, 0xFF, 0xFF, 0xFF, 0xFF, 0xFF, 0xFF, 0xFF, 0xFF, 0xFF,
    0xFF, 0xFF, 0xFE, 0xFE, 0xFF, 0xFE, 0xFF, 0xFF, 0xFF, 0xFF, 0xFF, 0xFF, 0xFF, 0xFF, 0xFF, 0xFE,
    0xFF, 0xFE, 0xFE, 0xFF, 0xFF, 0x00, 0xFF, 0xFF, 0xFF, 0xFF, 0xFF, 0xFF, 0xFF, 0xFF, 0xFF, 0xFF,
    0xFF, 0xFF, 0xFF, 0xFF, 0xFF, 0xFF, 0xFF, 0xFF, 0xFF, 0xFF, 0xFF, 0xFF, 0xFF, 0xFF, 0xFF, 0xFF,
    0xFF, 0xFF, 0xFF, 0xFF, 0xFF, 0xFF, 0xFF, 0xFF, 0xFF, 0xFF, 0xFF, 0xFE, 0xFF, 0xFF, 0xFF, 0xFF,
    0xFF, 0xFF, 0xFF, 0xFF, 0xFF, 0xFF, 0xFE, 0xFF, 0xFF, 0xFF, 0xFF, 0xFF, 0xFF, 0xFF, 0xFF, 0xFF,
    0xFF, 0xFF, 0xFF, 0xFF, 0xFF, 0xFF, 0xFF, 0xFF, 0xFF, 0xFF, 0xFF, 0xFF, 0xFF, 0xFF, 0xFF, 0xFF,
    0xFF, 0xFF, 0xFF, 0xFF, 0xFF, 0xFF, 0xFF, 0xFF, 0xFF, 0xFF, 0xFF, 0xFF, 0xFF, 0xFE, 0xFF, 0xFF,
    0xFF, 0xFF, 0xFF, 0xFF, 0xFF, 0xFF, 0xFF, 0xFE, 0xFE, 0xFF, 0xFF, 0xFF, 0xFF, 0xFF, 0xFF, 0xFF,
    0xFF, 0xFF, 0xFF, 0xFF, 0xFF, 0xFF, 0xFF, 0xFF, 0xFF, 0xFF, 0xFE, 0xFE, 0xFF, 0xFF, 0xFF, 0xFF,
    0xFF, 0xFF, 0xFF, 0xFF, 0xFF, 0xFF, 0xFE, 0xFF, 0xFF, 0xFF, 0xFF, 0xFF, 0xFF, 0xFF, 0xFF, 0xFF,
    0xFF, 0xFE, 0xFE, 0xFF, 0xFF, 0x00, 0xFF, 0xFF, 0xFF, 0xFF, 0xFF, 0xFE, 0xFE, 0xFF, 0xFF, 0xFF,
    0xFE, 0xFE, 0xFE, 0xFE, 0xFE, 0xFF, 0xFF, 0xFF, 0xFF, 0xFF, 0xFF, 0xFF, 0xFF, 0xFF, 0xFF, 0xFF,
    0xFF, 0xFF, 0xFF, 0xFE, 0xFF, 0xFF, 0xFF, 0xFF, 0xFF, 0xFF, 0xFE, 0xFE, 0xFE, 0xFE, 0xFE, 0xFF,
    0xFF, 0xFE, 0xFF, 0xFF, 0xFF, 0xFF, 0xFE, 0xFF, 0xFF, 0xFF, 0xFF, 0xFF, 0xFF, 0xFF, 0xFE, 0xFE,
    0xFE, 0xFF, 0xFF, 0xFE, 0xFE, 0xFE, 0xFE, 0xFE, 0xFF, 0xFF, 0xFF, 0xFF, 0xFF, 0xFF, 0xFF, 0xFF,
    0xFF, 0xFF, 0xFF, 0xFF, 0xFF, 0xFF, 0xFF, 0xFF, 0xFF, 0xFE, 0xFE, 0xFF, 0xFF, 0xFE, 0xFE, 0xFF,
    0xFF, 0xFE, 0xFF, 0xFF, 0xFF, 0xFF, 0xFE, 0xFF, 0xFF, 0xFF, 0xFF, 0xFF, 0xFF, 0xFF, 0xFF, 0xFF,
    0xFE, 0xFF, 0xFF, 0xFF, 0xFF, 0xFF, 0xFF, 0xFF, 0xFF, 0xFF, 0xFE, 0xFE, 0xFE, 0xFF, 0xFF, 0xFF,
    0xFF, 0xFF, 0xFF, 0xFE, 0xFE, 0xFE, 0xFF, 0xFF, 0xFF, 0xFF, 0xFF, 0xFF, 0xFE, 0xFF, 0xFF, 0xFF,
    0xFF, 0xFF, 0xFE, 0xFF, 0xFF, 0x00, 0xFF, 0xFF, 0xFF, 0xFF, 0xFF, 0xFF, 0xFF, 0xFF, 0xFE, 0xFF,
    0xFE, 0xFF, 0xFF, 0xFF, 0xFE, 0xFF, 0xFF, 0xFF, 0xFF, 0xFF, 0xFF, 0xFF, 0xFF, 0xFF, 0xFF, 0xFF,
    0xFE, 0xFF, 0xFF, 0xFE, 0xFF, 0xFF, 0xFF, 0xFF, 0xFE, 0xFF, 0xFF, 0xFE, 0xFE, 0xFE, 0xFF, 0xFF,
    0xFF, 0xFF, 0xFF, 0xFF, 0xFF, 0xFF, 0xFE, 0xFF, 0xFF, 0xFE, 0xFF, 0xFF, 0xFF, 0xFE, 0xFE, 0xFE,
    0xFE, 0xFF, 0xFF, 0xFF, 0xFE, 0xFF, 0xFF, 0xFF, 0xFF, 0xFF, 0xFF, 0xFF, 0xFF, 0xFF, 0xFF, 0xFF,
    0xFF, 0xFF, 0xFE, 0xFF, 0xFF, 0xFF, 0xFF, 0xFF, 0xFF, 0xFF, 0xFE, 0xFF, 0xFE, 0xFE, 0xFE, 0xFE,
    0xFF, 0xFF, 0xFF, 0xFF, 0xFF, 0xFE, 0xFE, 0xFE, 0xFF, 0xFF, 0xFF, 0xFF, 0xFF, 0xFF, 0xFF, 0xFF,
    0xFE, 0xFE, 0xFF, 0xFF, 0xFE, 0xFF, 0xFF, 0xFF, 0xFE, 0xFF, 0xFE, 0xFE, 0xFF, 0xFF, 0xFF, 0xFF,
    0xFF, 0xFF, 0xFF, 0xFE, 0xFF, 0xFE, 0xFE, 0xFF, 0xFF, 0xFF, 0xFF, 0xFF, 0xFF, 0xFF, 0xFF, 0xFE,
    0xFF, 0xFE, 0xFE, 0xFE, 0xFF, 0x00, 0xFF, 0xFF, 0xFF, 0xFF, 0xFF, 0xFF, 0xFE, 0xFE, 0xFF, 0xFF,
    0xFF, 0xFE, 0xFF, 0xFF, 0xFF, 0xFF, 0xFF, 0xFF, 0xFF, 0xFF, 0xFF, 0xFE, 0xFF, 0xFF, 0xFF, 0xFF,
    0xFF, 0xFF, 0xFF, 0xFE, 0xFF, 0xFF, 0xFF, 0xFF, 0xFF, 0xFF, 0xFF, 0xFF, 0xFF, 0xFF, 0xFF, 0xFF,
    0xFF, 0xFF, 0xFF, 0xFF, 0xFF, 0xFF, 0xFF, 0xFF, 0xFF, 0xFF, 0xFF, 0xFF, 0xFF, 0xFF, 0xFF, 0xFE,
    0xFE, 0xFF, 0xFF, 0xFF, 0xFE, 0xFF, 0xFF, 0xFF, 0xFF, 0xFF, 0xFF, 0xFF, 0xFF, 0xFF, 0xFF, 0xFF,
    0xFF, 0xFF, 0xFF, 0xFF, 0xFF, 0xFF, 0xFF, 0xFF, 0xFF, 0xFF, 0xFF, 0xFF, 0xFE, 0xFE, 0xFE, 0xFF,
    0xFF, 0xFF, 0xFF, 0xFF, 0xFF, 0xFE, 0xFF, 0xFE, 0xFE, 0xFF, 0xFF, 0xFF, 0xFF, 0xFF, 0xFF, 0xFF,
    0xFE, 0xFF, 0xFF, 0xFF, 0xFE, 0xFF, 0xFF, 0xFF, 0xFF, 0xFF, 0xFE, 0xFE, 0xFF, 0xFF, 0xFF, 0xFF,
    0xFF, 0xFF, 0xFF, 0xFF, 0xFF, 0xFE, 0xFE, 0xFE, 0xFF, 0xFF, 0xFF, 0xFF, 0xFF, 0xFF, 0xFF, 0xFF,
    0xFF, 0xFE, 0xFF, 0xFF, 0xFF, 0x00, 0xFF, 0xFF, 0xFF, 0xFF, 0xFF, 0xFF, 0xFF, 0xFF, 0xFF, 0xFF,
    0xFF, 0xFF, 0xFF, 0xFF, 0xFE, 0xFF, 0xFF, 0xFF, 0xFF, 0xFF, 0xFF, 0xFF, 0xFF, 0xFF, 0xFF, 0xFF,
    0xFF, 0xFF, 0xFF, 0xFF, 0xFF, 0xFF, 0xFF, 0xFF, 0xFF, 0xFF, 0xFE, 0xFF, 0xFF, 0xFF, 0xFE, 0xFE,
    0xFF, 0xFF, 0xFF, 0xFF, 0xFF, 0xFF, 0xFF, 0xFF, 0xFF, 0xFF, 0xFF, 0xFF, 0xFF, 0xFF, 0xFF, 0xFE,
    0xFF, 0xFF, 0xFF, 0xFF, 0xFE, 0xFF, 0xFF, 0xFF, 0xFF, 0xFF, 0xFF, 0xFF, 0xFF, 0xFF, 0xFF, 0xFF,
    0xFF, 0xFF, 0xFF, 0xFF, 0xFF, 0xFF, 0xFF, 0xFF, 0xFF, 0xFF, 0xFF, 0xFF, 0xFE, 0xFE, 0xFF, 0xFE,
    0xFF, 0xFF, 0xFF, 0xFF, 0xFF, 0xFE, 0xFF, 0xFF, 0xFE, 0xFF, 0xFF, 0xFF, 0xFF, 0xFF, 0xFE, 0xFE,
    0xFE, 0xFF, 0xFF, 0xFF, 0xFF, 0xFF, 0xFF, 0xFF, 0xFF, 0xFF, 0xFF, 0xFF, 0xFF, 0xFF, 0xFF, 0xFF,
    0xFF, 0xFF, 0xFF, 0xFE, 0xFF, 0xFE, 0xFE, 0xFE, 0xFE, 0xFF, 0xFF, 0xFF, 0xFF, 0xFF, 0xFF, 0xFF,
    0xFF, 0xFF, 0xFF, 0xFF, 0xFF, 0x00,
};
