#pragma once

#include <cstdint>

// Generated by scripts/generate_embedded_art.py from bmp/curious.bmp — do not edit by
// hand, re-run the script instead. 8bpp grayscale BMP, identity palette.
static const uint8_t curious_bmp_data[41078] = {
    0x42, 0x4D, 0x76, 0xA0, 0x00, 0x00, 0x00, 0x00, 0x00, 0x00, 0x36, 0x04, 0x00, 0x00, 0x28, 0x00,
    0x00, 0x00, 0xC8, 0x00, 0x00, 0x00, 0xC8, 0x00, 0x00, 0x00, 0x01, 0x00, 0x08, 0x00, 0x00, 0x00,
    0x00, 0x00, 0x40, 0x9C, 0x00, 0x00, 0x13, 0x0B, 0x00, 0x00, 0x13, 0x0B, 0x00, 0x00, 0x00, 0x01,
    0x00, 0x00, 0x00, 0x00, 0x00, 0x00, 0x00, 0x00, 0x00, 0x00, 0x01, 0x01, 0x01, 0x00, 0x02, 0x02,
    0x02, 0x00, 0x03, 0x03, 0x03, 0x00, 0x04, 0x04, 0x04, 0x00, 0x05, 0x05, 0x05, 0x00, 0x06, 0x06,
    0x06, 0x00, 0x07, 0x07, 0x07, 0x00, 0x08, 0x08, 0x08, 0x00, 0x09, 0x09, 0x09, 0x00, 0x0A, 0x0A,
    0x0A, 0x00, 0x0B, 0x0B, 0x0B, 0x00, 0x0C, 0x0C, 0x0C, 0x00, 0x0D, 0x0D, 0x0D, 0x00, 0x0E, 0x0E,
    0x0E, 0x00, 0x0F, 0x0F, 0x0F, 0x00, 0x10, 0x10, 0x10, 0x00, 0x11, 0x11, 0x11, 0x00, 0x12, 0x12,
    0x12, 0x00, 0x13, 0x13, 0x13, 0x00, 0x14, 0x14, 0x14, 0x00, 0x15, 0x15, 0x15, 0x00, 0x16, 0x16,
    0x16, 0x00, 0x17, 0x17, 0x17, 0x00, 0x18, 0x18, 0x18, 0x00, 0x19, 0x19, 0x19, 0x00, 0x1A, 0x1A,
    0x1A, 0x00, 0x1B, 0x1B, 0x1B, 0x00, 0x1C, 0x1C, 0x1C, 0x00, 0x1D, 0x1D, 0x1D, 0x00, 0x1E, 0x1E,
    0x1E, 0x00, 0x1F, 0x1F, 0x1F, 0x00, 0x20, 0x20, 0x20, 0x00, 0x21, 0x21, 0x21, 0x00, 0x22, 0x22,
    0x22, 0x00, 0x23, 0x23, 0x23, 0x00, 0x24, 0x24, 0x24, 0x00, 0x25, 0x25, 0x25, 0x00, 0x26, 0x26,
    0x26, 0x00, 0x27, 0x27, 0x27, 0x00, 0x28, 0x28, 0x28, 0x00, 0x29, 0x29, 0x29, 0x00, 0x2A, 0x2A,
    0x2A, 0x00, 0x2B, 0x2B, 0x2B, 0x00, 0x2C, 0x2C, 0x2C, 0x00, 0x2D, 0x2D, 0x2D, 0x00, 0x2E, 0x2E,
    0x2E, 0x00, 0x2F, 0x2F, 0x2F, 0x00, 0x30, 0x30, 0x30, 0x00, 0x31, 0x31, 0x31, 0x00, 0x32, 0x32,
    0x32, 0x00, 0x33, 0x33, 0x33, 0x00, 0x34, 0x34, 0x34, 0x00, 0x35, 0x35, 0x35, 0x00, 0x36, 0x36,
    0x36, 0x00, 0x37, 0x37, 0x37, 0x00, 0x38, 0x38, 0x38, 0x00, 0x39, 0x39, 0x39, 0x00, 0x3A, 0x3A,
    0x3A, 0x00, 0x3B, 0x3B, 0x3B, 0x00, 0x3C, 0x3C, 0x3C, 0x00, 0x3D, 0x3D, 0x3D, 0x00, 0x3E, 0x3E,
    0x3E, 0x00, 0x3F, 0x3F, 0x3F, 0x00, 0x40, 0x40, 0x40, 0x00, 0x41, 0x41, 0x41, 0x00, 0x42, 0x42,
    0x42, 0x00, 0x43, 0x43, 0x43, 0x00, 0x44, 0x44, 0x44, 0x00, 0x45, 0x45, 0x45, 0x00, 0x46, 0x46,
    0x46, 0x00, 0x47, 0x47, 0x47, 0x00, 0x48, 0x48, 0x48, 0x00, 0x49, 0x49, 0x49, 0x00, 0x4A, 0x4A,
    0x4A, 0x00, 0x4B, 0x4B, 0x4B, 0x00, 0x4C, 0x4C, 0x4C, 0x00, 0x4D, 0x4D, 0x4D, 0x00, 0x4E, 0x4E,
    0x4E, 0x00, 0x4F, 0x4F, 0x4F, 0x00, 0x50, 0x50, 0x50, 0x00, 0x51, 0x51, 0x51, 0x00, 0x52, 0x52,
    0x52, 0x00, 0x53, 0x53, 0x53, 0x00, 0x54, 0x54, 0x54, 0x00, 0x55, 0x55, 0x55, 0x00, 0x56, 0x56,
    0x56, 0x00, 0x57, 0x57, 0x57, 0x00, 0x58, 0x58, 0x58, 0x00, 0x59, 0x59, 0x59, 0x00, 0x5A, 0x5A,
    0x5A, 0x00, 0x5B, 0x5B, 0x5B, 0x00, 0x5C, 0x5C, 0x5C, 0x00, 0x5D, 0x5D, 0x5D, 0x00, 0x5E, 0x5E,
    0x5E, 0x00, 0x5F, 0x5F, 0x5F, 0x00, 0x60, 0x60, 0x60, 0x00, 0x61, 0x61, 0x61, 0x00, 0x62, 0x62,
    0x62, 0x00, 0x63, 0x63, 0x63, 0x00, 0x64, 0x64, 0x64, 0x00, 0x65, 0x65, 0x65, 0x00, 0x66, 0x66,
    0x66, 0x00, 0x67, 0x67, 0x67, 0x00, 0x68, 0x68, 0x68, 0x00, 0x69, 0x69, 0x69, 0x00, 0x6A, 0x6A,
    0x6A, 0x00, 0x6B, 0x6B, 0x6B, 0x00, 0x6C, 0x6C, 0x6C, 0x00, 0x6D, 0x6D, 0x6D, 0x00, 0x6E, 0x6E,
    0x6E, 0x00, 0x6F, 0x6F, 0x6F, 0x00, 0x70, 0x70, 0x70, 0x00, 0x71, 0x71, 0x71, 0x00, 0x72, 0x72,
    0x72, 0x00, 0x73, 0x73, 0x73, 0x00, 0x74, 0x74, 0x74, 0x00, 0x75, 0x75, 0x75, 0x00, 0x76, 0x76,
    0x76, 0x00, 0x77, 0x77, 0x77, 0x00, 0x78, 0x78, 0x78, 0x00, 0x79, 0x79, 0x79, 0x00, 0x7A, 0x7A,
    0x7A, 0x00, 0x7B, 0x7B, 0x7B, 0x00, 0x7C, 0x7C, 0x7C, 0x00, 0x7D, 0x7D, 0x7D, 0x00, 0x7E, 0x7E,
    0x7E, 0x00, 0x7F, 0x7F, 0x7F, 0x00, 0x80, 0x80, 0x80, 0x00, 0x81, 0x81, 0x81, 0x00, 0x82, 0x82,
    0x82, 0x00, 0x83, 0x83, 0x83, 0x00, 0x84, 0x84, 0x84, 0x00, 0x85, 0x85, 0x85, 0x00, 0x86, 0x86,
    0x86, 0x00, 0x87, 0x87, 0x87, 0x00, 0x88, 0x88, 0x88, 0x00, 0x89, 0x89, 0x89, 0x00, 0x8A, 0x8A,
    0x8A, 0x00, 0x8B, 0x8B, 0x8B, 0x00, 0x8C, 0x8C, 0x8C, 0x00, 0x8D, 0x8D, 0x8D, 0x00, 0x8E, 0x8E,
    0x8E, 0x00, 0x8F, 0x8F, 0x8F, 0x00, 0x90, 0x90, 0x90, 0x00, 0x91, 0x91, 0x91, 0x00, 0x92, 0x92,
    0x92, 0x00, 0x93, 0x93, 0x93, 0x00, 0x94, 0x94, 0x94, 0x00, 0x95, 0x95, 0x95, 0x00, 0x96, 0x96,
    0x96, 0x00, 0x97, 0x97, 0x97, 0x00, 0x98, 0x98, 0x98, 0x00, 0x99, 0x99, 0x99, 0x00, 0x9A, 0x9A,
    0x9A, 0x00, 0x9B, 0x9B, 0x9B, 0x00, 0x9C, 0x9C, 0x9C, 0x00, 0x9D, 0x9D, 0x9D, 0x00, 0x9E, 0x9E,
    0x9E, 0x00, 0x9F, 0x9F, 0x9F, 0x00, 0xA0, 0xA0, 0xA0, 0x00, 0xA1, 0xA1, 0xA1, 0x00, 0xA2, 0xA2,
    0xA2, 0x00, 0xA3, 0xA3, 0xA3, 0x00, 0xA4, 0xA4, 0xA4, 0x00, 0xA5, 0xA5, 0xA5, 0x00, 0xA6, 0xA6,
    0xA6, 0x00, 0xA7, 0xA7, 0xA7, 0x00, 0xA8, 0xA8, 0xA8, 0x00, 0xA9, 0xA9, 0xA9, 0x00, 0xAA, 0xAA,
    0xAA, 0x00, 0xAB, 0xAB, 0xAB, 0x00, 0xAC, 0xAC, 0xAC, 0x00, 0xAD, 0xAD, 0xAD, 0x00, 0xAE, 0xAE,
    0xAE, 0x00, 0xAF, 0xAF, 0xAF, 0x00, 0xB0, 0xB0, 0xB0, 0x00, 0xB1, 0xB1, 0xB1, 0x00, 0xB2, 0xB2,
    0xB2, 0x00, 0xB3, 0xB3, 0xB3, 0x00, 0xB4, 0xB4, 0xB4, 0x00, 0xB5, 0xB5, 0xB5, 0x00, 0xB6, 0xB6,
    0xB6, 0x00, 0xB7, 0xB7, 0xB7, 0x00, 0xB8, 0xB8, 0xB8, 0x00, 0xB9, 0xB9, 0xB9, 0x00, 0xBA, 0xBA,
    0xBA, 0x00, 0xBB, 0xBB, 0xBB, 0x00, 0xBC, 0xBC, 0xBC, 0x00, 0xBD, 0xBD, 0xBD, 0x00, 0xBE, 0xBE,
    0xBE, 0x00, 0xBF, 0xBF, 0xBF, 0x00, 0xC0, 0xC0, 0xC0, 0x00, 0xC1, 0xC1, 0xC1, 0x00, 0xC2, 0xC2,
    0xC2, 0x00, 0xC3, 0xC3, 0xC3, 0x00, 0xC4, 0xC4, 0xC4, 0x00, 0xC5, 0xC5, 0xC5, 0x00, 0xC6, 0xC6,
    0xC6, 0x00, 0xC7, 0xC7, 0xC7, 0x00, 0xC8, 0xC8, 0xC8, 0x00, 0xC9, 0xC9, 0xC9, 0x00, 0xCA, 0xCA,
    0xCA, 0x00, 0xCB, 0xCB, 0xCB, 0x00, 0xCC, 0xCC, 0xCC, 0x00, 0xCD, 0xCD, 0xCD, 0x00, 0xCE, 0xCE,
    0xCE, 0x00, 0xCF, 0xCF, 0xCF, 0x00, 0xD0, 0xD0, 0xD0, 0x00, 0xD1, 0xD1, 0xD1, 0x00, 0xD2, 0xD2,
    0xD2, 0x00, 0xD3, 0xD3, 0xD3, 0x00, 0xD4, 0xD4, 0xD4, 0x00, 0xD5, 0xD5, 0xD5, 0x00, 0xD6, 0xD6,
    0xD6, 0x00, 0xD7, 0xD7, 0xD7, 0x00, 0xD8, 0xD8, 0xD8, 0x00, 0xD9, 0xD9, 0xD9, 0x00, 0xDA, 0xDA,
    0xDA, 0x00, 0xDB, 0xDB, 0xDB, 0x00, 0xDC, 0xDC, 0xDC, 0x00, 0xDD, 0xDD, 0xDD, 0x00, 0xDE, 0xDE,
    0xDE, 0x00, 0xDF, 0xDF, 0xDF, 0x00, 0xE0, 0xE0, 0xE0, 0x00, 0xE1, 0xE1, 0xE1, 0x00, 0xE2, 0xE2,
    0xE2, 0x00, 0xE3, 0xE3, 0xE3, 0x00, 0xE4, 0xE4, 0xE4, 0x00, 0xE5, 0xE5, 0xE5, 0x00, 0xE6, 0xE6,
    0xE6, 0x00, 0xE7, 0xE7, 0xE7, 0x00, 0xE8, 0xE8, 0xE8, 0x00, 0xE9, 0xE9, 0xE9, 0x00, 0xEA, 0xEA,
    0xEA, 0x00, 0xEB, 0xEB, 0xEB, 0x00, 0xEC, 0xEC, 0xEC, 0x00, 0xED, 0xED, 0xED, 0x00, 0xEE, 0xEE,
    0xEE, 0x00, 0xEF, 0xEF, 0xEF, 0x00, 0xF0, 0xF0, 0xF0, 0x00, 0xF1, 0xF1, 0xF1, 0x00, 0xF2, 0xF2,
    0xF2, 0x00, 0xF3, 0xF3, 0xF3, 0x00, 0xF4, 0xF4, 0xF4, 0x00, 0xF5, 0xF5, 0xF5, 0x00, 0xF6, 0xF6,
    0xF6, 0x00, 0xF7, 0xF7, 0xF7, 0x00, 0xF8, 0xF8, 0xF8, 0x00, 0xF9, 0xF9, 0xF9, 0x00, 0xFA, 0xFA,
    0xFA, 0x00, 0xFB, 0xFB, 0xFB, 0x00, 0xFC, 0xFC, 0xFC, 0x00, 0xFD, 0xFD, 0xFD, 0x00, 0xFE, 0xFE,
    0xFE, 0x00, 0xFF, 0xFF, 0xFF, 0x00, 0xFE, 0xFE, 0xFE, 0xFE, 0xFE, 0xFE, 0xFE, 0xFE, 0xFE, 0xFE,
    0xFE, 0xFD, 0xC9, 0x63, 0x1F, 0x72, 0x89, 0x54, 0x34, 0x23, 0x10, 0x16, 0x19, 0x28, 0x2D, 0x2D,
    0x34, 0x29, 0x20, 0x37, 0x5D, 0x96, 0x95, 0x54, 0x20, 0x16, 0x33, 0x16, 0x08, 0x30, 0x64, 0x42,
    0x2D, 0x52, 0xA5, 0xBA, 0x65, 0x10, 0x00, 0x08, 0x11, 0x0A, 0x5C, 0xF4, 0xE6, 0x26, 0xB0, 0x32,
    0x00, 0x08, 0x70, 0xC9, 0xFF, 0xFA, 0xFF, 0xC3, 0x2C, 0xB2, 0x68, 0x10, 0x33, 0xC7, 0xFF, 0xF1,
    0x6A, 0x06, 0x11, 0x25, 0x35, 0x3B, 0x31, 0x0D, 0x00, 0x4F, 0xE9, 0x7F, 0x00, 0x19, 0x0B, 0x0B,
    0x10, 0x00, 0x07, 0x0A, 0x04, 0x02, 0x0E, 0x10, 0x22, 0x4D, 0x56, 0x5B, 0x00, 0x3C, 0x05, 0x02,
    0x18, 0x06, 0x04, 0x07, 0x00, 0x02, 0x0E, 0x11, 0x01, 0x00, 0x05, 0x27, 0x30, 0x21, 0x02, 0x0B,
    0x18, 0x10, 0x07, 0x17, 0xB8, 0xCF, 0x88, 0x99, 0x4B, 0x43, 0x2F, 0x25, 0x13, 0x0C, 0x08, 0x0E,
    0x2C, 0x12, 0x00, 0x0B, 0x87, 0x83, 0x00, 0x17, 0x7D, 0x3F, 0x0D, 0x08, 0x23, 0x46, 0x0F, 0x4B,
    0x6B, 0x58, 0xF4, 0xFF, 0xFD, 0xFB, 0xFF, 0xCD, 0x42, 0x17, 0x51, 0x41, 0x0B, 0x25, 0x5D, 0xA4,
    0xD1, 0xA7, 0x5E, 0x4A, 0x47, 0x3E, 0x52, 0x7F, 0xB1, 0xEB, 0xFF, 0xFD, 0xFE, 0xFE, 0xFE, 0xFE,
    0xFE, 0xFE, 0xFE, 0xFE, 0xFE, 0xFE, 0xFF, 0xFE, 0xFD, 0xFB, 0xFB, 0xFB, 0xFB, 0xFB, 0xFD, 0xFE,
    0xFE, 0xFF, 0xFE, 0xFE, 0xFE, 0xFE, 0xFE, 0xFE, 0xFE, 0xFE, 0xFD, 0xFF, 0x72, 0x04, 0x39, 0x2E,
    0x49, 0x54, 0x46, 0x84, 0x83, 0x7F, 0x81, 0x69, 0x2E, 0x18, 0x12, 0x37, 0x43, 0x37, 0x59, 0x81,
    0x98, 0x41, 0x93, 0x1C, 0x0D, 0x3B, 0xD7, 0xFF, 0xE3, 0x92, 0x41, 0x42, 0x9F, 0xAA, 0x40, 0x0C,
    0x03, 0x18, 0x04, 0x21, 0xAE, 0x52, 0x4A, 0x80, 0x00, 0x00, 0x44, 0x8C, 0xC5, 0xFE, 0xFF, 0xE2,
    0x26, 0x9B, 0x59, 0x1A, 0x00, 0x40, 0xBF, 0x42, 0x0B, 0x4E, 0x46, 0x2F, 0x2D, 0x32, 0x29, 0x10,
    0x06, 0x00, 0x3C, 0x3A, 0x25, 0x76, 0x67, 0x60, 0x2B, 0x1A, 0x00, 0x00, 0x01, 0x01, 0x00, 0x0C,
    0x13, 0x34, 0x52, 0x57, 0x29, 0x20, 0x1D, 0x00, 0x07, 0x14, 0x01, 0x00, 0x07, 0x1C, 0x19, 0x34,
    0x4A, 0x3C, 0x36, 0x3D, 0x13, 0x1A, 0x0D, 0x05, 0x08, 0x05, 0x00, 0x59, 0xA7, 0x93, 0xBE, 0x9D,
    0x8F, 0x7B, 0x18, 0x0D, 0x0F, 0x00, 0x12, 0x10, 0x00, 0x00, 0x1D, 0x49, 0x24, 0x00, 0x3D, 0x6C,
    0x30, 0x0B, 0x0A, 0x73, 0x4B, 0x0A, 0x28, 0x49, 0x62, 0xF4, 0xFF, 0xFD, 0xFC, 0xFF, 0xB2, 0x0C,
    0x15, 0x2D, 0x0F, 0x0C, 0x48, 0x94, 0x83, 0x48, 0x34, 0x50, 0x89, 0xB2, 0xD7, 0xF7, 0xFF, 0xFE,
    0xFF, 0xFE, 0xFE, 0xFF, 0xFE, 0xFE, 0xFE, 0xFE, 0xFE, 0xFE, 0xFE, 0xFE, 0xFD, 0xFC, 0xFC, 0xFD,
    0xFF, 0xFF, 0xFF, 0xFF, 0xFF, 0xFF, 0xFF, 0xFE, 0xFD, 0xFD, 0xFE, 0xFE, 0xFE, 0xFE, 0xFE, 0xFE,
    0xFE, 0xFE, 0xFB, 0xFD, 0xFE, 0x4E, 0x7A, 0x56, 0x00, 0x2D, 0x34, 0x3A, 0x3D, 0x40, 0x45, 0x4A,
    0x4B, 0x46, 0x66, 0x80, 0xA5, 0xE4, 0xFE, 0xFF, 0xFA, 0x33, 0x9A, 0x3C, 0x0D, 0x13, 0x58, 0xC3,
    0xFE, 0xFF, 0xF9, 0xC1, 0x6A, 0x4D, 0x8C, 0x7D, 0x25, 0x04, 0x12, 0x10, 0x15, 0x45, 0x03, 0x7D,
    0x30, 0x00, 0x06, 0x47, 0x7C, 0xB8, 0xF5, 0xFF, 0x77, 0x34, 0x89, 0x28, 0x01, 0x16, 0x15, 0x3E,
    0x5E, 0x39, 0x41, 0x5B, 0x6E, 0x7C, 0x7E, 0x66, 0x46, 0x31, 0x14, 0x00, 0x03, 0x0B, 0x24, 0x49,
    0x46, 0x61, 0x44, 0x22, 0x07, 0x00, 0x00, 0x00, 0x04, 0x01, 0x1C, 0x42, 0x58, 0x00, 0x08, 0x05,
    0x06, 0x05, 0x02, 0x00, 0x2F, 0x42, 0x35, 0x29, 0x1C, 0x29, 0x62, 0x37, 0x30, 0x97, 0x7F, 0x41,
    0x00, 0x00, 0x57, 0xE5, 0x85, 0x9A, 0xCE, 0x7E, 0xA4, 0x2F, 0x06, 0x31, 0x11, 0x24, 0x18, 0x00,
    0x02, 0x0A, 0x05, 0x08, 0x35, 0x48, 0x37, 0x27, 0x56, 0x14, 0xB3, 0x80, 0x00, 0x19, 0x19, 0x59,
    0xFB, 0xFD, 0xFA, 0xFE, 0xFB, 0x9D, 0x0E, 0x0E, 0x1C, 0x11, 0x2D, 0x6F, 0x9E, 0x3B, 0x28, 0x92,
    0xD2, 0xDF, 0xE8, 0xE9, 0xF0, 0xFF, 0xFC, 0xFB, 0xFB, 0xFD, 0xFE, 0xFE, 0xFE, 0xFE, 0xFE, 0xFE,
    0xFD, 0xFC, 0xFA, 0xFC, 0xFE, 0xFF, 0xFF, 0xFA, 0xD9, 0xAC, 0x85, 0x73, 0x68, 0x6F, 0xF1, 0xFB,
    0xFF, 0xFF, 0xFE, 0xFD, 0xFE, 0xFE, 0xFF, 0xFF, 0xFF, 0xFE, 0xFF, 0xFC, 0xFF, 0xD2, 0x4E, 0xC6,
    0x17, 0x35, 0xC1, 0xDC, 0xC9, 0xBB, 0xB9, 0xAA, 0x25, 0x22, 0x2D, 0x2D, 0x3F, 0xD7, 0xFF, 0xF7,
    0xFF, 0x7D, 0x5C, 0xA4, 0x0C, 0x14, 0x1D, 0x5B, 0x9F, 0xE8, 0xFF, 0xFE, 0xFF, 0xD6, 0x5E, 0x41,
    0x72, 0x46, 0x00, 0x0E, 0x07, 0x07, 0x00, 0x3A, 0x86, 0x0B, 0x00, 0x00, 0x23, 0x5B, 0x9A, 0xE7,
    0xFC, 0x58, 0x1C, 0x47, 0x48, 0x00, 0x52, 0x5B, 0x1D, 0x56, 0x67, 0x50, 0x39, 0x25, 0x1F, 0x1E,
    0x12, 0x1A, 0x31, 0x1F, 0x0A, 0x00, 0x00, 0x00, 0x01, 0x11, 0x29, 0x2F, 0x30, 0x18, 0x0A, 0x02,
    0x01, 0x00, 0x04, 0x0E, 0x18, 0x23, 0x00, 0x03, 0x30, 0x10, 0x00, 0x0A, 0x2B, 0x1A, 0x05, 0x01,
    0x01, 0x00, 0x20, 0x75, 0xB8, 0xC7, 0x69, 0xBA, 0xB0, 0x93, 0xBB, 0xCE, 0x4F, 0x05, 0x82, 0x9F,
    0x7A, 0x00, 0x1D, 0x18, 0x22, 0x14, 0x00, 0x01, 0x00, 0x11, 0x56, 0x79, 0x51, 0x0D, 0x59, 0xCB,
    0x28, 0x9D, 0xBB, 0x06, 0x16, 0x20, 0x53, 0xF4, 0xFF, 0xFD, 0xFF, 0xF0, 0x83, 0x21, 0x13, 0x03,
    0x21, 0x47, 0x7A, 0x81, 0x0D, 0x67, 0xF5, 0xFD, 0x51, 0x01, 0x12, 0x12, 0x1D, 0x8D, 0xFF, 0xFD,
    0xFE, 0xFE, 0xFE, 0xFE, 0xFE, 0xFE, 0xFD, 0xFB, 0xFD, 0xFF, 0xFE, 0xFF, 0xED, 0xB1, 0x72, 0x3F,
    0x21, 0x1F, 0x29, 0x23, 0x2D, 0x2F, 0xCF, 0xC1, 0xCC, 0xE8, 0xFD, 0xFF, 0xFF, 0xFE, 0xFD, 0xFD,
    0xFE, 0xFE, 0xFE, 0xFE, 0xFB, 0xFF, 0x6B, 0x83, 0x47, 0x00, 0x8F, 0xFF, 0xFF, 0xFD, 0xFF, 0xDE,
    0x26, 0x25, 0x2C, 0x35, 0x00, 0x2D, 0xEE, 0xFF, 0xFF, 0xEE, 0x31, 0x9B, 0x88, 0x0D, 0x12, 0x17,
    0x46, 0x6F, 0xBA, 0xFB, 0xFF, 0xFE, 0xFF, 0xB3, 0x47, 0x8D, 0x89, 0x0F, 0x00, 0x06, 0x04, 0x00,
    0x5C, 0x61, 0x02, 0x00, 0x00, 0x04, 0x1D, 0x4D, 0xA0, 0xBE, 0x38, 0x2C, 0x4F, 0x37, 0x66, 0x00,
    0x07, 0x0B, 0x02, 0x00, 0x00, 0x00, 0x00, 0x00, 0x00, 0x00, 0x00, 0x00, 0x01, 0x03, 0x04, 0x02,
    0x02, 0x01, 0x00, 0x00, 0x0B, 0x22, 0x26, 0x24, 0x06, 0x00, 0x03, 0x01, 0x03, 0x4A, 0x12, 0x00,
    0x0C, 0x10, 0x00, 0x11, 0x07, 0x05, 0x08, 0x02, 0x02, 0x00, 0x1F, 0x5C, 0x50, 0x16, 0x04, 0x53,
    0xBB, 0xD2, 0xA7, 0x6A, 0x47, 0x00, 0x07, 0x2B, 0x3F, 0x00, 0x11, 0x08, 0x0F, 0x00, 0x00, 0x0F,
    0x5A, 0x74, 0x41, 0x12, 0x51, 0xCE, 0xFF, 0x5A, 0x53, 0xE6, 0x24, 0x22, 0x25, 0x64, 0xC7, 0xE2,
    0xC6, 0xB9, 0xB7, 0x7F, 0x13, 0x14, 0x0B, 0x1C, 0x33, 0x7D, 0x5B, 0x00, 0x83, 0xFF, 0xFF, 0x81,
    0x00, 0x18, 0x3A, 0x3F, 0x09, 0x74, 0xFF, 0xFC, 0xFE, 0xFE, 0xFE, 0xFE, 0xFE, 0xFC, 0xFD, 0xFF,
    0xFC, 0xD0, 0x98, 0x5C, 0x22, 0x1D, 0x22, 0x2B, 0x31, 0x30, 0x2F, 0x22, 0x1A, 0x58, 0xA9, 0xA9,
    0xA3, 0x98, 0xA2, 0xD0, 0xF0, 0xFD, 0xFF, 0xFF, 0xFE, 0xFC, 0xFD, 0xFE, 0xFC, 0xFF, 0xB4, 0x6C,
    0x8B, 0x00, 0x5A, 0xE1, 0xFF, 0xF8, 0xFF, 0xD6, 0x12, 0x28, 0x47, 0x53, 0x17, 0x00, 0x89, 0xFF,
    0xF9, 0xFF, 0xD1, 0x34, 0xB2, 0x98, 0x15, 0x06, 0x0D, 0x34, 0x5A, 0x92, 0xDF, 0xFF, 0xFE, 0xFF,
    0xF4, 0x69, 0x5C, 0x90, 0x23, 0x0D, 0x13, 0x00, 0x03, 0x3F, 0x4A, 0x0C, 0x02, 0x04, 0x00, 0x00,
    0x04, 0x1D, 0x47, 0x24, 0x00, 0x7C, 0x1A, 0x01, 0x1A, 0x28, 0x47, 0x40, 0x3D, 0x2F, 0x13, 0x16,
    0x06, 0x02, 0x07, 0x07, 0x08, 0x07, 0x01, 0x01, 0x01, 0x00, 0x00, 0x04, 0x01, 0x00, 0x09, 0x26,
    0x13, 0x1B, 0x10, 0x04, 0x00, 0x13, 0x45, 0x0F, 0x00, 0x00, 0x07, 0x14, 0x0F, 0x15, 0x1E, 0x0E,
    0x00, 0x00, 0x74, 0x50, 0x0D, 0x31, 0x4A, 0x4A, 0x5C, 0x44, 0x80, 0x78, 0x79, 0x00, 0x0B, 0x73,
    0x36, 0x07, 0x10, 0x04, 0x00, 0x04, 0x3A, 0x6E, 0x3C, 0x14, 0x67, 0xDE, 0xFD, 0xEE, 0x9C, 0x1E,
    0xC4, 0x45, 0x2B, 0x2D, 0x3F, 0x5B, 0x81, 0x69, 0x5F, 0x6F, 0x70, 0x24, 0x00, 0x0A, 0x14, 0x2B,
    0x4E, 0x3A, 0x01, 0x9E, 0xFF, 0xFF, 0xC1, 0x0F, 0x02, 0x28, 0x4A, 0x45, 0x16, 0x7F, 0xFF, 0xFB,
    0xFF, 0xFE, 0xFD, 0xFC, 0xFB, 0xFF, 0xF0, 0x8A, 0x38, 0x1C, 0x17, 0x0E, 0x12, 0x26, 0x17, 0x12,
    0x0E, 0x25, 0x20, 0x3C, 0x4B, 0xAF, 0x38, 0x44, 0x55, 0x5C, 0x58, 0x63, 0x8B, 0xA7, 0xCC, 0xE9,
    0xFA, 0xFF, 0xFF, 0xFD, 0xFD, 0xFF, 0xEE, 0x54, 0xA0, 0x0B, 0x35, 0xAD, 0xFF, 0xFA, 0xFF, 0xDF,
    0x18, 0x25, 0x43, 0x45, 0x10, 0x02, 0x2B, 0xD6, 0xFF, 0xFA, 0xFF, 0xD1, 0x42, 0x9A, 0xAB, 0x24,
    0x00, 0x06, 0x27, 0x4B, 0x61, 0x94, 0xD9, 0xFD, 0xFF, 0xFE, 0x2D, 0x5F, 0x7E, 0x05, 0x0F, 0x06,
    0x21, 0x00, 0x28, 0x47, 0x14, 0x03, 0x04, 0x02, 0x01, 0x00, 0x01, 0x00, 0x28, 0x56, 0x0D, 0x23,
    0x22, 0x1D, 0x20, 0x17, 0x19, 0x0D, 0x07, 0x03, 0x0D, 0x2C, 0x3C, 0x44, 0x3E, 0x39, 0x34, 0x48,
    0x4E, 0x49, 0x24, 0x0E, 0x05, 0x00, 0x01, 0x00, 0x00, 0x2C, 0x2E, 0x00, 0x05, 0x00, 0x0D, 0x28,
    0x0A, 0x04, 0x19, 0x0A, 0x1B, 0x15, 0x1D, 0x0E, 0x00, 0x0A, 0x5F, 0x18, 0x0A, 0x3F, 0x5F, 0x6F,
    0x64, 0x49, 0x46, 0x68, 0x61, 0x00, 0x31, 0xBE, 0x7E, 0x9D, 0x43, 0x00, 0x09, 0x32, 0x35, 0x1E,
    0x36, 0x95, 0xA2, 0x53, 0x1A, 0x1A, 0x19, 0x75, 0x57, 0x05, 0x4E, 0x2C, 0x2B, 0x0E, 0x19, 0x1E,
    0x16, 0x2C, 0x36, 0x00, 0x06, 0x25, 0x19, 0x34, 0x39, 0x09, 0xAF, 0xFF, 0xF3, 0xFF, 0x83, 0x00,
    0x06, 0x22, 0x45, 0x44, 0x1F, 0x70, 0xFF, 0xFA, 0xFC, 0xFC, 0xFF, 0xFE, 0xFF, 0xC2, 0x2B, 0x22,
    0x28, 0x24, 0x2B, 0x11, 0x09, 0x15, 0x18, 0x48, 0x5F, 0xA3, 0xB2, 0xC5, 0xF3, 0xFB, 0x18, 0x10,
    0x03, 0x00, 0x07, 0x0A, 0x13, 0x2A, 0x48, 0x79, 0xA4, 0xC8, 0xF3, 0xFF, 0xFD, 0xFD, 0xFF, 0x43,
    0x7C, 0x1E, 0x13, 0x76, 0xD9, 0xFF, 0xFF, 0xDE, 0x17, 0x2C, 0x46, 0x3C, 0x0D, 0x00, 0x8F, 0xFD,
    0xFC, 0xFE, 0xFC, 0xFF, 0xE5, 0x53, 0x5C, 0x8A, 0x7B, 0x2E, 0x05, 0x07, 0x14, 0x1D, 0x3D, 0x77,
    0xB3, 0xF6, 0x9E, 0x00, 0x62, 0x1C, 0x06, 0x01, 0xBA, 0x7E, 0x03, 0x02, 0x1C, 0x2D, 0x19, 0x0E,
    0x06, 0x00, 0x06, 0x00, 0x1D, 0x1E, 0x00, 0x22, 0x26, 0x15, 0x05, 0x01, 0x01, 0x04, 0x15, 0x36,
    0x39, 0x21, 0x1F, 0x0E, 0x09, 0x33, 0x2B, 0x18, 0x20, 0x37, 0x41, 0x31, 0x33, 0x1C, 0x0E, 0x0D,
    0x02, 0x00, 0x36, 0x32, 0x0A, 0x00, 0x01, 0x02, 0x00, 0x1E, 0x32, 0x07, 0x20, 0x24, 0x1B, 0x0D,
    0x07, 0x00, 0x49, 0x1A, 0x00, 0x34, 0xC6, 0xC1, 0x4E, 0x39, 0x34, 0x21, 0x5B, 0x10, 0x2B, 0x32,
    0x14, 0xA2, 0x4F, 0x00, 0x17, 0x11, 0x1A, 0x3B, 0x2F, 0x0E, 0x00, 0x01, 0x01, 0x0A, 0x26, 0xB1,
    0x0C, 0x3A, 0x40, 0x1F, 0x35, 0x36, 0x15, 0x0D, 0x09, 0x00, 0x01, 0x08, 0x05, 0x0D, 0x05, 0x14,
    0x03, 0x24, 0xBA, 0xF3, 0xFD, 0xFF, 0xAC, 0x08, 0x07, 0x26, 0x46, 0x45, 0x1D, 0x63, 0xFF, 0xFC,
    0xFF, 0xFF, 0xF8, 0xC3, 0x82, 0x1D, 0x00, 0x1D, 0x0F, 0x15, 0x0E, 0x28, 0x4B, 0xB7, 0xBE, 0xA1,
    0xA3, 0x84, 0x6F, 0x5C, 0x5C, 0x65, 0x48, 0x2E, 0x1E, 0x19, 0x1B, 0x16, 0x0C, 0x09, 0x03, 0x07,
    0x36, 0x73, 0x97, 0xCB, 0xFB, 0xFD, 0xFF, 0x6A, 0x63, 0x61, 0x00, 0x48, 0x99, 0xF1, 0xFF, 0xE9,
    0x3B, 0x38, 0x49, 0x44, 0x0B, 0x00, 0x9C, 0xFF, 0xFB, 0xFE, 0xFF, 0xFD, 0xFE, 0xFD, 0xA1, 0x4C,
    0x64, 0xA5, 0x7F, 0x2F, 0x03, 0x00, 0x01, 0x13, 0x22, 0x42, 0x74, 0x11, 0x37, 0x51, 0x08, 0x00,
    0x63, 0xE0, 0xCD, 0x77, 0x2D, 0x11, 0x14, 0x20, 0x18, 0x18, 0x05, 0x4A, 0x21, 0x00, 0x01, 0x3A,
    0x59, 0x35, 0x0F, 0x08, 0x09, 0x3A, 0x3C, 0x22, 0x0F, 0x31, 0x04, 0x19, 0x09, 0x4D, 0x5B, 0x03,
    0x05, 0x07, 0x02, 0x0B, 0x20, 0x05, 0x0E, 0x1C, 0x16, 0x07, 0x00, 0x2A, 0x37, 0x07, 0x00, 0x05,
    0x00, 0x2A, 0x26, 0x0D, 0x2E, 0x60, 0x46, 0x12, 0x10, 0x00, 0x6D, 0x62, 0x00, 0x2D, 0x97, 0xA1,
    0x55, 0x1A, 0x22, 0x61, 0xF2, 0x3E, 0x27, 0x25, 0x27, 0x5F, 0x00, 0x00, 0x08, 0x10, 0x0E, 0x01,
    0x00, 0x03, 0x27, 0x5F, 0x7C, 0x39, 0x60, 0xB5, 0x0C, 0x63, 0x17, 0x4F, 0xD9, 0xDA, 0x9C, 0x79,
    0x4C, 0x22, 0x14, 0x12, 0x03, 0x00, 0x01, 0x00, 0x05, 0x01, 0x02, 0x29, 0x7A, 0xCC, 0xAB, 0x01,
    0x05, 0x39, 0x4A, 0x4B, 0x28, 0x72, 0xFF, 0xE7, 0xBF, 0x76, 0x2C, 0x05, 0x00, 0x02, 0x00, 0x08,
    0x11, 0x34, 0x96, 0x9C, 0xAC, 0x84, 0x42, 0x19, 0x29, 0x47, 0x6E, 0x94, 0xAD, 0xC0, 0x9F, 0x8F,
    0x8D, 0x78, 0x5A, 0x40, 0x22, 0x10, 0x2F, 0x11, 0x02, 0x11, 0x56, 0x80, 0xA6, 0xD3, 0xFF, 0xC8,
    0x2E, 0x91, 0x09, 0x09, 0x65, 0xA9, 0xFF, 0xE3, 0x2D, 0x36, 0x42, 0x3C, 0x0A, 0x00, 0x9D, 0xFF,
    0xFC, 0xFE, 0xFF, 0xFF, 0xFC, 0xFB, 0xFF, 0xF5, 0x8F, 0x45, 0x65, 0x85, 0x84, 0x5A, 0x37, 0x1E,
    0x05, 0x00, 0x09, 0x11, 0x07, 0x59, 0x11, 0x00, 0x02, 0x3D, 0x7A, 0xB3, 0xCC, 0xC3, 0x9F, 0x70,
    0x43, 0x15, 0x24, 0x55, 0x03, 0x13, 0x0A, 0x05, 0x00, 0x19, 0x18, 0x0A, 0x48, 0x26, 0x06, 0x10,
    0x19, 0x65, 0x97, 0x25, 0x34, 0x24, 0x00, 0x0C, 0x09, 0x04, 0x30, 0x20, 0x00, 0x0D, 0x18, 0x1A,
    0x0C, 0x12, 0x12, 0x01, 0x0E, 0x28, 0x07, 0x02, 0x01, 0x1C, 0x17, 0x00, 0x00, 0x54, 0x79, 0x19,
    0x12, 0x05, 0x69, 0xAD, 0x67, 0x08, 0x26, 0x63, 0x87, 0x36, 0x2D, 0x88, 0x85, 0x10, 0x8F, 0xA1,
    0x60, 0x22, 0x00, 0x05, 0x08, 0x02, 0x01, 0x0A, 0x3D, 0x63, 0x5B, 0x49, 0x20, 0x05, 0x94, 0x3B,
    0x22, 0x5D, 0x00, 0x44, 0x63, 0x6A, 0x97, 0xC2, 0xB2, 0xAF, 0x94, 0x48, 0x4B, 0x39, 0x00, 0x02,
    0x00, 0x04, 0x0E, 0x04, 0x00, 0x18, 0x36, 0x04, 0x02, 0x3E, 0x48, 0x44, 0x3E, 0x29, 0x44, 0x1C,
    0x0D, 0x00, 0x00, 0x16, 0x28, 0x26, 0x0D, 0x19, 0x5F, 0x86, 0xA7, 0x3E, 0x21, 0x47, 0x86, 0xC9,
    0xF1, 0xFE, 0xFF, 0xFF, 0xFF, 0xFF, 0xA7, 0x8E, 0xA4, 0xB8, 0xC5, 0xD2, 0x86, 0x15, 0x37, 0x1E,
    0x2C, 0x15, 0x00, 0x22, 0x5D, 0x7E, 0x95, 0xD8, 0x5E, 0x40, 0x62, 0x00, 0x16, 0x72, 0xC5, 0xCD,
    0x19, 0x3B, 0x40, 0x3A, 0x0B, 0x00, 0x9F, 0xFF, 0xFB, 0xFE, 0xFE, 0xFE, 0xFE, 0xFD, 0xFA, 0xFC,
    0xFF, 0xF1, 0xA0, 0x5F, 0x50, 0x56, 0x59, 0x73, 0x6D, 0x52, 0x3C, 0x33, 0x02, 0x2C, 0x41, 0x00,
    0x00, 0x11, 0x25, 0x23, 0x3C, 0x63, 0xA5, 0xE6, 0xEA, 0x2D, 0x39, 0x1D, 0x28, 0x1D, 0x41, 0x22,
    0x0D, 0x16, 0x0E, 0x35, 0x0F, 0x12, 0x21, 0x1A, 0x3C, 0x28, 0x5C, 0x95, 0x10, 0x53, 0x20, 0x00,
    0x10, 0x26, 0x14, 0x06, 0x19, 0x26, 0x05, 0x00, 0x01, 0x08, 0x1F, 0x18, 0x0D, 0x03, 0x10, 0x23,
    0x1F, 0x06, 0x09, 0x00, 0x07, 0x31, 0x6E, 0x1E, 0x12, 0x07, 0x68, 0x71, 0xB2, 0xAA, 0x18, 0x1A,
    0xC9, 0x75, 0x53, 0x6A, 0x25, 0x16, 0x93, 0xC9, 0xB1, 0x0E, 0x06, 0x04, 0x02, 0x09, 0x37, 0x61,
    0x45, 0x1E, 0x2E, 0x80, 0x8C, 0x1C, 0xB9, 0x27, 0x4C, 0x27, 0x3E, 0xA5, 0x5F, 0x32, 0x17, 0x08,
    0x21, 0x46, 0x4F, 0x43, 0xB1, 0xA0, 0x77, 0xB8, 0x3C, 0x18, 0x02, 0x01, 0x01, 0x01, 0x0C, 0x0A,
    0x09, 0x3A, 0x49, 0x58, 0x4F, 0x10, 0x2F, 0x1A, 0x1C, 0x0C, 0x1E, 0x2D, 0x5D, 0x8D, 0x4F, 0x98,
    0x6E, 0x1D, 0x22, 0x8C, 0xE1, 0xFF, 0xFF, 0xFF, 0xFF, 0xFF, 0xF7, 0xE8, 0xDD, 0xCD, 0x49, 0x20,
    0x15, 0x1E, 0x24, 0x5D, 0x40, 0x8C, 0xDE, 0x45, 0x2F, 0x27, 0x13, 0x09, 0x03, 0x2D, 0x5C, 0x76,
    0x8E, 0x25, 0x7F, 0x52, 0x00, 0x19, 0x71, 0x8F, 0x22, 0x3E, 0x41, 0x3F, 0x10, 0x00, 0xA1, 0xFF,
    0xFC, 0xFE, 0xFC, 0xFC, 0xFD, 0xFF, 0xFF, 0xFF, 0xFF, 0xFF, 0xFF, 0xFF, 0xE3, 0xA1, 0x5D, 0x30,
    0x35, 0x48, 0x5E, 0x76, 0x5E, 0x08, 0x2A, 0x15, 0x00, 0x01, 0x00, 0x05, 0x16, 0x1B, 0x18, 0x36,
    0x40, 0x2E, 0x29, 0x4B, 0xF0, 0x97, 0x39, 0x0D, 0x1B, 0x0E, 0x43, 0x0A, 0x0A, 0x5F, 0x51, 0x32,
    0x17, 0x38, 0x21, 0x2A, 0x08, 0x0A, 0x52, 0x07, 0x40, 0x80, 0x38, 0x0F, 0x34, 0x07, 0x12, 0x04,
    0x01, 0x02, 0x04, 0x0B, 0x17, 0x1A, 0x0D, 0x00, 0x06, 0x11, 0x30, 0x69, 0x3E, 0x16, 0x41, 0x24,
    0x05, 0x2E, 0x52, 0x4A, 0x21, 0xA5, 0xAD, 0x73, 0xE5, 0xCB, 0xD0, 0xBF, 0x83, 0x1A, 0x18, 0x6B,
    0xB0, 0x5E, 0x27, 0x04, 0x1F, 0x5B, 0x52, 0x17, 0x45, 0xA0, 0xD2, 0xDC, 0x75, 0x47, 0xB1, 0x0C,
    0x54, 0x08, 0x84, 0xBA, 0x9D, 0x6C, 0x24, 0x08, 0x24, 0x0B, 0x22, 0x21, 0x0D, 0x0C, 0x5B, 0xDB,
    0xFF, 0xAD, 0x75, 0x40, 0x18, 0x23, 0x0D, 0x0C, 0x0D, 0x32, 0x48, 0x77, 0x52, 0x1C, 0x3A, 0x22,
    0x22, 0x05, 0x6E, 0xB5, 0xF8, 0xA5, 0x0D, 0x11, 0x02, 0x58, 0xEE, 0xFF, 0xFE, 0xFF, 0xF7, 0xDD,
    0xB7, 0x82, 0x6B, 0x5B, 0x4B, 0x4E, 0x8B, 0x69, 0x4E, 0x22, 0x00, 0x01, 0x00, 0x37, 0x78, 0x8A,
    0xEC, 0x72, 0x15, 0x1E, 0x07, 0x00, 0x06, 0x2C, 0x66, 0x69, 0x20, 0x6C, 0x5F, 0x04, 0x02, 0x23,
    0x24, 0x3C, 0x3E, 0x3D, 0x14, 0x02, 0x8F, 0xF3, 0xF4, 0xFD, 0xFF, 0xFF, 0xFF, 0xFD, 0xF9, 0xEC,
    0xD9, 0xB9, 0x76, 0x44, 0x44, 0x57, 0x5A, 0x62, 0x58, 0x39, 0x33, 0x2C, 0x2D, 0x0E, 0x09, 0x2A,
    0x0F, 0x02, 0x01, 0x00, 0x09, 0x2B, 0x40, 0x45, 0x10, 0x54, 0x15, 0x3C, 0x77, 0xB3, 0x56, 0x12,
    0x12, 0x54, 0x39, 0x22, 0x12, 0x17, 0x57, 0x5B, 0x35, 0x08, 0x31, 0x07, 0x0D, 0x06, 0x24, 0x36,
    0x25, 0x65, 0x09, 0x1F, 0x14, 0x14, 0x0D, 0x25, 0x00, 0x24, 0x1B, 0x00, 0x02, 0x07, 0x01, 0x1A,
    0x4A, 0x6A, 0x54, 0x44, 0x17, 0x29, 0x36, 0x10, 0x2F, 0x6F, 0x4E, 0x59, 0x57, 0x75, 0x8F, 0x84,
    0xBB, 0x97, 0x73, 0x95, 0xC2, 0x52, 0x7A, 0xB9, 0xCA, 0x99, 0x4F, 0x1C, 0x47, 0x14, 0x3B, 0xA2,
    0xB9, 0x91, 0x67, 0x67, 0x25, 0x6E, 0x87, 0x0F, 0x3F, 0x1B, 0x7C, 0x4A, 0x1A, 0x00, 0x02, 0x05,
    0x0E, 0x67, 0xAF, 0x36, 0x34, 0x4F, 0x09, 0x03, 0x51, 0x8F, 0xD8, 0x9D, 0x80, 0x7B, 0x42, 0x08,
    0x08, 0x28, 0x24, 0x44, 0x4C, 0x32, 0x63, 0x30, 0x60, 0x0D, 0x72, 0xA3, 0x42, 0x00, 0x58, 0xAF,
    0xBC, 0xFF, 0xFD, 0xEB, 0xC9, 0x9D, 0x6F, 0x48, 0x31, 0x31, 0x46, 0x59, 0x5D, 0x6C, 0x92, 0xB4,
    0xBB, 0xBC, 0xB9, 0xAC, 0x71, 0x16, 0x00, 0x2C, 0x92, 0x89, 0xB8, 0x65, 0x02, 0x0F, 0x27, 0x17,
    0x09, 0x26, 0x34, 0x10, 0x37, 0x39, 0x19, 0x0C, 0x21, 0x4B, 0x4D, 0x3D, 0x11, 0x0B, 0x20, 0x19,
    0x1F, 0x3A, 0x4F, 0x53, 0x47, 0x39, 0x2A, 0x13, 0x0C, 0x03, 0x00, 0x00, 0x01, 0x03, 0x01, 0x10,
    0x09, 0x12, 0x16, 0x25, 0x51, 0x68, 0x49, 0x22, 0x2D, 0x18, 0x02, 0x00, 0x00, 0x00, 0x06, 0x17,
    0x25, 0x5F, 0x0B, 0x40, 0x4A, 0x63, 0x20, 0x20, 0x32, 0x54, 0x06, 0x43, 0x4A, 0x00, 0x10, 0x4B,
    0x5E, 0x25, 0x13, 0x0D, 0x2B, 0x0B, 0x04, 0x36, 0x26, 0x1A, 0x15, 0x0A, 0x05, 0x3E, 0x1A, 0x11,
    0x00, 0x1E, 0x46, 0x00, 0x01, 0x25, 0x5C, 0x5F, 0x38, 0x0B, 0x09, 0x0C, 0x17, 0x6E, 0x61, 0x3E,
    0x51, 0x4C, 0x6A, 0xB3, 0xDD, 0xF1, 0x8D, 0x67, 0x8B, 0x65, 0x40, 0x4A, 0x98, 0x8E, 0x8B, 0x6C,
    0xAB, 0xB4, 0x57, 0x0C, 0x10, 0x76, 0xC9, 0x9F, 0x6F, 0x69, 0x67, 0x6B, 0x18, 0x92, 0x5C, 0x22,
    0x31, 0x0E, 0x1A, 0x06, 0x07, 0x03, 0x05, 0x59, 0xA7, 0x87, 0x30, 0x70, 0xF6, 0xFF, 0xDC, 0x81,
    0x1C, 0x00, 0x01, 0x0A, 0x1F, 0x17, 0x1C, 0x0D, 0x04, 0x28, 0x2E, 0x3A, 0x41, 0x56, 0xB0, 0x66,
    0x6D, 0x22, 0x18, 0x14, 0x4F, 0xB7, 0xFB, 0xFF, 0xF9, 0xCC, 0x95, 0x5D, 0x39, 0x29, 0x1F, 0x30,
    0x5A, 0x97, 0xB7, 0xCF, 0xE9, 0xF1, 0xFF, 0xFF, 0xFF, 0xFF, 0xFF, 0xFE, 0xFF, 0xF4, 0xAA, 0x39,
    0x00, 0x13, 0xB8, 0xC7, 0x5D, 0x0B, 0x19, 0x2C, 0x15, 0x11, 0x0F, 0x07, 0x00, 0x03, 0x18, 0x28,
    0x3D, 0x70, 0x50, 0x47, 0x13, 0x09, 0x1B, 0x10, 0x1B, 0x14, 0x0F, 0x13, 0x23, 0x24, 0x33, 0x30,
    0x4E, 0x52, 0x78, 0x88, 0x66, 0x60, 0x41, 0x4C, 0x51, 0x62, 0x65, 0x39, 0x02, 0x29, 0x69, 0x4D,
    0x18, 0x15, 0x15, 0x08, 0x08, 0x04, 0x03, 0x00, 0x3B, 0x47, 0x00, 0x31, 0x67, 0x30, 0x18, 0x1F,
    0x89, 0x25, 0x00, 0x07, 0x4F, 0x40, 0x00, 0x10, 0x56, 0x5E, 0x06, 0x2E, 0x40, 0x00, 0x01, 0x23,
    0x38, 0x0F, 0x10, 0x2B, 0x4B, 0x1A, 0x64, 0x05, 0x0E, 0x0B, 0x00, 0x11, 0x62, 0x68, 0x29, 0x08,
    0x00, 0x03, 0x0E, 0x25, 0x1D, 0x56, 0x63, 0x4E, 0x4C, 0x45, 0x85, 0xF3, 0xFF, 0xA8, 0xB6, 0xC9,
    0x86, 0xC0, 0x94, 0x65, 0x88, 0x41, 0x38, 0x07, 0x88, 0xCD, 0x48, 0x1C, 0x94, 0x96, 0x59, 0x44,
    0x39, 0x23, 0x11, 0x06, 0x06, 0xA5, 0x31, 0x37, 0x2A, 0x09, 0x0C, 0x11, 0x33, 0x69, 0x85, 0x84,
    0x48, 0x34, 0xB8, 0xFF, 0xFC, 0xFB, 0xFF, 0xFF, 0xF4, 0xBC, 0x79, 0x48, 0x2A, 0x30, 0x41, 0x16,
    0x00, 0x33, 0x43, 0x54, 0x51, 0x26, 0x45, 0x51, 0x75, 0xAF, 0xD5, 0xF8, 0xFF, 0xF9, 0xD2, 0x96,
    0x5C, 0x43, 0x3C, 0x33, 0x2B, 0x3B, 0x7F, 0xD2, 0xFB, 0xFF, 0xFF, 0xFF, 0xFF, 0xFF, 0xFE, 0xFF,
    0xFF, 0xFE, 0xFB, 0xF8, 0xF8, 0xFD, 0xFF, 0xFF, 0xBA, 0x30, 0x00, 0x4A, 0x92, 0xB9, 0xA5, 0x50,
    0x18, 0x14, 0x31, 0x32, 0x22, 0x0C, 0x15, 0x1A, 0x3C, 0x70, 0x46, 0x4A, 0x10, 0x09, 0x22, 0x21,
    0x3A, 0x3E, 0x7E, 0x81, 0x8D, 0x81, 0x6D, 0x52, 0x4E, 0x4F, 0x5B, 0x59, 0x4F, 0x5E, 0x51, 0x30,
    0x2B, 0x3A, 0x71, 0xCE, 0xBB, 0x1F, 0x16, 0x63, 0x56, 0x34, 0x1D, 0x1F, 0x19, 0x11, 0x10, 0x12,
    0x4A, 0x2A, 0x00, 0x05, 0x0C, 0x13, 0x11, 0x57, 0x74, 0x00, 0x07, 0x01, 0x09, 0x4D, 0x32, 0x00,
    0x1C, 0x72, 0x17, 0x4E, 0x2D, 0x00, 0x07, 0x17, 0x18, 0x2C, 0x00, 0x79, 0xC6, 0x00, 0x46, 0x28,
    0x08, 0x0D, 0x1F, 0x6C, 0x3B, 0x1A, 0x0C, 0x07, 0x23, 0x56, 0x38, 0x03, 0x42, 0x19, 0x03, 0x12,
    0x47, 0x63, 0xAC, 0xDF, 0x84, 0x60, 0xC6, 0xCE, 0xB7, 0xE6, 0x84, 0x64, 0x7E, 0x41, 0x21, 0x29,
    0xB0, 0xAF, 0x5D, 0x89, 0x63, 0x19, 0x03, 0x02, 0x09, 0x15, 0x21, 0x23, 0x20, 0x9F, 0x11, 0x38,
    0x20, 0x55, 0x49, 0x3B, 0x63, 0x8B, 0x41, 0x11, 0x85, 0xF8, 0xFF, 0xFE, 0xFF, 0xFF, 0xFF, 0xFF,
    0xFF, 0xFF, 0xFF, 0xFF, 0xF8, 0xFC, 0xB5, 0x0E, 0x00, 0x36, 0x4C, 0x68, 0x48, 0x60, 0xFD, 0xFE,
    0xFE, 0xFF, 0xF1, 0xC6, 0x92, 0x5A, 0x3A, 0x4A, 0x5C, 0x51, 0x3E, 0x51, 0x96, 0xE6, 0xFF, 0xFE,
    0xFF, 0xFB, 0xFC, 0xFC, 0xFD, 0xFE, 0xEC, 0xE6, 0xEA, 0xF1, 0xFC, 0xFF, 0xFF, 0xFF, 0xFF, 0xFE,
    0xFF, 0xF8, 0x9F, 0x18, 0x3F, 0xCD, 0xFB, 0xFF, 0x7B, 0x1B, 0x08, 0x15, 0x12, 0x20, 0x38, 0x53,
    0x41, 0x75, 0x44, 0x43, 0x0C, 0x09, 0x03, 0x00, 0x00, 0x00, 0x03, 0x14, 0x21, 0x2A, 0x2E, 0x37,
    0x42, 0x4A, 0x50, 0x5A, 0x6B, 0x77, 0x5C, 0x3A, 0x2A, 0x0D, 0x00, 0x04, 0xB0, 0xC1, 0x07, 0x1D,
    0x20, 0x26, 0x1A, 0x06, 0x0A, 0x09, 0x0B, 0x05, 0x4E, 0x1D, 0x08, 0x0F, 0x0E, 0x11, 0x15, 0x95,
    0x32, 0x09, 0x0D, 0x02, 0x00, 0x0E, 0x44, 0x1D, 0x00, 0x3D, 0x18, 0x4E, 0x08, 0x01, 0x0A, 0x0D,
    0x1D, 0x30, 0x05, 0xD2, 0xD1, 0x0F, 0x03, 0x32, 0x00, 0x31, 0x87, 0x2D, 0x20, 0x29, 0x23, 0x3B,
    0x45, 0x2B, 0x10, 0x01, 0x55, 0x6B, 0x00, 0x43, 0x6F, 0x8D, 0xE4, 0x78, 0x7C, 0xE4, 0xF2, 0xCA,
    0xCB, 0xFF, 0x8E, 0x48, 0x69, 0x36, 0x13, 0x38, 0xAD, 0x99, 0x5B, 0x2D, 0x00, 0x04, 0x0C, 0x3C,
    0x38, 0x2E, 0x1A, 0x03, 0x40, 0x9F, 0x01, 0x21, 0x39, 0x8E, 0x5C, 0x19, 0x0A, 0x0E, 0x50, 0xDF,
    0xFF, 0xFE, 0xFA, 0xEF, 0xD9, 0xD1, 0xD7, 0xE1, 0xE9, 0xF5, 0xFF, 0xFF, 0xFC, 0xFF, 0xBC, 0x0C,
    0x01, 0x38, 0x4E, 0x64, 0x41, 0x75, 0xFD, 0xC1, 0x9F, 0x72, 0x46, 0x31, 0x32, 0x4E, 0x6A, 0x60,
    0x43, 0x64, 0xB6, 0xF8, 0xFF, 0xFF, 0xFC, 0xFD, 0xFE, 0xFE, 0xFE, 0xFE, 0xFE, 0xFF, 0x90, 0x5F,
    0x56, 0x58, 0x5D, 0x64, 0x76, 0x91, 0xB5, 0xE0, 0xFA, 0xFF, 0xFF, 0xF0, 0x8B, 0x37, 0x3B, 0x65,
    0x90, 0x80, 0xA5, 0xCE, 0x5C, 0x3B, 0x3B, 0x26, 0x48, 0x77, 0x3C, 0x3F, 0x0F, 0x0A, 0x03, 0x01,
    0x06, 0x05, 0x09, 0x08, 0x06, 0x0A, 0x10, 0x18, 0x18, 0x10, 0x0C, 0x0B, 0x09, 0x03, 0x06, 0x09,
    0x0E, 0x21, 0x2D, 0x1A, 0x2B, 0xA9, 0x15, 0x0C, 0x0A, 0x09, 0x09, 0x0B, 0x0B, 0x02, 0x01, 0x00,
    0x57, 0x13, 0x0A, 0x16, 0x16, 0x0E, 0x34, 0x9D, 0x02, 0x07, 0x06, 0x01, 0x03, 0x00, 0x16, 0x35,
    0x0C, 0x02, 0x1C, 0x4E, 0x03, 0x09, 0x05, 0x00, 0x4D, 0x21, 0x20, 0xEE, 0xE0, 0x21, 0x00, 0x0E,
    0x33, 0xA0, 0x2B, 0x1C, 0x3A, 0x4C, 0x39, 0x0C, 0x0A, 0x03, 0x0B, 0x0B, 0x09, 0x3F, 0x23, 0x66,
    0x59, 0xDB, 0xFB, 0xA3, 0xE5, 0xFF, 0xFF, 0xEF, 0xB3, 0x9D, 0x40, 0x5E, 0x81, 0x0B, 0x05, 0x20,
    0xA3, 0x87, 0x02, 0x00, 0x0E, 0x2C, 0x33, 0x33, 0x14, 0x0B, 0x67, 0x48, 0x5B, 0x98, 0x04, 0x2D,
    0x00, 0x0F, 0x2E, 0x56, 0x9F, 0xE7, 0xFF, 0xE7, 0x89, 0x43, 0x45, 0x3A, 0x1B, 0x19, 0x1C, 0x1D,
    0x26, 0x3E, 0x63, 0x77, 0x76, 0x92, 0x96, 0x17, 0x04, 0x3C, 0x52, 0x6A, 0x57, 0x3D, 0x43, 0x23,
    0x34, 0x4D, 0x65, 0x74, 0x6E, 0x54, 0x4F, 0x81, 0xDB, 0xFF, 0xFE, 0xFE, 0xFB, 0xFD, 0xFF, 0xFE,
    0xFF, 0xFE, 0xFF, 0xFF, 0xFE, 0xFF, 0x8F, 0x7B, 0x63, 0x5A, 0x54, 0x4C, 0x49, 0x3E, 0x22, 0x1E,
    0x43, 0x7C, 0xB2, 0xEB, 0xFF, 0xFC, 0xC0, 0x71, 0x38, 0x21, 0x38, 0x62, 0x49, 0x90, 0x6A, 0x32,
    0x40, 0x6C, 0x34, 0x40, 0x0E, 0x09, 0x06, 0x16, 0x15, 0x08, 0x03, 0x04, 0x03, 0x04, 0x08, 0x10,
    0x07, 0x12, 0x1C, 0x08, 0x14, 0x2B, 0x44, 0x54, 0x40, 0x6E, 0x69, 0x1F, 0x2A, 0x3A, 0x07, 0x26,
    0x1E, 0x17, 0x06, 0x03, 0x06, 0x08, 0x13, 0x05, 0x5D, 0x13, 0x01, 0x06, 0x0B, 0x0F, 0x59, 0x7E,
    0x00, 0x0D, 0x00, 0x04, 0x02, 0x01, 0x00, 0x21, 0x2B, 0x04, 0x2E, 0x42, 0x02, 0x11, 0x00, 0x0D,
    0x7A, 0x19, 0x12, 0xD5, 0xDF, 0x13, 0x00, 0x23, 0xA5, 0x2E, 0x10, 0x4B, 0x33, 0x16, 0x00, 0x03,
    0x08, 0x0A, 0x01, 0x02, 0x00, 0x0D, 0x97, 0x35, 0x46, 0x87, 0xAD, 0x8A, 0xA0, 0xCA, 0xAC, 0x73,
    0x4B, 0x36, 0x45, 0x93, 0x2A, 0x00, 0x1A, 0x30, 0x38, 0x8B, 0x2B, 0x16, 0x37, 0x42, 0x52, 0x3B,
    0x55, 0x67, 0x7F, 0x38, 0x70, 0x76, 0x17, 0x3A, 0x8E, 0xBF, 0xE2, 0xFF, 0xFD, 0xAA, 0x3E, 0x1B,
    0x25, 0x59, 0x5C, 0x5F, 0x65, 0x50, 0x41, 0x36, 0x37, 0x2A, 0x13, 0x10, 0x03, 0x15, 0x37, 0x14,
    0x03, 0x3C, 0x5A, 0x70, 0x5B, 0x2B, 0x67, 0x7E, 0x85, 0x6E, 0x6A, 0x5F, 0x7D, 0xB4, 0xF0, 0xFF,
    0xFE, 0xFC, 0xFA, 0xFD, 0xFE, 0xFE, 0xFE, 0xFE, 0xFE, 0xFE, 0xFD, 0xFD, 0xFD, 0xFD, 0xF5, 0xF0,
    0xEE, 0xEC, 0xEB, 0xEB, 0xF3, 0xE8, 0xC7, 0x9F, 0x61, 0x23, 0x12, 0x38, 0x9F, 0xF7, 0xFF, 0xFE,
    0xFE, 0xDB, 0x99, 0x55, 0x31, 0x1D, 0x03, 0x1D, 0x40, 0x63, 0x34, 0x46, 0x0E, 0x0A, 0x2B, 0x30,
    0x51, 0x5F, 0x75, 0x4A, 0x43, 0x31, 0x5C, 0x74, 0x49, 0x42, 0xA7, 0x62, 0x91, 0xBB, 0x9F, 0x79,
    0x3C, 0x42, 0x31, 0x08, 0x35, 0x36, 0x00, 0x2B, 0x39, 0x54, 0x3A, 0x3B, 0x21, 0x0C, 0x1B, 0x11,
    0x5D, 0x12, 0x0B, 0x0F, 0x04, 0x04, 0x7D, 0x62, 0x00, 0x2F, 0x09, 0x06, 0x22, 0x08, 0x00, 0x08,
    0x24, 0x02, 0x49, 0x3A, 0x0A, 0x23, 0x00, 0x3B, 0x6B, 0x36, 0x0C, 0xCB, 0x9E, 0x00, 0x07, 0x95,
    0x37, 0x16, 0x64, 0x1B, 0x00, 0x2A, 0x12, 0x00, 0x0A, 0x15, 0x04, 0x03, 0x00, 0x6A, 0x5C, 0x00,
    0x41, 0x81, 0x90, 0x7A, 0x3F, 0x5A, 0x5E, 0x66, 0x4E, 0x69, 0x3A, 0x07, 0x12, 0x1D, 0x12, 0x0D,
    0x00, 0x46, 0x74, 0x46, 0x5A, 0x51, 0x52, 0x6A, 0x52, 0x63, 0xB4, 0x5D, 0x90, 0x84, 0x2C, 0x4C,
    0xEE, 0xFF, 0xF1, 0x91, 0x1E, 0x10, 0x49, 0x5E, 0x5A, 0x43, 0x38, 0x3C, 0x39, 0x4C, 0x7B, 0x8E,
    0x91, 0x95, 0x91, 0x6C, 0x3D, 0x59, 0x5C, 0x0C, 0x01, 0x3A, 0x55, 0x75, 0x57, 0x3F, 0x9D, 0x6E,
    0x81, 0xA4, 0xC2, 0xED, 0xFF, 0xFF, 0xFF, 0xFF, 0xFF, 0xFF, 0xFF, 0xFF, 0xFF, 0xFF, 0xFF, 0xFF,
    0xFF, 0xFF, 0xFF, 0xFF, 0xFF, 0xFF, 0xFF, 0xFF, 0xFF, 0xFF, 0xFF, 0xFF, 0xFF, 0xFF, 0xFF, 0xFE,
    0xFF, 0xE6, 0xA1, 0x42, 0x13, 0x5A, 0xE8, 0xFF, 0xF9, 0xFF, 0xFF, 0xFF, 0xFD, 0xE3, 0xCC, 0x7C,
    0x31, 0x66, 0x36, 0x4F, 0x13, 0x0F, 0x11, 0x00, 0x20, 0x45, 0x85, 0x9E, 0x8F, 0x87, 0x96, 0xA0,
    0x8E, 0x58, 0x81, 0x48, 0x2C, 0x1F, 0x00, 0x12, 0x2C, 0x45, 0x5F, 0x05, 0x71, 0x38, 0x00, 0x1C,
    0x17, 0x1C, 0x16, 0x17, 0x24, 0x57, 0x67, 0x22, 0x62, 0x14, 0x08, 0x17, 0x14, 0x0A, 0x95, 0x51,
    0x00, 0x0E, 0x2A, 0x0A, 0x07, 0x12, 0x10, 0x00, 0x1C, 0x0B, 0x5A, 0x39, 0x15, 0x15, 0x00, 0x64,
    0x32, 0x63, 0x10, 0xA1, 0x56, 0x00, 0x66, 0x61, 0x22, 0x6C, 0x1C, 0x28, 0x01, 0x0F, 0x07, 0x02,
    0x02, 0x04, 0x02, 0x00, 0x30, 0x80, 0x01, 0x00, 0x14, 0x19, 0x3A, 0x3D, 0x14, 0x2E, 0x3D, 0x3A,
    0x1B, 0x05, 0x12, 0x07, 0x21, 0x0B, 0x1B, 0x09, 0x06, 0x41, 0x88, 0x4F, 0x65, 0x5C, 0x38, 0x6F,
    0xD6, 0xFF, 0xFF, 0x63, 0x9F, 0x67, 0x3C, 0x62, 0xFF, 0xAA, 0x1E, 0x00, 0x3F, 0x68, 0x46, 0x3F,
    0x76, 0xB7, 0xD2, 0xE1, 0xF7, 0xFF, 0xFE, 0xFF, 0xFB, 0xF3, 0xFC, 0xF9, 0xE5, 0xDA, 0xA1, 0x12,
    0x00, 0x3D, 0x55, 0x7A, 0x53, 0x7F, 0xDB, 0x6B, 0x3D, 0x35, 0x2B, 0x25, 0x2F, 0x58, 0xA3, 0xC1,
    0xDD, 0xF0, 0xF4, 0xF2, 0xF1, 0xF1, 0xF0, 0xF1, 0xF0, 0xEB, 0xDB, 0xC9, 0xBB, 0xB1, 0xFE, 0xFE,
    0xFD, 0xFD, 0xFD, 0xFD, 0xFD, 0xFC, 0xFB, 0xFA, 0xFC, 0xFE, 0xFF, 0xEF, 0x62, 0x00, 0x3E, 0xDA,
    0xFF, 0xFE, 0xFF, 0xFF, 0xFF, 0xF4, 0xFF, 0xBD, 0x2F, 0x6D, 0x36, 0x5D, 0x12, 0x06, 0x61, 0x64,
    0x24, 0x16, 0x0E, 0x13, 0x15, 0x19, 0x13, 0x0C, 0x0C, 0x08, 0x00, 0x09, 0x33, 0x78, 0xAF, 0xD3,
    0xF3, 0xFF, 0xEF, 0x18, 0x8B, 0x8B, 0x00, 0x15, 0x1B, 0x54, 0xBA, 0x80, 0x36, 0x13, 0x2E, 0x1E,
    0x6C, 0x21, 0x00, 0x0E, 0x0A, 0x1B, 0x9C, 0x47, 0x00, 0x03, 0x06, 0x24, 0x0A, 0x00, 0x2D, 0x22,
    0x0D, 0x0E, 0x60, 0x2E, 0x08, 0x03, 0x0A, 0x73, 0x0A, 0x47, 0x0D, 0x51, 0x14, 0x25, 0x94, 0x25,
    0x63, 0x16, 0x10, 0x65, 0x12, 0x00, 0x01, 0x01, 0x0B, 0x45, 0x05, 0x00, 0x5E, 0x33, 0x00, 0x00,
    0x20, 0x0F, 0x39, 0x25, 0x00, 0x05, 0x01, 0x00, 0x06, 0x0D, 0x24, 0x10, 0x00, 0x1C, 0x2A, 0x00,
    0x24, 0x49, 0x76, 0x60, 0x2C, 0x46, 0xC9, 0xFF, 0xFE, 0xFA, 0xFF, 0x57, 0xAA, 0x46, 0x3B, 0x62,
    0x6C, 0x06, 0x1F, 0x4F, 0x4C, 0x66, 0xBD, 0xF6, 0xFF, 0xFE, 0xFF, 0xFF, 0xFE, 0xFC, 0xFB, 0xFC,
    0xFE, 0xFF, 0xFF, 0xFF, 0xFD, 0xFF, 0xCA, 0x13, 0x00, 0x3B, 0x52, 0x71, 0x70, 0x5C, 0x61, 0x4A,
    0x2D, 0x31, 0x3A, 0x40, 0x39, 0x29, 0x1B, 0x11, 0x1C, 0x50, 0x7F, 0xA0, 0xB5, 0xB8, 0xB1, 0xA7,
    0x9B, 0x8E, 0x82, 0x7C, 0x76, 0x87, 0xFD, 0xFD, 0xFD, 0xFD, 0xFD, 0xFD, 0xFE, 0xFF, 0xFF, 0xFF,
    0xFF, 0xFF, 0xFE, 0xFF, 0xFC, 0x8F, 0x0F, 0x1D, 0x8C, 0xD0, 0xAE, 0x94, 0x56, 0x19, 0x11, 0x21,
    0x39, 0x6A, 0x42, 0x67, 0x0E, 0x04, 0x7F, 0xE9, 0xE9, 0xE1, 0xC8, 0xB6, 0xA7, 0xAC, 0xAD, 0xAD,
    0xB8, 0xC2, 0xCF, 0xDF, 0xFB, 0xFF, 0xFF, 0xFF, 0xFF, 0xF9, 0xFF, 0xB5, 0x24, 0x9D, 0x6F, 0x12,
    0x00, 0x00, 0x59, 0xEB, 0xFF, 0xE0, 0x9F, 0x2A, 0x67, 0x2C, 0x29, 0x20, 0x0B, 0x1E, 0x8A, 0x33,
    0x34, 0x29, 0x00, 0x09, 0x24, 0x0A, 0x06, 0x3B, 0x11, 0x00, 0x62, 0x26, 0x0B, 0x00, 0x2C, 0x62,
    0x00, 0x66, 0x13, 0x16, 0x05, 0x82, 0x64, 0x5D, 0x23, 0x0E, 0x1C, 0x41, 0x3B, 0x00, 0x02, 0x00,
    0x29, 0x3E, 0x00, 0x21, 0x60, 0x00, 0x00, 0x07, 0x2D, 0x00, 0x49, 0x21, 0x05, 0x2B, 0x01, 0x03,
    0x00, 0x09, 0x26, 0x13, 0x02, 0x2F, 0x06, 0x16, 0x1D, 0x31, 0x4F, 0x1D, 0x8C, 0xFC, 0xFF, 0xFB,
    0xFC, 0xFD, 0xFF, 0x57, 0xB9, 0x2D, 0x46, 0x09, 0x05, 0x1C, 0x45, 0x84, 0xD2, 0xFF, 0xFF, 0xFE,
    0xFC, 0xFC, 0xFC, 0xFD, 0xFE, 0xFE, 0xFD, 0xFE, 0xFD, 0xFC, 0xFE, 0xFE, 0xFB, 0xFF, 0xB5, 0x0D,
    0x00, 0x36, 0x54, 0x7B, 0x8D, 0x77, 0xD3, 0xEC, 0xF9, 0xF3, 0xE6, 0xD2, 0xB8, 0x97, 0x89, 0x60,
    0x31, 0x04, 0x07, 0x33, 0x6A, 0x86, 0x9B, 0xA6, 0x9E, 0x9E, 0xA2, 0xAA, 0xA7, 0xA1, 0xFF, 0xFF,
    0xFF, 0xFF, 0xFF, 0xFF, 0xFF, 0xFB, 0xF7, 0xF4, 0xF1, 0xEC, 0xE6, 0xE2, 0xE0, 0xED, 0xA0, 0x3C,
    0x07, 0x03, 0x01, 0x00, 0x1D, 0x45, 0x6B, 0x35, 0x25, 0x6B, 0x48, 0x66, 0x0E, 0x0A, 0x00, 0x0B,
    0x5B, 0xE7, 0xFF, 0xFE, 0xFF, 0xFF, 0xFF, 0xFF, 0xFF, 0xFF, 0xFF, 0xFF, 0xFD, 0xFB, 0xFB, 0xFC,
    0xFE, 0xFE, 0xFC, 0xFF, 0xCB, 0x41, 0x53, 0x61, 0x2C, 0x08, 0x00, 0x1E, 0xA0, 0xF6, 0xFF, 0xB3,
    0x45, 0x46, 0x25, 0x3D, 0x19, 0x24, 0x6F, 0x2A, 0x18, 0x61, 0x2E, 0x0D, 0x0A, 0x29, 0x0D, 0x05,
    0x04, 0x00, 0x61, 0x32, 0x43, 0x0D, 0x47, 0x41, 0x05, 0x83, 0x27, 0x00, 0x29, 0x92, 0x4D, 0x5A,
    0x0A, 0x2D, 0x27, 0x2B, 0x57, 0x00, 0x01, 0x04, 0x26, 0x29, 0x00, 0x52, 0x4F, 0x00, 0x02, 0x17,
    0x24, 0x00, 0x5A, 0x0F, 0x1E, 0x1B, 0x00, 0x01, 0x00, 0x0A, 0x22, 0x12, 0x18, 0x18, 0x01, 0x24,
    0x12, 0x22, 0x32, 0xBD, 0xFF, 0xFB, 0xFC, 0xFE, 0xFE, 0xFE, 0xFF, 0x5C, 0xB2, 0x25, 0x40, 0x12,
    0x08, 0x3A, 0xD2, 0xFF, 0xFE, 0xFC, 0xFC, 0xFE, 0xFE, 0xFE, 0xFE, 0xFE, 0xFE, 0xFE, 0xFE, 0xFE,
    0xFE, 0xFE, 0xFE, 0xFD, 0xFF, 0xDD, 0x3D, 0x0B, 0x00, 0x37, 0x74, 0x97, 0x8C, 0xA1, 0xFF, 0xFC,
    0xF2, 0xD4, 0x9C, 0x67, 0x4D, 0x44, 0x30, 0x12, 0x1D, 0x1C, 0x0C, 0x00, 0x05, 0x00, 0x10, 0x58,
    0x81, 0x78, 0x64, 0x44, 0x29, 0x13, 0x44, 0x72, 0x80, 0x6F, 0x64, 0x65, 0x64, 0x62, 0x5F, 0x60,
    0x5F, 0x69, 0x6D, 0x6A, 0x5E, 0x4C, 0x45, 0x28, 0x0E, 0x0D, 0x24, 0x45, 0x59, 0xCC, 0xFF, 0xC1,
    0x39, 0x69, 0x4C, 0x65, 0x0D, 0x06, 0x04, 0x00, 0x0D, 0x98, 0xFF, 0xF8, 0xFB, 0xFB, 0xFB, 0xFB,
    0xFB, 0xFB, 0xFC, 0xFD, 0xFE, 0xFE, 0xFE, 0xFE, 0xFE, 0xFE, 0xFE, 0xFD, 0xFF, 0xF6, 0x8E, 0x39,
    0x38, 0x5E, 0x35, 0x13, 0x01, 0x2D, 0xA4, 0xDA, 0x3F, 0x5D, 0x2C, 0x56, 0x22, 0x3A, 0x66, 0x2B,
    0x00, 0x1C, 0x4F, 0x2B, 0x20, 0x15, 0x27, 0x04, 0x04, 0x00, 0x60, 0x32, 0x58, 0x22, 0x57, 0x25,
    0x10, 0x4E, 0x1B, 0x00, 0x6C, 0x64, 0x34, 0x15, 0x04, 0x27, 0x26, 0x1D, 0x4F, 0x05, 0x00, 0x12,
    0x60, 0x05, 0x00, 0x73, 0x2C, 0x00, 0x00, 0x32, 0x13, 0x03, 0x59, 0x00, 0x18, 0x07, 0x00, 0x01,
    0x00, 0x0F, 0x49, 0x2C, 0x0C, 0x06, 0x1D, 0x19, 0x18, 0x34, 0xC3, 0xFF, 0xFA, 0xFD, 0xFE, 0xFE,
    0xFE, 0xFE, 0xFF, 0x60, 0x8E, 0x22, 0x48, 0x00, 0x35, 0xE8, 0xFF, 0xFA, 0xFB, 0xFE, 0xFE, 0xFE,
    0xFE, 0xFE, 0xFE, 0xFE, 0xFE, 0xFE, 0xFE, 0xFE, 0xFE, 0xFE, 0xFD, 0xFF, 0xF9, 0x47, 0x20, 0x19,
    0x00, 0x36, 0x5B, 0x78, 0x8B, 0x9E, 0xCC, 0x80, 0x5B, 0x1E, 0x04, 0x07, 0x04, 0x05, 0x15, 0x35,
    0x44, 0x42, 0x39, 0x32, 0x3B, 0x35, 0x15, 0x00, 0x06, 0x1A, 0x2B, 0x24, 0x2C, 0x35, 0xA9, 0x4B,
    0x23, 0x10, 0x05, 0x10, 0x0F, 0x0B, 0x0D, 0x14, 0x18, 0x22, 0x1F, 0x1B, 0x23, 0x36, 0x56, 0x62,
    0x60, 0x43, 0x6E, 0x8B, 0xC0, 0xFB, 0xFF, 0xC4, 0x3F, 0x6F, 0x59, 0x58, 0x08, 0x04, 0x20, 0x06,
    0x2B, 0xED, 0xFF, 0xFD, 0xFE, 0xFE, 0xFE, 0xFE, 0xFF, 0xFE, 0xFE, 0xFE, 0xFE, 0xFE, 0xFE, 0xFE,
    0xFE, 0xFE, 0xFE, 0xFF, 0xFC, 0xFC, 0xFF, 0xEC, 0x8D, 0x41, 0x37, 0x3F, 0x2B, 0x06, 0x00, 0x39,
    0x27, 0x5F, 0x32, 0xE1, 0x63, 0x13, 0x49, 0x0D, 0x0B, 0x11, 0x0E, 0x2C, 0x3B, 0x0C, 0x1E, 0x14,
    0x00, 0x00, 0x59, 0x2D, 0x3B, 0x30, 0x65, 0x0C, 0x09, 0x65, 0x13, 0x01, 0x86, 0x27, 0x0A, 0x01,
    0x00, 0x19, 0x24, 0x1F, 0x23, 0x03, 0x00, 0x35, 0x3F, 0x07, 0x17, 0x8E, 0x0B, 0x00, 0x0E, 0x55,
    0x00, 0x1B, 0x47, 0x00, 0x17, 0x07, 0x00, 0x03, 0x01, 0x1C, 0x62, 0x1E, 0x00, 0x0E, 0x17, 0x15,
    0x20, 0xB8, 0xFF, 0xFC, 0xFE, 0xFE, 0xFE, 0xFF, 0xFE, 0xFC, 0xFF, 0x70, 0x7D, 0x27, 0x42, 0x25,
    0xE4, 0xFF, 0xFA, 0xFF, 0xFE, 0xFE, 0xFE, 0xFE, 0xFE, 0xFE, 0xFE, 0xFE, 0xFF, 0xFE, 0xFE, 0xFE,
    0xFE, 0xFE, 0xFB, 0xFF, 0xAC, 0x09, 0x72, 0x1C, 0x00, 0x37, 0x59, 0x72, 0x71, 0x43, 0x53, 0x48,
    0x36, 0x5E, 0x8D, 0xA9, 0xBC, 0xCA, 0xD2, 0xDF, 0xE4, 0xDA, 0xD0, 0xAF, 0x7B, 0x67, 0x57, 0x6E,
    0x74, 0x61, 0x50, 0x47, 0x4B, 0x67, 0xC9, 0x7A, 0x47, 0x4B, 0x5D, 0x5C, 0x5D, 0x56, 0x54, 0x58,
    0x59, 0x59, 0x5E, 0x69, 0x78, 0x8B, 0x4D, 0x4B, 0xAA, 0xCA, 0xE3, 0xFE, 0xFF, 0xFA, 0xFF, 0xC5,
    0x3C, 0x7B, 0x69, 0x55, 0x09, 0x04, 0x53, 0x4B, 0x01, 0x6C, 0xFF, 0xFD, 0xFE, 0xFE, 0xFE, 0xFE,
    0xFE, 0xFE, 0xFF, 0xFE, 0xFE, 0xFE, 0xFE, 0xFF, 0xFE, 0xFE, 0xFD, 0xFC, 0xFC, 0xFD, 0xFD, 0xFE,
    0xFF, 0xFB, 0xBA, 0x5A, 0x2F, 0x37, 0x24, 0x03, 0x00, 0x4F, 0x37, 0xA7, 0xE3, 0x11, 0x0E, 0x02,
    0x0D, 0x31, 0x0C, 0x14, 0x38, 0x23, 0x09, 0x26, 0x04, 0x00, 0x55, 0x3B, 0x14, 0x2A, 0x4F, 0x00,
    0x0D, 0x88, 0x02, 0x20, 0x5F, 0x00, 0x07, 0x01, 0x00, 0x10, 0x1C, 0x2E, 0x09, 0x04, 0x22, 0x59,
    0x1F, 0x20, 0x27, 0x8D, 0x02, 0x00, 0x32, 0x39, 0x00, 0x33, 0x30, 0x00, 0x10, 0x01, 0x01, 0x00,
    0x0C, 0x32, 0x5A, 0x04, 0x02, 0x0A, 0x22, 0x05, 0x38, 0xA2, 0xE5, 0xFF, 0xFE, 0xFE, 0xFE, 0xFF,
    0xFE, 0xFC, 0xFF, 0x69, 0x6F, 0x2A, 0x37, 0x94, 0xFF, 0xF9, 0xFE, 0xFF, 0xFE, 0xFE, 0xFD, 0xFE,
    0xFE, 0xFE, 0xFE, 0xFE, 0xFE, 0xFE, 0xFE, 0xFE, 0xFE, 0xFE, 0xFD, 0xFF, 0x4E, 0x2D, 0xBC, 0x12,
    0x00, 0x36, 0x53, 0x7B, 0x65, 0x22, 0x5C, 0x67, 0xCA, 0xFF, 0xFF, 0xFF, 0xFF, 0xFF, 0xFF, 0xFF,
    0xFF, 0xFF, 0xFF, 0xFF, 0xFD, 0xE2, 0xB9, 0xA5, 0xA8, 0xAA, 0xAD, 0xC6, 0xE1, 0xFA, 0x6F, 0x9A,
    0xBD, 0xD9, 0xEC, 0xF5, 0xF5, 0xF3, 0xF1, 0xEF, 0xF0, 0xF5, 0xFA, 0xFC, 0xFF, 0xD5, 0x2B, 0xA0,
    0xFF, 0xFC, 0xFE, 0xF9, 0xFA, 0xFA, 0xFF, 0xC3, 0x3B, 0x86, 0x68, 0x5C, 0x0C, 0x00, 0xA7, 0x9E,
    0x56, 0x08, 0xC3, 0xFF, 0xFC, 0xFE, 0xFE, 0xFE, 0xFE, 0xFF, 0xFF, 0xFF, 0xFF, 0xFF, 0xFE, 0xFE,
    0xFE, 0xFD, 0xFE, 0xFF, 0xFF, 0xF7, 0xF1, 0xF0, 0xE5, 0xA4, 0x72, 0x5E, 0x32, 0x0B, 0x16, 0x23,
    0x14, 0x20, 0x5F, 0x14, 0x77, 0x2D, 0x00, 0x15, 0x28, 0x0D, 0x20, 0x0E, 0x1C, 0x35, 0x02, 0x24,
    0x12, 0x00, 0x4C, 0x4A, 0x00, 0x21, 0x2B, 0x00, 0x0F, 0x59, 0x00, 0x35, 0x44, 0x00, 0x05, 0x00,
    0x00, 0x08, 0x20, 0x29, 0x03, 0x01, 0x82, 0x2E, 0x27, 0x07, 0x34, 0x81, 0x00, 0x03, 0x44, 0x0D,
    0x00, 0x45, 0x1A, 0x00, 0x01, 0x00, 0x00, 0x06, 0x22, 0x51, 0x4C, 0x00, 0x00, 0x17, 0x20, 0x00,
    0x04, 0x00, 0x6E, 0xFF, 0xFC, 0xFE, 0xFE, 0xFE, 0xFB, 0xFF, 0xAE, 0x16, 0x5E, 0x2C, 0x45, 0x9F,
    0xFF, 0xFC, 0xFE, 0xFE, 0xFE, 0xFE, 0xFE, 0xFE, 0xFE, 0xFE, 0xFE, 0xFF, 0xFE, 0xFF, 0xFE, 0xFE,
    0xFE, 0xFD, 0xFF, 0xE0, 0x06, 0x82, 0xD2, 0x08, 0x00, 0x38, 0x5A, 0x88, 0x69, 0x09, 0x8E, 0xF4,
    0xFF, 0xFD, 0xFA, 0xFB, 0xFC, 0xFC, 0xFC, 0xFC, 0xFC, 0xFD, 0xFC, 0xFC, 0xFC, 0xFF, 0xFF, 0xFF,
    0xFF, 0xFF, 0xFF, 0xFF, 0xFF, 0xFE, 0xFF, 0xFF, 0xFF, 0xFF, 0xFF, 0xFF, 0xFF, 0xFF, 0xFF, 0xFF,
    0xFF, 0xFF, 0xFF, 0xFD, 0xFF, 0xE4, 0x4A, 0x29, 0xB9, 0xFF, 0xFE, 0xFF, 0xFF, 0xFD, 0xFF, 0xC3,
    0x38, 0x7C, 0x5F, 0x59, 0x09, 0x04, 0x83, 0x6B, 0x54, 0x1C, 0x5A, 0xFF, 0xFB, 0xFE, 0xFE, 0xFE,
    0xFE, 0xFE, 0xFE, 0xFE, 0xFE, 0xFD, 0xFD, 0xFE, 0xFD, 0xFF, 0xF9, 0xA1, 0x59, 0x51, 0x49, 0x4E,
    0x3D, 0x18, 0x16, 0x2B, 0x26, 0x1A, 0x14, 0x19, 0x11, 0x05, 0x5E, 0x20, 0x00, 0x00, 0x49, 0x5F,
    0x24, 0x10, 0x4F, 0x2F, 0x08, 0x12, 0x08, 0x0D, 0x24, 0x00, 0x39, 0x4E, 0x00, 0x1B, 0x17, 0x00,
    0x27, 0x56, 0x00, 0x50, 0x33, 0x03, 0x04, 0x00, 0x00, 0x06, 0x2A, 0x12, 0x00, 0x4B, 0x4A, 0x15,
    0x33, 0x00, 0x3C, 0x7D, 0x00, 0x27, 0x33, 0x00, 0x11, 0x4F, 0x04, 0x05, 0x00, 0x01, 0x00, 0x13,
    0x29, 0x66, 0x2A, 0x00, 0x06, 0x19, 0x03, 0x06, 0x09, 0x00, 0x62, 0xFF, 0xF9, 0xFE, 0xFD, 0xFD,
    0xFF, 0xF0, 0x2F, 0x33, 0x4A, 0x33, 0x4F, 0xA8, 0xFF, 0xFC, 0xFE, 0xFE, 0xFE, 0xFE, 0xFD, 0xFC,
    0xFD, 0xFE, 0xFE, 0xFF, 0xFE, 0xFE, 0xFE, 0xFE, 0xFE, 0xFB, 0xFF, 0x9B, 0x00, 0xD5, 0xCD, 0x0E,
    0x00, 0x37, 0x5B, 0x95, 0x5E, 0x63, 0xFF, 0xFC, 0xFC, 0xFD, 0xFD, 0xFE, 0xFE, 0xFE, 0xFE, 0xFE,
    0xFE, 0xFE, 0xFE, 0xFE, 0xFE, 0xFD, 0xFB, 0xFB, 0xFC, 0xFC, 0xFB, 0xFB, 0xFC, 0xFE, 0xFC, 0xFB,
    0xFC, 0xFC, 0xFD, 0xFD, 0xFE, 0xFD, 0xFD, 0xFD, 0xFD, 0xFD, 0xFE, 0xFE, 0xFD, 0xFF, 0xDE, 0x67,
    0x15, 0x51, 0x9A, 0xC9, 0xDE, 0xD5, 0xB7, 0x71, 0x3B, 0x74, 0x5A, 0x55, 0x0D, 0x06, 0xA3, 0xE8,
    0x86, 0x23, 0x1C, 0xEE, 0xFF, 0xFD, 0xFE, 0xFE, 0xFE, 0xFE, 0xFF, 0xFD, 0xFE, 0xFE, 0xFE, 0xFC,
    0xFF, 0xF8, 0x3F, 0x00, 0x2A, 0x29, 0x15, 0x00, 0x2D, 0x4A, 0x14, 0x58, 0xE0, 0xF1, 0xEA, 0xE7,
    0x82, 0x01, 0x36, 0x74, 0x00, 0x07, 0x80, 0x59, 0x2D, 0x2A, 0x22, 0x30, 0x1D, 0x05, 0x04, 0x01,
    0x23, 0x06, 0x22, 0x57, 0x00, 0x1B, 0x0F, 0x00, 0x6D, 0x63, 0x00, 0x59, 0x2C, 0x11, 0x02, 0x00,
    0x00, 0x07, 0x32, 0x00, 0x33, 0x94, 0x10, 0x20, 0x13, 0x00, 0x34, 0x76, 0x00, 0x36, 0x0D, 0x04,
    0x32, 0x39, 0x03, 0x06, 0x01, 0x00, 0x00, 0x25, 0x24, 0x7A, 0x08, 0x00, 0x0E, 0x04, 0x07, 0x11,
    0x1C, 0x0C, 0x63, 0xFF, 0xFC, 0xFD, 0xFF, 0xFC, 0xFF, 0x75, 0x27, 0x84, 0x32, 0x33, 0x49, 0xAE,
    0xFF, 0xFC, 0xFE, 0xFE, 0xFE, 0xFD, 0xFE, 0xFF, 0xFF, 0xFD, 0xFE, 0xFE, 0xFE, 0xFE, 0xFE, 0xFE,
    0xFE, 0xFC, 0xFF, 0x56, 0x22, 0xFF, 0xA5, 0x0B, 0x00, 0x36, 0x60, 0x9C, 0x5D, 0x78, 0xFF, 0xFA,
    0xFE, 0xFE, 0xFE, 0xFE, 0xFD, 0xFE, 0xFE, 0xFE, 0xFE, 0xFE, 0xFE, 0xFE, 0xFE, 0xFE, 0xFE, 0xFE,
    0xFE, 0xFE, 0xFE, 0xFE, 0xFE, 0xFE, 0xFE, 0xFE, 0xFE, 0xFE, 0xFE, 0xFE, 0xFE, 0xFE, 0xFE, 0xFE,
    0xFE, 0xFE, 0xFE, 0xFE, 0xFF, 0xFD, 0xFD, 0xFF, 0xEC, 0xA7, 0x68, 0x4F, 0x3B, 0x37, 0x69, 0x77,
    0x3B, 0x79, 0x60, 0x5C, 0x11, 0x0A, 0xA8, 0xFF, 0xCF, 0x28, 0x07, 0xCD, 0xFF, 0xFC, 0xFF, 0xFE,
    0xFE, 0xFF, 0xFF, 0xFF, 0xFF, 0xFF, 0xFC, 0xFE, 0xFD, 0xFE, 0x9C, 0x0D, 0x6D, 0xDB, 0xED, 0xF2,
    0xBA, 0x85, 0x3E, 0x00, 0x3B, 0xF5, 0xFF, 0xFC, 0xFF, 0xB4, 0x14, 0x86, 0x33, 0x00, 0x5C, 0xAC,
    0x42, 0x4F, 0x06, 0x1C, 0x29, 0x0B, 0x00, 0x03, 0x16, 0x19, 0x11, 0x67, 0x00, 0x17, 0x09, 0x00,
    0x64, 0x23, 0x00, 0x5F, 0x2E, 0x00, 0x02, 0x01, 0x01, 0x01, 0x0A, 0x16, 0x70, 0x45, 0x15, 0x10,
    0x03, 0x00, 0x2F, 0x7A, 0x0A, 0x1B, 0x00, 0x1E, 0x43, 0x16, 0x03, 0x0B, 0x06, 0x00, 0x12, 0x20,
    0x49, 0x66, 0x00, 0x16, 0x17, 0x15, 0x07, 0x0E, 0x1F, 0x09, 0x6E, 0xD0, 0xAF, 0xFF, 0xFB, 0xFF,
    0xD5, 0x0C, 0x7E, 0x61, 0x37, 0x34, 0x48, 0xB8, 0xFF, 0xFC, 0xFE, 0xFE, 0xFD, 0xFD, 0xF5, 0xF0,
    0xF3, 0xFE, 0xFE, 0xFE, 0xFE, 0xFD, 0xFE, 0xFE, 0xFE, 0xFF, 0xFD, 0x17, 0x70, 0xF8, 0x28, 0x05,
    0x00, 0x3A, 0x66, 0x9B, 0x5C, 0x76, 0xFF, 0xFB, 0xFF, 0xFE, 0xFE, 0xFE, 0xFE, 0xFE, 0xFE, 0xFE,
    0xFE, 0xFE, 0xFE, 0xFE, 0xFE, 0xFE, 0xFF, 0xFF, 0xFF, 0xFF, 0xFE, 0xFE, 0xFE, 0xFE, 0xFE, 0xFE,
    0xFE, 0xFE, 0xFE, 0xFE, 0xFE, 0xFE, 0xFE, 0xFE, 0xFE, 0xFE, 0xFE, 0xFE, 0xFE, 0xFE, 0xFC, 0xFC,
    0xFF, 0xFF, 0xFF, 0xFA, 0xEE, 0xE8, 0xFF, 0xC8, 0x36, 0x80, 0x64, 0x5A, 0x0E, 0x06, 0xA5, 0xFF,
    0xF4, 0x49, 0x04, 0x96, 0xFF, 0xFB, 0xFE, 0xFE, 0xFE, 0xFC, 0xFF, 0xC5, 0x44, 0x3A, 0x26, 0xC0,
    0xFF, 0xF9, 0xFF, 0xA1, 0x02, 0x13, 0x35, 0x75, 0xC7, 0xFF, 0xFC, 0xA0, 0x00, 0xA9, 0xFF, 0xF9,
    0xFD, 0xFE, 0x2F, 0x3B, 0x71, 0x13, 0x36, 0xC9, 0x56, 0x43, 0x1A, 0x1D, 0x38, 0x17, 0x00, 0x0C,
    0x0B, 0x20, 0x11, 0x6B, 0x0B, 0x07, 0x03, 0x19, 0x50, 0x01, 0x00, 0x66, 0x37, 0x00, 0x02, 0x01,
    0x01, 0x00, 0x00, 0x55, 0x8C, 0x00, 0x43, 0x0C, 0x01, 0x00, 0x21, 0x8C, 0x20, 0x04, 0x0B, 0x31,
    0x4B, 0x00, 0x01, 0x06, 0x15, 0x00, 0x16, 0x11, 0x7F, 0x22, 0x00, 0x22, 0x34, 0x66, 0x00, 0x11,
    0x1C, 0x0C, 0x58, 0x26, 0x30, 0xF0, 0xFF, 0xFF, 0x68, 0x26, 0x7E, 0x95, 0x43, 0x37, 0x4A, 0xC5,
    0xFF, 0xFD, 0xFF, 0xFC, 0xFF, 0xB5, 0x16, 0x1D, 0x14, 0xAD, 0xFF, 0xFC, 0xFE, 0xFE, 0xFE, 0xFE,
    0xFD, 0xFF, 0xD9, 0x02, 0xBE, 0x8C, 0x06, 0x11, 0x00, 0x3E, 0x65, 0x99, 0x5C, 0x79, 0xFF, 0xFB,
    0xFF, 0xFE, 0xFE, 0xFE, 0xFD, 0xFE, 0xFE, 0xFE, 0xFE, 0xFE, 0xFE, 0xFE, 0xFE, 0xFE, 0xFE, 0xFF,
    0xFF, 0xFE, 0xFE, 0xFE, 0xFE, 0xFE, 0xFE, 0xFE, 0xFE, 0xFE, 0xFE, 0xFE, 0xFE, 0xFE, 0xFE, 0xFD,
    0xFE, 0xFE, 0xFE, 0xFE, 0xFE, 0xFE, 0xFE, 0xFE, 0xFD, 0xFB, 0xFB, 0xFE, 0xFF, 0xFD, 0xFF, 0xBF,
    0x37, 0x8C, 0x67, 0x59, 0x0F, 0x06, 0xA3, 0xFF, 0xFF, 0x75, 0x0D, 0x4E, 0xFF, 0xFD, 0xFD, 0xFE,
    0xFE, 0xFA, 0xFF, 0x89, 0x00, 0x06, 0x00, 0x3F, 0xFC, 0xFE, 0xFB, 0xFF, 0xC3, 0x97, 0x91, 0x64,
    0x0A, 0x9D, 0xFF, 0xFF, 0x47, 0x4F, 0xFF, 0xFC, 0xFF, 0xF3, 0x47, 0x08, 0x80, 0x30, 0x1D, 0xB9,
    0xC3, 0x63, 0x22, 0x0E, 0x24, 0x00, 0x00, 0x03, 0x01, 0x31, 0x0C, 0x68, 0x2C, 0x00, 0x06, 0x2D,
    0x3E, 0x00, 0x0B, 0x5E, 0x3C, 0x00, 0x02, 0x01, 0x00, 0x00, 0x1E, 0x8F, 0x28, 0x19, 0x3E, 0x0D,
    0x00, 0x00, 0x0F, 0xA9, 0x1D, 0x00, 0x07, 0x45, 0x2C, 0x00, 0x02, 0x00, 0x17, 0x14, 0x00, 0x44,
    0x70, 0x00, 0x14, 0x0E, 0x97, 0x8C, 0x00, 0x16, 0x23, 0x1C, 0x18, 0x10, 0x36, 0xDC, 0xFF, 0xD6,
    0x22, 0x29, 0x89, 0xD7, 0x41, 0x3C, 0x46, 0xD6, 0xFF, 0xFC, 0xFE, 0xFE, 0xFF, 0x49, 0x00, 0x12,
    0x00, 0x84, 0xFF, 0xFB, 0xFE, 0xFE, 0xFE, 0xFD, 0xFA, 0xFF, 0xA8, 0x11, 0xD6, 0x24, 0x0E, 0x0E,
    0x00, 0x3D, 0x5F, 0x91, 0x5B, 0x7B, 0xFF, 0xFB, 0xFF, 0xFE, 0xFD, 0xFD, 0xFE, 0xFE, 0xFE, 0xFE,
    0xFD, 0xFE, 0xFD, 0xFE, 0xFE, 0xFE, 0xFE, 0xFE, 0xFE, 0xFE, 0xFE, 0xFE, 0xFE, 0xFE, 0xFE, 0xFE,
    0xFE, 0xFE, 0xFE, 0xFE, 0xFE, 0xFE, 0xFE, 0xFE, 0xFE, 0xFE, 0xFE, 0xFE, 0xFD, 0xFE, 0xFE, 0xFD,
    0xFE, 0xFE, 0xFE, 0xFD, 0xFD, 0xFB, 0xFF, 0xBF, 0x3A, 0x95, 0x6C, 0x58, 0x0F, 0x06, 0xA0, 0xFF,
    0xFF, 0x86, 0x2B, 0x2A, 0xE8, 0xFF, 0xFC, 0xFE, 0xFE, 0xFA, 0xFF, 0x84, 0x07, 0x17, 0x0A, 0x00,
    0xBF, 0xFF, 0xFB, 0xFD, 0xFF, 0xFF, 0xFD, 0xFF, 0xBB, 0x1C, 0xDA, 0xFF, 0xA6, 0x15, 0xEF, 0xFF,
    0xFF, 0xF0, 0x4B, 0x12, 0x4F, 0x71, 0x00, 0x58, 0xA1, 0x06, 0x0A, 0x01, 0x01, 0x00, 0x00, 0x08,
    0x00, 0x25, 0x0F, 0x56, 0x4A, 0x00, 0x21, 0x24, 0x08, 0x00, 0x28, 0x49, 0x49, 0x00, 0x02, 0x01,
    0x02, 0x05, 0x58, 0x4D, 0x2B, 0x3D, 0x2A, 0x0A, 0x00, 0x01, 0x00, 0xA6, 0x3D, 0x00, 0x13, 0x4E,
    0x04, 0x00, 0x01, 0x00, 0x0F, 0x13, 0x02, 0x86, 0x22, 0x00, 0x1B, 0x20, 0xF9, 0x82, 0x00, 0x18,
    0x20, 0x17, 0x1D, 0x5A, 0x62, 0xF2, 0xFF, 0x69, 0x1C, 0x30, 0xE6, 0xE1, 0x4A, 0x3D, 0x4F, 0xE5,
    0xFF, 0xFD, 0xFC, 0xFF, 0xDF, 0x10, 0x09, 0x1C, 0x07, 0x86, 0xFF, 0xFB, 0xFE, 0xFE, 0xFE, 0xFE,
    0xFA, 0xFF, 0x78, 0x3B, 0x96, 0x00, 0x50, 0x17, 0x00, 0x3C, 0x67, 0x8A, 0x56, 0x7C, 0xFF, 0xFB,
    0xFE, 0xFF, 0xFE, 0xFE, 0xFF, 0xFE, 0xFE, 0xFE, 0xFE, 0xFE, 0xFD, 0xFE, 0xFE, 0xFE, 0xFE, 0xFE,
    0xFF, 0xFE, 0xFE, 0xFE, 0xFF, 0xFE, 0xFE, 0xFE, 0xFE, 0xFE, 0xFE, 0xFE, 0xFE, 0xFD, 0xFE, 0xFE,
    0xFE, 0xFE, 0xFE, 0xFE, 0xFE, 0xFE, 0xFE, 0xFE, 0xFE, 0xFE, 0xFE, 0xFE, 0xFE, 0xFC, 0xFF, 0xC3,
    0x3B, 0x91, 0x6A, 0x56, 0x0B, 0x02, 0xA2, 0xFF, 0xFF, 0x92, 0x2F, 0x30, 0xCA, 0xFF, 0xFC, 0xFE,
    0xFE, 0xFA, 0xFF, 0x91, 0x03, 0x0E, 0x08, 0x00, 0xB0, 0xFF, 0xFB, 0xFE, 0xFB, 0xFA, 0xFA, 0xF7,
    0xFF, 0x8C, 0x6B, 0xFF, 0xDE, 0x0F, 0xBA, 0xFF, 0xFE, 0xF5, 0x49, 0x35, 0x13, 0x85, 0x25, 0x03,
    0xA0, 0x82, 0x2F, 0x21, 0x00, 0x03, 0x00, 0x1D, 0x08, 0x18, 0x2C, 0x28, 0x6D, 0x00, 0x30, 0x17,
    0x00, 0x08, 0x3F, 0x2F, 0x5A, 0x00, 0x02, 0x01, 0x01, 0x24, 0x8E, 0x01, 0x40, 0x47, 0x34, 0x08,
    0x00, 0x02, 0x00, 0x96, 0x5C, 0x00, 0x40, 0x36, 0x00, 0x02, 0x00, 0x01, 0x05, 0x00, 0x5A, 0x6F,
    0x00, 0x17, 0x0C, 0x63, 0xFF, 0x7A, 0x00, 0x17, 0x1C, 0x08, 0x3B, 0x55, 0x95, 0xFF, 0xD6, 0x1F,
    0x1D, 0x7B, 0xFF, 0xE5, 0x4C, 0x32, 0x51, 0xEE, 0xFF, 0xFD, 0xFC, 0xFF, 0xDB, 0x18, 0x09, 0x14,
    0x09, 0x8D, 0xFF, 0xFB, 0xFE, 0xFE, 0xFD, 0xFE, 0xFC, 0xFF, 0x4C, 0x55, 0x43, 0x16, 0x9C, 0x11,
    0x00, 0x38, 0x5F, 0x87, 0x54, 0x7B, 0xFF, 0xFB, 0xFE, 0xFE, 0xFE, 0xFE, 0xFE, 0xFE, 0xFE, 0xFE,
    0xFD, 0xFD, 0xFE, 0xFE, 0xFE, 0xFE, 0xFE, 0xFE, 0xFE, 0xFE, 0xFE, 0xFE, 0xFE, 0xFE, 0xFE, 0xFE,
    0xFE, 0xFE, 0xFE, 0xFE, 0xFE, 0xFE, 0xFF, 0xFE, 0xFE, 0xFE, 0xFE, 0xFE, 0xFE, 0xFE, 0xFD, 0xFE,
    0xFE, 0xFE, 0xFD, 0xFE, 0xFE, 0xFD, 0xFF, 0xC4, 0x3B, 0x8C, 0x6A, 0x57, 0x0B, 0x02, 0xA3, 0xFF,
    0xFF, 0x9F, 0x23, 0x36, 0xBC, 0xFF, 0xFC, 0xFF, 0xFE, 0xFA, 0xFF, 0x94, 0x00, 0x0D, 0x08, 0x05,
    0xB4, 0xFF, 0xFB, 0xFE, 0xFE, 0xFE, 0xFE, 0xFE, 0xFE, 0xF8, 0x52, 0xE0, 0xFF, 0x22, 0x8C, 0xFF,
    0xFC, 0xFA, 0x4C, 0x33, 0x1A, 0x32, 0x70, 0x00, 0xBB, 0xDA, 0x31, 0x25, 0x00, 0x02, 0x00, 0x0B,
    0x01, 0x0F, 0x3B, 0x0C, 0x72, 0x10, 0x14, 0x0C, 0x00, 0x20, 0x4B, 0x0D, 0x6B, 0x00, 0x01, 0x04,
    0x00, 0x7B, 0x63, 0x00, 0x37, 0x39, 0x2E, 0x05, 0x00, 0x02, 0x00, 0x8F, 0x79, 0x05, 0x5E, 0x0A,
    0x00, 0x00, 0x00, 0x01, 0x00, 0x26, 0x9E, 0x12, 0x01, 0x25, 0x07, 0xAD, 0xFF, 0x79, 0x00, 0x12,
    0x22, 0x04, 0x66, 0x4C, 0xE0, 0xFF, 0x7B, 0x1A, 0x2C, 0xD3, 0xFF, 0xED, 0x3E, 0x34, 0x5D, 0xF4,
    0xFF, 0xFD, 0xFC, 0xFF, 0xDE, 0x1E, 0x08, 0x15, 0x0B, 0x8E, 0xFF, 0xFB, 0xFE, 0xFE, 0xFE, 0xFD,
    0xFE, 0xFF, 0x37, 0x40, 0x17, 0x52, 0xC4, 0x09, 0x00, 0x39, 0x5B, 0x77, 0x4C, 0x7F, 0xFF, 0xFB,
    0xFE, 0xFE, 0xFE, 0xFE, 0xFD, 0xFE, 0xFF, 0xFE, 0xFE, 0xFD, 0xFE, 0xFE, 0xFE, 0xFE, 0xFE, 0xFF,
    0xFF, 0xFE, 0xFE, 0xFF, 0xFF, 0xFF, 0xFE, 0xFD, 0xFE, 0xFE, 0xFE, 0xFE, 0xFE, 0xFE, 0xFE, 0xFE,
    0xFE, 0xFE, 0xFE, 0xFE, 0xFD, 0xFE, 0xFD, 0xFE, 0xFD, 0xFE, 0xFE, 0xFD, 0xFE, 0xFC, 0xFF, 0xC3,
    0x36, 0x7F, 0x68, 0x53, 0x0B, 0x02, 0xA2, 0xFF, 0xFF, 0x9A, 0x1F, 0x38, 0xAC, 0xFF, 0xFB, 0xFE,
    0xFE, 0xFB, 0xFF, 0x95, 0x03, 0x0F, 0x09, 0x03, 0xB8, 0xFF, 0xFB, 0xFE, 0xFE, 0xFE, 0xFE, 0xFE,
    0xFB, 0xFF, 0x90, 0x95, 0xFF, 0x42, 0x66, 0xFF, 0xFE, 0xF9, 0x4F, 0x2F, 0x2B, 0x01, 0x61, 0x2E,
    0x39, 0x42, 0x14, 0x0E, 0x00, 0x01, 0x00, 0x00, 0x00, 0x08, 0x34, 0x02, 0x4B, 0x30, 0x09, 0x07,
    0x00, 0x3E, 0x3D, 0x00, 0x6D, 0x0B, 0x00, 0x01, 0x22, 0x94, 0x22, 0x00, 0x30, 0x35, 0x3D, 0x02,
    0x00, 0x18, 0x18, 0x61, 0x76, 0x30, 0x3A, 0x00, 0x01, 0x00, 0x00, 0x04, 0x00, 0x7F, 0x55, 0x00,
    0x0E, 0x20, 0x22, 0xE9, 0xFF, 0x7A, 0x00, 0x0F, 0x1A, 0x2E, 0x46, 0x9A, 0xFF, 0xEE, 0x39, 0x31,
    0x62, 0xFF, 0xFF, 0xEE, 0x2A, 0x40, 0x63, 0xF8, 0xFF, 0xFD, 0xFC, 0xFF, 0xDD, 0x1E, 0x08, 0x17,
    0x12, 0x8D, 0xFF, 0xFC, 0xFE, 0xFE, 0xFE, 0xFD, 0xFF, 0xF5, 0x23, 0x0C, 0x09, 0x9B, 0xCE, 0x05,
    0x01, 0x39, 0x5C, 0x71, 0x45, 0x80, 0xFF, 0xFB, 0xFE, 0xFE, 0xFE, 0xFE, 0xFE, 0xFE, 0xFE, 0xFE,
    0xFE, 0xFE, 0xFD, 0xFE, 0xFE, 0xFD, 0xFE, 0xFF, 0xFF, 0xFE, 0xFE, 0xFE, 0xFE, 0xFE, 0xFE, 0xFE,
    0xFE, 0xFF, 0xFE, 0xFE, 0xFE, 0xFD, 0xFE, 0xFE, 0xFE, 0xFE, 0xFE, 0xFE, 0xFE, 0xFF, 0xFF, 0xFE,
    0xFE, 0xFE, 0xFE, 0xFE, 0xFF, 0xFD, 0xFF, 0xC6, 0x31, 0x72, 0x65, 0x4E, 0x0B, 0x0B, 0xA6, 0xFF,
    0xFF, 0x8F, 0x23, 0x3D, 0xA8, 0xFF, 0xFB, 0xFE, 0xFE, 0xFB, 0xFF, 0x97, 0x07, 0x0D, 0x09, 0x08,
    0xBD, 0xFF, 0xFB, 0xFE, 0xFE, 0xFE, 0xFE, 0xFE, 0xFD, 0xFF, 0xCE, 0x67, 0xFF, 0x5F, 0x47, 0xFF,
    0xFF, 0xFA, 0x50, 0x34, 0x2B, 0x0B, 0x14, 0x72, 0x05, 0x0B, 0x51, 0x1F, 0x06, 0x00, 0x00, 0x02,
    0x00, 0x05, 0x2F, 0x16, 0x1B, 0x41, 0x12, 0x17, 0x00, 0x55, 0x27, 0x00, 0x50, 0x21, 0x00, 0x02,
    0x52, 0x6E, 0x00, 0x00, 0x27, 0x28, 0x36, 0x00, 0x00, 0x4C, 0x10, 0x54, 0x8A, 0x1B, 0x0C, 0x00,
    0x01, 0x00, 0x04, 0x00, 0x61, 0x84, 0x01, 0x10, 0x14, 0x11, 0x57, 0xFF, 0xFF, 0x7A, 0x00, 0x12,
    0x0E, 0x1A, 0x5B, 0xFF, 0xFF, 0xAD, 0x30, 0x33, 0xB2, 0xFF, 0xFF, 0xE8, 0x1F, 0x41, 0x67, 0xFC,
    0xFE, 0xFD, 0xFC, 0xFF, 0xDC, 0x1D, 0x08, 0x14, 0x18, 0x8D, 0xFF, 0xFC, 0xFE, 0xFE, 0xFE, 0xFC,
    0xFF, 0xE2, 0x0E, 0x00, 0x21, 0xDB, 0xC5, 0x04, 0x01, 0x38, 0x5C, 0x72, 0x46, 0x7E, 0xFF, 0xFB,
    0xFE, 0xFE, 0xFE, 0xFE, 0xFE, 0xFE, 0xFE, 0xFE, 0xFE, 0xFE, 0xFE, 0xFE, 0xFE, 0xFE, 0xFE, 0xFE,
    0xFF, 0xFE, 0xFF, 0xFE, 0xFE, 0xFF, 0xFF, 0xFE, 0xFE, 0xFE, 0xFE, 0xFE, 0xFE, 0xFE, 0xFE, 0xFE,
    0xFE, 0xFE, 0xFE, 0xFE, 0xFE, 0xFF, 0xFF, 0xFE, 0xFE, 0xFE, 0xFE, 0xFE, 0xFE, 0xFC, 0xFF, 0xC9,
    0x2D, 0x6C, 0x67, 0x4F, 0x0B, 0x08, 0xA6, 0xFF, 0xFF, 0x8C, 0x1A, 0x39, 0xB4, 0xFF, 0xFC, 0xFE,
    0xFF, 0xFB, 0xFF, 0x9D, 0x0B, 0x0C, 0x0B, 0x0B, 0xB5, 0xFF, 0xFB, 0xFE, 0xFE, 0xFE, 0xFE, 0xFE,
    0xFE, 0xFF, 0xF5, 0x54, 0xF3, 0x7A, 0x33, 0xFD, 0xFF, 0xF7, 0x4D, 0x38, 0x2B, 0x0D, 0x00, 0x44,
    0x61, 0x15, 0x2C, 0x37, 0x27, 0x00, 0x01, 0x00, 0x00, 0x03, 0x27, 0x12, 0x01, 0x40, 0x06, 0x2F,
    0x0D, 0x5E, 0x19, 0x00, 0x4B, 0x3C, 0x00, 0x0B, 0x65, 0x24, 0x00, 0x00, 0x20, 0x2A, 0x41, 0x00,
    0x38, 0x47, 0x00, 0x60, 0xAA, 0x01, 0x03, 0x02, 0x01, 0x03, 0x00, 0x3F, 0xAC, 0x12, 0x00, 0x0A,
    0x0E, 0x0A, 0x90, 0xFF, 0xFF, 0x7B, 0x00, 0x11, 0x13, 0x08, 0x55, 0xFF, 0xFF, 0x62, 0x3C, 0x42,
    0xEF, 0xFF, 0xFF, 0xE0, 0x1E, 0x45, 0x68, 0xFF, 0xFE, 0xFE, 0xFC, 0xFF, 0xDB, 0x1B, 0x07, 0x16,
    0x19, 0x8A, 0xFF, 0xFB, 0xFE, 0xFE, 0xFE, 0xFC, 0xFF, 0xCA, 0x05, 0x06, 0x41, 0xFF, 0xBC, 0x06,
    0x05, 0x35, 0x54, 0x6D, 0x45, 0x7D, 0xFF, 0xFB, 0xFE, 0xFE, 0xFE, 0xFF, 0xFE, 0xFE, 0xFE, 0xFE,
    0xFF, 0xFF, 0xFF, 0xFE, 0xFE, 0xFE, 0xFE, 0xFE, 0xFE, 0xFE, 0xFF, 0xFF, 0xFF, 0xFE, 0xFE, 0xFE,
    0xFE, 0xFE, 0xFF, 0xFE, 0xFE, 0xFE, 0xFF, 0xFE, 0xFE, 0xFE, 0xFE, 0xFE, 0xFE, 0xFE, 0xFE, 0xFF,
    0xFF, 0xFE, 0xFE, 0xFE, 0xFF, 0xFC, 0xFF, 0xC9, 0x20, 0x61, 0x63, 0x4B, 0x0B, 0x09, 0xA6, 0xFF,
    0xFF, 0x94, 0x12, 0x1C, 0xC2, 0xFF, 0xFC, 0xFF, 0xFF, 0xFB, 0xFF, 0x9E, 0x0B, 0x0D, 0x0B, 0x05,
    0xB3, 0xFF, 0xFB, 0xFF, 0xFE, 0xFE, 0xFE, 0xFE, 0xFE, 0xFC, 0xFF, 0x6A, 0xCF, 0x92, 0x26, 0xF8,
    0xFF, 0xF6, 0x47, 0x34, 0x2B, 0x01, 0x2B, 0x68, 0x43, 0x13, 0x47, 0x2E, 0x2F, 0x27, 0x00, 0x01,
    0x01, 0x00, 0x1C, 0x14, 0x00, 0x22, 0x15, 0x06, 0x16, 0x5A, 0x04, 0x00, 0x2B, 0x4D, 0x00, 0x29,
    0x66, 0x00, 0x02, 0x00, 0x22, 0x2D, 0x3A, 0x06, 0x60, 0x16, 0x00, 0x4B, 0x9C, 0x00, 0x01, 0x02,
    0x03, 0x04, 0x27, 0x9A, 0x34, 0x00, 0x00, 0x0F, 0x0C, 0x07, 0xCB, 0xFF, 0xFF, 0x7D, 0x00, 0x11,
    0x23, 0x15, 0x58, 0xFF, 0xDD, 0x34, 0x30, 0x7E, 0xFF, 0xFA, 0xFF, 0xDD, 0x28, 0x32, 0x61, 0xFF,
    0xFE, 0xFE, 0xFC, 0xFF, 0xDA, 0x19, 0x06, 0x16, 0x11, 0x89, 0xFF, 0xFC, 0xFE, 0xFF, 0xFF, 0xFB,
    0xFF, 0xB4, 0x00, 0x10, 0x73, 0xFF, 0xB5, 0x04, 0x07, 0x2E, 0x52, 0x73, 0x48, 0x81, 0xFF, 0xFB,
    0xFF, 0xFE, 0xFE, 0xFF, 0xFE, 0xFF, 0xFE, 0xFE, 0xFE, 0xFF, 0xFF, 0xFE, 0xFE, 0xFE, 0xFE, 0xFF,
    0xFE, 0xFE, 0xFF, 0xFF, 0xFF, 0xFF, 0xFE, 0xFE, 0xFE, 0xFF, 0xFE, 0xFF, 0xFE, 0xFE, 0xFE, 0xFE,
    0xFE, 0xFE, 0xFE, 0xFE, 0xFE, 0xFE, 0xFE, 0xFE, 0xFE, 0xFE, 0xFE, 0xFE, 0xFF, 0xFD, 0xFF, 0xC7,
    0x1F, 0x5B, 0x5F, 0x4B, 0x0D, 0x09, 0xA4, 0xFF, 0xFF, 0xB0, 0x1A, 0x13, 0xD3, 0xFF, 0xFC, 0xFF,
    0xFF, 0xFC, 0xFF, 0x9D, 0x08, 0x0C, 0x09, 0x03, 0xB9, 0xFF, 0xFB, 0xFE, 0xFE, 0xFE, 0xFE, 0xFE,
    0xFE, 0xFB, 0xFF, 0x8B, 0xAC, 0xA4, 0x23, 0xF2, 0xFF, 0xF3, 0x40, 0x2E, 0x24, 0x05, 0x21, 0xDE,
    0x61, 0x4A, 0x0D, 0x40, 0x2C, 0x43, 0x0E, 0x00, 0x02, 0x00, 0x2B, 0x16, 0x00, 0x0D, 0x17, 0x00,
    0x1D, 0x53, 0x00, 0x00, 0x11, 0x50, 0x1C, 0x4D, 0x3F, 0x00, 0x03, 0x00, 0x25, 0x2E, 0x20, 0x53,
    0x33, 0x16, 0x00, 0x3C, 0xA0, 0x00, 0x01, 0x03, 0x00, 0x1A, 0x8E, 0x44, 0x00, 0x02, 0x00, 0x10,
    0x1A, 0x07, 0x79, 0xD1, 0xFF, 0x78, 0x00, 0x48, 0x26, 0x18, 0x54, 0xFF, 0x93, 0x2B, 0x26, 0xD1,
    0xFF, 0xFC, 0xFF, 0xDA, 0x2E, 0x25, 0x63, 0xFF, 0xFD, 0xFE, 0xFD, 0xFF, 0xD9, 0x16, 0x05, 0x13,
    0x0B, 0x8D, 0xFF, 0xFB, 0xFE, 0xFE, 0xFE, 0xFB, 0xFF, 0x9B, 0x00, 0x1A, 0xA3, 0xFF, 0xB2, 0x00,
    0x03, 0x2D, 0x56, 0x77, 0x47, 0x81, 0xFF, 0xFB, 0xFE, 0xFE, 0xFE, 0xFE, 0xFE, 0xFE, 0xFE, 0xFE,
    0xFE, 0xFE, 0xFE, 0xFE, 0xFE, 0xFE, 0xFE, 0xFE, 0xFE, 0xFE, 0xFF, 0xFF, 0xFF, 0xFF, 0xFE, 0xFE,
    0xFE, 0xFF, 0xFE, 0xFE, 0xFE, 0xFE, 0xFE, 0xFD, 0xFE, 0xFE, 0xFE, 0xFE, 0xFE, 0xFE, 0xFE, 0xFE,
    0xFE, 0xFE, 0xFE, 0xFE, 0xFE, 0xFD, 0xFF, 0xCA, 0x1D, 0x5E, 0x61, 0x48, 0x0F, 0x03, 0xA0, 0xFF,
    0xFF, 0xD0, 0x2E, 0x15, 0xE0, 0xFF, 0xFC, 0xFE, 0xFF, 0xFC, 0xFF, 0xA0, 0x0E, 0x0D, 0x09, 0x03,
    0xB7, 0xFF, 0xFB, 0xFE, 0xFE, 0xFE, 0xFE, 0xFE, 0xFE, 0xFB, 0xFF, 0xA5, 0x97, 0xAF, 0x24, 0xEE,
    0xFF, 0xF2, 0x43, 0x2E, 0x1D, 0x09, 0x1E, 0xE8, 0x66, 0x30, 0x39, 0x71, 0xA8, 0x10, 0x3F, 0x00,
    0x02, 0x00, 0x1D, 0x0D, 0x0A, 0x09, 0x12, 0x02, 0x2A, 0x57, 0x21, 0x06, 0x06, 0x3E, 0x18, 0x47,
    0x1D, 0x00, 0x03, 0x00, 0x33, 0x14, 0x5C, 0x5F, 0x28, 0x22, 0x00, 0x3B, 0x9B, 0x00, 0x00, 0x00,
    0x0B, 0x86, 0x56, 0x00, 0x03, 0x01, 0x00, 0x09, 0x35, 0x02, 0x00, 0x02, 0xBA, 0x75, 0x25, 0x76,
    0x0C, 0x21, 0x57, 0xFF, 0x4C, 0x21, 0x48, 0xFF, 0xFD, 0xFC, 0xFF, 0xD5, 0x31, 0x38, 0x69, 0xFD,
    0xFF, 0xFE, 0xFC, 0xFF, 0xDA, 0x16, 0x05, 0x10, 0x08, 0x8F, 0xFF, 0xFC, 0xFE, 0xFE, 0xFE, 0xFA,
    0xFF, 0x83, 0x00, 0x25, 0xCF, 0xFF, 0xB2, 0x00, 0x02, 0x2E, 0x55, 0x73, 0x43, 0x81, 0xFF, 0xFB,
    0xFF, 0xFE, 0xFE, 0xFE, 0xFE, 0xFE, 0xFE, 0xFE, 0xFE, 0xFE, 0xFE, 0xFE, 0xFE, 0xFE, 0xFF, 0xFE,
    0xFE, 0xFE, 0xFE, 0xFE, 0xFE, 0xFE, 0xFF, 0xFE, 0xFE, 0xFF, 0xFE, 0xFF, 0xFE, 0xFE, 0xFE, 0xFE,
    0xFE, 0xFE, 0xFE, 0xFE, 0xFE, 0xFE, 0xFE, 0xFF, 0xFF, 0xFE, 0xFE, 0xFE, 0xFF, 0xFC, 0xFF, 0xC5,
    0x1F, 0x58, 0x56, 0x44, 0x12, 0x00, 0x9F, 0xFF, 0xFF, 0xEE, 0x3A, 0x23, 0xED, 0xFF, 0xFD, 0xFE,
    0xFE, 0xFB, 0xFF, 0x9F, 0x0B, 0x0D, 0x0B, 0x06, 0xB8, 0xFF, 0xFA, 0xFE, 0xFE, 0xFE, 0xFE, 0xFE,
    0xFF, 0xFC, 0xFF, 0xC3, 0x80, 0xAD, 0x26, 0xED, 0xFF, 0xF1, 0x44, 0x25, 0x1B, 0x0D, 0x28, 0xB8,
    0x0E, 0x01, 0x3C, 0x2A, 0xCC, 0x64, 0x17, 0x27, 0x00, 0x04, 0x0B, 0x16, 0x0E, 0x2D, 0x0C, 0x00,
    0x36, 0x35, 0x69, 0x27, 0x00, 0x1D, 0x37, 0x51, 0x13, 0x00, 0x03, 0x00, 0x32, 0x38, 0x89, 0x0D,
    0x3E, 0x0A, 0x00, 0x44, 0x93, 0x00, 0x01, 0x00, 0x64, 0x71, 0x00, 0x03, 0x01, 0x01, 0x00, 0x03,
    0x44, 0x0D, 0x05, 0x00, 0x9C, 0x7D, 0x1D, 0x5E, 0x13, 0x24, 0x60, 0xCA, 0x23, 0x21, 0x90, 0xFF,
    0xFC, 0xFD, 0xFF, 0xCE, 0x34, 0x3D, 0x6E, 0xF9, 0xFF, 0xFE, 0xFD, 0xFF, 0xDA, 0x15, 0x06, 0x10,
    0x06, 0x90, 0xFF, 0xFC, 0xFF, 0xFE, 0xFE, 0xFB, 0xFF, 0x6E, 0x0A, 0x3B, 0xEF, 0xFF, 0xB1, 0x00,
    0x02, 0x2F, 0x4F, 0x69, 0x43, 0x83, 0xFF, 0xFB, 0xFF, 0xFF, 0xFE, 0xFE, 0xFE, 0xFE, 0xFF, 0xFF,
    0xFE, 0xFF, 0xFE, 0xFF, 0xFE, 0xFF, 0xFF, 0xFF, 0xFF, 0xFF, 0xFE, 0xFF, 0xFE, 0xFF, 0xFE, 0xFE,
    0xFE, 0xFE, 0xFE, 0xFE, 0xFE, 0xFE, 0xFE, 0xFD, 0xFE, 0xFE, 0xFE, 0xFE, 0xFE, 0xFE, 0xFE, 0xFE,
    0xFE, 0xFE, 0xFE, 0xFE, 0xFE, 0xFC, 0xFF, 0xC5, 0x21, 0x46, 0x45, 0x41, 0x13, 0x00, 0xA0, 0xFF,
    0xFC, 0xFF, 0x46, 0x2D, 0xF2, 0xFF, 0xFD, 0xFE, 0xFE, 0xFB, 0xFF, 0x9D, 0x04, 0x0D, 0x0D, 0x01,
    0xB8, 0xFF, 0xFB, 0xFE, 0xFE, 0xFD, 0xFE, 0xFE, 0xFE, 0xFD, 0xFF, 0xDD, 0x6D, 0x9C, 0x24, 0xEF,
    0xFF, 0xF0, 0x47, 0x2F, 0x1F, 0x0B, 0x28, 0xB2, 0x12, 0x04, 0x08, 0x32, 0x48, 0xD8, 0x2B, 0x25,
    0x0E, 0x02, 0x0A, 0x11, 0x04, 0x47, 0x25, 0x00, 0x41, 0x14, 0x43, 0x67, 0x00, 0x06, 0x36, 0x33,
    0x04, 0x00, 0x00, 0x06, 0x25, 0x82, 0x3A, 0x17, 0x4E, 0x00, 0x00, 0x4A, 0x91, 0x00, 0x00, 0x30,
    0x5A, 0x0A, 0x00, 0x00, 0x00, 0x00, 0x01, 0x00, 0x48, 0x27, 0x00, 0x03, 0xC9, 0x80, 0x0A, 0x74,
    0x17, 0x1A, 0x61, 0x86, 0x24, 0x22, 0xD1, 0xFF, 0xFC, 0xFC, 0xFF, 0xD0, 0x3F, 0x4F, 0x78, 0xF2,
    0xFF, 0xFD, 0xFD, 0xFF, 0xD9, 0x13, 0x08, 0x12, 0x0A, 0x8F, 0xFF, 0xFB, 0xFE, 0xFE, 0xFE, 0xFD,
    0xFF, 0x51, 0x08, 0x60, 0xFF, 0xFF, 0xB1, 0x00, 0x05, 0x2E, 0x41, 0x5B, 0x40, 0x84, 0xFF, 0xFB,
    0xFE, 0xFE, 0xFE, 0xFE, 0xFE, 0xFE, 0xFE, 0xFE, 0xFE, 0xFE, 0xFE, 0xFE, 0xFE, 0xFF, 0xFF, 0xFF,
    0xFF, 0xFE, 0xFE, 0xFE, 0xFE, 0xFE, 0xFE, 0xFF, 0xFF, 0xFF, 0xFF, 0xFE, 0xFE, 0xFE, 0xFE, 0xFE,
    0xFE, 0xFE, 0xFE, 0xFE, 0xFE, 0xFF, 0xFF, 0xFE, 0xFE, 0xFE, 0xFE, 0xFE, 0xFF, 0xFD, 0xFF, 0xCA,
    0x1E, 0x3C, 0x3E, 0x3E, 0x14, 0x07, 0xA2, 0xFF, 0xFC, 0xFF, 0x55, 0x25, 0xF0, 0xFF, 0xFD, 0xFE,
    0xFF, 0xFB, 0xFF, 0x9F, 0x0A, 0x11, 0x0E, 0x00, 0xB7, 0xFF, 0xFB, 0xFE, 0xFE, 0xFD, 0xFE, 0xFE,
    0xFF, 0xFE, 0xFF, 0xEC, 0x5F, 0x8D, 0x1D, 0xF3, 0xFF, 0xF2, 0x4A, 0x2E, 0x1D, 0x07, 0x23, 0xB3,
    0x15, 0x07, 0x00, 0x1B, 0x31, 0x86, 0xA5, 0x07, 0x28, 0x01, 0x04, 0x05, 0x00, 0x3E, 0x27, 0x00,
    0x43, 0x16, 0x00, 0x65, 0x28, 0x00, 0x2C, 0x3E, 0x0F, 0x00, 0x02, 0x00, 0x3F, 0x91, 0x00, 0x3C,
    0x32, 0x00, 0x00, 0x4B, 0x82, 0x00, 0x16, 0x3B, 0x04, 0x00, 0x00, 0x00, 0x00, 0x00, 0x02, 0x00,
    0x3F, 0x40, 0x00, 0x00, 0xBB, 0x7F, 0x00, 0x8E, 0x17, 0x1E, 0x4D, 0x55, 0x1D, 0x43, 0xF9, 0xFE,
    0xFD, 0xFC, 0xFF, 0xCE, 0x34, 0x46, 0x75, 0xF0, 0xFF, 0xFE, 0xFD, 0xFF, 0xDA, 0x13, 0x07, 0x13,
    0x0B, 0x8D, 0xFF, 0xFB, 0xFE, 0xFE, 0xFE, 0xFF, 0xFA, 0x38, 0x16, 0x7F, 0xFF, 0xFF, 0xB0, 0x01,
    0x07, 0x2B, 0x39, 0x4D, 0x3D, 0x86, 0xFF, 0xFC, 0xFE, 0xFE, 0xFE, 0xFE, 0xFE, 0xFE, 0xFE, 0xFE,
    0xFE, 0xFE, 0xFF, 0xFE, 0xFE, 0xFF, 0xFF, 0xFF, 0xFE, 0xFF, 0xFE, 0xFE, 0xFE, 0xFE, 0xFE, 0xFE,
    0xFE, 0xFE, 0xFE, 0xFE, 0xFE, 0xFE, 0xFE, 0xFE, 0xFE, 0xFE, 0xFE, 0xFE, 0xFE, 0xFE, 0xFE, 0xFE,
    0xFE, 0xFE, 0xFE, 0xFE, 0xFF, 0xFC, 0xFF, 0xCB, 0x17, 0x2D, 0x3D, 0x3D, 0x17, 0x08, 0xA2, 0xFF,
    0xFA, 0xFF, 0x62, 0x1E, 0xEE, 0xFF, 0xFD, 0xFE, 0xFE, 0xFB, 0xFF, 0x9F, 0x11, 0x13, 0x09, 0x00,
    0xB8, 0xFF, 0xFB, 0xFE, 0xFE, 0xFE, 0xFE, 0xFE, 0xFE, 0xFD, 0xFF, 0xF2, 0x49, 0x72, 0x1A, 0xF5,
    0xFF, 0xF3, 0x46, 0x29, 0x1F, 0x07, 0x22, 0xAF, 0x16, 0x0B, 0x03, 0x00, 0x34, 0x37, 0x90, 0x50,
    0x0E, 0x23, 0x04, 0x06, 0x05, 0x46, 0x28, 0x00, 0x3D, 0x14, 0x05, 0x1F, 0x5C, 0x00, 0x39, 0x53,
    0x13, 0x00, 0x03, 0x00, 0x82, 0x4C, 0x08, 0x40, 0x2A, 0x05, 0x00, 0x26, 0x3E, 0x03, 0x30, 0x0A,
    0x00, 0x01, 0x00, 0x00, 0x00, 0x00, 0x01, 0x00, 0x2E, 0x4C, 0x00, 0x02, 0xC3, 0x80, 0x00, 0x85,
    0x12, 0x1D, 0x31, 0x40, 0x20, 0x6E, 0xFF, 0xFB, 0xFD, 0xFB, 0xFF, 0xC6, 0x3B, 0x47, 0x6C, 0xED,
    0xFF, 0xFD, 0xFD, 0xFF, 0xD5, 0x0B, 0x07, 0x12, 0x09, 0x8C, 0xFF, 0xFB, 0xFD, 0xFE, 0xFD, 0xFF,
    0xE3, 0x33, 0x28, 0xA2, 0xFF, 0xFF, 0xAE, 0x00, 0x05, 0x29, 0x37, 0x4E, 0x3D, 0x86, 0xFF, 0xFB,
    0xFE, 0xFE, 0xFE, 0xFE, 0xFE, 0xFE, 0xFE, 0xFE, 0xFE, 0xFE, 0xFE, 0xFE, 0xFE, 0xFF, 0xFE, 0xFE,
    0xFF, 0xFE, 0xFE, 0xFE, 0xFE, 0xFE, 0xFE, 0xFE, 0xFE, 0xFE, 0xFE, 0xFE, 0xFE, 0xFE, 0xFE, 0xFE,
    0xFE, 0xFD, 0xFE, 0xFE, 0xFE, 0xFE, 0xFE, 0xFE, 0xFE, 0xFE, 0xFE, 0xFE, 0xFF, 0xFC, 0xFF, 0xCB,
    0x13, 0x1E, 0x39, 0x3E, 0x17, 0x08, 0xA2, 0xFF, 0xF8, 0xFF, 0x7E, 0x10, 0xE7, 0xFF, 0xFC, 0xFE,
    0xFD, 0xFB, 0xFF, 0xA2, 0x12, 0x12, 0x08, 0x00, 0xB8, 0xFF, 0xFB, 0xFE, 0xFE, 0xFE, 0xFD, 0xFE,
    0xFD, 0xFD, 0xFF, 0xF1, 0x69, 0x58, 0x22, 0xF5, 0xFF, 0xF2, 0x45, 0x29, 0x1B, 0x08, 0x24, 0xAF,
    0x18, 0x10, 0x03, 0x01, 0x05, 0x46, 0x26, 0xA3, 0x29, 0x31, 0x14, 0x02, 0x00, 0x3D, 0x3B, 0x01,
    0x2D, 0x03, 0x04, 0x00, 0x5F, 0x18, 0x10, 0x39, 0x21, 0x00, 0x00, 0x33, 0x9A, 0x00, 0x0A, 0x2B,
    0x13, 0x00, 0x04, 0x69, 0x3A, 0x22, 0x0F, 0x00, 0x01, 0x00, 0x00, 0x00, 0x00, 0x00, 0x01, 0x00,
    0x21, 0x56, 0x06, 0x00, 0x8B, 0x76, 0x00, 0x5A, 0x24, 0x18, 0x20, 0x2B, 0x27, 0xA1, 0xFF, 0xFB,
    0xFE, 0xFC, 0xFF, 0xC8, 0x2F, 0x4F, 0x77, 0xE8, 0xFF, 0xFD, 0xFD, 0xFF, 0xD7, 0x0E, 0x06, 0x14,
    0x0E, 0x8D, 0xFF, 0xFB, 0xFE, 0xFE, 0xFB, 0xFF, 0xBE, 0x2A, 0x2D, 0xC2, 0xFF, 0xFF, 0xAC, 0x00,
    0x0A, 0x27, 0x31, 0x51, 0x3E, 0x85, 0xFF, 0xFB, 0xFE, 0xFE, 0xFE, 0xFE, 0xFD, 0xFE, 0xFE, 0xFE,
    0xFE, 0xFE, 0xFD, 0xFE, 0xFE, 0xFE, 0xFD, 0xFE, 0xFE, 0xFE, 0xFE, 0xFE, 0xFE, 0xFE, 0xFE, 0xFF,
    0xFE, 0xFF, 0xFF, 0xFE, 0xFE, 0xFE, 0xFE, 0xFF, 0xFE, 0xFE, 0xFE, 0xFE, 0xFF, 0xFF, 0xFE, 0xFE,
    0xFE, 0xFE, 0xFE, 0xFE, 0xFF, 0xFD, 0xFF, 0xCC, 0x12, 0x21, 0x3A, 0x43, 0x13, 0x0A, 0xA3, 0xFF,
    0xF9, 0xFF, 0x84, 0x0B, 0xE5, 0xFF, 0xFD, 0xFE, 0xFE, 0xFB, 0xFF, 0xA1, 0x15, 0x1B, 0x09, 0x00,
    0xB9, 0xFF, 0xFB, 0xFF, 0xFE, 0xFE, 0xFE, 0xFE, 0xFE, 0xFD, 0xFF, 0xF5, 0x7D, 0x57, 0x27, 0xF7,
    0xFF, 0xF1, 0x3F, 0x20, 0x17, 0x0B, 0x24, 0xB0, 0x1D, 0x11, 0x03, 0x02, 0x00, 0x27, 0x31, 0x59,
    0x9C, 0x0D, 0x38, 0x02, 0x00, 0x26, 0x4B, 0x03, 0x1D, 0x00, 0x02, 0x00, 0x3C, 0x2B, 0x04, 0x5C,
    0x39, 0x01, 0x00, 0x5C, 0x5C, 0x1C, 0x03, 0x18, 0x06, 0x02, 0x00, 0x5A, 0x4A, 0x37, 0x00, 0x01,
    0x00, 0x00, 0x00, 0x00, 0x00, 0x00, 0x00, 0x00, 0x0A, 0x3E, 0x05, 0x09, 0x23, 0x11, 0x04, 0x41,
    0x3B, 0x1C, 0x12, 0x31, 0x30, 0xC2, 0xFF, 0xFC, 0xFE, 0xFC, 0xFF, 0xCE, 0x30, 0x47, 0x68, 0xE5,
    0xFF, 0xFE, 0xFD, 0xFF, 0xD5, 0x0C, 0x05, 0x15, 0x11, 0x90, 0xFF, 0xFC, 0xFE, 0xFE, 0xFB, 0xFF,
    0x9E, 0x23, 0x44, 0xE0, 0xFF, 0xFF, 0xAA, 0x00, 0x09, 0x2D, 0x38, 0x4F, 0x40, 0x86, 0xFF, 0xFC,
    0xFF, 0xFF, 0xFE, 0xFF, 0xFF, 0xFE, 0xFF, 0xFE, 0xFD, 0xFE, 0xFE, 0xFE, 0xFE, 0xFF, 0xFF, 0xFF,
    0xFF, 0xFE, 0xFF, 0xFF, 0xFF, 0xFF, 0xFE, 0xFE, 0xFE, 0xFF, 0xFE, 0xFF, 0xFE, 0xFE, 0xFE, 0xFE,
    0xFE, 0xFE, 0xFE, 0xFE, 0xFE, 0xFE, 0xFE, 0xFE, 0xFE, 0xFE, 0xFE, 0xFE, 0xFF, 0xFD, 0xFF, 0xC9,
    0x10, 0x20, 0x41, 0x47, 0x11, 0x02, 0xA0, 0xFF, 0xF8, 0xFF, 0x87, 0x08, 0xDD, 0xFF, 0xFD, 0xFE,
    0xFE, 0xFB, 0xFF, 0xA3, 0x1E, 0x20, 0x08, 0x00, 0xBA, 0xFF, 0xFB, 0xFF, 0xFE, 0xFE, 0xFE, 0xFE,
    0xFE, 0xFE, 0xFF, 0xF6, 0x92, 0x54, 0x20, 0xFC, 0xFF, 0xF0, 0x3D, 0x22, 0x18, 0x0B, 0x25, 0xB1,
    0x1E, 0x0D, 0x01, 0x00, 0x00, 0x02, 0x29, 0x06, 0x8E, 0x47, 0x17, 0x16, 0x00, 0x18, 0x41, 0x08,
    0x16, 0x00, 0x01, 0x00, 0x1C, 0x24, 0x00, 0x5B, 0x3B, 0x03, 0x0A, 0x45, 0x10, 0x2B, 0x00, 0x0F,
    0x05, 0x01, 0x0D, 0x5B, 0x1E, 0x04, 0x00, 0x00, 0x00, 0x00, 0x00, 0x00, 0x00, 0x00, 0x00, 0x00,
    0x0D, 0x27, 0x06, 0x2C, 0x6D, 0x0A, 0x00, 0x26, 0x39, 0x15, 0x0D, 0x3E, 0x43, 0xD4, 0xFF, 0xFC,
    0xFE, 0xFC, 0xFF, 0xD0, 0x24, 0x42, 0x67, 0xE1, 0xFF, 0xFD, 0xFC, 0xFF, 0xD4, 0x0B, 0x04, 0x17,
    0x16, 0x92, 0xFF, 0xFB, 0xFD, 0xFE, 0xFA, 0xFF, 0x84, 0x20, 0x57, 0xEE, 0xFF, 0xFF, 0xA8, 0x00,
    0x03, 0x2E, 0x3E, 0x54, 0x41, 0x87, 0xFF, 0xFB, 0xFE, 0xFF, 0xFE, 0xFE, 0xFE, 0xFE, 0xFE, 0xFE,
    0xFE, 0xFE, 0xFE, 0xFE, 0xFE, 0xFE, 0xFE, 0xFF, 0xFE, 0xFE, 0xFF, 0xFE, 0xFF, 0xFE, 0xFE, 0xFF,
    0xFE, 0xFE, 0xFF, 0xFF, 0xFF, 0xFE, 0xFE, 0xFE, 0xFE, 0xFE, 0xFE, 0xFE, 0xFE, 0xFE, 0xFE, 0xFD,
    0xFE, 0xFE, 0xFE, 0xFE, 0xFE, 0xFC, 0xFF, 0xC7, 0x0C, 0x25, 0x50, 0x4B, 0x10, 0x00, 0x9E, 0xFF,
    0xF7, 0xFF, 0x9E, 0x0D, 0xC9, 0xFF, 0xFC, 0xFE, 0xFE, 0xFB, 0xFF, 0xA6, 0x1D, 0x1D, 0x08, 0x00,
    0xB8, 0xFF, 0xFA, 0xFF, 0xFE, 0xFE, 0xFE, 0xFE, 0xFE, 0xFD, 0xFF, 0xF3, 0x9B, 0x53, 0x1A, 0xFE,
    0xFF, 0xEC, 0x33, 0x19, 0x15, 0x0B, 0x27, 0xB2, 0x24, 0x0C, 0x00, 0x00, 0x00, 0x08, 0x21, 0x00,
    0x15, 0xAD, 0x22, 0x20, 0x02, 0x0F, 0x47, 0x1A, 0x08, 0x02, 0x00, 0x00, 0x04, 0x1C, 0x02, 0x76,
    0x51, 0x02, 0x1F, 0x2D, 0x04, 0x17, 0x00, 0x1A, 0x07, 0x01, 0x19, 0x8B, 0x17, 0x00, 0x01, 0x00,
    0x00, 0x00, 0x00, 0x00, 0x00, 0x00, 0x00, 0x00, 0x0B, 0x1A, 0x00, 0x6C, 0x7E, 0x12, 0x03, 0x13,
    0x3F, 0x17, 0x05, 0x46, 0x53, 0xE7, 0xFF, 0xFE, 0xFE, 0xFD, 0xFF, 0xDE, 0x23, 0x39, 0x73, 0xD7,
    0xFF, 0xFD, 0xFC, 0xFF, 0xD2, 0x09, 0x04, 0x17, 0x18, 0x94, 0xFF, 0xFB, 0xFD, 0xFE, 0xFB, 0xFF,
    0x6D, 0x11, 0x5E, 0xFD, 0xFC, 0xFF, 0xA1, 0x00, 0x04, 0x30, 0x43, 0x4B, 0x3C, 0x88, 0xFF, 0xFB,
    0xFE, 0xFE, 0xFE, 0xFE, 0xFF, 0xFE, 0xFE, 0xFE, 0xFE, 0xFD, 0xFE, 0xFE, 0xFE, 0xFE, 0xFE, 0xFE,
    0xFF, 0xFE, 0xFF, 0xFF, 0xFF, 0xFE, 0xFE, 0xFE, 0xFE, 0xFE, 0xFE, 0xFE, 0xFE, 0xFE, 0xFE, 0xFE,
    0xFE, 0xFE, 0xFE, 0xFE, 0xFF, 0xFE, 0xFE, 0xFE, 0xFE, 0xFE, 0xFD, 0xFE, 0xFE, 0xFC, 0xFF, 0xCB,
    0x12, 0x2F, 0x57, 0x50, 0x0E, 0x00, 0xA0, 0xFF, 0xF7, 0xFF, 0xA6, 0x0A, 0xBA, 0xFF, 0xFB, 0xFE,
    0xFE, 0xFB, 0xFF, 0xA7, 0x20, 0x1D, 0x09, 0x00, 0xB8, 0xFF, 0xFB, 0xFF, 0xFE, 0xFE, 0xFE, 0xFE,
    0xFE, 0xFD, 0xFF, 0xF4, 0xA0, 0x54, 0x1C, 0xFF, 0xFF, 0xEA, 0x33, 0x14, 0x19, 0x0A, 0x28, 0xB3,
    0x2B, 0x0C, 0x00, 0x01, 0x00, 0x17, 0x23, 0x00, 0x00, 0x63, 0x87, 0x06, 0x15, 0x00, 0x5E, 0x32,
    0x00, 0x02, 0x00, 0x01, 0x00, 0x14, 0x1C, 0x38, 0x80, 0x12, 0x24, 0x15, 0x12, 0x13, 0x01, 0x1F,
    0x04, 0x00, 0x19, 0x4C, 0x06, 0x00, 0x00, 0x00, 0x00, 0x00, 0x00, 0x00, 0x00, 0x00, 0x00, 0x00,
    0x07, 0x3E, 0x10, 0x9F, 0x74, 0x58, 0x00, 0x0E, 0x3A, 0x1A, 0x00, 0x52, 0x54, 0xFC, 0xFE, 0xFE,
    0xFE, 0xFD, 0xFF, 0xF1, 0x23, 0x25, 0x79, 0xCB, 0xFF, 0xFC, 0xFC, 0xFF, 0xCF, 0x05, 0x04, 0x1C,
    0x1C, 0x94, 0xFF, 0xFB, 0xFE, 0xFD, 0xFC, 0xFF, 0x5C, 0x0E, 0x79, 0xFF, 0xF8, 0xFF, 0xA1, 0x01,
    0x03, 0x2E, 0x40, 0x50, 0x3E, 0x88, 0xFF, 0xFB, 0xFE, 0xFE, 0xFE, 0xFE, 0xFE, 0xFE, 0xFE, 0xFE,
    0xFE, 0xFE, 0xFD, 0xFE, 0xFE, 0xFE, 0xFE, 0xFE, 0xFE, 0xFE, 0xFF, 0xFF, 0xFE, 0xFE, 0xFE, 0xFF,
    0xFF, 0xFF, 0xFE, 0xFE, 0xFE, 0xFE, 0xFE, 0xFF, 0xFE, 0xFE, 0xFF, 0xFE, 0xFF, 0xFE, 0xFE, 0xFE,
    0xFE, 0xFE, 0xFE, 0xFE, 0xFE, 0xFC, 0xFF, 0xCB, 0x0F, 0x34, 0x58, 0x53, 0x0F, 0x00, 0x9F, 0xFF,
    0xF7, 0xFF, 0xAC, 0x0A, 0xA7, 0xFF, 0xFC, 0xFE, 0xFF, 0xFB, 0xFF, 0xA7, 0x1E, 0x1D, 0x0A, 0x00,
    0xB9, 0xFF, 0xFB, 0xFF, 0xFE, 0xFE, 0xFE, 0xFE, 0xFE, 0xFE, 0xFF, 0xF9, 0xA0, 0x49, 0x20, 0xFE,
    0xFF, 0xEC, 0x35, 0x0E, 0x1A, 0x0C, 0x29, 0xB1, 0x26, 0x11, 0x02, 0x01, 0x00, 0x26, 0x1B, 0x00,
    0x26, 0x2B, 0x86, 0x2F, 0x06, 0x00, 0x4D, 0x3C, 0x00, 0x00, 0x00, 0x00, 0x00, 0x0A, 0x35, 0x2C,
    0x76, 0x41, 0x19, 0x08, 0x0B, 0x14, 0x00, 0x05, 0x06, 0x00, 0x31, 0x75, 0x00, 0x00, 0x00, 0x00,
    0x00, 0x00, 0x00, 0x00, 0x00, 0x00, 0x02, 0x00, 0x62, 0x62, 0x7F, 0x33, 0x92, 0x87, 0x00, 0x0F,
    0x2A, 0x2D, 0x00, 0x61, 0x58, 0xFF, 0xFC, 0xFF, 0xFF, 0xFE, 0xFF, 0xFB, 0x27, 0x1A, 0x73, 0xC0,
    0xFF, 0xFC, 0xFC, 0xFF, 0xCF, 0x07, 0x05, 0x1E, 0x1E, 0x96, 0xFF, 0xFB, 0xFE, 0xFE, 0xFD, 0xFF,
    0x4A, 0x15, 0x92, 0xFF, 0xF7, 0xFF, 0x9F, 0x00, 0x02, 0x2D, 0x43, 0x51, 0x34, 0x8A, 0xFF, 0xFB,
    0xFE, 0xFE, 0xFE, 0xFE, 0xFF, 0xFF, 0xFE, 0xFE, 0xFE, 0xFE, 0xFE, 0xFE, 0xFE, 0xFE, 0xFE, 0xFF,
    0xFF, 0xFE, 0xFF, 0xFF, 0xFF, 0xFF, 0xFE, 0xFF, 0xFF, 0xFE, 0xFF, 0xFF, 0xFF, 0xFE, 0xFF, 0xFE,
    0xFE, 0xFE, 0xFF, 0xFE, 0xFF, 0xFF, 0xFF, 0xFF, 0xFE, 0xFE, 0xFE, 0xFE, 0xFF, 0xFC, 0xFF, 0xC9,
    0x0D, 0x38, 0x56, 0x53, 0x12, 0x00, 0x9D, 0xFF, 0xF8, 0xFF, 0xB8, 0x0F, 0x91, 0xFF, 0xFB, 0xFE,
    0xFF, 0xFC, 0xFF, 0xA6, 0x18, 0x1F, 0x0B, 0x00, 0xB8, 0xFF, 0xFA, 0xFF, 0xFE, 0xFE, 0xFF, 0xFF,
    0xFF, 0xFF, 0xFF, 0xFB, 0x99, 0x41, 0x20, 0xFC, 0xFF, 0xEB, 0x2E, 0x0E, 0x1B, 0x0C, 0x29, 0xAE,
    0x1B, 0x13, 0x07, 0x00, 0x02, 0x35, 0x0B, 0x05, 0x1E, 0x1C, 0x2F, 0x7B, 0x02, 0x03, 0x32, 0x46,
    0x14, 0x0E, 0x00, 0x01, 0x00, 0x0A, 0x34, 0x3E, 0x22, 0x60, 0x16, 0x09, 0x0E, 0x11, 0x00, 0x06,
    0x0A, 0x00, 0x28, 0x2D, 0x00, 0x01, 0x00, 0x00, 0x00, 0x00, 0x00, 0x00, 0x00, 0x00, 0x00, 0x02,
    0x29, 0x4D, 0x6F, 0x00, 0x9E, 0x89, 0x00, 0x14, 0x1C, 0x38, 0x12, 0x61, 0x68, 0xFF, 0xFC, 0xFF,
    0xFF, 0xFF, 0xFE, 0xFF, 0x41, 0x11, 0x5F, 0xAF, 0xFF, 0xFB, 0xFC, 0xFF, 0xD1, 0x08, 0x07, 0x1E,
    0x1D, 0x96, 0xFF, 0xFC, 0xFE, 0xFF, 0xFE, 0xFF, 0x3F, 0x0C, 0x94, 0xFF, 0xF7, 0xFF, 0x9C, 0x03,
    0x04, 0x2E, 0x43, 0x43, 0x2A, 0x8E, 0xFF, 0xFB, 0xFE, 0xFE, 0xFF, 0xFF, 0xFE, 0xFF, 0xFF, 0xFF,
    0xFE, 0xFF, 0xFE, 0xFE, 0xFE, 0xFF, 0xFE, 0xFF, 0xFF, 0xFE, 0xFF, 0xFF, 0xFF, 0xFF, 0xFF, 0xFF,
    0xFF, 0xFF, 0xFF, 0xFF, 0xFE, 0xFE, 0xFE, 0xFE, 0xFE, 0xFE, 0xFF, 0xFF, 0xFE, 0xFE, 0xFF, 0xFF,
    0xFE, 0xFF, 0xFE, 0xFE, 0xFE, 0xFC, 0xFF, 0xCB, 0x0D, 0x32, 0x4D, 0x4F, 0x15, 0x00, 0x9C, 0xFF,
    0xF8, 0xFF, 0xBC, 0x13, 0x77, 0xFF, 0xFB, 0xFF, 0xFE, 0xFB, 0xFF, 0xA4, 0x17, 0x1C, 0x08, 0x00,
    0xB7, 0xFF, 0xFB, 0xFE, 0xFE, 0xFE, 0xFE, 0xFF, 0xFE, 0xFE, 0xFE, 0xFC, 0x9B, 0x3C, 0x26, 0xFD,
    0xFF, 0xEB, 0x2C, 0x15, 0x1F, 0x0D, 0x26, 0xAD, 0x27, 0x1A, 0x06, 0x00, 0x0D, 0x55, 0x00, 0x19,
    0x1D, 0x07, 0x0D, 0x74, 0x3A, 0x00, 0x25, 0x57, 0x1B, 0x27, 0x00, 0x01, 0x00, 0x0A, 0x26, 0x31,
    0x00, 0x46, 0x4B, 0x08, 0x08, 0x06, 0x03, 0x0A, 0x02, 0x00, 0x2E, 0x20, 0x00, 0x01, 0x00, 0x00,
    0x00, 0x00, 0x00, 0x00, 0x00, 0x00, 0x02, 0x00, 0x37, 0x96, 0x2A, 0x0A, 0xA3, 0x87, 0x00, 0x1B,
    0x0D, 0x48, 0x2D, 0x4E, 0x80, 0xFF, 0xFB, 0xFF, 0xFF, 0xFF, 0xFD, 0xFF, 0x62, 0x09, 0x41, 0x99,
    0xFF, 0xFA, 0xFC, 0xFF, 0xD0, 0x06, 0x06, 0x22, 0x21, 0x97, 0xFF, 0xFB, 0xFE, 0xFF, 0xFE, 0xFF,
    0x37, 0x15, 0x93, 0xFF, 0xF7, 0xFF, 0x9F, 0x04, 0x03, 0x2D, 0x42, 0x42, 0x22, 0x8F, 0xFF, 0xFA,
    0xFE, 0xFE, 0xFE, 0xFF, 0xFE, 0xFF, 0xFF, 0xFE, 0xFE, 0xFF, 0xFE, 0xFF, 0xFE, 0xFE, 0xFE, 0xFF,
    0xFF, 0xFE, 0xFF, 0xFF, 0xFF, 0xFF, 0xFE, 0xFE, 0xFE, 0xFF, 0xFE, 0xFE, 0xFE, 0xFE, 0xFE, 0xFE,
    0xFE, 0xFE, 0xFE, 0xFF, 0xFE, 0xFE, 0xFF, 0xFE, 0xFE, 0xFE, 0xFE, 0xFE, 0xFE, 0xFC, 0xFF, 0xCE,
    0x0E, 0x33, 0x4B, 0x48, 0x14, 0x00, 0x99, 0xFF, 0xF8, 0xFF, 0xB9, 0x0A, 0x61, 0xFF, 0xFB, 0xFE,
    0xFF, 0xFB, 0xFF, 0xA6, 0x19, 0x1D, 0x07, 0x00, 0xB8, 0xFF, 0xFB, 0xFF, 0xFE, 0xFE, 0xFE, 0xFE,
    0xFE, 0xFE, 0xFF, 0xFC, 0x98, 0x32, 0x2F, 0xFF, 0xFF, 0xED, 0x30, 0x11, 0x1C, 0x06, 0x24, 0xAD,
    0x33, 0x20, 0x02, 0x00, 0x1D, 0x46, 0x00, 0x26, 0x2C, 0x05, 0x0C, 0x25, 0x5F, 0x00, 0x18, 0x5A,
    0x22, 0x35, 0x02, 0x00, 0x00, 0x0B, 0x2C, 0x04, 0x35, 0x15, 0x53, 0x33, 0x0A, 0x00, 0x10, 0x09,
    0x00, 0x05, 0x27, 0x11, 0x00, 0x01, 0x00, 0x00, 0x00, 0x01, 0x00, 0x00, 0x00, 0x00, 0x01, 0x00,
    0x83, 0x3F, 0x27, 0x2B, 0x9D, 0x84, 0x00, 0x1B, 0x11, 0x3E, 0x58, 0x4A, 0x9B, 0xFF, 0xFB, 0xFE,
    0xFE, 0xFE, 0xFB, 0xFF, 0x78, 0x07, 0x2B, 0x85, 0xFF, 0xFA, 0xFC, 0xFF, 0xCF, 0x07, 0x07, 0x24,
    0x21, 0x95, 0xFF, 0xFC, 0xFF, 0xFE, 0xFF, 0xFC, 0x2D, 0x1C, 0x96, 0xFF, 0xF6, 0xFF, 0x9F, 0x01,
    0x03, 0x2A, 0x42, 0x45, 0x20, 0x90, 0xFF, 0xFB, 0xFE, 0xFE, 0xFE, 0xFE, 0xFE, 0xFE, 0xFE, 0xFE,
    0xFE, 0xFE, 0xFE, 0xFE, 0xFE, 0xFE, 0xFE, 0xFE, 0xFE, 0xFF, 0xFE, 0xFE, 0xFF, 0xFF, 0xFE, 0xFE,
    0xFD, 0xFE, 0xFE, 0xFE, 0xFE, 0xFE, 0xFE, 0xFD, 0xFE, 0xFE, 0xFE, 0xFE, 0xFE, 0xFE, 0xFE, 0xFE,
    0xFE, 0xFE, 0xFE, 0xFE, 0xFD, 0xFC, 0xFF, 0xCC, 0x0E, 0x3C, 0x56, 0x51, 0x14, 0x00, 0x97, 0xFF,
    0xF8, 0xFF, 0xB7, 0x07, 0x52, 0xFF, 0xFD, 0xFE, 0xFE, 0xFC, 0xFF, 0xA7, 0x1B, 0x21, 0x09, 0x00,
    0xB7, 0xFF, 0xFB, 0xFF, 0xFE, 0xFE, 0xFE, 0xFE, 0xFE, 0xFE, 0xFE, 0xFD, 0x95, 0x2A, 0x38, 0xFF,
    0xFF, 0xEC, 0x26, 0x0B, 0x19, 0x01, 0x24, 0xAA, 0x2D, 0x1B, 0x00, 0x00, 0x1F, 0x34, 0x00, 0x14,
    0x0F, 0x01, 0x08, 0x00, 0x4D, 0x23, 0x00, 0x5D, 0x2B, 0x2F, 0x12, 0x00, 0x00, 0x0E, 0x28, 0x10,
    0x70, 0x04, 0x25, 0x59, 0x11, 0x08, 0x08, 0x04, 0x03, 0x0C, 0x27, 0x05, 0x00, 0x00, 0x00, 0x00,
    0x01, 0x00, 0x00, 0x00, 0x00, 0x01, 0x00, 0x20, 0x85, 0x04, 0x23, 0x28, 0x94, 0x84, 0x00, 0x1B,
    0x12, 0x29, 0x6E, 0x3D, 0xB7, 0xFF, 0xFB, 0xFE, 0xFE, 0xFE, 0xFA, 0xFF, 0x90, 0x01, 0x20, 0x6D,
    0xFF, 0xFC, 0xFC, 0xFF, 0xD0, 0x06, 0x07, 0x24, 0x22, 0x96, 0xFF, 0xFC, 0xFE, 0xFE, 0xFF, 0xF6,
    0x28, 0x19, 0x93, 0xFF, 0xF5, 0xFF, 0x93, 0x00, 0x04, 0x2C, 0x41, 0x49, 0x20, 0x90, 0xFF, 0xFB,
    0xFE, 0xFE, 0xFE, 0xFE, 0xFE, 0xFE, 0xFE, 0xFE, 0xFE, 0xFE, 0xFE, 0xFE, 0xFE, 0xFE, 0xFE, 0xFE,
    0xFE, 0xFE, 0xFE, 0xFE, 0xFE, 0xFE, 0xFF, 0xFF, 0xFE, 0xFF, 0xFF, 0xFE, 0xFE, 0xFE, 0xFF, 0xFF,
    0xFE, 0xFE, 0xFE, 0xFF, 0xFF, 0xFF, 0xFF, 0xFF, 0xFE, 0xFF, 0xFF, 0xFE, 0xFF, 0xFC, 0xFF, 0xCA,
    0x13, 0x44, 0x56, 0x55, 0x15, 0x00, 0x9B, 0xFF, 0xF7, 0xFF, 0xB3, 0x09, 0x4F, 0xFF, 0xFE, 0xFE,
    0xFF, 0xFC, 0xFF, 0xAA, 0x2C, 0x1D, 0x0B, 0x00, 0xB5, 0xFF, 0xFB, 0xFF, 0xFF, 0xFE, 0xFE, 0xFF,
    0xFF, 0xFF, 0xFF, 0xFD, 0x91, 0x2F, 0x3C, 0xFB, 0xFF, 0xEA, 0x22, 0x09, 0x15, 0x00, 0x23, 0xAD,
    0x33, 0x22, 0x00, 0x00, 0x3A, 0x34, 0x00, 0x0B, 0x0B, 0x01, 0x11, 0x19, 0x38, 0x49, 0x00, 0x52,
    0x37, 0x1F, 0x1B, 0x00, 0x00, 0x15, 0x12, 0x4F, 0x56, 0x00, 0x16, 0x27, 0x4B, 0x35, 0x00, 0x06,
    0x03, 0x0C, 0x1A, 0x00, 0x00, 0x00, 0x00, 0x00, 0x00, 0x00, 0x00, 0x00, 0x01, 0x02, 0x00, 0x53,
    0x55, 0x00, 0x2D, 0x2E, 0x8D, 0x85, 0x00, 0x18, 0x18, 0x1C, 0x66, 0x23, 0xC2, 0xFF, 0xFC, 0xFF,
    0xFF, 0xFE, 0xFB, 0xFF, 0xAC, 0x01, 0x20, 0x6B, 0xFF, 0xFE, 0xFD, 0xFF, 0xD0, 0x06, 0x08, 0x26,
    0x28, 0x9A, 0xFF, 0xFC, 0xFF, 0xFE, 0xFF, 0xF8, 0x2D, 0x23, 0x90, 0xFF, 0xF7, 0xFF, 0x94, 0x00,
    0x02, 0x33, 0x41, 0x4F, 0x23, 0x90, 0xFF, 0xFB, 0xFF, 0xFE, 0xFE, 0xFF, 0xFE, 0xFE, 0xFE, 0xFF,
    0xFF, 0xFF, 0xFF, 0xFF, 0xFF, 0xFF, 0xFF, 0xFF, 0xFE, 0xFF, 0xFF, 0xFE, 0xFF, 0xFF, 0xFF, 0xFF,
    0xFE, 0xFF, 0xFF, 0xFF, 0xFE, 0xFE, 0xFF, 0xFF, 0xFF, 0xFF, 0xFE, 0xFE, 0xFF, 0xFF, 0xFF, 0xFE,
    0xFE, 0xFF, 0xFF, 0xFF, 0xFF, 0xFC, 0xFF, 0xC8, 0x15, 0x4B, 0x56, 0x44, 0x12, 0x00, 0x9A, 0xFF,
    0xF7, 0xFF, 0xA6, 0x09, 0x48, 0xFA, 0xFF, 0xFE, 0xFF, 0xFC, 0xFF, 0xAC, 0x2F, 0x1B, 0x0C, 0x00,
    0xB4, 0xFF, 0xFB, 0xFE, 0xFE, 0xFF, 0xFF, 0xFF, 0xFF, 0xFE, 0xFF, 0xF9, 0x89, 0x28, 0x5A, 0xF4,
    0xFF, 0xE9, 0x24, 0x0A, 0x11, 0x00, 0x24, 0xA9, 0x33, 0x21, 0x00, 0x08, 0x47, 0x18, 0x00, 0x10,
    0x0A, 0x01, 0x0C, 0x41, 0x32, 0x47, 0x08, 0x33, 0x4E, 0x0C, 0x1C, 0x01, 0x00, 0x16, 0x17, 0x7B,
    0x1A, 0x00, 0x17, 0x7F, 0x29, 0x81, 0x37, 0x00, 0x03, 0x07, 0x04, 0x00, 0x00, 0x00, 0x00, 0x00,
    0x00, 0x00, 0x00, 0x00, 0x00, 0x01, 0x00, 0x74, 0x22, 0x00, 0x2A, 0x35, 0x92, 0x86, 0x00, 0x10,
    0x17, 0x12, 0x5D, 0x12, 0xCA, 0xFF, 0xFC, 0xFF, 0xFE, 0xFE, 0xFC, 0xFF, 0xBC, 0x08, 0x1F, 0x6B,
    0xFB, 0xFE, 0xFC, 0xFF, 0xCF, 0x04, 0x08, 0x27, 0x28, 0x9A, 0xFF, 0xFC, 0xFF, 0xFE, 0xFF, 0xF9,
    0x2C, 0x1C, 0x8C, 0xFF, 0xF7, 0xFF, 0x97, 0x00, 0x00, 0x37, 0x51, 0x58, 0x24, 0x90, 0xFF, 0xFB,
    0xFF, 0xFE, 0xFE, 0xFF, 0xFF, 0xFF, 0xFF, 0xFF, 0xFE, 0xFE, 0xFF, 0xFE, 0xFE, 0xFF, 0xFF, 0xFF,
    0xFF, 0xFE, 0xFF, 0xFE, 0xFF, 0xFE, 0xFE, 0xFE, 0xFE, 0xFF, 0xFF, 0xFE, 0xFE, 0xFE, 0xFE, 0xFE,
    0xFE, 0xFE, 0xFE, 0xFE, 0xFF, 0xFE, 0xFF, 0xFE, 0xFE, 0xFF, 0xFE, 0xFE, 0xFE, 0xFD, 0xFF, 0xC7,
    0x16, 0x4D, 0x56, 0x43, 0x11, 0x00, 0x8E, 0xFF, 0xF8, 0xFF, 0xA5, 0x0E, 0x45, 0xF8, 0xFF, 0xFD,
    0xFE, 0xFB, 0xFF, 0xAB, 0x26, 0x1D, 0x0F, 0x00, 0xB4, 0xFF, 0xFB, 0xFF, 0xFE, 0xFE, 0xFE, 0xFE,
    0xFF, 0xFE, 0xFF, 0xF5, 0x87, 0x1D, 0x55, 0xE4, 0xFF, 0xE5, 0x1C, 0x06, 0x11, 0x00, 0x23, 0xAA,
    0x28, 0x09, 0x00, 0x1C, 0x3A, 0x00, 0x02, 0x15, 0x05, 0x09, 0x10, 0x37, 0x12, 0x35, 0x1C, 0x1D,
    0x64, 0x03, 0x23, 0x0D, 0x00, 0x02, 0x3A, 0x6D, 0x07, 0x00, 0x24, 0xA4, 0x26, 0x26, 0x52, 0x16,
    0x09, 0x08, 0x00, 0x00, 0x00, 0x00, 0x00, 0x00, 0x00, 0x00, 0x00, 0x00, 0x00, 0x00, 0x0D, 0x73,
    0x09, 0x00, 0x1D, 0x47, 0x9B, 0x85, 0x00, 0x11, 0x10, 0x0B, 0x5A, 0x1A, 0xD1, 0xFF, 0xFC, 0xFE,
    0xFE, 0xFE, 0xFC, 0xFF, 0xC8, 0x08, 0x16, 0x5A, 0xF6, 0xFF, 0xFC, 0xFF, 0xD0, 0x03, 0x07, 0x2D,
    0x2C, 0x9C, 0xFF, 0xFB, 0xFE, 0xFD, 0xFF, 0xF6, 0x27, 0x13, 0x80, 0xFF, 0xF6, 0xFF, 0x8E, 0x00,
    0x00, 0x36, 0x56, 0x62, 0x26, 0x91, 0xFF, 0xFB, 0xFF, 0xFE, 0xFE, 0xFE, 0xFE, 0xFF, 0xFE, 0xFE,
    0xFE, 0xFE, 0xFE, 0xFF, 0xFF, 0xFF, 0xFF, 0xFE, 0xFF, 0xFF, 0xFF, 0xFE, 0xFF, 0xFE, 0xFE, 0xFE,
    0xFE, 0xFE, 0xFE, 0xFE, 0xFE, 0xFE, 0xFE, 0xFE, 0xFF, 0xFE, 0xFE, 0xFF, 0xFF, 0xFF, 0xFF, 0xFE,
    0xFE, 0xFF, 0xFF, 0xFE, 0xFF, 0xFD, 0xFF, 0xCC, 0x20, 0x53, 0x5B, 0x4E, 0x12, 0x00, 0x97, 0xFF,
    0xF8, 0xFF, 0x9E, 0x10, 0x50, 0xFC, 0xFE, 0xFE, 0xFE, 0xFB, 0xFF, 0xAB, 0x2A, 0x1E, 0x0E, 0x00,
    0xB4, 0xFF, 0xFB, 0xFF, 0xFE, 0xFE, 0xFE, 0xFE, 0xFE, 0xFE, 0xFF, 0xF1, 0x86, 0x19, 0x67, 0xDE,
    0xFF, 0xE4, 0x16, 0x07, 0x10, 0x00, 0x23, 0xB0, 0x15, 0x04, 0x00, 0x20, 0x1C, 0x00, 0x10, 0x39,
    0x04, 0x12, 0x0C, 0x2E, 0x00, 0x1F, 0x34, 0x0E, 0x59, 0x0A, 0x19, 0x10, 0x00, 0x00, 0x74, 0x52,
    0x20, 0x00, 0x32, 0x60, 0x44, 0x68, 0x04, 0x40, 0x25, 0x00, 0x01, 0x00, 0x00, 0x00, 0x00, 0x00,
    0x00, 0x00, 0x00, 0x00, 0x01, 0x00, 0x1D, 0x52, 0x00, 0x00, 0x13, 0x5C, 0xA7, 0x85, 0x00, 0x14,
    0x0D, 0x05, 0x4E, 0x38, 0xE2, 0xFF, 0xFD, 0xFF, 0xFF, 0xFF, 0xFC, 0xFF, 0xD8, 0x09, 0x14, 0x53,
    0xEF, 0xFF, 0xFC, 0xFF, 0xD0, 0x01, 0x08, 0x2D, 0x2C, 0x9E, 0xFF, 0xFB, 0xFF, 0xFE, 0xFF, 0xFB,
    0x2D, 0x19, 0x7C, 0xFF, 0xF7, 0xFF, 0x99, 0x00, 0x01, 0x38, 0x50, 0x58, 0x20, 0x91, 0xFF, 0xFB,
    0xFE, 0xFE, 0xFE, 0xFE, 0xFE, 0xFE, 0xFE, 0xFE, 0xFE, 0xFF, 0xFE, 0xFF, 0xFF, 0xFF, 0xFF, 0xFF,
    0xFF, 0xFE, 0xFF, 0xFF, 0xFF, 0xFE, 0xFE, 0xFE, 0xFE, 0xFE, 0xFF, 0xFE, 0xFE, 0xFE, 0xFE, 0xFE,
    0xFE, 0xFE, 0xFE, 0xFE, 0xFE, 0xFE, 0xFE, 0xFE, 0xFE, 0xFE, 0xFE, 0xFE, 0xFE, 0xFC, 0xFF, 0xC9,
    0x1A, 0x54, 0x62, 0x51, 0x15, 0x00, 0x99, 0xFF, 0xF8, 0xFF, 0x92, 0x06, 0x51, 0xFF, 0xFD, 0xFD,
    0xFE, 0xFB, 0xFF, 0xAA, 0x26, 0x1E, 0x0F, 0x00, 0xB4, 0xFF, 0xFA, 0xFF, 0xFE, 0xFE, 0xFE, 0xFE,
    0xFE, 0xFD, 0xFF, 0xED, 0x87, 0x18, 0x74, 0xD0, 0xFF, 0xDF, 0x14, 0x11, 0x15, 0x00, 0x20, 0x96,
    0x03, 0x00, 0x0B, 0x38, 0x0B, 0x00, 0x0C, 0x15, 0x08, 0x23, 0x05, 0x2E, 0x00, 0x15, 0x37, 0x02,
    0x49, 0x19, 0x05, 0x12, 0x00, 0x3E, 0x71, 0x29, 0x21, 0x00, 0x5B, 0x48, 0x38, 0x5F, 0x00, 0x06,
    0x1B, 0x36, 0x26, 0x04, 0x03, 0x06, 0x02, 0x00, 0x00, 0x00, 0x00, 0x00, 0x01, 0x00, 0x23, 0x33,
    0x00, 0x01, 0x09, 0x56, 0xA9, 0x79, 0x00, 0x12, 0x0D, 0x00, 0x3F, 0x3F, 0xE6, 0xFF, 0xFD, 0xFE,
    0xFE, 0xFE, 0xFD, 0xFF, 0xE7, 0x0E, 0x0F, 0x53, 0xE6, 0xFF, 0xFC, 0xFF, 0xCF, 0x01, 0x05, 0x28,
    0x28, 0x9B, 0xFF, 0xFB, 0xFE, 0xFD, 0xFE, 0xFE, 0x31, 0x0C, 0x75, 0xFF, 0xF8, 0xFF, 0x9E, 0x06,
    0x06, 0x3B, 0x51, 0x48, 0x11, 0x93, 0xFF, 0xFB, 0xFF, 0xFF, 0xFE, 0xFE, 0xFE, 0xFE, 0xFE, 0xFE,
    0xFE, 0xFE, 0xFE, 0xFE, 0xFE, 0xFE, 0xFE, 0xFE, 0xFE, 0xFE, 0xFE, 0xFE, 0xFE, 0xFE, 0xFE, 0xFE,
    0xFE, 0xFE, 0xFF, 0xFF, 0xFE, 0xFE, 0xFF, 0xFE, 0xFE, 0xFF, 0xFE, 0xFE, 0xFE, 0xFE, 0xFE, 0xFE,
    0xFE, 0xFE, 0xFE, 0xFE, 0xFF, 0xFC, 0xFF, 0xC0, 0x16, 0x4E, 0x61, 0x4E, 0x15, 0x00, 0x96, 0xFF,
    0xF7, 0xFF, 0x91, 0x00, 0x5A, 0xFF, 0xFC, 0xFD, 0xFD, 0xFB, 0xFF, 0xAA, 0x29, 0x1E, 0x11, 0x00,
    0xB4, 0xFF, 0xFB, 0xFF, 0xFE, 0xFE, 0xFE, 0xFE, 0xFE, 0xFD, 0xFF, 0xEB, 0x88, 0x0F, 0x7E, 0xCB,
    0xFF, 0xCA, 0x00, 0x00, 0x03, 0x09, 0x11, 0x19, 0x03, 0x00, 0x0C, 0x28, 0x00, 0x02, 0x0E, 0x0B,
    0x0C, 0x12, 0x07, 0x2B, 0x00, 0x11, 0x45, 0x06, 0x41, 0x1B, 0x00, 0x1A, 0x00, 0x6A, 0x2E, 0x21,
    0x13, 0x00, 0x79, 0x1F, 0x2B, 0x32, 0x00, 0x01, 0x19, 0x27, 0x56, 0x5D, 0x06, 0x00, 0x01, 0x04,
    0x00, 0x00, 0x01, 0x00, 0x01, 0x00, 0x27, 0x23, 0x00, 0x03, 0x00, 0x48, 0x9A, 0x6D, 0x00, 0x0C,
    0x0D, 0x04, 0x2F, 0x3E, 0xE6, 0xFF, 0xFC, 0xFF, 0xFF, 0xFF, 0xFD, 0xFF, 0xF6, 0x17, 0x07, 0x50,
    0xD6, 0xFF, 0xFB, 0xFF, 0xD2, 0x01, 0x05, 0x2E, 0x2B, 0x9B, 0xFF, 0xFB, 0xFE, 0xFE, 0xFE, 0xFF,
    0x38, 0x0F, 0x6E, 0xFF, 0xF6, 0xFF, 0x94, 0x02, 0x0C, 0x3C, 0x56, 0x42, 0x12, 0x93, 0xFF, 0xFB,
    0xFF, 0xFE, 0xFE, 0xFE, 0xFE, 0xFE, 0xFE, 0xFE, 0xFE, 0xFE, 0xFE, 0xFF, 0xFE, 0xFF, 0xFE, 0xFE,
    0xFF, 0xFF, 0xFF, 0xFE, 0xFF, 0xFF, 0xFE, 0xFE, 0xFE, 0xFF, 0xFF, 0xFF, 0xFE, 0xFE, 0xFE, 0xFF,
    0xFE, 0xFE, 0xFE, 0xFF, 0xFE, 0xFE, 0xFD, 0xFE, 0xFF, 0xFE, 0xFE, 0xFE, 0xFF, 0xFD, 0xFF, 0xC7,
    0x24, 0x61, 0x68, 0x58, 0x1B, 0x04, 0x6E, 0xFF, 0xF8, 0xFF, 0x8D, 0x00, 0x6F, 0xFF, 0xFB, 0xFE,
    0xFE, 0xFB, 0xFF, 0xA9, 0x24, 0x21, 0x14, 0x00, 0xB5, 0xFF, 0xFB, 0xFE, 0xFE, 0xFE, 0xFE, 0xFD,
    0xFE, 0xFD, 0xFF, 0xE8, 0x8F, 0x16, 0x87, 0xE9, 0x87, 0x15, 0x17, 0x55, 0x82, 0x74, 0x62, 0x7C,
    0x7D, 0x67, 0x3A, 0x23, 0x0A, 0x00, 0x1A, 0x0F, 0x0C, 0x01, 0x18, 0x2E, 0x03, 0x06, 0x4D, 0x19,
    0x35, 0x12, 0x00, 0x0B, 0x1A, 0x6B, 0x01, 0x31, 0x00, 0x3D, 0x7E, 0x00, 0x2F, 0x22, 0x00, 0x00,
    0x31, 0x40, 0x03, 0x32, 0x76, 0x57, 0x0F, 0x02, 0x13, 0x07, 0x00, 0x01, 0x01, 0x00, 0x24, 0x17,
    0x00, 0x03, 0x00, 0x42, 0x8E, 0x63, 0x00, 0x06, 0x0A, 0x07, 0x27, 0x49, 0xEC, 0xFF, 0xFD, 0xFF,
    0xFF, 0xFF, 0xFE, 0xFE, 0xFD, 0x33, 0x10, 0x4E, 0xC4, 0xFF, 0xF9, 0xFF, 0xD0, 0x00, 0x08, 0x31,
    0x28, 0x9C, 0xFF, 0xFB, 0xFE, 0xFE, 0xFE, 0xFF, 0x3D, 0x0C, 0x68, 0xFF, 0xF7, 0xFF, 0x6C, 0x00,
    0x0F, 0x39, 0x4F, 0x45, 0x14, 0x93, 0xFF, 0xFB, 0xFE, 0xFE, 0xFE, 0xFE, 0xFE, 0xFE, 0xFF, 0xFF,
    0xFE, 0xFE, 0xFE, 0xFE, 0xFE, 0xFE, 0xFE, 0xFF, 0xFF, 0xFE, 0xFF, 0xFF, 0xFF, 0xFF, 0xFE, 0xFE,
    0xFE, 0xFE, 0xFE, 0xFE, 0xFE, 0xFE, 0xFE, 0xFE, 0xFE, 0xFE, 0xFE, 0xFE, 0xFE, 0xFE, 0xFD, 0xFE,
    0xFE, 0xFE, 0xFD, 0xFE, 0xFE, 0xFC, 0xFF, 0xC4, 0x1F, 0x57, 0x5F, 0x55, 0x17, 0x2B, 0x0A, 0x68,
    0xFB, 0xFF, 0x88, 0x00, 0x7F, 0xFF, 0xFA, 0xFE, 0xFE, 0xFB, 0xFF, 0xA9, 0x27, 0x24, 0x17, 0x00,
    0xB5, 0xFF, 0xFA, 0xFE, 0xFE, 0xFD, 0xFE, 0xFE, 0xFE, 0xFD, 0xFF, 0xE9, 0x97, 0x2B, 0x67, 0x43,
    0x0C, 0x67, 0x82, 0x69, 0x41, 0x1C, 0x19, 0x31, 0x21, 0x30, 0x3A, 0x61, 0x7B, 0x5F, 0x2E, 0x16,
    0x12, 0x04, 0x19, 0x2B, 0x06, 0x00, 0x3F, 0x1A, 0x2B, 0x18, 0x00, 0x00, 0x4E, 0x49, 0x00, 0x2B,
    0x00, 0x8F, 0x42, 0x00, 0x46, 0x15, 0x00, 0x00, 0x13, 0x33, 0x11, 0x00, 0x18, 0x6C, 0x99, 0x4D,
    0x09, 0x10, 0x16, 0x01, 0x00, 0x00, 0x11, 0x07, 0x00, 0x03, 0x00, 0x3B, 0x79, 0x4F, 0x00, 0x04,
    0x05, 0x02, 0x25, 0x4C, 0xE9, 0xFF, 0xFD, 0xFE, 0xFF, 0xFF, 0xFE, 0xFD, 0xFF, 0x48, 0x18, 0x49,
    0xAB, 0xFF, 0xF8, 0xFF, 0xCF, 0x00, 0x0A, 0x30, 0x25, 0x9D, 0xFF, 0xFB, 0xFE, 0xFE, 0xFC, 0xFF,
    0x43, 0x11, 0x68, 0xFF, 0xFE, 0x87, 0x0B, 0x19, 0x08, 0x35, 0x4F, 0x4C, 0x16, 0x94, 0xFF, 0xFB,
    0xFF, 0xFE, 0xFD, 0xFE, 0xFE, 0xFE, 0xFE, 0xFE, 0xFE, 0xFD, 0xFD, 0xFE, 0xFE, 0xFE, 0xFE, 0xFE,
    0xFE, 0xFF, 0xFE, 0xFE, 0xFE, 0xFF, 0xFF, 0xFF, 0xFF, 0xFE, 0xFF, 0xFE, 0xFE, 0xFD, 0xFE, 0xFE,
    0xFE, 0xFE, 0xFE, 0xFE, 0xFF, 0xFE, 0xFE, 0xFE, 0xFE, 0xFE, 0xFE, 0xFE, 0xFF, 0xFC, 0xFF, 0xBD,
    0x1B, 0x4B, 0x56, 0x48, 0x0C, 0x2D, 0x43, 0x10, 0x84, 0xFF, 0x80, 0x00, 0x88, 0xFF, 0xFB, 0xFF,
    0xFF, 0xFC, 0xFF, 0xAE, 0x2E, 0x24, 0x19, 0x00, 0xB4, 0xFF, 0xFB, 0xFF, 0xFE, 0xFE, 0xFF, 0xFE,
    0xFE, 0xFD, 0xFF, 0xE8, 0xA3, 0x45, 0x00, 0x49, 0x80, 0x55, 0x0C, 0x00, 0x02, 0x00, 0x22, 0x7E,
    0x00, 0x25, 0x28, 0x00, 0x0E, 0x49, 0x6D, 0x5D, 0x1F, 0x00, 0x0A, 0x12, 0x01, 0x02, 0x43, 0x14,
    0x23, 0x29, 0x00, 0x06, 0x71, 0x27, 0x09, 0x20, 0x32, 0xAB, 0x0B, 0x0D, 0x4F, 0x0D, 0x00, 0x00,
    0x19, 0x1E, 0x06, 0x01, 0x01, 0x00, 0x19, 0x82, 0xA0, 0x38, 0x0C, 0x3A, 0x0A, 0x02, 0x18, 0x02,
    0x01, 0x02, 0x00, 0x35, 0x65, 0x42, 0x00, 0x04, 0x03, 0x00, 0x1E, 0x4B, 0xE3, 0xFF, 0xFD, 0xFE,
    0xFF, 0xFF, 0xFE, 0xFD, 0xFF, 0x5E, 0x16, 0x43, 0x91, 0xFF, 0xF8, 0xFF, 0xD0, 0x00, 0x0B, 0x32,
    0x27, 0x9E, 0xFF, 0xFB, 0xFE, 0xFE, 0xFD, 0xFF, 0x46, 0x18, 0x63, 0xFF, 0x99, 0x00, 0x28, 0x16,
    0x01, 0x3B, 0x4E, 0x49, 0x18, 0x97, 0xFF, 0xFB, 0xFE, 0xFF, 0xFE, 0xFF, 0xFF, 0xFF, 0xFE, 0xFE,
    0xFE, 0xFE, 0xFE, 0xFE, 0xFE, 0xFF, 0xFE, 0xFE, 0xFF, 0xFE, 0xFF, 0xFF, 0xFE, 0xFE, 0xFE, 0xFE,
    0xFE, 0xFE, 0xFE, 0xFF, 0xFE, 0xFE, 0xFF, 0xFE, 0xFE, 0xFE, 0xFE, 0xFE, 0xFE, 0xFF, 0xFE, 0xFE,
    0xFE, 0xFE, 0xFE, 0xFE, 0xFE, 0xFC, 0xFF, 0xC3, 0x21, 0x5C, 0x58, 0x49, 0x15, 0x1B, 0x0E, 0x23,
    0x29, 0xF2, 0x80, 0x00, 0x91, 0xFF, 0xFA, 0xFE, 0xFE, 0xFB, 0xFF, 0xAE, 0x28, 0x21, 0x19, 0x00,
    0xB3, 0xFF, 0xFB, 0xFF, 0xFE, 0xFE, 0xFF, 0xFF, 0xFE, 0xFD, 0xFF, 0xF0, 0x60, 0x18, 0x63, 0x71,
    0x4B, 0xA6, 0x04, 0x00, 0x07, 0x00, 0x25, 0x43, 0x00, 0x5A, 0x1C, 0x00, 0x00, 0x0B, 0x10, 0x2F,
    0x70, 0x55, 0x11, 0x09, 0x00, 0x01, 0x4A, 0x17, 0x0C, 0x2B, 0x00, 0x2D, 0x70, 0x23, 0x08, 0x11,
    0x90, 0x65, 0x01, 0x1C, 0x4D, 0x0C, 0x00, 0x00, 0x21, 0x2F, 0x09, 0x00, 0x01, 0x02, 0x00, 0x00,
    0x3C, 0x9D, 0x5F, 0x19, 0x17, 0x0B, 0x21, 0x0C, 0x00, 0x02, 0x00, 0x37, 0x68, 0x47, 0x00, 0x04,
    0x04, 0x00, 0x1B, 0x50, 0xE2, 0xFF, 0xFC, 0xFF, 0xFE, 0xFE, 0xFF, 0xFC, 0xFF, 0x80, 0x0E, 0x43,
    0x7F, 0xFF, 0xF8, 0xFF, 0xCE, 0x00, 0x0D, 0x34, 0x23, 0x9E, 0xFF, 0xFB, 0xFE, 0xFE, 0xFD, 0xFF,
    0x4D, 0x10, 0x5D, 0xFF, 0x66, 0x17, 0x1D, 0x0A, 0x00, 0x3F, 0x58, 0x4F, 0x16, 0x98, 0xFF, 0xFB,
    0xFE, 0xFE, 0xFE, 0xFE, 0xFE, 0xFE, 0xFE, 0xFE, 0xFE, 0xFE, 0xFE, 0xFE, 0xFE, 0xFE, 0xFE, 0xFE,
    0xFE, 0xFE, 0xFF, 0xFE, 0xFF, 0xFE, 0xFE, 0xFE, 0xFF, 0xFE, 0xFE, 0xFE, 0xFE, 0xFE, 0xFE, 0xFE,
    0xFE, 0xFE, 0xFE, 0xFE, 0xFF, 0xFE, 0xFF, 0xFE, 0xFE, 0xFE, 0xFE, 0xFE, 0xFF, 0xFC, 0xFF, 0xC0,
    0x1E, 0x53, 0x50, 0x45, 0x0F, 0x27, 0x24, 0x3C, 0x1C, 0xE0, 0x76, 0x00, 0x9E, 0xFF, 0xFB, 0xFF,
    0xFE, 0xFC, 0xFF, 0xB0, 0x25, 0x1A, 0x18, 0x00, 0xB1, 0xFF, 0xFB, 0xFF, 0xFE, 0xFE, 0xFF, 0xFF,
    0xFE, 0xFC, 0xFF, 0xE4, 0x11, 0x4B, 0x50, 0x45, 0xF6, 0xD6, 0x06, 0x07, 0x04, 0x03, 0x0F, 0x0A,
    0x11, 0x5C, 0x05, 0x01, 0x00, 0x2C, 0x2C, 0x06, 0x03, 0x50, 0x7C, 0x1F, 0x00, 0x07, 0x4A, 0x0B,
    0x08, 0x33, 0x00, 0x5B, 0x56, 0x35, 0x00, 0x1E, 0x99, 0x17, 0x01, 0x17, 0x5C, 0x0D, 0x00, 0x0C,
    0x20, 0x18, 0x00, 0x01, 0x00, 0x00, 0x01, 0x02, 0x00, 0x0A, 0x81, 0xC2, 0x36, 0x10, 0x16, 0x00,
    0x01, 0x02, 0x00, 0x34, 0x62, 0x3C, 0x00, 0x04, 0x04, 0x0A, 0x2A, 0x4A, 0xDB, 0xFF, 0xFD, 0xFF,
    0xFE, 0xFF, 0xFF, 0xFB, 0xFF, 0x91, 0x0A, 0x43, 0x68, 0xFF, 0xFB, 0xFF, 0xCF, 0x00, 0x0D, 0x2F,
    0x23, 0x9F, 0xFF, 0xFB, 0xFE, 0xFE, 0xFC, 0xFF, 0x55, 0x17, 0x62, 0xF4, 0x44, 0x36, 0x2D, 0x17,
    0x00, 0x39, 0x5A, 0x55, 0x18, 0x98, 0xFF, 0xFB, 0xFE, 0xFE, 0xFE, 0xFE, 0xFE, 0xFE, 0xFE, 0xFE,
    0xFE, 0xFE, 0xFF, 0xFE, 0xFE, 0xFF, 0xFE, 0xFF, 0xFF, 0xFE, 0xFF, 0xFE, 0xFF, 0xFE, 0xFF, 0xFF,
    0xFE, 0xFF, 0xFF, 0xFE, 0xFE, 0xFE, 0xFE, 0xFE, 0xFE, 0xFE, 0xFE, 0xFE, 0xFE, 0xFF, 0xFF, 0xFE,
    0xFE, 0xFE, 0xFE, 0xFE, 0xFE, 0xFC, 0xFF, 0xBF, 0x1C, 0x40, 0x52, 0x41, 0x0B, 0x30, 0x55, 0x1B,
    0x3E, 0xFF, 0x62, 0x00, 0xA6, 0xFF, 0xFB, 0xFF, 0xFF, 0xFC, 0xFF, 0xB2, 0x22, 0x16, 0x1A, 0x00,
    0xAE, 0xFF, 0xFB, 0xFF, 0xFE, 0xFF, 0xFE, 0xFE, 0xFE, 0xFC, 0xFF, 0x5C, 0x25, 0x39, 0x2F, 0xC8,
    0xFF, 0xC4, 0x03, 0x04, 0x01, 0x02, 0x04, 0x00, 0x2D, 0x41, 0x00, 0x01, 0x01, 0x24, 0x15, 0x1B,
    0x0A, 0x00, 0x34, 0x8D, 0x11, 0x0F, 0x63, 0x04, 0x0B, 0x39, 0x01, 0x72, 0x3C, 0x38, 0x00, 0x71,
    0x69, 0x00, 0x00, 0x22, 0x69, 0x08, 0x00, 0x1D, 0x20, 0x2D, 0x06, 0x00, 0x00, 0x00, 0x00, 0x00,
    0x02, 0x02, 0x00, 0x5C, 0xD2, 0x51, 0x05, 0x10, 0x01, 0x03, 0x00, 0x42, 0x4F, 0x00, 0x01, 0x00,
    0x01, 0x00, 0x1F, 0x4A, 0xD7, 0xFF, 0xFC, 0xFE, 0xFE, 0xFE, 0xFF, 0xFB, 0xFF, 0x9A, 0x0B, 0x3F,
    0x4E, 0xF7, 0xFD, 0xFF, 0xD3, 0x01, 0x0A, 0x2B, 0x1F, 0x9E, 0xFF, 0xFC, 0xFF, 0xFE, 0xFC, 0xFF,
    0x5D, 0x0C, 0x55, 0xFE, 0x7E, 0x15, 0x5C, 0x1D, 0x00, 0x37, 0x55, 0x52, 0x19, 0x98, 0xFF, 0xFB,
    0xFE, 0xFE, 0xFE, 0xFE, 0xFF, 0xFF, 0xFF, 0xFE, 0xFE, 0xFE, 0xFF, 0xFE, 0xFE, 0xFE, 0xFE, 0xFE,
    0xFE, 0xFE, 0xFF, 0xFF, 0xFF, 0xFF, 0xFE, 0xFE, 0xFE, 0xFF, 0xFE, 0xFE, 0xFF, 0xFE, 0xFE, 0xFF,
    0xFF, 0xFE, 0xFF, 0xFE, 0xFE, 0xFF, 0xFE, 0xFE, 0xFF, 0xFE, 0xFF, 0xFE, 0xFF, 0xFC, 0xFF, 0xC5,
    0x16, 0x36, 0x50, 0x3E, 0x0A, 0x34, 0x62, 0x06, 0x8A, 0xFF, 0x47, 0x00, 0xB3, 0xFF, 0xFC, 0xFF,
    0xFF, 0xFC, 0xFF, 0xAF, 0x1D, 0x13, 0x19, 0x00, 0xAD, 0xFF, 0xFB, 0xFF, 0xFE, 0xFE, 0xFF, 0xFF,
    0xFC, 0xFF, 0x94, 0x17, 0x39, 0x03, 0x4C, 0xF7, 0xC5, 0x1E, 0x00, 0x00, 0x00, 0x00, 0x01, 0x00,
    0x2D, 0x15, 0x07, 0x12, 0x09, 0x04, 0x00, 0x08, 0x03, 0x03, 0x49, 0x27, 0x08, 0x14, 0x52, 0x02,
    0x0D, 0x1C, 0x1B, 0x6A, 0x20, 0x2E, 0x0E, 0x9A, 0x1F, 0x00, 0x00, 0x2A, 0x61, 0x04, 0x00, 0x32,
    0x23, 0x41, 0x0C, 0x00, 0x01, 0x00, 0x00, 0x00, 0x00, 0x01, 0x04, 0x00, 0x18, 0x83, 0x74, 0x02,
    0x28, 0x07, 0x00, 0x3F, 0x50, 0x00, 0x02, 0x00, 0x01, 0x00, 0x1D, 0x47, 0xD0, 0xFF, 0xFC, 0xFF,
    0xFF, 0xFF, 0xFF, 0xFB, 0xFF, 0xAE, 0x0C, 0x35, 0x3E, 0xF0, 0xFF, 0xFF, 0xD4, 0x01, 0x05, 0x1E,
    0x1A, 0x9E, 0xFF, 0xFC, 0xFE, 0xFF, 0xFC, 0xFF, 0x6A, 0x01, 0x46, 0xF9, 0xB9, 0x0B, 0x71, 0x36,
    0x00, 0x39, 0x56, 0x4C, 0x16, 0x98, 0xFF, 0xFC, 0xFF, 0xFE, 0xFE, 0xFF, 0xFF, 0xFF, 0xFE, 0xFF,
    0xFE, 0xFE, 0xFE, 0xFF, 0xFF, 0xFF, 0xFF, 0xFE, 0xFF, 0xFF, 0xFF, 0xFF, 0xFF, 0xFF, 0xFF, 0xFF,
    0xFE, 0xFF, 0xFF, 0xFF, 0xFF, 0xFE, 0xFE, 0xFE, 0xFF, 0xFE, 0xFE, 0xFF, 0xFF, 0xFF, 0xFE, 0xFE,
    0xFF, 0xFF, 0xFE, 0xFE, 0xFE, 0xFD, 0xFF, 0xC6, 0x11, 0x2F, 0x52, 0x3C, 0x11, 0x1E, 0x67, 0x17,
    0x61, 0xFF, 0x30, 0x00, 0xC5, 0xFF, 0xFC, 0xFF, 0xFF, 0xFC, 0xFF, 0xAE, 0x18, 0x0F, 0x14, 0x00,
    0xAA, 0xFF, 0xFB, 0xFF, 0xFF, 0xFE, 0xFE, 0xFD, 0xFF, 0xCC, 0x22, 0x1E, 0x41, 0x3E, 0x53, 0xFF,
    0x6E, 0x00, 0x05, 0x01, 0x01, 0x01, 0x00, 0x04, 0x29, 0x24, 0x2B, 0x3D, 0x3C, 0x1F, 0x00, 0x02,
    0x02, 0x00, 0x5E, 0x23, 0x00, 0x2E, 0x53, 0x04, 0x0C, 0x08, 0x43, 0x42, 0x2A, 0x24, 0x55, 0x72,
    0x00, 0x02, 0x05, 0x2E, 0x58, 0x03, 0x05, 0x35, 0x0B, 0x31, 0x16, 0x00, 0x01, 0x00, 0x00, 0x00,
    0x00, 0x00, 0x01, 0x04, 0x00, 0x10, 0x8A, 0x93, 0x19, 0x23, 0x00, 0x2C, 0x50, 0x00, 0x02, 0x00,
    0x02, 0x00, 0x24, 0x32, 0x52, 0xFF, 0xFC, 0xFE, 0xFE, 0xFF, 0xFF, 0xFD, 0xFF, 0xC3, 0x09, 0x2A,
    0x3D, 0xE8, 0xFF, 0xFF, 0xD2, 0x00, 0x05, 0x11, 0x17, 0x9E, 0xFF, 0xFC, 0xFE, 0xFF, 0xFC, 0xFF,
    0x7A, 0x00, 0x3A, 0xF4, 0x84, 0x18, 0x88, 0x3B, 0x00, 0x3B, 0x5B, 0x54, 0x15, 0x99, 0xFF, 0xFB,
    0xFE, 0xFE, 0xFE, 0xFE, 0xFE, 0xFE, 0xFE, 0xFF, 0xFF, 0xFE, 0xFF, 0xFE, 0xFE, 0xFF, 0xFE, 0xFE,
    0xFE, 0xFE, 0xFF, 0xFF, 0xFF, 0xFF, 0xFE, 0xFE, 0xFE, 0xFE, 0xFE, 0xFE, 0xFE, 0xFE, 0xFE, 0xFE,
    0xFF, 0xFE, 0xFE, 0xFE, 0xFF, 0xFF, 0xFE, 0xFE, 0xFF, 0xFE, 0xFE, 0xFE, 0xFE, 0xFB, 0xFF, 0xBC,
    0x0F, 0x35, 0x57, 0x3E, 0x16, 0x0B, 0x45, 0x4B, 0x1D, 0xE2, 0x36, 0x00, 0xC2, 0xFF, 0xFC, 0xFE,
    0xFF, 0xFC, 0xFF, 0xB0, 0x1B, 0x10, 0x17, 0x00, 0xAA, 0xFF, 0xFB, 0xFE, 0xFE, 0xFE, 0xFE, 0xFE,
    0xFF, 0x4D, 0x1A, 0x0B, 0x66, 0x4A, 0x57, 0xFF, 0x25, 0x00, 0x02, 0x02, 0x03, 0x00, 0x13, 0x1E,
    0x26, 0x06, 0x00, 0x1D, 0x38, 0x52, 0x43, 0x2F, 0x00, 0x00, 0x28, 0x16, 0x00, 0x42, 0x56, 0x13,
    0x09, 0x01, 0x58, 0x22, 0x2A, 0x1D, 0xA6, 0x4A, 0x00, 0x00, 0x2A, 0x3B, 0x5A, 0x02, 0x10, 0x32,
    0x03, 0x3A, 0x16, 0x00, 0x01, 0x00, 0x00, 0x00, 0x00, 0x00, 0x00, 0x00, 0x03, 0x00, 0x21, 0x85,
    0x66, 0x35, 0x1B, 0x19, 0x49, 0x00, 0x02, 0x01, 0x02, 0x00, 0x23, 0x3C, 0x0F, 0xE6, 0xFF, 0xFD,
    0xFE, 0xFE, 0xFE, 0xFC, 0xFF, 0xD8, 0x08, 0x28, 0x36, 0xD6, 0xFF, 0xFF, 0xCE, 0x00, 0x08, 0x0F,
    0x0E, 0x9F, 0xFF, 0xFC, 0xFE, 0xFE, 0xFA, 0xFF, 0x8A, 0x00, 0x38, 0xD6, 0x2E, 0x45, 0x6D, 0x0A,
    0x08, 0x3C, 0x57, 0x55, 0x18, 0x9A, 0xFF, 0xFB, 0xFE, 0xFE, 0xFE, 0xFE, 0xFE, 0xFE, 0xFE, 0xFE,
    0xFE, 0xFF, 0xFE, 0xFE, 0xFE, 0xFF, 0xFE, 0xFF, 0xFF, 0xFE, 0xFE, 0xFF, 0xFE, 0xFE, 0xFE, 0xFE,
    0xFE, 0xFE, 0xFE, 0xFE, 0xFE, 0xFE, 0xFE, 0xFD, 0xFE, 0xFE, 0xFE, 0xFE, 0xFE, 0xFE, 0xFE, 0xFE,
    0xFE, 0xFE, 0xFE, 0xFE, 0xFE, 0xFB, 0xFF, 0xBB, 0x15, 0x37, 0x49, 0x40, 0x12, 0x07, 0x1F, 0x68,
    0x10, 0x7A, 0x3E, 0x00, 0xCC, 0xFF, 0xFC, 0xFE, 0xFE, 0xFB, 0xFF, 0xAF, 0x10, 0x10, 0x19, 0x00,
    0xA9, 0xFF, 0xFA, 0xFE, 0xFE, 0xFE, 0xFB, 0xFF, 0xAC, 0x13, 0x09, 0x55, 0x9C, 0x46, 0x57, 0xFC,
    0x22, 0x00, 0x0C, 0x08, 0x00, 0x1E, 0x2A, 0x2F, 0x31, 0x00, 0x00, 0x3A, 0x4E, 0x6B, 0x3C, 0x64,
    0x56, 0x00, 0x30, 0x0F, 0x00, 0x5D, 0x41, 0x0E, 0x0C, 0x22, 0x59, 0x0F, 0x1B, 0x61, 0xB3, 0x2B,
    0x14, 0x00, 0x41, 0x30, 0x52, 0x00, 0x1A, 0x31, 0x0E, 0x4F, 0x19, 0x00, 0x01, 0x00, 0x00, 0x00,
    0x00, 0x00, 0x00, 0x00, 0x02, 0x00, 0x38, 0x24, 0x63, 0x91, 0x11, 0x25, 0x1A, 0x00, 0x01, 0x01,
    0x02, 0x00, 0x29, 0x4D, 0x15, 0xEA, 0xFF, 0xFD, 0xFE, 0xFE, 0xFE, 0xFD, 0xFF, 0xE8, 0x0A, 0x31,
    0x30, 0xCB, 0xFF, 0xFF, 0xC6, 0x00, 0x0B, 0x0D, 0x00, 0xA0, 0xFF, 0xFB, 0xFE, 0xFE, 0xFA, 0xFF,
    0x9B, 0x00, 0x3C, 0x6D, 0x00, 0x74, 0x35, 0x04, 0x0B, 0x3D, 0x52, 0x4A, 0x1B, 0x9B, 0xFF, 0xFB,
    0xFE, 0xFE, 0xFE, 0xFE, 0xFE, 0xFE, 0xFE, 0xFE, 0xFE, 0xFE, 0xFE, 0xFE, 0xFE, 0xFE, 0xFE, 0xFE,
    0xFE, 0xFE, 0xFE, 0xFF, 0xFE, 0xFE, 0xFE, 0xFE, 0xFE, 0xFE, 0xFE, 0xFF, 0xFE, 0xFE, 0xFE, 0xFE,
    0xFE, 0xFE, 0xFE, 0xFE, 0xFE, 0xFE, 0xFE, 0xFF, 0xFE, 0xFE, 0xFE, 0xFE, 0xFE, 0xFB, 0xFF, 0xBE,
    0x11, 0x2F, 0x3F, 0x46, 0x10, 0x0F, 0x00, 0x50, 0x44, 0x10, 0x1B, 0x04, 0xDA, 0xFF, 0xFC, 0xFE,
    0xFE, 0xFB, 0xFF, 0xB0, 0x0B, 0x0E, 0x18, 0x00, 0xA7, 0xFF, 0xFB, 0xFE, 0xFE, 0xFD, 0xFE, 0xFA,
    0x40, 0x08, 0x14, 0xC6, 0x9D, 0x4C, 0x55, 0xFF, 0x79, 0x00, 0x0A, 0x00, 0x29, 0x3A, 0x00, 0x59,
    0x32, 0x00, 0x00, 0x41, 0x58, 0x49, 0x0D, 0x04, 0x59, 0x52, 0x29, 0x23, 0x00, 0x34, 0x2C, 0x0D,
    0x01, 0x32, 0x4F, 0x03, 0x14, 0xC5, 0x52, 0x33, 0x17, 0x00, 0x42, 0x2D, 0x4D, 0x00, 0x26, 0x1B,
    0x06, 0x39, 0x25, 0x00, 0x00, 0x00, 0x00, 0x00, 0x00, 0x00, 0x00, 0x00, 0x01, 0x00, 0x24, 0x1F,
    0x00, 0xA6, 0x73, 0x4C, 0x15, 0x00, 0x00, 0x00, 0x03, 0x00, 0x2E, 0x4A, 0x36, 0xFF, 0xFC, 0xFF,
    0xFE, 0xFE, 0xFE, 0xFD, 0xFF, 0xF3, 0x10, 0x28, 0x28, 0xC8, 0xFF, 0xFF, 0xA2, 0x00, 0x0C, 0x0E,
    0x00, 0x9F, 0xFF, 0xFC, 0xFF, 0xFE, 0xFB, 0xFF, 0xAB, 0x00, 0x33, 0x0B, 0x25, 0x68, 0x05, 0x11,
    0x0E, 0x41, 0x57, 0x59, 0x1E, 0x9D, 0xFF, 0xFB, 0xFE, 0xFE, 0xFE, 0xFE, 0xFE, 0xFE, 0xFE, 0xFE,
    0xFE, 0xFE, 0xFE, 0xFE, 0xFE, 0xFF, 0xFF, 0xFE, 0xFE, 0xFE, 0xFE, 0xFE, 0xFE, 0xFE, 0xFE, 0xFE,
    0xFE, 0xFE, 0xFE, 0xFF, 0xFE, 0xFE, 0xFE, 0xFE, 0xFE, 0xFE, 0xFE, 0xFE, 0xFE, 0xFE, 0xFE, 0xFE,
    0xFE, 0xFE, 0xFE, 0xFE, 0xFE, 0xFC, 0xFF, 0xBB, 0x09, 0x39, 0x40, 0x3C, 0x0E, 0x0B, 0x41, 0x25,
    0x6C, 0x23, 0x00, 0x10, 0xE2, 0xFF, 0xFD, 0xFE, 0xFE, 0xFB, 0xFF, 0xB5, 0x0A, 0x0B, 0x15, 0x00,
    0xA4, 0xFF, 0xFB, 0xFF, 0xFE, 0xFB, 0xFF, 0xAA, 0x10, 0x02, 0x6D, 0xFB, 0x94, 0x4C, 0x57, 0xFF,
    0xE3, 0x20, 0x00, 0x15, 0x35, 0x04, 0x00, 0x65, 0x1F, 0x00, 0x00, 0x4F, 0x59, 0x66, 0x09, 0x06,
    0x00, 0x5A, 0x44, 0x03, 0x00, 0x57, 0x7B, 0x00, 0x00, 0x3A, 0x38, 0x00, 0x42, 0xA5, 0x00, 0x28,
    0x14, 0x00, 0x44, 0x39, 0x5F, 0x00, 0x36, 0x13, 0x00, 0x41, 0x43, 0x00, 0x00, 0x00, 0x00, 0x00,
    0x00, 0x00, 0x00, 0x00, 0x01, 0x00, 0x26, 0x28, 0x00, 0x37, 0xC7, 0x59, 0x39, 0x00, 0x02, 0x00,
    0x02, 0x00, 0x2B, 0x43, 0x82, 0xFF, 0xFC, 0xFE, 0xFE, 0xFE, 0xFE, 0xFD, 0xFF, 0xFA, 0x1F, 0x1F,
    0x16, 0xC2, 0xFF, 0xFF, 0x98, 0x00, 0x0B, 0x0F, 0x00, 0xA1, 0xFF, 0xFC, 0xFE, 0xFF, 0xFB, 0xFF,
    0xBC, 0x0A, 0x10, 0x06, 0x64, 0x26, 0x23, 0x12, 0x06, 0x3F, 0x4F, 0x5C, 0x29, 0xA0, 0xFF, 0xFA,
    0xFE, 0xFE, 0xFE, 0xFE, 0xFE, 0xFE, 0xFE, 0xFE, 0xFE, 0xFE, 0xFE, 0xFE, 0xFE, 0xFE, 0xFF, 0xFF,
    0xFE, 0xFF, 0xFE, 0xFE, 0xFE, 0xFF, 0xFE, 0xFE, 0xFE, 0xFE, 0xFE, 0xFF, 0xFF, 0xFE, 0xFF, 0xFE,
    0xFE, 0xFE, 0xFE, 0xFE, 0xFE, 0xFE, 0xFE, 0xFE, 0xFE, 0xFE, 0xFF, 0xFF, 0xFF, 0xFC, 0xFF, 0xBD,
    0x15, 0x42, 0x33, 0x31, 0x10, 0x00, 0x9F, 0x52, 0x43, 0x74, 0x08, 0x10, 0xEA, 0xFF, 0xFC, 0xFE,
    0xFE, 0xFB, 0xFF, 0xB2, 0x00, 0x0D, 0x15, 0x00, 0xA2, 0xFF, 0xFB, 0xFE, 0xFE, 0xFC, 0xFF, 0x4D,
    0x22, 0x14, 0xD2, 0xF9, 0x97, 0x4C, 0x50, 0xFF, 0xFF, 0x83, 0x00, 0x33, 0x10, 0x00, 0x0F, 0x68,
    0x14, 0x00, 0x00, 0x62, 0x58, 0x8C, 0x1D, 0x08, 0x00, 0x17, 0x67, 0x0B, 0x00, 0x3F, 0x5F, 0x00,
    0x00, 0x37, 0x26, 0x02, 0xB5, 0x52, 0x00, 0x27, 0x16, 0x00, 0x3D, 0x40, 0x63, 0x00, 0x41, 0x0F,
    0x00, 0x49, 0x2D, 0x05, 0x00, 0x00, 0x00, 0x00, 0x00, 0x00, 0x00, 0x00, 0x01, 0x00, 0x24, 0x29,
    0x00, 0x00, 0x7B, 0x49, 0x22, 0x04, 0x00, 0x00, 0x01, 0x00, 0x25, 0x41, 0xBB, 0xFF, 0xFB, 0xFE,
    0xFE, 0xFE, 0xFE, 0xFD, 0xFF, 0xFD, 0x29, 0x1C, 0x13, 0xB3, 0xFF, 0xFF, 0x9D, 0x00, 0x0B, 0x10,
    0x00, 0xA2, 0xFF, 0xFB, 0xFE, 0xFE, 0xFB, 0xFF, 0xD4, 0x0D, 0x00, 0x51, 0x56, 0x14, 0x73, 0x06,
    0x05, 0x39, 0x43, 0x3F, 0x19, 0xA3, 0xFF, 0xFB, 0xFF, 0xFE, 0xFE, 0xFE, 0xFE, 0xFE, 0xFE, 0xFE,
    0xFE, 0xFE, 0xFE, 0xFE, 0xFE, 0xFF, 0xFF, 0xFF, 0xFF, 0xFE, 0xFF, 0xFF, 0xFF, 0xFF, 0xFE, 0xFE,
    0xFF, 0xFE, 0xFE, 0xFE, 0xFE, 0xFE, 0xFE, 0xFE, 0xFE, 0xFE, 0xFE, 0xFE, 0xFE, 0xFE, 0xFE, 0xFD,
    0xFE, 0xFE, 0xFE, 0xFE, 0xFE, 0xFC, 0xFF, 0xBB, 0x13, 0x37, 0x33, 0x3C, 0x0F, 0x00, 0x99, 0xE3,
    0x17, 0x80, 0x5B, 0x00, 0x93, 0xFF, 0xFA, 0xFC, 0xFE, 0xFB, 0xFF, 0xAB, 0x00, 0x09, 0x0D, 0x00,
    0x9F, 0xFF, 0xFB, 0xFE, 0xFC, 0xFF, 0xD1, 0x2A, 0x40, 0x43, 0xFF, 0xF4, 0x9C, 0x4A, 0x43, 0xFF,
    0xFF, 0x77, 0x03, 0x24, 0x00, 0x00, 0x19, 0x6A, 0x07, 0x00, 0x05, 0x78, 0x59, 0x9D, 0x25, 0x0A,
    0x00, 0x03, 0x47, 0x39, 0x00, 0x3C, 0x5D, 0x00, 0x07, 0x33, 0x07, 0x41, 0xB8, 0x1F, 0x00, 0x1F,
    0x19, 0x00, 0x2C, 0x3D, 0x66, 0x04, 0x39, 0x09, 0x00, 0x2B, 0x30, 0x17, 0x00, 0x00, 0x00, 0x00,
    0x00, 0x00, 0x00, 0x00, 0x01, 0x00, 0x23, 0x29, 0x00, 0x00, 0x31, 0x4D, 0x6B, 0x1F, 0x00, 0x01,
    0x01, 0x00, 0x27, 0x41, 0xBA, 0xFF, 0xFB, 0xFE, 0xFE, 0xFE, 0xFE, 0xFD, 0xFF, 0xFC, 0x28, 0x17,
    0x15, 0xAA, 0xFF, 0xFF, 0x97, 0x00, 0x07, 0x0B, 0x00, 0xA3, 0xFF, 0xFB, 0xFE, 0xFC, 0xFB, 0xFF,
    0xB3, 0x00, 0x2D, 0x71, 0x13, 0x6F, 0x92, 0x00, 0x04, 0x30, 0x39, 0x2E, 0x0D, 0xA4, 0xFF, 0xFA,
    0xFE, 0xFF, 0xFE, 0xFE, 0xFF, 0xFE, 0xFE, 0xFE, 0xFE, 0xFE, 0xFE, 0xFE, 0xFE, 0xFE, 0xFE, 0xFE,
    0xFE, 0xFE, 0xFE, 0xFE, 0xFE, 0xFE, 0xFF, 0xFE, 0xFE, 0xFE, 0xFF, 0xFE, 0xFE, 0xFE, 0xFE, 0xFE,
    0xFE, 0xFF, 0xFE, 0xFE, 0xFE, 0xFE, 0xFE, 0xFE, 0xFE, 0xFE, 0xFE, 0xFE, 0xFF, 0xFC, 0xFF, 0xB8,
    0x0D, 0x33, 0x2E, 0x37, 0x0E, 0x00, 0x72, 0xFF, 0xA6, 0x1F, 0x91, 0x44, 0x00, 0x8A, 0xFF, 0xFC,
    0xFB, 0xFB, 0xFF, 0xA9, 0x00, 0x08, 0x0B, 0x00, 0x9B, 0xFF, 0xFB, 0xFF, 0xFB, 0xFF, 0x84, 0x3B,
    0x34, 0x94, 0xFF, 0xF9, 0xA0, 0x46, 0x33, 0xFF, 0xEA, 0x19, 0x23, 0x0B, 0x00, 0x00, 0x24, 0x65,
    0x00, 0x00, 0x0F, 0x9A, 0x40, 0x68, 0x18, 0x08, 0x00, 0x00, 0x29, 0x2F, 0x00, 0x52, 0x88, 0x00,
    0x12, 0x2A, 0x00, 0x9D, 0x80, 0x29, 0x00, 0x2F, 0x2F, 0x00, 0x2A, 0x3C, 0x76, 0x1A, 0x36, 0x03,
    0x00, 0x1D, 0x48, 0x28, 0x01, 0x00, 0x00, 0x00, 0x00, 0x00, 0x00, 0x00, 0x01, 0x00, 0x23, 0x21,
    0x00, 0x00, 0x32, 0xD2, 0x49, 0x28, 0x00, 0x02, 0x00, 0x00, 0x31, 0x3E, 0xBD, 0xFF, 0xFC, 0xFE,
    0xFF, 0xFF, 0xFF, 0xFE, 0xFF, 0xFB, 0x21, 0x12, 0x19, 0xA2, 0xFF, 0xFF, 0x96, 0x00, 0x07, 0x0C,
    0x00, 0xA7, 0xFF, 0xFB, 0xFA, 0xFD, 0xEF, 0x92, 0x13, 0x25, 0x70, 0x1F, 0x7C, 0xB8, 0x80, 0x00,
    0x05, 0x31, 0x2E, 0x24, 0x08, 0xA5, 0xFF, 0xFA, 0xFF, 0xFE, 0xFE, 0xFF, 0xFE, 0xFE, 0xFE, 0xFE,
    0xFE, 0xFE, 0xFE, 0xFD, 0xFE, 0xFF, 0xFE, 0xFE, 0xFE, 0xFE, 0xFF, 0xFF, 0xFE, 0xFE, 0xFE, 0xFE,
    0xFE, 0xFE, 0xFE, 0xFF, 0xFE, 0xFD, 0xFE, 0xFD, 0xFE, 0xFE, 0xFE, 0xFE, 0xFE, 0xFE, 0xFE, 0xFD,
    0xFE, 0xFE, 0xFE, 0xFE, 0xFF, 0xFC, 0xFF, 0xB9, 0x0F, 0x28, 0x1F, 0x23, 0x0A, 0x00, 0x35, 0xF6,
    0xFF, 0x6D, 0x11, 0x92, 0x49, 0x00, 0x6D, 0xF7, 0xFF, 0xF9, 0xFF, 0xA4, 0x03, 0x11, 0x0A, 0x00,
    0x98, 0xFF, 0xFB, 0xFE, 0xFD, 0xFF, 0x43, 0x55, 0x32, 0xE4, 0xFF, 0xFF, 0xA9, 0x4A, 0x27, 0xFF,
    0xA1, 0x0D, 0x39, 0x00, 0x02, 0x00, 0x2F, 0x5B, 0x00, 0x00, 0x0A, 0x8F, 0x41, 0xB8, 0x2E, 0x05,
    0x00, 0x00, 0x22, 0x51, 0x00, 0x29, 0x73, 0x00, 0x1B, 0x22, 0x32, 0xB2, 0x3E, 0x31, 0x00, 0x35,
    0x40, 0x00, 0x3A, 0x48, 0x78, 0x2C, 0x1A, 0x02, 0x00, 0x1A, 0x69, 0x23, 0x02, 0x00, 0x00, 0x00,
    0x00, 0x00, 0x00, 0x00, 0x02, 0x00, 0x2B, 0x23, 0x00, 0x05, 0x00, 0x73, 0x57, 0x00, 0x02, 0x00,
    0x01, 0x00, 0x25, 0x38, 0xC2, 0xFF, 0xFB, 0xFE, 0xFF, 0xFE, 0xFE, 0xFD, 0xFF, 0xF7, 0x1C, 0x22,
    0x26, 0x95, 0xFF, 0xFF, 0x9E, 0x00, 0x07, 0x09, 0x00, 0xA4, 0xFF, 0xF8, 0xFF, 0xFB, 0x47, 0x00,
    0x2D, 0x69, 0x19, 0x48, 0xFC, 0x9F, 0x52, 0x00, 0x07, 0x23, 0x24, 0x1D, 0x02, 0xA6, 0xFF, 0xFB,
    0xFE, 0xFE, 0xFE, 0xFF, 0xFE, 0xFE, 0xFE, 0xFE, 0xFD, 0xFE, 0xFE, 0xFE, 0xFE, 0xFE, 0xFE, 0xFE,
    0xFE, 0xFE, 0xFE, 0xFE, 0xFE, 0xFE, 0xFE, 0xFF, 0xFE, 0xFE, 0xFE, 0xFE, 0xFE, 0xFD, 0xFE, 0xFE,
    0xFE, 0xFE, 0xFE, 0xFE, 0xFE, 0xFE, 0xFE, 0xFD, 0xFD, 0xFE, 0xFE, 0xFE, 0xFF, 0xFC, 0xFF, 0xBA,
    0x0A, 0x1A, 0x1F, 0x26, 0x0A, 0x09, 0x04, 0xC6, 0xFF, 0x82, 0x00, 0x19, 0x80, 0x5D, 0x06, 0x38,
    0xC6, 0xFB, 0xFF, 0x9B, 0x02, 0x16, 0x03, 0x00, 0x6A, 0xFF, 0xFB, 0xFD, 0xFF, 0xDD, 0x3A, 0x48,
    0x60, 0xFF, 0xF9, 0xFF, 0xBD, 0x5A, 0x16, 0xFF, 0x64, 0x31, 0x2D, 0x00, 0x03, 0x00, 0x38, 0x50,
    0x00, 0x02, 0x00, 0x7E, 0x43, 0xC8, 0x36, 0x04, 0x01, 0x00, 0x1A, 0x6D, 0x00, 0x17, 0x7D, 0x07,
    0x18, 0x0B, 0x96, 0x79, 0x3C, 0x24, 0x00, 0x2A, 0x48, 0x00, 0x37, 0x54, 0x6E, 0x42, 0x01, 0x01,
    0x00, 0x0C, 0x6E, 0x2B, 0x00, 0x00, 0x00, 0x00, 0x00, 0x00, 0x00, 0x00, 0x02, 0x00, 0x33, 0x23,
    0x00, 0x03, 0x00, 0x3B, 0x60, 0x00, 0x04, 0x00, 0x02, 0x00, 0x30, 0x4A, 0xC6, 0xFF, 0xFC, 0xFE,
    0xFF, 0xFE, 0xFF, 0xFE, 0xFF, 0xF2, 0x1F, 0x33, 0x36, 0x8C, 0xFF, 0xFF, 0x62, 0x00, 0x03, 0x03,
    0x00, 0xA3, 0xFF, 0xFF, 0xDF, 0x54, 0x01, 0x30, 0x5A, 0x1B, 0x0C, 0x53, 0xB7, 0xAB, 0x2A, 0x08,
    0x09, 0x1F, 0x2C, 0x25, 0x03, 0xA8, 0xFF, 0xFA, 0xFE, 0xFE, 0xFE, 0xFE, 0xFE, 0xFE, 0xFE, 0xFE,
    0xFE, 0xFE, 0xFE, 0xFE, 0xFE, 0xFE, 0xFE, 0xFE, 0xFF, 0xFE, 0xFE, 0xFE, 0xFE, 0xFE, 0xFF, 0xFF,
    0xFF, 0xFE, 0xFF, 0xFF, 0xFE, 0xFE, 0xFE, 0xFE, 0xFE, 0xFF, 0xFF, 0xFF, 0xFF, 0xFE, 0xFE, 0xFE,
    0xFD, 0xFD, 0xFD, 0xFC, 0xFD, 0xF9, 0xFF, 0xB9, 0x03, 0x17, 0x20, 0x22, 0x0A, 0x10, 0x00, 0x4C,
    0x9B, 0x38, 0x00, 0x29, 0x32, 0x4F, 0x42, 0x1C, 0x13, 0x53, 0xC8, 0x88, 0x10, 0x0F, 0x20, 0x50,
    0x2B, 0x90, 0xFF, 0xF7, 0xFF, 0xB1, 0x34, 0x44, 0x99, 0xFF, 0xF7, 0xFF, 0xD2, 0x63, 0x0E, 0xEC,
    0x42, 0x41, 0x11, 0x00, 0x03, 0x00, 0x4E, 0x4A, 0x00, 0x03, 0x00, 0x70, 0x39, 0x9C, 0x40, 0x04,
    0x00, 0x01, 0x00, 0x84, 0x2E, 0x00, 0x8B, 0x1E, 0x00, 0x22, 0xCD, 0x2F, 0x65, 0x06, 0x00, 0x0F,
    0x4F, 0x00, 0x1D, 0x61, 0x56, 0x62, 0x00, 0x02, 0x02, 0x00, 0x61, 0x6F, 0x01, 0x00, 0x00, 0x00,
    0x00, 0x00, 0x00, 0x00, 0x02, 0x00, 0x40, 0x2A, 0x00, 0x04, 0x00, 0x2C, 0x7F, 0x00, 0x01, 0x00,
    0x02, 0x00, 0x34, 0x4E, 0xCE, 0xFF, 0xFB, 0xFD, 0xFD, 0xFD, 0xFD, 0xFC, 0xFF, 0xEE, 0x2A, 0x36,
    0x3E, 0x87, 0xFF, 0x6F, 0x10, 0x58, 0x3D, 0x0E, 0x02, 0x9A, 0xD3, 0x69, 0x19, 0x04, 0x2E, 0x42,
    0x1F, 0x2A, 0x2B, 0x31, 0x17, 0x38, 0x08, 0x0E, 0x0B, 0x16, 0x1F, 0x1B, 0x00, 0xA3, 0xFF, 0xF9,
    0xFC, 0xFD, 0xFD, 0xFD, 0xFD, 0xFF, 0xFE, 0xFF, 0xFF, 0xFE, 0xFE, 0xFE, 0xFE, 0xFE, 0xFF, 0xFF,
    0xFE, 0xFE, 0xFF, 0xFF, 0xFF, 0xFF, 0xFE, 0xFE, 0xFE, 0xFE, 0xFE, 0xFE, 0xFE, 0xFE, 0xFE, 0xFE,
    0xFE, 0xFE, 0xFE, 0xFE, 0xFF, 0xFE, 0xFE, 0xFE, 0xFF, 0xFF, 0xFF, 0xFF, 0xFF, 0xFC, 0xFF, 0xB7,
    0x00, 0x08, 0x04, 0x02, 0x0C, 0x03, 0x0C, 0x3B, 0x46, 0x21, 0x00, 0x98, 0x64, 0x04, 0x15, 0x2D,
    0x25, 0x10, 0x15, 0x1D, 0x09, 0x19, 0x35, 0x3B, 0x31, 0x0B, 0xB6, 0xFF, 0xFF, 0x8B, 0x33, 0x38,
    0xD9, 0xFF, 0xFC, 0xFF, 0xE6, 0x7A, 0x14, 0xD1, 0x42, 0x47, 0x08, 0x00, 0x04, 0x00, 0x54, 0x56,
    0x00, 0x05, 0x00, 0x69, 0x59, 0x96, 0x6F, 0x06, 0x05, 0x04, 0x00, 0x5F, 0x82, 0x00, 0x62, 0x1C,
    0x00, 0x69, 0x99, 0x1A, 0x71, 0x00, 0x01, 0x02, 0x67, 0x12, 0x07, 0x5C, 0x49, 0x7E, 0x00, 0x02,
    0x02, 0x00, 0x3D, 0x62, 0x08, 0x00, 0x00, 0x00, 0x00, 0x00, 0x00, 0x00, 0x02, 0x00, 0x4B, 0x25,
    0x00, 0x03, 0x00, 0x19, 0x54, 0x00, 0x01, 0x01, 0x03, 0x00, 0x35, 0x5B, 0xE9, 0xFF, 0xFE, 0xFF,
    0xFF, 0xFF, 0xFF, 0xFE, 0xFF, 0xEB, 0x2D, 0x34, 0x41, 0x94, 0xA1, 0x00, 0x31, 0x34, 0x31, 0x23,
    0x04, 0x18, 0x0E, 0x13, 0x27, 0x14, 0x29, 0x0F, 0xC1, 0xB6, 0x1E, 0x59, 0x55, 0x51, 0x15, 0x11,
    0x12, 0x02, 0x04, 0x06, 0x00, 0x96, 0xFF, 0xFC, 0xFF, 0xFF, 0xFF, 0xFF, 0xFE, 0xFE, 0xFF, 0xFF,
    0xFE, 0xFE, 0xFE, 0xFE, 0xFE, 0xFE, 0xFE, 0xFE, 0xFE, 0xFD, 0xFE, 0xFE, 0xFE, 0xFF, 0xFE, 0xFF,
    0xFE, 0xFE, 0xFE, 0xFE, 0xFE, 0xFE, 0xFE, 0xFE, 0xFE, 0xFE, 0xFE, 0xFF, 0xFE, 0xFE, 0xFF, 0xFB,
    0xF0, 0xEF, 0xED, 0xD4, 0xD1, 0xD1, 0xD6, 0x98, 0x00, 0x02, 0x06, 0x3F, 0x26, 0x00, 0x40, 0x3F,
    0x33, 0x17, 0x06, 0x46, 0x55, 0x35, 0x18, 0x00, 0x05, 0x0E, 0x06, 0x03, 0x0D, 0x12, 0x07, 0x02,
    0x0B, 0x03, 0x18, 0xBD, 0xE3, 0x4D, 0x4A, 0x3E, 0xC9, 0xD8, 0xD5, 0xD7, 0xC4, 0x7A, 0x18, 0x98,
    0x47, 0x46, 0x04, 0x00, 0x03, 0x00, 0x4C, 0x69, 0x00, 0x05, 0x00, 0x51, 0x67, 0x4F, 0x7A, 0x12,
    0x0A, 0x01, 0x00, 0x1A, 0x9D, 0x02, 0x51, 0x4D, 0x00, 0xA1, 0x3D, 0x31, 0x50, 0x00, 0x04, 0x00,
    0x74, 0x49, 0x00, 0x48, 0x56, 0x99, 0x0B, 0x00, 0x02, 0x00, 0x22, 0x81, 0x1C, 0x00, 0x01, 0x00,
    0x00, 0x00, 0x00, 0x00, 0x01, 0x00, 0x55, 0x1B, 0x00, 0x03, 0x00, 0x28, 0x7D, 0x23, 0x00, 0x01,
    0x02, 0x00, 0x41, 0x71, 0xDF, 0xE2, 0xE0, 0xDE, 0xDD, 0xDE, 0xDE, 0xDE, 0xE9, 0xC4, 0x3A, 0x47,
    0x52, 0x56, 0x19, 0x0B, 0x14, 0x00, 0x00, 0x03, 0x02, 0x00, 0x05, 0x0F, 0x0F, 0x00, 0x2E, 0x53,
    0x72, 0x5D, 0x13, 0x28, 0x23, 0x56, 0x36, 0x05, 0x4F, 0x12, 0x04, 0x07, 0x00, 0x85, 0xDF, 0xD3,
    0xD6, 0xDF, 0xDC, 0xE1, 0xDE, 0xFD, 0xFF, 0xFE, 0xFE, 0xFE, 0xFE, 0xFE, 0xFE, 0xFE, 0xFE, 0xFE,
    0xFE, 0xFF, 0xFE, 0xFE, 0xFF, 0xFE, 0xFE, 0xFE, 0xFE, 0xFE, 0xFE, 0xFF, 0xFE, 0xFE, 0xFE, 0xFE,
    0xFE, 0xFE, 0xFE, 0xFE, 0xFE, 0xFC, 0xFF, 0xC8, 0x2F, 0x2E, 0x25, 0x07, 0x02, 0x02, 0x03, 0x08,
    0x10, 0x07, 0x18, 0x5F, 0x0D, 0x37, 0x62, 0x37, 0x00, 0x18, 0x0B, 0x17, 0x5A, 0x12, 0x0B, 0x13,
    0x13, 0x13, 0x13, 0x18, 0x1B, 0x1C, 0x1C, 0x1C, 0x19, 0x14, 0x0E, 0x11, 0x14, 0x17, 0x6E, 0x0F,
    0x04, 0x14, 0x16, 0x0F, 0x0E, 0x13, 0x12, 0x14, 0x10, 0x50, 0x08, 0x02, 0x0B, 0x00, 0x3E, 0x67,
    0x00, 0x0A, 0x00, 0x2F, 0x72, 0x31, 0xBC, 0x2C, 0x08, 0x00, 0x0E, 0x06, 0x79, 0x3E, 0x44, 0x93,
    0x00, 0x91, 0x09, 0x57, 0x33, 0x00, 0x0A, 0x00, 0x63, 0x84, 0x00, 0x37, 0x69, 0x94, 0x2F, 0x00,
    0x09, 0x0A, 0x09, 0x7F, 0x3A, 0x00, 0x03, 0x01, 0x01, 0x02, 0x02, 0x00, 0x00, 0x06, 0x61, 0x13,
    0x01, 0x08, 0x00, 0x33, 0xC8, 0x46, 0x00, 0x11, 0x0A, 0x00, 0x4A, 0x30, 0x0C, 0x10, 0x0F, 0x0C,
    0x0A, 0x0D, 0x10, 0x16, 0x19, 0x07, 0x39, 0x51, 0x64, 0x04, 0x16, 0x14, 0x17, 0x1D, 0x1D, 0x1A,
    0x1A, 0x1C, 0x17, 0x14, 0x13, 0x0B, 0x10, 0x69, 0x1E, 0x01, 0x15, 0x0B, 0x07, 0x63, 0x70, 0x33,
    0x3F, 0x33, 0x02, 0x0E, 0x09, 0x03, 0x05, 0x07, 0x08, 0x13, 0x12, 0x1E, 0x23, 0xDB, 0xFF, 0xFD,
    0xFE, 0xFE, 0xFE, 0xFE, 0xFE, 0xFE, 0xFE, 0xFE, 0xFF, 0xFE, 0xFF, 0xFE, 0xFE, 0xFE, 0xFE, 0xFE,
    0xFE, 0xFF, 0xFF, 0xFF, 0xFE, 0xFF, 0xFF, 0xFE, 0xFF, 0xFE, 0xFF, 0xFF, 0xFF, 0xFB, 0xFF, 0xA2,
    0x28, 0x45, 0x2B, 0x40, 0x3B, 0x32, 0x19, 0x33, 0x36, 0x31, 0x6C, 0x53, 0x43, 0x7D, 0x7A, 0x1F,
    0x1D, 0x33, 0x39, 0x64, 0x60, 0x28, 0x19, 0x42, 0x43, 0x43, 0x4A, 0x52, 0x4E, 0x47, 0x42, 0x3B,
    0x38, 0x36, 0x3B, 0x42, 0x31, 0x34, 0x75, 0x00, 0x2B, 0x47, 0x44, 0x40, 0x3D, 0x40, 0x43, 0x4E,
    0x1F, 0x70, 0x16, 0x11, 0x40, 0x38, 0x3F, 0x70, 0x07, 0x3D, 0x42, 0x29, 0x87, 0x21, 0xD0, 0x4F,
    0x03, 0x02, 0x32, 0x53, 0x31, 0x6A, 0x18, 0x8C, 0x27, 0x74, 0x00, 0x6A, 0x45, 0x18, 0x19, 0x35,
    0x46, 0xA5, 0x1F, 0x2F, 0x71, 0x87, 0x5A, 0x00, 0x27, 0x4A, 0x11, 0x76, 0x57, 0x00, 0x19, 0x38,
    0x38, 0x39, 0x39, 0x3C, 0x24, 0x19, 0x6F, 0x29, 0x44, 0x1D, 0x00, 0x58, 0xC4, 0x28, 0x35, 0x4A,
    0x2F, 0x04, 0x51, 0x26, 0x09, 0x01, 0x00, 0x00, 0x00, 0x02, 0x08, 0x0B, 0x07, 0x00, 0x40, 0x4E,
    0x64, 0x13, 0x26, 0x20, 0x24, 0x2B, 0x31, 0x2F, 0x32, 0x34, 0x34, 0x37, 0x32, 0x1A, 0x24, 0x5F,
    0x56, 0x2C, 0x45, 0x3B, 0x17, 0x4A, 0x97, 0x65, 0x34, 0x7B, 0x4D, 0x25, 0x27, 0x11, 0x26, 0x2B,
    0x33, 0x3E, 0x44, 0x56, 0x23, 0xC0, 0xFF, 0xFC, 0xFF, 0xFF, 0xFF, 0xFE, 0xFF, 0xFF, 0xFF, 0xFF,
    0xFE, 0xFF, 0xFF, 0xFF, 0xFF, 0xFF, 0xFE, 0xFE, 0xFE, 0xFE, 0xFE, 0xFE, 0xFE, 0xFE, 0xFE, 0xFE,
    0xFE, 0xFE, 0xFE, 0xFE, 0xFE, 0xFB, 0xFF, 0x9F, 0x39, 0x6B, 0x4B, 0x40, 0x2D, 0x2D, 0x22, 0x06,
    0x16, 0x62, 0x87, 0x4A, 0x78, 0xA7, 0x36, 0x00, 0x11, 0x0D, 0x47, 0x98, 0x68, 0x0F, 0x1C, 0x32,
    0x2C, 0x28, 0x2C, 0x2A, 0x20, 0x1E, 0x1D, 0x17, 0x13, 0x16, 0x1A, 0x25, 0x15, 0x40, 0x75, 0x00,
    0x35, 0x38, 0x33, 0x35, 0x36, 0x37, 0x37, 0x40, 0x1D, 0x6B, 0x0E, 0x0E, 0x3F, 0x3C, 0x33, 0x7E,
    0x11, 0x3D, 0x48, 0x27, 0x74, 0x31, 0xA8, 0x90, 0x0C, 0x00, 0x27, 0x4D, 0x2C, 0x5C, 0x1D, 0x96,
    0x60, 0x22, 0x12, 0x6D, 0x64, 0x50, 0x01, 0x3C, 0x24, 0xA8, 0x3E, 0x1E, 0x65, 0x7C, 0x8E, 0x00,
    0x1F, 0x4D, 0x25, 0x42, 0x7E, 0x00, 0x0B, 0x45, 0x4C, 0x48, 0x4B, 0x53, 0x30, 0x2F, 0x6B, 0x30,
    0x5B, 0x21, 0x00, 0x7C, 0xE3, 0x30, 0x3B, 0x42, 0x2E, 0x02, 0x5C, 0x30, 0x3E, 0x32, 0x27, 0x16,
    0x17, 0x14, 0x0F, 0x0D, 0x0A, 0x00, 0x4F, 0x4C, 0x50, 0x00, 0x0C, 0x07, 0x06, 0x06, 0x04, 0x08,
    0x08, 0x09, 0x0F, 0x0F, 0x0F, 0x07, 0x08, 0x78, 0xA3, 0x59, 0x09, 0x14, 0x0F, 0x12, 0x69, 0xAD,
    0x58, 0x78, 0x85, 0x2C, 0x01, 0x26, 0x2D, 0x2B, 0x34, 0x3D, 0x4F, 0x64, 0x31, 0xC1, 0xFF, 0xFB,
    0xFE, 0xFE, 0xFE, 0xFE, 0xFE, 0xFE, 0xFE, 0xFE, 0xFE, 0xFE, 0xFE, 0xFE, 0xFE, 0xFE, 0xFE, 0xFF,
    0xFF, 0xFE, 0xFE, 0xFF, 0xFE, 0xFE, 0xFE, 0xFE, 0xFE, 0xFE, 0xFF, 0xFE, 0xFE, 0xFB, 0xFF, 0x98,
    0x34, 0x6B, 0x35, 0x20, 0x19, 0x46, 0x3C, 0x00, 0x27, 0xB9, 0x74, 0x10, 0x82, 0xAC, 0x26, 0x01,
    0x20, 0x23, 0x80, 0xA6, 0x36, 0x03, 0x26, 0x3B, 0x2C, 0x1E, 0x15, 0x12, 0x0F, 0x10, 0x07, 0x11,
    0x25, 0x2E, 0x36, 0x42, 0x25, 0x51, 0x68, 0x00, 0x4A, 0x48, 0x44, 0x45, 0x46, 0x46, 0x44, 0x4F,
    0x32, 0x51, 0x14, 0x10, 0x4A, 0x50, 0x31, 0x9F, 0x2A, 0x41, 0x58, 0x3A, 0x5B, 0x47, 0x4C, 0xE0,
    0x3B, 0x0F, 0x20, 0x4F, 0x42, 0x4A, 0x4E, 0x3D, 0x8B, 0x00, 0x24, 0x59, 0x3A, 0x96, 0x00, 0x37,
    0x27, 0x8A, 0x69, 0x1A, 0x4A, 0x74, 0xA9, 0x19, 0x10, 0x56, 0x4A, 0x1D, 0x84, 0x22, 0x00, 0x2C,
    0x51, 0x4D, 0x51, 0x59, 0x25, 0x54, 0x65, 0x3A, 0x4F, 0x0D, 0x00, 0xAD, 0xC7, 0x27, 0x49, 0x42,
    0x28, 0x11, 0x66, 0x31, 0x4F, 0x46, 0x35, 0x25, 0x27, 0x22, 0x20, 0x21, 0x0D, 0x08, 0x5C, 0x4C,
    0x4F, 0x35, 0x4F, 0x46, 0x44, 0x43, 0x40, 0x40, 0x3A, 0x3D, 0x3F, 0x3E, 0x3B, 0x27, 0x1A, 0x41,
    0x85, 0x72, 0x17, 0x29, 0x1E, 0x13, 0x6D, 0xC8, 0x5D, 0x2C, 0xAB, 0x60, 0x00, 0x3E, 0x4D, 0x0E,
    0x23, 0x0B, 0x13, 0x3E, 0x2F, 0xC0, 0xFF, 0xFC, 0xFE, 0xFE, 0xFF, 0xFE, 0xFF, 0xFF, 0xFE, 0xFE,
    0xFF, 0xFE, 0xFF, 0xFF, 0xFE, 0xFF, 0xFF, 0xFF, 0xFF, 0xFE, 0xFE, 0xFF, 0xFF, 0xFE, 0xFE, 0xFE,
    0xFE, 0xFE, 0xFF, 0xFE, 0xFE, 0xFB, 0xFF, 0x8E, 0x38, 0x6E, 0x42, 0x24, 0x22, 0x3B, 0x63, 0x0D,
    0x34, 0xB6, 0x80, 0x26, 0x95, 0x93, 0x29, 0x00, 0x07, 0x29, 0x92, 0x91, 0x14, 0x00, 0x02, 0x07,
    0x02, 0x00, 0x01, 0x03, 0x07, 0x1B, 0x19, 0x15, 0x2E, 0x37, 0x3E, 0x4A, 0x27, 0x70, 0x5D, 0x00,
    0x3E, 0x3B, 0x38, 0x39, 0x3C, 0x3B, 0x3A, 0x43, 0x37, 0x2B, 0x2E, 0x09, 0x40, 0x43, 0x20, 0x9F,
    0x4B, 0x2B, 0x48, 0x3F, 0x2D, 0x7A, 0x04, 0xD4, 0x95, 0x22, 0x11, 0x40, 0x3D, 0x26, 0x74, 0x20,
    0xA9, 0x2B, 0x2D, 0x61, 0x00, 0xA8, 0x44, 0x1F, 0x30, 0x4B, 0x99, 0x1A, 0x2F, 0x5C, 0xAE, 0x5B,
    0x00, 0x46, 0x49, 0x0F, 0x81, 0x67, 0x00, 0x15, 0x43, 0x3B, 0x3D, 0x43, 0x1B, 0x84, 0x47, 0x30,
    0x29, 0x01, 0x0E, 0xB5, 0x5B, 0x1A, 0x3D, 0x34, 0x27, 0x2E, 0x66, 0x26, 0x40, 0x3D, 0x40, 0x3D,
    0x3B, 0x34, 0x30, 0x21, 0x05, 0x25, 0x61, 0x44, 0x47, 0x3A, 0x44, 0x43, 0x2B, 0x28, 0x34, 0x31,
    0x2E, 0x2F, 0x30, 0x30, 0x2E, 0x1F, 0x1F, 0x08, 0x6D, 0xC9, 0x3C, 0x1D, 0x1C, 0x16, 0x66, 0xC9,
    0x69, 0x2F, 0xBF, 0x7A, 0x00, 0x57, 0x53, 0x1D, 0x53, 0x6D, 0x51, 0x70, 0x40, 0xAF, 0xFF, 0xFC,
    0xFF, 0xFF, 0xFF, 0xFE, 0xFF, 0xFF, 0xFE, 0xFF, 0xFF, 0xFE, 0xFF, 0xFF, 0xFE, 0xFE, 0xFE, 0xFE,
    0xFE, 0xFF, 0xFE, 0xFE, 0xFE, 0xFE, 0xFE, 0xFE, 0xFE, 0xFE, 0xFE, 0xFF, 0xFE, 0xFC, 0xFF, 0x8F,
    0x04, 0x3C, 0x3A, 0x41, 0x1E, 0x74, 0x7E, 0x06, 0x49, 0xB5, 0x82, 0x62, 0xA9, 0x7A, 0x16, 0x1A,
    0x20, 0x4D, 0x9D, 0x7D, 0x13, 0x2E, 0x3D, 0x42, 0x42, 0x42, 0x46, 0x49, 0x4C, 0x3A, 0x0F, 0x3B,
    0x30, 0x44, 0x41, 0x44, 0x21, 0x90, 0x75, 0x00, 0x3F, 0x38, 0x39, 0x38, 0x39, 0x40, 0x44, 0x44,
    0x46, 0x33, 0x57, 0x03, 0x34, 0x48, 0x35, 0x6A, 0x82, 0x0E, 0x53, 0x48, 0x2C, 0x7F, 0x36, 0x5A,
    0xD8, 0x33, 0x12, 0x1A, 0x44, 0x35, 0x36, 0x56, 0x3E, 0x96, 0x2A, 0x69, 0x19, 0x51, 0xA9, 0x0A,
    0x3A, 0x2B, 0xA3, 0x22, 0x13, 0x5A, 0x8B, 0x9C, 0x00, 0x30, 0x4B, 0x31, 0x36, 0xA0, 0x14, 0x00,
    0x3E, 0x4C, 0x3E, 0x36, 0x20, 0x8F, 0x33, 0x47, 0x14, 0x00, 0x3F, 0x8F, 0x19, 0x43, 0x45, 0x48,
    0x27, 0x4E, 0x50, 0x31, 0x49, 0x4C, 0x52, 0x54, 0x53, 0x4D, 0x4A, 0x53, 0x0B, 0x54, 0x49, 0x5A,
    0x41, 0x45, 0x4C, 0x3C, 0x0E, 0x20, 0x40, 0x40, 0x46, 0x45, 0x44, 0x42, 0x40, 0x2F, 0x23, 0x0E,
    0x86, 0xC3, 0x5B, 0x14, 0x2B, 0x0F, 0x66, 0xD7, 0x81, 0x32, 0xC2, 0x92, 0x11, 0x63, 0xAF, 0x34,
    0x73, 0x6B, 0x6D, 0x4C, 0x07, 0xB4, 0xFF, 0xFB, 0xFE, 0xFF, 0xFF, 0xFF, 0xFE, 0xFF, 0xFE, 0xFE,
    0xFF, 0xFF, 0xFE, 0xFE, 0xFF, 0xFF, 0xFE, 0xFE, 0xFF, 0xFE, 0xFF, 0xFE, 0xFF, 0xFE, 0xFE, 0xFE,
    0xFE, 0xFE, 0xFE, 0xFE, 0xFE, 0xFD, 0xFF, 0xFC, 0x71, 0x28, 0x9E, 0xF6, 0x73, 0x8B, 0x61, 0x11,
    0x76, 0xBB, 0x86, 0x68, 0xC1, 0x91, 0x28, 0x43, 0x59, 0x6A, 0xDB, 0x75, 0x2A, 0x99, 0xDE, 0xF3,
    0xE8, 0xE6, 0xEB, 0xEA, 0xC9, 0x52, 0x12, 0x6B, 0xA7, 0xEE, 0xE2, 0xEF, 0xB7, 0x8C, 0x9D, 0x06,
    0xB8, 0xE8, 0xD6, 0xDB, 0xDC, 0xE9, 0xED, 0xE7, 0xF8, 0xA5, 0x5C, 0x32, 0x4D, 0xEC, 0xFF, 0x69,
    0x89, 0x44, 0xB2, 0xFF, 0xDE, 0x60, 0x9C, 0x0C, 0x98, 0x68, 0x1E, 0x1B, 0x9F, 0xC6, 0x16, 0x7D,
    0x08, 0x64, 0x98, 0x05, 0x7D, 0x98, 0xA0, 0x71, 0x5F, 0xA8, 0x7B, 0x78, 0x10, 0x6B, 0x5C, 0xC5,
    0x29, 0x36, 0xEB, 0xF9, 0x48, 0x97, 0x77, 0x00, 0x43, 0xEE, 0xFF, 0x76, 0x4F, 0x70, 0xC9, 0xBF,
    0x14, 0x00, 0xB4, 0x97, 0x7F, 0xF9, 0xF0, 0xF3, 0x40, 0x61, 0x48, 0xC0, 0xC0, 0xBE, 0xBE, 0xBE,
    0xC2, 0xCA, 0xCD, 0x7A, 0x10, 0x81, 0x29, 0x75, 0x8D, 0xF0, 0xF1, 0xA4, 0x4F, 0x2B, 0x76, 0xC0,
    0xEB, 0xEE, 0xE9, 0xE6, 0xF0, 0xA5, 0x5B, 0x37, 0x68, 0xCA, 0x9C, 0x45, 0x6A, 0x1B, 0x5F, 0xC3,
    0xA9, 0x36, 0xBA, 0xBA, 0x26, 0x52, 0xA3, 0x5A, 0xE2, 0xE4, 0x91, 0x0E, 0xA2, 0xFF, 0xFC, 0xFE,
    0xFE, 0xFE, 0xFE, 0xFE, 0xFF, 0xFF, 0xFF, 0xFF, 0xFF, 0xFE, 0xFF, 0xFE, 0xFF, 0xFF, 0xFF, 0xFE,
    0xFE, 0xFF, 0xFF, 0xFF, 0xFF, 0xFE, 0xFF, 0xFE, 0xFF, 0xFE, 0xFE, 0xFE, 0xFE, 0xFE, 0xFE, 0xFE,
    0xFF, 0x90, 0x1A, 0xB8, 0x96, 0x60, 0xB4, 0x25, 0x64, 0xAA, 0x6A, 0x2D, 0xD6, 0xE6, 0x7B, 0x1E,
    0x11, 0x77, 0xFF, 0xCA, 0x48, 0x28, 0x49, 0x66, 0x76, 0x71, 0x6C, 0x52, 0x29, 0x49, 0x5E, 0x6B,
    0x4F, 0x76, 0x73, 0x7A, 0x77, 0x57, 0xB5, 0x0C, 0x1C, 0x66, 0x7E, 0x71, 0x76, 0x77, 0x7A, 0x77,
    0x79, 0x7D, 0x47, 0x7C, 0x08, 0x48, 0x8D, 0x68, 0x33, 0xA3, 0x22, 0x4C, 0x85, 0x4D, 0x79, 0x71,
    0x25, 0xE8, 0x6B, 0x0A, 0x16, 0x21, 0x49, 0x6E, 0x00, 0x00, 0x65, 0x90, 0x2A, 0x3F, 0x25, 0xB1,
    0x2F, 0x2A, 0x1D, 0xA5, 0x52, 0x00, 0x20, 0x85, 0xA1, 0x00, 0x38, 0x59, 0x2C, 0x3C, 0xAD, 0x24,
    0x00, 0x42, 0x53, 0x23, 0x70, 0x35, 0x56, 0x19, 0x00, 0x69, 0xB5, 0x50, 0x69, 0x81, 0x83, 0x34,
    0x3F, 0x58, 0x40, 0x71, 0x63, 0x5A, 0x5F, 0x6F, 0x65, 0x48, 0x2F, 0x00, 0x7D, 0x45, 0x5C, 0x6D,
    0x68, 0x75, 0x77, 0x4C, 0x5E, 0x3C, 0x29, 0x30, 0x50, 0x5D, 0x69, 0x73, 0x6A, 0x3A, 0x2D, 0x25,
    0x5E, 0xA0, 0x9D, 0x14, 0x13, 0x40, 0x9A, 0xB6, 0x85, 0x41, 0xA2, 0xA7, 0x0B, 0x85, 0x83, 0x56,
    0xFB, 0x8A, 0x0F, 0xB8, 0xFF, 0xFC, 0xFE, 0xFE, 0xFE, 0xFE, 0xFE, 0xFE, 0xFE, 0xFF, 0xFE, 0xFF,
    0xFF, 0xFE, 0xFF, 0xFF, 0xFF, 0xFF, 0xFE, 0xFE, 0xFE, 0xFE, 0xFE, 0xFE, 0xFE, 0xFE, 0xFE, 0xFE,
    0xFE, 0xFE, 0xFE, 0xFE, 0xFE, 0xFE, 0xFE, 0xFD, 0xFA, 0xFF, 0x9E, 0x09, 0x8F, 0x93, 0xD5, 0x84,
    0x1E, 0xC0, 0xDE, 0x46, 0x5A, 0xFF, 0xCB, 0x6A, 0x0E, 0x52, 0xFF, 0xF1, 0x65, 0x0D, 0x3C, 0x4B,
    0x7E, 0x77, 0x50, 0x3B, 0x1E, 0x95, 0x77, 0x49, 0xAE, 0xCB, 0xCB, 0xD0, 0xE0, 0x9E, 0x99, 0x70,
    0x00, 0x1D, 0xA3, 0xE0, 0xDD, 0xDD, 0xB8, 0x82, 0x50, 0x35, 0x19, 0x4F, 0x5C, 0x01, 0x56, 0x91,
    0x56, 0x51, 0xA3, 0x00, 0x2B, 0x93, 0x32, 0x9D, 0x38, 0x62, 0xDC, 0x3F, 0x0B, 0x00, 0x2F, 0x52,
    0x05, 0x2F, 0x0D, 0x27, 0x81, 0x53, 0x00, 0x35, 0x97, 0x1B, 0x00, 0x1D, 0xB1, 0x38, 0x00, 0x11,
    0xBE, 0x42, 0x00, 0x02, 0x03, 0x00, 0x9A, 0x63, 0x00, 0x03, 0x00, 0x6C, 0x31, 0x0C, 0x05, 0x00,
    0x34, 0xC4, 0x64, 0x2F, 0x17, 0x1E, 0x16, 0x21, 0x86, 0x14, 0x46, 0x60, 0x8D, 0xD0, 0xD6, 0x84,
    0x23, 0x00, 0x04, 0x6E, 0x94, 0x72, 0x92, 0xB4, 0xD6, 0xC9, 0xCE, 0xC1, 0x5C, 0x72, 0x7D, 0x21,
    0x29, 0x3F, 0x52, 0x76, 0x5B, 0x45, 0x3A, 0x24, 0xA7, 0xF4, 0x9B, 0x00, 0x26, 0x76, 0xE9, 0xE0,
    0x34, 0x85, 0xEF, 0x54, 0x34, 0xD5, 0x7A, 0xBE, 0x8E, 0x1A, 0xC5, 0xFF, 0xFA, 0xFE, 0xFE, 0xFE,
    0xFE, 0xFE, 0xFE, 0xFE, 0xFE, 0xFF, 0xFF, 0xFE, 0xFE, 0xFD, 0xFF, 0xFF, 0xFE, 0xFE, 0xFC, 0xFB,
    0xFC, 0xFE, 0xFF, 0xFF, 0xFF, 0xFF, 0xFE, 0xFC, 0xFA, 0xFC, 0xFE, 0xFE, 0xFE, 0xFD, 0xFD, 0xFE,
    0xFD, 0xF9, 0xFF, 0xC0, 0x2B, 0x3B, 0xB1, 0xAE, 0x29, 0x3F, 0xEF, 0xC6, 0x40, 0xB9, 0xFF, 0xBF,
    0x4F, 0x42, 0xF1, 0xFF, 0x94, 0x01, 0x34, 0x57, 0x52, 0x5C, 0x5F, 0x3F, 0x2A, 0xBC, 0xBB, 0x4C,
    0xC9, 0xE2, 0xE5, 0xE2, 0xE2, 0xEB, 0x6D, 0xA3, 0x42, 0x1C, 0x43, 0x81, 0x9E, 0x7F, 0x4C, 0x1E,
    0x20, 0x14, 0x23, 0x23, 0x77, 0x5B, 0x00, 0x0A, 0x1C, 0x00, 0x4F, 0x9D, 0x22, 0x00, 0x0E, 0x22,
    0xAB, 0x1B, 0x7B, 0xE3, 0x41, 0x18, 0x0C, 0x2F, 0x79, 0x13, 0x45, 0x55, 0x00, 0x48, 0x82, 0x22,
    0x1E, 0x78, 0x20, 0x00, 0x24, 0xA5, 0x4B, 0x00, 0x30, 0xAB, 0x38, 0x11, 0x01, 0x00, 0x16, 0xA8,
    0x40, 0x00, 0x0A, 0x34, 0x0C, 0x0B, 0x0B, 0x00, 0x9B, 0x81, 0x5D, 0x75, 0x72, 0x16, 0x12, 0xA7,
    0x70, 0x3D, 0x22, 0x09, 0x01, 0x38, 0x3D, 0x03, 0x02, 0x1A, 0x53, 0x68, 0x89, 0x94, 0xB8, 0xEA,
    0xE0, 0xE1, 0xE0, 0xEB, 0x53, 0x57, 0xBA, 0x3B, 0x20, 0x56, 0x4F, 0x49, 0x46, 0x61, 0x1A, 0x3B,
    0xCF, 0xFF, 0x76, 0x03, 0x85, 0xD2, 0xFF, 0x77, 0x70, 0xFC, 0x96, 0x06, 0x74, 0xDA, 0x72, 0x6E,
    0x3F, 0xE5, 0xFF, 0xFC, 0xFE, 0xFE, 0xFE, 0xFE, 0xFE, 0xFE, 0xFE, 0xFE, 0xFE, 0xFE, 0xFE, 0xFF,
    0xFE, 0xFF, 0xFE, 0xFE, 0xFF, 0xFF, 0xFF, 0xFF, 0xFF, 0xFF, 0xFF, 0xFF, 0xFF, 0xFF, 0xFF, 0xFF,
    0xFF, 0xFF, 0xFE, 0xFB, 0xFC, 0xFD, 0xFE, 0xFE, 0xFE, 0xFE, 0xFA, 0xFF, 0xE2, 0x27, 0x43, 0xB2,
    0xB4, 0x61, 0x53, 0xFB, 0xBD, 0x57, 0xDB, 0xF0, 0x91, 0x67, 0xB2, 0xFE, 0xC3, 0x27, 0x13, 0x37,
    0x45, 0x5B, 0x4C, 0x39, 0x50, 0xE8, 0xE0, 0x47, 0xA5, 0xE1, 0xDF, 0xE0, 0xDE, 0xE4, 0xE2, 0x64,
    0x9F, 0x49, 0x0E, 0x09, 0x16, 0x06, 0x03, 0x4B, 0x65, 0x64, 0x5D, 0x60, 0x1F, 0x6C, 0x69, 0x0A,
    0x15, 0x19, 0x01, 0x35, 0x96, 0x57, 0x13, 0x1A, 0x3F, 0xA5, 0x19, 0x7C, 0xF2, 0x58, 0x0A, 0x4E,
    0xAA, 0x00, 0x06, 0x45, 0x9E, 0x2C, 0x13, 0x1F, 0x00, 0x03, 0x03, 0x00, 0x00, 0x0D, 0x3F, 0x14,
    0x00, 0x20, 0x33, 0x41, 0x12, 0x04, 0x00, 0x32, 0xC2, 0x67, 0x00, 0x02, 0x01, 0x0D, 0x14, 0x66,
    0x61, 0x41, 0x38, 0x4B, 0x2A, 0x3D, 0x8B, 0x52, 0x5F, 0x79, 0x6C, 0x5F, 0x6A, 0x1B, 0x0C, 0x2B,
    0x12, 0x1A, 0x61, 0x7E, 0x9E, 0xCE, 0xE4, 0xDA, 0xDC, 0xDC, 0xDD, 0xE2, 0x58, 0xA5, 0xF3, 0x69,
    0x0B, 0x4B, 0x60, 0x58, 0x49, 0x2C, 0x0A, 0x60, 0xEC, 0xF5, 0x5B, 0x63, 0xB9, 0xFF, 0xA6, 0x64,
    0xF4, 0xC9, 0x28, 0xB0, 0xB7, 0x88, 0x1A, 0x4F, 0xEC, 0xFF, 0xFB, 0xFF, 0xFE, 0xFE, 0xFE, 0xFE,
    0xFE, 0xFE, 0xFE, 0xFE, 0xFE, 0xFE, 0xFE, 0xFF, 0xFF, 0xFE, 0xFF, 0xFF, 0xFF, 0xFE, 0xD4, 0x9E,
    0x6A, 0x3F, 0x24, 0x1D, 0x22, 0x2A, 0x41, 0x6F, 0x9A, 0xCF, 0xFB, 0xFF, 0xFF, 0xFE, 0xFA, 0xFC,
    0xFE, 0xFE, 0xFE, 0xFB, 0xFF, 0xEA, 0x37, 0x26, 0xBD, 0xEB, 0x7E, 0x84, 0xD0, 0x85, 0x90, 0xD6,
    0xD3, 0xCA, 0xAA, 0xEA, 0xBA, 0x95, 0x5D, 0x28, 0x2E, 0x20, 0x45, 0xA8, 0xD3, 0xD6, 0x60, 0x3F,
    0xB3, 0xDD, 0xDC, 0xDB, 0xDA, 0xE3, 0xA0, 0x30, 0x32, 0x98, 0x5C, 0x0A, 0x2B, 0x12, 0x6C, 0x74,
    0x3D, 0x56, 0x45, 0x0B, 0x11, 0x05, 0x61, 0x86, 0x20, 0x00, 0x38, 0x55, 0x4B, 0x68, 0x6C, 0x66,
    0x2D, 0x3F, 0xA4, 0x35, 0x4C, 0x8C, 0x3D, 0x1F, 0xB1, 0x27, 0x1B, 0x00, 0x74, 0xBC, 0x2A, 0x00,
    0x0F, 0x3B, 0x56, 0x64, 0x6F, 0x69, 0x45, 0x2A, 0x19, 0x06, 0x00, 0x00, 0x01, 0x00, 0x14, 0x09,
    0x2D, 0x79, 0x5A, 0x51, 0x0D, 0x05, 0x36, 0x26, 0x0A, 0x11, 0x06, 0x09, 0x52, 0x63, 0x26, 0x15,
    0x20, 0x64, 0x7B, 0x56, 0x35, 0x2D, 0x68, 0x5A, 0x37, 0x15, 0x62, 0xDE, 0xE9, 0xE2, 0xDC, 0xDE,
    0xDD, 0xDD, 0xE3, 0xE0, 0x5A, 0xA0, 0xFF, 0x7E, 0x4C, 0x3E, 0x21, 0x24, 0x10, 0x1E, 0x62, 0x8D,
    0xDF, 0xA6, 0x6F, 0xCC, 0xDE, 0xCC, 0x4E, 0xD4, 0xDE, 0x42, 0xCC, 0xCD, 0x46, 0x00, 0x60, 0xF8,
    0xFF, 0xFC, 0xFF, 0xFE, 0xFF, 0xFE, 0xFE, 0xFF, 0xFE, 0xFF, 0xFE, 0xFE, 0xFE, 0xFE, 0xFE, 0xFE,
    0xFF, 0xFE, 0xFE, 0xFE, 0xFF, 0xFF, 0x2B, 0x0F, 0x1F, 0x46, 0x5F, 0x62, 0x62, 0x53, 0x32, 0x0F,
    0x00, 0x07, 0x32, 0x7C, 0xCF, 0xFD, 0xFF, 0xFF, 0xFC, 0xFC, 0xFE, 0xFE, 0xFB, 0xFF, 0xF1, 0x4F,
    0x00, 0x3B, 0xBA, 0xAA, 0xD2, 0xD4, 0xAE, 0xF0, 0xD1, 0xF4, 0xC0, 0xFB, 0xE5, 0xED, 0xBD, 0x7C,
    0x5F, 0x67, 0x97, 0xFE, 0xFF, 0x81, 0x49, 0xBB, 0xB7, 0xDE, 0xDD, 0xDC, 0xE7, 0xAB, 0x20, 0x61,
    0x53, 0x6D, 0x8B, 0x7C, 0x2E, 0x0D, 0x2C, 0x95, 0xD6, 0x70, 0x24, 0x2A, 0x43, 0x47, 0x57, 0x52,
    0x67, 0x62, 0x33, 0x1B, 0x0E, 0x00, 0x1B, 0x5B, 0x74, 0x74, 0x61, 0x66, 0x4A, 0x27, 0x2C, 0x00,
    0x37, 0x1A, 0x1B, 0x2F, 0x05, 0x02, 0x35, 0x7B, 0x8D, 0x86, 0x7A, 0x67, 0x7F, 0x9B, 0x9C, 0x9D,
    0x9E, 0xA2, 0x9E, 0x99, 0x64, 0x16, 0x05, 0x8A, 0x58, 0x23, 0x37, 0xCF, 0xE5, 0x78, 0x10, 0x00,
    0x02, 0x00, 0x00, 0x00, 0x02, 0x00, 0x0E, 0x0E, 0x03, 0x0C, 0x1F, 0x3A, 0x37, 0x1A, 0x01, 0x3F,
    0x6D, 0x70, 0x2C, 0x79, 0xE8, 0xDF, 0xDE, 0xDD, 0xDC, 0xDF, 0xDD, 0xAF, 0x84, 0x36, 0x9C, 0xCB,
    0xD8, 0x95, 0x44, 0x5C, 0x46, 0x63, 0xBA, 0xE1, 0xDE, 0xBD, 0xA2, 0xFD, 0xFA, 0xAF, 0xAD, 0xFF,
    0x9E, 0x81, 0x89, 0x4A, 0x00, 0x7C, 0xFF, 0xFB, 0xFC, 0xFE, 0xFF, 0xFF, 0xFF, 0xFF, 0xFE, 0xFD,
    0xFC, 0xFB, 0xFA, 0xFD, 0xFE, 0xFE, 0xFD, 0xFC, 0xFB, 0xFC, 0xFD, 0xFE, 0xFF, 0xFE, 0x7E, 0xC6,
    0xF6, 0xFF, 0xFF, 0xFF, 0xFF, 0xFF, 0xFD, 0xE3, 0xAF, 0x70, 0x2F, 0x09, 0x08, 0x40, 0x9B, 0xED,
    0xFF, 0xFE, 0xFB, 0xFC, 0xFE, 0xFC, 0xFD, 0xFF, 0x76, 0x00, 0x29, 0x89, 0xC7, 0xD8, 0xD9, 0xB6,
    0xE1, 0xFF, 0xD6, 0xCF, 0xF8, 0xFE, 0xFF, 0xBC, 0x9B, 0xD5, 0xB9, 0xE6, 0x9C, 0x79, 0xEE, 0xD8,
    0xC0, 0xE0, 0xDE, 0xDD, 0xE8, 0x6E, 0x77, 0x75, 0xC0, 0xEC, 0xB7, 0x80, 0x8F, 0x7B, 0x13, 0x1A,
    0xAC, 0x38, 0x1F, 0x71, 0x71, 0x67, 0x6B, 0x1E, 0x08, 0x4B, 0x72, 0x70, 0x57, 0x49, 0x2E, 0x34,
    0x34, 0x14, 0x19, 0x08, 0x3B, 0x26, 0x00, 0x04, 0x01, 0x00, 0x00, 0x01, 0x3B, 0x7D, 0x88, 0x60,
    0x38, 0x2D, 0x3E, 0x2D, 0x35, 0x2F, 0x10, 0x17, 0x15, 0x0E, 0x1E, 0x5A, 0x74, 0x7B, 0x59, 0x15,
    0x3F, 0x31, 0x00, 0x16, 0x8C, 0xEC, 0xAE, 0x14, 0x14, 0x66, 0x76, 0x5D, 0x34, 0x08, 0x00, 0x13,
    0x16, 0x00, 0x07, 0x68, 0x67, 0x60, 0x51, 0x00, 0x98, 0xAF, 0x70, 0x27, 0x7B, 0xEE, 0xDA, 0xDE,
    0xE1, 0xE7, 0xBE, 0xC0, 0xB6, 0x9D, 0x31, 0xC0, 0xFF, 0xBB, 0x65, 0x88, 0x86, 0xAF, 0xF4, 0xE4,
    0xC3, 0xC4, 0xF3, 0xFF, 0xBE, 0x9F, 0xEF, 0xBF, 0x99, 0x75, 0x2F, 0x27, 0x8C, 0xFF, 0xFB, 0xFC,
    0xFE, 0xFE, 0xFE, 0xFE, 0xFD, 0xFB, 0xFE, 0xFF, 0xFF, 0xFF, 0xFF, 0xFF, 0xFF, 0xFF, 0xFF, 0xFF,
    0xFF, 0xFF, 0xFF, 0xFE, 0xFB, 0xFC, 0xFE, 0xFF, 0xFF, 0xFE, 0xFC, 0xFB, 0xFB, 0xFD, 0xFF, 0xFF,
    0xFF, 0xFF, 0xF9, 0xC5, 0x73, 0x20, 0x00, 0x21, 0x83, 0xE4, 0xFF, 0xFE, 0xFC, 0xFD, 0xFC, 0xFB,
    0xFF, 0x92, 0x0C, 0x13, 0x91, 0xA0, 0xB1, 0xAC, 0x86, 0xB0, 0xC1, 0xBD, 0xE9, 0xFF, 0xF9, 0xAB,
    0xF4, 0xFF, 0xF5, 0xA8, 0x43, 0xD1, 0xDB, 0xD4, 0xC9, 0xC7, 0xCF, 0xE0, 0xE3, 0x9D, 0x84, 0x2E,
    0xD1, 0xEB, 0xE6, 0xE1, 0xA1, 0x55, 0x92, 0x62, 0x0D, 0x27, 0x7B, 0x5A, 0x9A, 0x8B, 0x1D, 0x29,
    0x60, 0x6A, 0x47, 0x27, 0x3A, 0x6D, 0x76, 0x5B, 0x38, 0x2D, 0x5B, 0x3A, 0x00, 0x01, 0x00, 0x00,
    0x00, 0x0D, 0x3E, 0x80, 0x8B, 0x66, 0x4C, 0x23, 0x11, 0x10, 0x23, 0x3C, 0x49, 0x4A, 0x21, 0x0A,
    0x32, 0x57, 0x31, 0x0F, 0x12, 0x38, 0x7E, 0x47, 0x00, 0x1A, 0x58, 0x15, 0x29, 0x2D, 0xC0, 0x9B,
    0x1C, 0x64, 0x8E, 0xA3, 0xB5, 0xA9, 0x7B, 0x18, 0x45, 0x85, 0x32, 0x30, 0xDB, 0x95, 0x92, 0x5F,
    0x52, 0xFF, 0xA3, 0x87, 0x43, 0xE2, 0xEE, 0xE9, 0xE6, 0xD4, 0xCC, 0xD0, 0xAF, 0xB7, 0x8E, 0x42,
    0xB1, 0xC3, 0xCD, 0xE5, 0xC0, 0xF3, 0xFF, 0xF0, 0x90, 0xD8, 0xCF, 0xD3, 0xA4, 0xD4, 0xA7, 0xC6,
    0x75, 0x2F, 0x2B, 0xA4, 0xFF, 0xFB, 0xFD, 0xFE, 0xFE, 0xFD, 0xFA, 0xFD, 0xFF, 0xFF, 0xFC, 0xEE,
    0xC8, 0xA0, 0x80, 0x6E, 0x6A, 0x6A, 0x7D, 0x88, 0x96, 0xB5, 0xE2, 0xFC, 0xFF, 0xFF, 0xFC, 0xFC,
    0xFE, 0xFE, 0xFE, 0xFE, 0xFE, 0xFE, 0xFD, 0xFD, 0xFA, 0xFB, 0xFF, 0xFE, 0xFF, 0xF5, 0xB0, 0x49,
    0x04, 0x11, 0x78, 0xE3, 0xFF, 0xFC, 0xFB, 0xFD, 0xFA, 0xFF, 0xB6, 0x16, 0x16, 0x7D, 0x40, 0x68,
    0x53, 0x86, 0x89, 0xAA, 0xF4, 0xFF, 0xF7, 0xC4, 0xFC, 0xFE, 0x8C, 0x3C, 0x8C, 0xD5, 0xC7, 0xD2,
    0xDC, 0xE6, 0xD8, 0xD5, 0xE0, 0xB7, 0x87, 0x60, 0x3F, 0xA0, 0xE0, 0xF1, 0xDF, 0x53, 0x46, 0x4C,
    0x51, 0x5A, 0x8B, 0x07, 0x68, 0x3F, 0x62, 0x61, 0x01, 0x1C, 0x2F, 0x3B, 0x5D, 0x57, 0x3B, 0x2F,
    0x58, 0x5A, 0x43, 0x37, 0x3C, 0x53, 0x57, 0x51, 0x7C, 0x87, 0x8B, 0x88, 0x3A, 0x23, 0x08, 0x00,
    0x00, 0x1C, 0x5F, 0x41, 0x30, 0x40, 0x4E, 0x5E, 0x36, 0x1C, 0x60, 0x81, 0x46, 0x54, 0x36, 0x8F,
    0x2F, 0x06, 0x43, 0x40, 0x01, 0x06, 0x24, 0xDD, 0x42, 0x1F, 0x9E, 0x53, 0x42, 0x55, 0x8E, 0xB5,
    0x21, 0x5F, 0xDF, 0x30, 0x6F, 0x7B, 0x09, 0x62, 0x40, 0xD7, 0xBD, 0x37, 0x3E, 0xAF, 0x90, 0x75,
    0x49, 0x3B, 0x3E, 0x34, 0x16, 0x0F, 0x17, 0x1F, 0x29, 0xBD, 0xFF, 0xEE, 0xDC, 0xFF, 0xFE, 0xF9,
    0xD0, 0x9B, 0x84, 0x62, 0x5A, 0x58, 0x48, 0x91, 0x16, 0x33, 0xC5, 0xFF, 0xFB, 0xFE, 0xFE, 0xFD,
    0xFB, 0xFE, 0xFF, 0xFD, 0xD3, 0x8B, 0x5D, 0x3B, 0x34, 0x3D, 0x39, 0x50, 0x5C, 0x57, 0x54, 0x50,
    0x41, 0x31, 0x31, 0x48, 0x7B, 0xC9, 0xFE, 0xFF, 0xFF, 0xFE, 0xFE, 0xFE, 0xFE, 0xFC, 0xFB, 0xFA,
    0xFE, 0xFF, 0xFF, 0xFD, 0xFB, 0xFE, 0xFF, 0xFE, 0xC3, 0x53, 0x01, 0x19, 0x8E, 0xF2, 0xFF, 0xFA,
    0xFD, 0xFB, 0xFF, 0xD5, 0x28, 0x22, 0x77, 0x62, 0x77, 0x77, 0xC7, 0x71, 0xE8, 0xFF, 0xF4, 0xB8,
    0xCB, 0x68, 0x5B, 0xD1, 0xC7, 0xA9, 0xAB, 0xB7, 0xBC, 0xE5, 0xEB, 0xED, 0xE5, 0xE5, 0xAD, 0x76,
    0x67, 0x4A, 0x64, 0xA5, 0xD1, 0x7F, 0x8B, 0x0A, 0x15, 0x31, 0xA0, 0x07, 0x33, 0x24, 0x8B, 0x1A,
    0x6C, 0x91, 0x9D, 0xAB, 0x57, 0x10, 0x53, 0x45, 0x22, 0x1A, 0x46, 0x72, 0x5E, 0x60, 0x5E, 0x61,
    0x45, 0x30, 0x77, 0x35, 0x80, 0x8E, 0x7A, 0x70, 0x6C, 0x69, 0x48, 0x27, 0x16, 0x02, 0x03, 0x29,
    0x29, 0x08, 0x01, 0x04, 0x09, 0x0E, 0x15, 0x7C, 0x86, 0x00, 0x38, 0x64, 0x00, 0x1C, 0x01, 0xBB,
    0x6D, 0x21, 0x86, 0x0C, 0x64, 0x83, 0x2A, 0x50, 0xB2, 0x0E, 0x55, 0xCC, 0x20, 0x10, 0x50, 0x1E,
    0x1D, 0x1A, 0x1B, 0x0A, 0x28, 0x5B, 0x3F, 0x4B, 0x45, 0x48, 0x4A, 0x49, 0x44, 0x42, 0x36, 0x39,
    0x2C, 0x17, 0x68, 0xC4, 0xEF, 0xFB, 0xFF, 0xF2, 0xB4, 0x8C, 0xCF, 0x63, 0x8C, 0x58, 0x7E, 0x23,
    0x2B, 0xDB, 0xFF, 0xFB, 0xFE, 0xFD, 0xFB, 0xFD, 0xFF, 0xF0, 0xA4, 0x5F, 0x33, 0x30, 0x4C, 0x75,
    0x9B, 0xB2, 0xC9, 0xDB, 0xE4, 0xE7, 0xE4, 0xDE, 0xC9, 0x9A, 0x76, 0x30, 0x00, 0x0D, 0xFF, 0xFF,
    0xFE, 0xFE, 0xFD, 0xFB, 0xFE, 0xFF, 0xFF, 0xFF, 0xFC, 0xF2, 0xF0, 0xF4, 0xFE, 0xFF, 0xFF, 0xFF,
    0xFE, 0xFF, 0xC5, 0x42, 0x02, 0x41, 0xC9, 0xFF, 0xFC, 0xFD, 0xFC, 0xFF, 0xF0, 0x48, 0x28, 0x5B,
    0x71, 0x5F, 0x9E, 0x90, 0xA1, 0xFE, 0xBA, 0xC2, 0x69, 0x4F, 0xEF, 0xDE, 0xBB, 0xB1, 0xB3, 0xB6,
    0xAB, 0xCD, 0xC1, 0xB2, 0x94, 0x61, 0x4E, 0x4F, 0x38, 0x45, 0x51, 0x34, 0x36, 0x47, 0x93, 0x61,
    0x1D, 0x08, 0x8E, 0x5E, 0x00, 0x3B, 0x9C, 0x06, 0x4B, 0x69, 0x83, 0x7F, 0x25, 0x67, 0x33, 0x20,
    0x25, 0x20, 0xB4, 0x3D, 0x00, 0x19, 0x04, 0x24, 0x1A, 0x00, 0xAB, 0x73, 0x12, 0x53, 0x53, 0x6C,
    0x62, 0x71, 0x83, 0x84, 0x89, 0x89, 0x37, 0x13, 0x33, 0x28, 0x0C, 0x0E, 0x23, 0x10, 0x00, 0xB3,
    0x89, 0x00, 0x70, 0x46, 0x1F, 0x19, 0x28, 0xD8, 0x32, 0x00, 0x0D, 0x5B, 0x83, 0x46, 0x4A, 0x1F,
    0x8B, 0x2C, 0x27, 0xC6, 0x50, 0x6C, 0x37, 0x35, 0x1E, 0x06, 0x01, 0x22, 0x3B, 0x4D, 0x6A, 0x8C,
    0x91, 0x93, 0x9F, 0xA0, 0x8C, 0x85, 0x73, 0x7E, 0x89, 0x83, 0x4E, 0x25, 0x90, 0xCF, 0xFF, 0xD8,
    0x8F, 0xA7, 0x90, 0x66, 0x7D, 0x5B, 0x3F, 0x00, 0xC5, 0xFF, 0xFA, 0xFF, 0xFC, 0xFD, 0xFF, 0xED,
    0x97, 0x49, 0x2D, 0x34, 0x65, 0xB4, 0xE7, 0xFE, 0xFF, 0xFF, 0xFF, 0xFF, 0xFF, 0xFF, 0xFF, 0xFF,
    0xFF, 0xFE, 0xFF, 0xF4, 0xB2, 0x50, 0xFE, 0xFF, 0xFD, 0xFC, 0xFF, 0xFF, 0xF7, 0xC5, 0x89, 0x70,
    0x5B, 0x52, 0x56, 0x59, 0x5A, 0x67, 0x87, 0xBB, 0xEA, 0xFF, 0xFF, 0xFA, 0x8F, 0x0F, 0x17, 0x97,
    0xFD, 0xFD, 0xFD, 0xFC, 0xFD, 0xFF, 0x5D, 0x38, 0x61, 0x5A, 0x51, 0x82, 0x7E, 0xDB, 0xB3, 0x8E,
    0x40, 0xDF, 0xE4, 0xD4, 0xBC, 0xA1, 0x98, 0x82, 0x5B, 0x3B, 0x23, 0x1D, 0x22, 0x2E, 0x35, 0x3D,
    0x37, 0x2E, 0x27, 0x21, 0x18, 0x14, 0x19, 0x9F, 0x6E, 0x25, 0x12, 0x9A, 0x6E, 0x0B, 0x8E, 0x52,
    0x17, 0x40, 0x5B, 0x30, 0x66, 0x45, 0x13, 0x1D, 0x88, 0x56, 0xA5, 0x47, 0x28, 0x26, 0x0B, 0x00,
    0x25, 0x67, 0x44, 0xCC, 0x47, 0x00, 0x34, 0x4D, 0x38, 0x51, 0x48, 0x16, 0x0B, 0x25, 0xA3, 0x62,
    0x22, 0x1D, 0x00, 0x0E, 0x2E, 0x09, 0x48, 0xEB, 0x33, 0x26, 0x6A, 0x0B, 0x0C, 0x2C, 0xD6, 0x66,
    0x1F, 0x5C, 0x60, 0x52, 0x32, 0x0E, 0x1A, 0x2D, 0x83, 0x38, 0x7B, 0x65, 0x0C, 0x05, 0x1C, 0x66,
    0x68, 0x49, 0x6C, 0x56, 0x5A, 0x5F, 0x81, 0xD0, 0xD3, 0xDB, 0xDD, 0xDF, 0xB3, 0xAD, 0x7C, 0x98,
    0xBB, 0xAB, 0xA9, 0x5C, 0x2D, 0x8B, 0xBB, 0xD8, 0x82, 0xB1, 0x54, 0x83, 0x5D, 0x44, 0x03, 0x5F,
    0xFF, 0xFC, 0xFE, 0xFB, 0xFF, 0xEA, 0x8E, 0x43, 0x33, 0x3F, 0x69, 0xBB, 0xFA, 0xFF, 0xFF, 0xFE,
    0xFB, 0xFB, 0xFB, 0xFD, 0xFD, 0xFE, 0xFD, 0xFD, 0xFC, 0xFB, 0xFE, 0xFF, 0xFF, 0xFC, 0xFD, 0xFC,
    0xFE, 0xFF, 0xDC, 0x86, 0x42, 0x16, 0x2A, 0x48, 0x65, 0x6B, 0x6E, 0x6B, 0x59, 0x4B, 0x3F, 0x3F,
    0x4B, 0x6E, 0xB8, 0xF6, 0xFF, 0xC1, 0x2D, 0x09, 0x62, 0xEF, 0xFF, 0xFC, 0xFB, 0xFF, 0xF0, 0x31,
    0x6B, 0xC5, 0x9A, 0xA5, 0xF6, 0xE8, 0xAB, 0x2F, 0x69, 0xFA, 0xE0, 0xA3, 0x66, 0x51, 0x29, 0x14,
    0x1F, 0x3A, 0x56, 0x6E, 0x74, 0x7A, 0x8F, 0x9B, 0xAA, 0xB1, 0x9E, 0x7F, 0x65, 0x36, 0x0A, 0x0A,
    0x5B, 0x74, 0x43, 0x1E, 0x5C, 0x68, 0x41, 0x70, 0x48, 0x21, 0x20, 0x08, 0x7C, 0x37, 0x09, 0x01,
    0x16, 0x62, 0x54, 0x3D, 0x30, 0x16, 0x00, 0x43, 0x8E, 0x4C, 0x13, 0x43, 0xB9, 0x5D, 0x0F, 0x00,
    0x15, 0x5D, 0x63, 0x24, 0x0D, 0x01, 0x09, 0x94, 0x5A, 0x2B, 0x22, 0x20, 0x08, 0x63, 0xC5, 0x57,
    0x0F, 0x36, 0x0F, 0x01, 0x1D, 0xA1, 0x55, 0x00, 0x16, 0x1C, 0x20, 0x2F, 0x33, 0x18, 0x1E, 0x6C,
    0x2E, 0x16, 0x09, 0x02, 0x32, 0x8B, 0xBC, 0xAC, 0x8A, 0x81, 0x5A, 0x0D, 0x96, 0x77, 0xA0, 0xF1,
    0xE0, 0xE2, 0xE3, 0xE5, 0xBD, 0xB4, 0x7F, 0xA3, 0xE3, 0xDB, 0xE1, 0xF4, 0x5F, 0x4B, 0xCB, 0xFF,
    0x94, 0x7C, 0x54, 0x96, 0x62, 0x1A, 0x71, 0xE3, 0xFF, 0xFC, 0xFB, 0xFF, 0xCC, 0x4A, 0x29, 0x38,
    0x6C, 0xBF, 0xFB, 0xFF, 0xFE, 0xFA, 0xFD, 0xFE, 0xFE, 0xFE, 0xFE, 0xFE, 0xFF, 0xFF, 0xFF, 0xFF,
    0xFF, 0xFE, 0xFF, 0xFE, 0xFB, 0xFE, 0xFD, 0xFF, 0xD7, 0x70, 0x3B, 0x1E, 0x18, 0x44, 0x82, 0x97,
    0xB3, 0xBE, 0xC4, 0xC1, 0xAF, 0x8F, 0x78, 0x67, 0x68, 0x61, 0x4C, 0x54, 0xA5, 0xFD, 0xEA, 0x55,
    0x00, 0x4A, 0xEC, 0xFF, 0xFB, 0xFE, 0xF3, 0x4B, 0x68, 0xA4, 0xD5, 0xCE, 0xFF, 0xD7, 0x85, 0x57,
    0x4E, 0x9C, 0x86, 0x7B, 0x5E, 0x3C, 0x3E, 0x57, 0x71, 0x7F, 0x8A, 0xA1, 0xB5, 0xBD, 0xD8, 0xE8,
    0xC7, 0x82, 0x3A, 0x14, 0x00, 0x05, 0x21, 0x25, 0x1A, 0x22, 0x26, 0x26, 0x1A, 0x28, 0x53, 0x1F,
    0x1C, 0x4C, 0x5C, 0x6D, 0x4A, 0x70, 0x10, 0x54, 0xA5, 0x33, 0x07, 0x00, 0x03, 0x18, 0x7E, 0x7D,
    0x04, 0x08, 0x1A, 0x24, 0x1F, 0x6E, 0x9F, 0x69, 0x24, 0x04, 0x01, 0x1D, 0x58, 0x83, 0x23, 0x32,
    0x6B, 0x00, 0x5C, 0x6B, 0x8E, 0x78, 0x22, 0x06, 0x07, 0x18, 0x32, 0x63, 0x87, 0x62, 0x5D, 0x2C,
    0x0C, 0x00, 0x03, 0x06, 0x00, 0x00, 0x15, 0x08, 0x0A, 0x2E, 0x5A, 0x78, 0x6C, 0x52, 0x38, 0x25,
    0x22, 0x22, 0x30, 0x65, 0x73, 0x8F, 0xDF, 0xDC, 0xDC, 0xDD, 0xDE, 0xE0, 0xC9, 0xBF, 0x87, 0xA0,
    0xD7, 0xC5, 0xD3, 0xEB, 0x4A, 0x44, 0x9B, 0xFC, 0xFF, 0xD6, 0xE1, 0xF7, 0xA2, 0x33, 0xFD, 0xFE,
    0xFC, 0xFB, 0xFF, 0x9B, 0x2E, 0x3A, 0x59, 0xAE, 0xFA, 0xFF, 0xFD, 0xFC, 0xFE, 0xFE, 0xFE, 0xFD,
    0xFD, 0xFE, 0xFD, 0xFE, 0xFE, 0xFF, 0xFE, 0xFF, 0xFF, 0xFE, 0xFE, 0xFF, 0xFE, 0xFE, 0xF6, 0x82,
    0x39, 0x51, 0x5F, 0x75, 0xBF, 0xF4, 0xFF, 0xFE, 0xFF, 0xFF, 0xFF, 0xFF, 0xFF, 0xFF, 0xFE, 0xDD,
    0xA5, 0x75, 0x6B, 0x78, 0x69, 0x5A, 0xC4, 0xFF, 0x6C, 0x00, 0x43, 0xEE, 0xFF, 0xFC, 0xFA, 0x54,
    0xB7, 0xD5, 0xF8, 0xD3, 0xE7, 0xE8, 0xA6, 0x70, 0x2C, 0x8B, 0x91, 0x6E, 0x60, 0x69, 0x6D, 0x89,
    0x9B, 0xD5, 0xDF, 0xE7, 0xE6, 0xE6, 0xDF, 0x76, 0x22, 0x05, 0x19, 0x27, 0x33, 0x3E, 0x42, 0x40,
    0x48, 0x4E, 0x4F, 0x4C, 0x60, 0x4A, 0x3B, 0x71, 0x89, 0xBA, 0x9A, 0x53, 0x84, 0x68, 0x53, 0x6C,
    0xA4, 0x2C, 0x58, 0x8B, 0x9E, 0xAC, 0x54, 0x05, 0x66, 0x39, 0x04, 0x00, 0x02, 0x00, 0x05, 0x27,
    0x41, 0x6B, 0x83, 0x7E, 0x52, 0x27, 0x1E, 0x22, 0x7F, 0x1B, 0x18, 0x09, 0x08, 0x00, 0x03, 0x24,
    0x39, 0x53, 0x82, 0x6E, 0x0B, 0x58, 0x79, 0x8C, 0x77, 0x51, 0x4C, 0x48, 0x49, 0x47, 0x57, 0x68,
    0x77, 0x65, 0x3E, 0x16, 0x0A, 0x15, 0x27, 0x3C, 0x67, 0x7F, 0x8A, 0x9D, 0xC3, 0xE9, 0xDC, 0xDB,
    0xDB, 0xDB, 0xDB, 0xE0, 0xCB, 0xC4, 0x98, 0xA6, 0xD6, 0xC4, 0xD8, 0xE8, 0x2B, 0x1E, 0x3E, 0xB0,
    0xD2, 0xB8, 0xBA, 0x91, 0x28, 0x37, 0xFC, 0xFC, 0xFB, 0xFF, 0x83, 0x25, 0x3C, 0x88, 0xF0, 0xFF,
    0xFD, 0xFA, 0xFB, 0xFB, 0xFC, 0xFE, 0xFF, 0xFF, 0xFF, 0xFF, 0xFF, 0xFF, 0xFD, 0xFC, 0xFC, 0xFD,
    0xFE, 0xFE, 0xFF, 0xFF, 0xFE, 0xFE, 0x54, 0x55, 0x74, 0x7C, 0xC4, 0xFE, 0xFF, 0xFF, 0xFE, 0xFC,
    0xFB, 0xFC, 0xFC, 0xFB, 0xFB, 0xFC, 0xFE, 0xFF, 0xFF, 0xFC, 0xC8, 0x85, 0x86, 0x7E, 0x39, 0x80,
    0xFF, 0x77, 0x00, 0x4D, 0xF3, 0xFB, 0xFF, 0x8D, 0x58, 0xCF, 0xF0, 0xED, 0xCF, 0xF7, 0x92, 0x77,
    0x25, 0x5D, 0x59, 0x6F, 0x81, 0xA3, 0xB0, 0xC5, 0xB2, 0xDC, 0xDA, 0xD9, 0xD9, 0xE7, 0x5D, 0x0A,
    0x3F, 0x4E, 0x50, 0x5C, 0x74, 0x86, 0x8A, 0x8F, 0x98, 0xA7, 0xB5, 0xB8, 0xA0, 0x87, 0x44, 0x24,
    0x43, 0x97, 0xA7, 0x6D, 0xAA, 0x7C, 0x28, 0x4C, 0x47, 0x35, 0x42, 0x43, 0x49, 0x1A, 0x41, 0x27,
    0x22, 0x6A, 0x6B, 0x48, 0x29, 0x1D, 0x18, 0x0E, 0x1F, 0x33, 0x25, 0x23, 0x4B, 0x7B, 0x30, 0x42,
    0x58, 0x59, 0x99, 0x50, 0x14, 0x3A, 0x3F, 0x51, 0x36, 0x2A, 0x3A, 0x1D, 0x39, 0x74, 0x47, 0x6C,
    0x78, 0x7D, 0x60, 0x57, 0x67, 0x49, 0x62, 0x47, 0x3C, 0x42, 0x50, 0x62, 0x6D, 0x76, 0x85, 0x9E,
    0xAF, 0xCA, 0xDD, 0xE7, 0xE2, 0xDC, 0xE1, 0xE1, 0xE3, 0xE8, 0xE9, 0xE9, 0xDA, 0xB0, 0x88, 0xA7,
    0xD3, 0xCD, 0xD9, 0xEF, 0x4C, 0x14, 0x20, 0x39, 0x68, 0x64, 0x59, 0x4A, 0x09, 0x81, 0xFF, 0xF8,
    0xFF, 0x80, 0x1E, 0x46, 0xB3, 0xFF, 0xFC, 0xF9, 0xFE, 0xFF, 0xFF, 0xFF, 0xFF, 0xFE, 0xF6, 0xEF,
    0xEA, 0xEC, 0xF1, 0xF6, 0xFF, 0xFF, 0xFF, 0xFF, 0xFE, 0xFC, 0xFC, 0xFE, 0xFF, 0xFF, 0x88, 0x7E,
    0xA5, 0xF7, 0xFF, 0xFD, 0xFB, 0xFE, 0xFF, 0xFF, 0xFE, 0xFE, 0xFF, 0xFE, 0xFE, 0xFE, 0xFE, 0xFD,
    0xFB, 0xFD, 0xFF, 0xFF, 0xD8, 0x8A, 0x67, 0x3E, 0x4F, 0xED, 0x7C, 0x00, 0x65, 0xFE, 0xFF, 0xD9,
    0x35, 0xB3, 0xEE, 0xF8, 0xDB, 0xE1, 0x82, 0x91, 0x21, 0x7D, 0xAC, 0xCB, 0xD7, 0xCE, 0xBD, 0xCC,
    0xB8, 0xDC, 0xDB, 0xD9, 0xE3, 0xBF, 0x1B, 0x45, 0x43, 0x35, 0xA9, 0xD7, 0xE3, 0xE3, 0xE9, 0xEC,
    0xEE, 0xEE, 0xEB, 0xE9, 0xE9, 0xE6, 0xD4, 0x7C, 0x43, 0x2C, 0x21, 0x1C, 0x2A, 0x55, 0x4E, 0x30,
    0x1B, 0x36, 0x3B, 0x25, 0x28, 0x00, 0x36, 0x7A, 0x71, 0x43, 0x38, 0x45, 0x4B, 0x5A, 0x6A, 0x70,
    0x6B, 0x64, 0x60, 0x69, 0x50, 0x2D, 0x53, 0x6B, 0x22, 0x1F, 0x40, 0xE6, 0x8F, 0x17, 0x2C, 0x18,
    0x01, 0x08, 0x29, 0x46, 0x5B, 0x48, 0x5F, 0x58, 0x4F, 0x2C, 0x00, 0x58, 0x3F, 0x61, 0x8D, 0x99,
    0xAA, 0xCF, 0xD0, 0xD1, 0xD6, 0xDD, 0xE0, 0xE6, 0xE8, 0xE3, 0xE5, 0xE9, 0xEF, 0xE8, 0xD7, 0xD3,
    0xC7, 0xAC, 0xB3, 0xC8, 0xE7, 0xB8, 0x7F, 0xAB, 0xE2, 0xDE, 0xE9, 0xDE, 0x35, 0x22, 0x2F, 0x47,
    0x55, 0x55, 0x55, 0x45, 0x1A, 0xC7, 0xFF, 0xFF, 0x9F, 0x0D, 0x47, 0xCE, 0xFF, 0xFB, 0xFF, 0xFF,
    0xFA, 0xDB, 0xB1, 0x84, 0x70, 0x5E, 0x53, 0x56, 0x5E, 0x5C, 0x58, 0x4C, 0x4C, 0x72, 0x9F, 0xD3,
    0xF8, 0xFF, 0xFF, 0xFE, 0xFC, 0xFD, 0x83, 0xD2, 0xFF, 0xFD, 0xFC, 0xFE, 0xFE, 0xFE, 0xFE, 0xFE,
    0xFE, 0xFE, 0xFE, 0xFE, 0xFE, 0xFD, 0xFE, 0xFE, 0xFE, 0xFE, 0xFC, 0xFC, 0xFF, 0xFF, 0xA9, 0x61,
    0x47, 0x37, 0xDE, 0x62, 0x00, 0x89, 0xFF, 0xFB, 0x3F, 0x7F, 0xF1, 0xFD, 0xDF, 0xE6, 0xA0, 0x91,
    0x29, 0x43, 0xE4, 0xF0, 0xC9, 0xB9, 0xC2, 0xDA, 0xD6, 0xDD, 0xDB, 0xD9, 0xE6, 0xB2, 0x52, 0x4F,
    0x01, 0x3C, 0xCE, 0xEC, 0xEA, 0xE0, 0xD9, 0xD9, 0xD9, 0xDA, 0xDA, 0xD9, 0xD8, 0xDC, 0xD2, 0xBD,
    0xBD, 0xA4, 0x6F, 0x5A, 0x34, 0x18, 0x1B, 0x23, 0x37, 0x22, 0x3E, 0x6D, 0x63, 0x28, 0x12, 0x27,
    0x30, 0x56, 0x67, 0x68, 0x5E, 0x5C, 0x51, 0x4B, 0x47, 0x47, 0x45, 0x29, 0x50, 0x66, 0x4F, 0x1D,
    0x1F, 0x1D, 0x00, 0x3C, 0xD1, 0x24, 0x06, 0x34, 0x33, 0x38, 0x2D, 0x0B, 0x00, 0x03, 0x04, 0x03,
    0x01, 0x14, 0x60, 0x7A, 0x65, 0xAE, 0xA0, 0xA2, 0xC0, 0xD4, 0xEE, 0xE6, 0xE3, 0xDF, 0xDE, 0xDC,
    0xE4, 0xE8, 0xD3, 0xA7, 0x68, 0x3C, 0x35, 0x31, 0x23, 0x08, 0x06, 0x18, 0x27, 0x3C, 0x46, 0x68,
    0x9B, 0x8D, 0x81, 0x40, 0x15, 0x54, 0x45, 0x4E, 0x43, 0x3D, 0x2B, 0x32, 0x55, 0xFD, 0xFF, 0xCF,
    0x19, 0x30, 0xD1, 0xFF, 0xFF, 0xF7, 0xBD, 0x72, 0x50, 0x52, 0x67, 0x81, 0x91, 0x94, 0x93, 0x93,
    0x92, 0x8E, 0x8A, 0x80, 0x32, 0x4A, 0x4C, 0x38, 0x4F, 0x86, 0xCA, 0xFA, 0xFF, 0xFE, 0xE7, 0xFF,
    0xFB, 0xFE, 0xFE, 0xFE, 0xFE, 0xFE, 0xFE, 0xFE, 0xFE, 0xFD, 0xFB, 0xFB, 0xFB, 0xFB, 0xFB, 0xFB,
    0xFC, 0xFD, 0xFE, 0xFE, 0xFD, 0xFC, 0xFF, 0xCA, 0x6C, 0x4F, 0x3C, 0xD4, 0x48, 0x06, 0xB5, 0xFF,
    0x5C, 0x57, 0xD5, 0xFB, 0xDF, 0xFF, 0xBD, 0x89, 0x4A, 0x17, 0x47, 0xD7, 0xDD, 0xD5, 0xE2, 0xE0,
    0xE2, 0xDF, 0xDE, 0xDC, 0xDF, 0xD5, 0x71, 0x55, 0x11, 0x05, 0x13, 0x59, 0x97, 0xD0, 0xEA, 0xEB,
    0xE8, 0xE4, 0xDE, 0xDC, 0xDD, 0xDE, 0xAE, 0xA0, 0xB9, 0x9B, 0xBE, 0xBB, 0x83, 0x66, 0x48, 0x43,
    0x32, 0x39, 0x1A, 0x41, 0x44, 0x4E, 0x47, 0x27, 0x09, 0x00, 0x15, 0x2C, 0x3F, 0x4C, 0x6E, 0x5F,
    0x5C, 0x75, 0x63, 0x45, 0x29, 0x23, 0x25, 0x21, 0x04, 0x03, 0x00, 0x57, 0xBE, 0x14, 0x24, 0x34,
    0x4D, 0x3B, 0x4D, 0x52, 0x4B, 0x4B, 0x54, 0x55, 0x5E, 0x69, 0x57, 0x68, 0x85, 0x7B, 0xA9, 0x80,
    0xA7, 0xA8, 0xD3, 0xDA, 0xDC, 0xDE, 0xDA, 0xDD, 0xB1, 0x5B, 0x19, 0x12, 0x37, 0x45, 0x3D, 0x3E,
    0x50, 0x65, 0x64, 0x63, 0x60, 0x53, 0x2E, 0x16, 0x21, 0x23, 0x0E, 0x00, 0x26, 0x6B, 0x70, 0xAB,
    0xB7, 0xA4, 0x96, 0x76, 0x77, 0xFF, 0xF0, 0x3E, 0x10, 0xC1, 0xFF, 0xEB, 0x96, 0x41, 0x36, 0x69,
    0x8C, 0xA2, 0x99, 0x94, 0x87, 0x8D, 0x9A, 0x9F, 0xA3, 0xA9, 0xA9, 0xA5, 0x94, 0x8B, 0x83, 0x59,
    0x31, 0x31, 0x3D, 0x55, 0x98, 0xEF, 0xFE, 0xFD, 0xFE, 0xFE, 0xFE, 0xFE, 0xFE, 0xFE, 0xFC, 0xFB,
    0xFE, 0xFF, 0xFF, 0xFF, 0xFF, 0xFF, 0xFF, 0xFF, 0xFF, 0xFF, 0xFE, 0xFB, 0xFB, 0xFC, 0xFA, 0xFF,
    0xDF, 0x73, 0x48, 0x50, 0xD1, 0x2E, 0x1D, 0xEF, 0x89, 0x5D, 0xB2, 0xDA, 0xE6, 0xFF, 0xE2, 0x87,
    0x52, 0x77, 0x7A, 0x67, 0xE2, 0xD2, 0xD9, 0xD7, 0xD7, 0xD9, 0xD8, 0xD8, 0xD6, 0xDC, 0xB1, 0x6F,
    0x3C, 0x1B, 0x0F, 0x1E, 0x44, 0x4F, 0x68, 0x9C, 0xBB, 0xD5, 0xE6, 0xE7, 0xEC, 0xC6, 0xB3, 0xA9,
    0x91, 0x85, 0xB8, 0x87, 0x61, 0x52, 0x34, 0x4B, 0x46, 0x38, 0x41, 0x07, 0x0E, 0x1C, 0x24, 0x3B,
    0x61, 0x22, 0x16, 0x31, 0x15, 0x5B, 0x2C, 0x00, 0x2A, 0x26, 0x1B, 0x28, 0x12, 0x19, 0x0E, 0x18,
    0x44, 0x5F, 0x5D, 0x94, 0x47, 0x00, 0x63, 0x38, 0x17, 0x1B, 0x37, 0x26, 0x44, 0x4B, 0x4B, 0x46,
    0x3A, 0x30, 0x36, 0x44, 0x46, 0x4F, 0x92, 0x79, 0x63, 0x82, 0x8F, 0xAD, 0x9A, 0x9B, 0xAB, 0x65,
    0x11, 0x00, 0x25, 0x68, 0x7D, 0x8D, 0xAA, 0xBD, 0xBE, 0xB3, 0x95, 0x76, 0x71, 0x84, 0x9F, 0x99,
    0x7B, 0x68, 0x78, 0x57, 0x43, 0x94, 0xAE, 0xBA, 0xFF, 0xDD, 0xB9, 0x7B, 0x82, 0xFF, 0x75, 0x00,
    0x9C, 0xFF, 0xA4, 0x46, 0x3C, 0x6B, 0x89, 0x80, 0x81, 0x96, 0xBB, 0xE1, 0xFC, 0xFF, 0xFF, 0xFF,
    0xFF, 0xFF, 0xFF, 0xFF, 0xFF, 0xFF, 0xEE, 0xCC, 0x96, 0x5D, 0x42, 0x56, 0x4C, 0x47, 0xFD, 0xFF,
    0xFE, 0xFE, 0xFE, 0xFC, 0xFB, 0xFF, 0xFF, 0xFF, 0xFB, 0xD6, 0xB6, 0xA0, 0x92, 0x94, 0xA2, 0xB3,
    0xC9, 0xE2, 0xFD, 0xFF, 0xFF, 0xFF, 0xFC, 0xF7, 0xFF, 0xE6, 0x7E, 0x4A, 0x60, 0xC3, 0x02, 0x5F,
    0x9C, 0x4B, 0xBB, 0xB0, 0xE9, 0xFF, 0xFB, 0xA5, 0x57, 0x28, 0xCB, 0x8E, 0x78, 0xA8, 0xB0, 0xCA,
    0xBD, 0xCD, 0xD9, 0xDC, 0xDE, 0xDB, 0xE3, 0xCC, 0x97, 0x67, 0x38, 0x1E, 0x54, 0x9A, 0x89, 0x53,
    0x3E, 0x48, 0x65, 0x95, 0xA4, 0x87, 0xAD, 0x94, 0x81, 0xA4, 0xB0, 0x4D, 0x37, 0x3B, 0x38, 0x30,
    0x2C, 0x1D, 0x37, 0x58, 0x0F, 0x19, 0x20, 0x0C, 0x21, 0x7E, 0x19, 0x0A, 0x47, 0x5D, 0x03, 0x2F,
    0x36, 0x0D, 0x17, 0x00, 0x27, 0x63, 0x75, 0x85, 0x73, 0x55, 0x37, 0x38, 0x18, 0x23, 0x65, 0x1B,
    0x20, 0x44, 0x2A, 0x32, 0x27, 0x1E, 0x21, 0x26, 0x38, 0x50, 0x51, 0x54, 0x7E, 0x8B, 0xAE, 0xD7,
    0x9B, 0xD6, 0xD2, 0xE4, 0xE2, 0xE6, 0x97, 0x28, 0x07, 0x49, 0x81, 0xB0, 0xDA, 0xEB, 0xEB, 0xE4,
    0xDC, 0xDA, 0xD8, 0xCA, 0xAD, 0x96, 0x83, 0x67, 0x37, 0x7E, 0x83, 0x1E, 0x5B, 0x96, 0xD7, 0xC6,
    0xEF, 0xC0, 0xD4, 0x63, 0x94, 0xDB, 0x00, 0x63, 0xE7, 0x66, 0x4B, 0x69, 0x60, 0x67, 0x93, 0xD5,
    0xFC, 0xFF, 0xF9, 0xD7, 0xB8, 0xAB, 0xB3, 0xBD, 0xCC, 0xE8, 0xFE, 0xFF, 0xFF, 0xFE, 0xFD, 0xFF,
    0xFF, 0xF9, 0xC6, 0x7F, 0x66, 0x73, 0xFE, 0xFE, 0xFF, 0xFD, 0xFC, 0xFE, 0xFF, 0xF3, 0xB8, 0x79,
    0x46, 0x3E, 0x23, 0x33, 0x5B, 0x61, 0x4C, 0x5C, 0x3D, 0x49, 0x42, 0x6A, 0x9B, 0xDA, 0xFF, 0xFF,
    0xFB, 0xFF, 0xE8, 0x5C, 0x01, 0x8F, 0x9F, 0x02, 0x58, 0x4A, 0xAB, 0xBA, 0xFE, 0xFE, 0xFD, 0xC7,
    0x78, 0x1A, 0x1B, 0x9F, 0x84, 0x6E, 0x77, 0x74, 0x60, 0x62, 0x73, 0x71, 0x72, 0x77, 0x7F, 0x8E,
    0x85, 0x5D, 0x78, 0x60, 0x21, 0x49, 0x7C, 0x76, 0x53, 0x36, 0x1F, 0x21, 0x2B, 0x3D, 0x47, 0x48,
    0x4B, 0x4E, 0x4A, 0x46, 0x43, 0x55, 0x48, 0x39, 0x2D, 0x31, 0x23, 0x44, 0x5B, 0x10, 0x1C, 0x37,
    0x0E, 0x5A, 0x48, 0x00, 0x77, 0x27, 0x11, 0x47, 0x18, 0x1E, 0x06, 0x3D, 0x74, 0x50, 0x39, 0x09,
    0x1A, 0x1D, 0x21, 0x5D, 0x1D, 0x4F, 0x2A, 0x14, 0x51, 0x20, 0x31, 0x31, 0x32, 0x32, 0x48, 0x4E,
    0x4C, 0x4E, 0x4A, 0x48, 0x4A, 0x45, 0x41, 0x50, 0x40, 0x4B, 0x4C, 0x4F, 0x62, 0x67, 0x3E, 0x15,
    0x4B, 0x52, 0x33, 0x58, 0x69, 0x95, 0x95, 0x87, 0x85, 0x83, 0x8B, 0xA4, 0xA8, 0x97, 0xB3, 0x6F,
    0x9D, 0x9A, 0x1C, 0x0F, 0x74, 0xA2, 0xED, 0xEF, 0xAF, 0xD9, 0xD9, 0x51, 0x97, 0x4E, 0x11, 0x97,
    0x4B, 0x51, 0x61, 0x68, 0xAA, 0xF2, 0xFF, 0xD4, 0x83, 0x55, 0x35, 0x1F, 0x1C, 0x26, 0x16, 0x16,
    0x19, 0x20, 0x38, 0x70, 0xB4, 0xF2, 0xFF, 0xFE, 0xFB, 0xFB, 0xFF, 0xFF, 0xCC, 0x78, 0xFF, 0xFE,
    0xFC, 0xFE, 0xFF, 0xE3, 0x85, 0x45, 0x44, 0x59, 0x4C, 0x46, 0x2F, 0x2A, 0x39, 0x33, 0x2B, 0x3F,
    0x35, 0x40, 0x2C, 0x2D, 0x1C, 0x1F, 0x57, 0xB8, 0xFB, 0xFD, 0xFF, 0xD0, 0x52, 0x25, 0xC0, 0x66,
    0x00, 0x3A, 0xA5, 0xB2, 0xF6, 0xFE, 0xFF, 0xD6, 0x94, 0x44, 0x78, 0x2F, 0x73, 0x82, 0x74, 0x77,
    0x80, 0x85, 0x84, 0x81, 0x80, 0x82, 0x83, 0x7E, 0x7D, 0x82, 0x86, 0x8F, 0x70, 0x2E, 0x1C, 0x51,
    0x85, 0x73, 0x5F, 0x60, 0x4E, 0x26, 0x4D, 0x39, 0x24, 0x46, 0x46, 0x24, 0x36, 0x49, 0x3A, 0x30,
    0x36, 0x2C, 0x35, 0x33, 0x66, 0x2E, 0x19, 0x3F, 0x24, 0x39, 0x4F, 0x04, 0x71, 0x0E, 0x2B, 0x3A,
    0x2E, 0x16, 0x44, 0x8C, 0x06, 0x4F, 0x42, 0x24, 0x2D, 0x27, 0x31, 0x33, 0x56, 0x47, 0x0D, 0x56,
    0x4D, 0x26, 0x34, 0x32, 0x37, 0x36, 0x31, 0x2D, 0x2B, 0x27, 0x28, 0x2B, 0x2D, 0x2B, 0x33, 0x41,
    0x47, 0x3E, 0x56, 0x40, 0x3F, 0x50, 0x28, 0x23, 0x73, 0x47, 0x63, 0x66, 0x77, 0x86, 0x85, 0x8B,
    0x91, 0x93, 0x93, 0x97, 0x93, 0x8A, 0x89, 0x9C, 0x7B, 0x14, 0x7D, 0x4B, 0x7A, 0xB4, 0xF8, 0xFF,
    0xAB, 0xE6, 0xCE, 0x45, 0x50, 0x05, 0x32, 0x46, 0x3D, 0x58, 0xAC, 0xF5, 0xFF, 0xC7, 0x42, 0x1A,
    0x33, 0x43, 0x4C, 0x43, 0x31, 0x3D, 0x26, 0x2F, 0x2B, 0x38, 0x36, 0x19, 0x09, 0x21, 0x74, 0xD2,
    0xFF, 0xFF, 0xFB, 0xF9, 0xFF, 0xF8, 0xFD, 0xFD, 0xFF, 0xE9, 0x79, 0x23, 0x3C, 0x5F, 0x69, 0x47,
    0x37, 0x5A, 0x85, 0xA6, 0xB8, 0xC5, 0xC6, 0xB6, 0xA2, 0x80, 0x60, 0x39, 0x2B, 0x21, 0x1D, 0x1E,
    0x4F, 0xC7, 0xFF, 0xFF, 0xA6, 0x39, 0x3F, 0xD3, 0x1F, 0x1C, 0x9C, 0xB0, 0xD8, 0xF1, 0xFF, 0xE6,
    0x9F, 0x5E, 0x82, 0xE4, 0x55, 0x57, 0x63, 0x63, 0x62, 0x54, 0x4A, 0x49, 0x49, 0x4C, 0x4F, 0x51,
    0x55, 0x5B, 0x5E, 0x4A, 0x7B, 0x78, 0x37, 0x2E, 0x45, 0x6A, 0x61, 0x5F, 0x28, 0x13, 0x26, 0x1D,
    0x36, 0x5C, 0x4A, 0x13, 0x1C, 0x21, 0x16, 0x13, 0x25, 0x38, 0x0E, 0x0E, 0x2C, 0x58, 0x04, 0x12,
    0x04, 0x35, 0x31, 0x16, 0x7A, 0x00, 0x2C, 0x1D, 0x08, 0x06, 0x90, 0x22, 0x1C, 0x68, 0x02, 0x0F,
    0x0B, 0x0A, 0x00, 0x52, 0x4A, 0x00, 0x04, 0x67, 0x15, 0x0D, 0x0D, 0x0A, 0x0D, 0x10, 0x11, 0x0A,
    0x07, 0x07, 0x07, 0x0B, 0x0D, 0x0D, 0x1B, 0x1D, 0x1E, 0x1D, 0x54, 0x4F, 0x12, 0x33, 0x1E, 0x60,
    0x27, 0x2F, 0x56, 0x4E, 0x49, 0x48, 0x46, 0x44, 0x33, 0x21, 0x21, 0x1F, 0x25, 0x2B, 0x25, 0x1D,
    0x43, 0xD4, 0xCD, 0x32, 0x8D, 0xC7, 0xFF, 0xFF, 0xBB, 0xEE, 0xC1, 0x2E, 0x02, 0x02, 0x2C, 0x4D,
    0x7C, 0xE9, 0xFF, 0xF0, 0x6E, 0x14, 0x2E, 0x40, 0x3C, 0x47, 0x57, 0x74, 0x8E, 0x95, 0x99, 0x88,
    0x66, 0x53, 0x45, 0x42, 0x42, 0x28, 0x14, 0x15, 0x48, 0xB3, 0xFC, 0xFF, 0xFA, 0xFB, 0xFF, 0xF8,
    0x8E, 0x23, 0x2E, 0x58, 0x5D, 0x54, 0x86, 0xC6, 0xEB, 0xFE, 0xFF, 0xFF, 0xFF, 0xFF, 0xFF, 0xFF,
    0xFF, 0xFF, 0xFF, 0xEE, 0xC4, 0x80, 0x4B, 0x2E, 0x2E, 0x15, 0x6A, 0xF0, 0xFB, 0x5E, 0x33, 0x77,
    0xA2, 0x04, 0x75, 0xC9, 0xEB, 0xD8, 0xFF, 0xF6, 0x99, 0x8D, 0x4C, 0xEF, 0xFF, 0xF6, 0xF6, 0xF9,
    0xF7, 0xF0, 0xEB, 0xEB, 0xEA, 0xEA, 0xEB, 0xED, 0xEF, 0xF1, 0xF1, 0xFB, 0xDF, 0x90, 0x6F, 0x30,
    0x3C, 0xDC, 0xFF, 0xEC, 0x2E, 0x2C, 0x1E, 0x12, 0xA8, 0xFF, 0xAD, 0x18, 0x22, 0x24, 0x0B, 0x18,
    0x27, 0x3B, 0x00, 0x01, 0x06, 0x5E, 0x08, 0x00, 0x00, 0x55, 0x34, 0x13, 0x66, 0x00, 0x36, 0x0F,
    0x00, 0x2F, 0x81, 0x00, 0x4F, 0x1A, 0x00, 0x01, 0x01, 0x00, 0x37, 0x54, 0x00, 0x00, 0x18, 0x5B,
    0x00, 0x01, 0x00, 0x00, 0x00, 0x00, 0x01, 0x01, 0x01, 0x01, 0x01, 0x0D, 0x08, 0x2F, 0x2D, 0x08,
    0x12, 0x6E, 0xF6, 0x3F, 0x18, 0x94, 0x30, 0x50, 0x11, 0xB9, 0xFB, 0xEE, 0xEE, 0xEE, 0xED, 0xEB,
    0xE3, 0xD7, 0xD7, 0xD9, 0xDF, 0xE1, 0xE0, 0xE1, 0xF7, 0xFF, 0x8D, 0x39, 0x97, 0xD9, 0xFF, 0xF0,
    0x8D, 0xDF, 0xA4, 0x16, 0x00, 0x32, 0x57, 0xA0, 0xFF, 0xFF, 0xBF, 0x2F, 0x0B, 0x2F, 0x3F, 0x76,
    0xBF, 0xED, 0xFF, 0xFF, 0xFF, 0xFF, 0xFF, 0xFF, 0xFF, 0xF8, 0xE3, 0xB6, 0x91, 0x63, 0x47, 0x3C,
    0x25, 0x07, 0x3D, 0xBC, 0xFF, 0xFE, 0xD2, 0x3F, 0x21, 0x5A, 0x49, 0x3D, 0x91, 0xEF, 0xFF, 0xFE,
    0xFF, 0xFD, 0xFB, 0xFC, 0xFC, 0xFC, 0xFB, 0xFB, 0xF9, 0xF7, 0xF8, 0xFD, 0xFF, 0xFF, 0xED, 0x9E,
    0x50, 0x46, 0x23, 0x28, 0xD4, 0xCE, 0x42, 0x3E, 0x87, 0x1F, 0x4B, 0xB5, 0xFA, 0xE0, 0xD2, 0xFF,
    0xA2, 0xAA, 0x54, 0xAA, 0xFF, 0xFC, 0xFF, 0xFF, 0xFF, 0xFF, 0xFF, 0xFF, 0xFF, 0xFF, 0xFF, 0xFF,
    0xFF, 0xFF, 0xFF, 0xFE, 0xFF, 0xE5, 0x8D, 0x6E, 0x25, 0x66, 0xFF, 0xE9, 0x20, 0x33, 0x40, 0x00,
    0x94, 0xFF, 0x8F, 0x23, 0x24, 0x24, 0x12, 0x15, 0x17, 0x37, 0x00, 0x04, 0x01, 0x4F, 0x1B, 0x00,
    0x00, 0x67, 0x1E, 0x0B, 0x69, 0x00, 0x3D, 0x0C, 0x00, 0x50, 0x5D, 0x0B, 0x38, 0x00, 0x01, 0x02,
    0x00, 0x2D, 0x5E, 0x03, 0x02, 0x00, 0x41, 0x58, 0x00, 0x03, 0x01, 0x02, 0x02, 0x00, 0x00, 0x04,
    0x0A, 0x0B, 0x12, 0x06, 0x38, 0x87, 0x18, 0x18, 0x33, 0xD5, 0x5F, 0x00, 0xB2, 0x64, 0x33, 0x2B,
    0x7C, 0xFF, 0xFF, 0xFE, 0xFF, 0xFF, 0xFF, 0xFF, 0xFF, 0xFF, 0xFF, 0xFF, 0xFF, 0xFF, 0xFF, 0xFF,
    0xFA, 0xFF, 0x4F, 0x54, 0xA6, 0xEB, 0xFF, 0xD5, 0xE7, 0xB9, 0x67, 0x00, 0x2A, 0x5B, 0x8F, 0xFF,
    0xFE, 0x86, 0x18, 0x21, 0x21, 0x70, 0xE4, 0xFF, 0xFE, 0xFF, 0xFF, 0xFF, 0xFF, 0xFF, 0xFF, 0xFF,
    0xFF, 0xFF, 0xFF, 0xFF, 0xFF, 0xFA, 0xBE, 0x5D, 0x34, 0x3F, 0x31, 0x09, 0x5B, 0xE6, 0x18, 0x37,
    0x5B, 0x29, 0x6D, 0xE6, 0xFF, 0xFD, 0xFB, 0xFC, 0xFE, 0xFE, 0xFE, 0xFE, 0xFD, 0xFB, 0xFE, 0xFF,
    0xFF, 0xFF, 0xFF, 0xFF, 0xFF, 0xFF, 0xFE, 0xFF, 0xEC, 0x6B, 0x3E, 0x39, 0x0E, 0xBA, 0x93, 0x40,
    0x49, 0x19, 0x45, 0x8C, 0xEA, 0xFF, 0xC7, 0xD1, 0xB2, 0xB2, 0x77, 0x5F, 0xFF, 0xFC, 0xFE, 0xFE,
    0xFE, 0xFD, 0xFD, 0xFD, 0xFD, 0xFD, 0xFD, 0xFD, 0xFD, 0xFD, 0xFE, 0xFE, 0xFC, 0xFF, 0xDE, 0x91,
    0x66, 0x0D, 0xC2, 0xEC, 0x26, 0x2E, 0x4C, 0x00, 0x75, 0xFF, 0x75, 0x3F, 0x28, 0x2A, 0x36, 0x06,
    0x12, 0x2F, 0x00, 0x02, 0x10, 0x37, 0x30, 0x00, 0x00, 0x79, 0x25, 0x00, 0x6A, 0x0F, 0x35, 0x0C,
    0x00, 0x5A, 0x5A, 0x1A, 0x15, 0x00, 0x01, 0x00, 0x0D, 0x6C, 0x24, 0x00, 0x04, 0x00, 0x48, 0x50,
    0x00, 0x03, 0x04, 0x02, 0x00, 0x03, 0x04, 0x04, 0x07, 0x08, 0x09, 0x06, 0x6A, 0x51, 0x0A, 0x32,
    0x7A, 0x89, 0x03, 0x85, 0xAE, 0x21, 0x51, 0x65, 0xDF, 0xFF, 0xFB, 0xFD, 0xFD, 0xFD, 0xFE, 0xFD,
    0xFD, 0xFD, 0xFD, 0xFD, 0xFD, 0xFC, 0xFD, 0xFB, 0xFF, 0xDD, 0x29, 0x6D, 0xBA, 0xFD, 0xE2, 0xD3,
    0xFF, 0x8E, 0x23, 0x15, 0x56, 0x71, 0xFE, 0xF6, 0x5C, 0x14, 0x2D, 0x41, 0xCF, 0xFF, 0xF8, 0xD2,
    0xA8, 0x8B, 0x79, 0x70, 0x6C, 0x6D, 0x6F, 0x78, 0x88, 0x99, 0xB2, 0xDE, 0xFA, 0xFF, 0xFF, 0xFD,
    0xB7, 0x46, 0x36, 0x68, 0x24, 0x1B, 0x49, 0x2D, 0x30, 0xBB, 0xFF, 0xFD, 0xFB, 0xFE, 0xFF, 0xFF,
    0xFF, 0xFE, 0xFC, 0xFD, 0xFF, 0xFF, 0xFD, 0xF0, 0xD2, 0xB0, 0x96, 0x86, 0x7E, 0x85, 0x9D, 0xC3,
    0xF1, 0xFF, 0x9A, 0x32, 0x36, 0x03, 0x8F, 0x6B, 0x57, 0x11, 0x53, 0x5E, 0xC4, 0xFF, 0xEC, 0xA8,
    0xE0, 0xB0, 0x99, 0x31, 0xD6, 0xFF, 0xFD, 0xFF, 0xFF, 0xFF, 0xFE, 0xFE, 0xFE, 0xFE, 0xFE, 0xFE,
    0xFF, 0xFF, 0xFE, 0xFE, 0xFE, 0xFC, 0xFF, 0xC9, 0x90, 0x30, 0x43, 0xED, 0x27, 0x85, 0x51, 0x2C,
    0x2E, 0xFF, 0x73, 0x43, 0x20, 0x2D, 0x2A, 0x00, 0x0C, 0x2B, 0x03, 0x00, 0x11, 0x26, 0x37, 0x00,
    0x0D, 0x60, 0x10, 0x00, 0x5F, 0x3A, 0x2F, 0x0D, 0x00, 0x55, 0x6A, 0x06, 0x04, 0x01, 0x01, 0x00,
    0x4D, 0x53, 0x03, 0x01, 0x02, 0x00, 0x48, 0x49, 0x00, 0x01, 0x16, 0x0C, 0x00, 0x0A, 0x24, 0x10,
    0x05, 0x08, 0x01, 0x22, 0x77, 0x11, 0x2F, 0x47, 0x74, 0x2A, 0x4F, 0xCF, 0x34, 0x58, 0x64, 0xB5,
    0xFF, 0xFC, 0xFE, 0xFE, 0xFF, 0xFE, 0xFF, 0xFE, 0xFF, 0xFE, 0xFF, 0xFF, 0xFE, 0xFE, 0xFE, 0xFC,
    0xFF, 0x92, 0x2A, 0x80, 0xD6, 0xF7, 0xBF, 0xFA, 0xD7, 0x5E, 0x1C, 0x54, 0x4F, 0xE0, 0xFE, 0x54,
    0x08, 0x22, 0x67, 0xFC, 0xD7, 0x79, 0x38, 0x03, 0x02, 0x15, 0x3E, 0x5A, 0x5D, 0x53, 0x47, 0x42,
    0x3D, 0x38, 0x26, 0x23, 0x4C, 0x84, 0xC5, 0xF7, 0xFF, 0xFD, 0x9F, 0x37, 0x4C, 0x48, 0x28, 0x53,
    0xEB, 0xFF, 0xFB, 0xFC, 0xFF, 0xFE, 0xFF, 0xFE, 0xFC, 0xFE, 0xFF, 0xFA, 0xD4, 0x9A, 0x67, 0x33,
    0x20, 0x1F, 0x2B, 0x41, 0x4C, 0x51, 0x4C, 0x39, 0x35, 0x67, 0xC3, 0xAF, 0x3D, 0x1F, 0x17, 0x62,
    0x68, 0x45, 0x54, 0x64, 0x79, 0xF0, 0xEF, 0xC2, 0xFD, 0xC0, 0xAB, 0x54, 0x72, 0xFF, 0xFC, 0xFF,
    0xFE, 0xFE, 0xFE, 0xFE, 0xFE, 0xFE, 0xFE, 0xFE, 0xFE, 0xFE, 0xFE, 0xFE, 0xFE, 0xFF, 0xFC, 0xFF,
    0xAD, 0x76, 0x0C, 0xA7, 0x3E, 0x99, 0x87, 0x47, 0x0D, 0xA9, 0x82, 0x45, 0x1A, 0x28, 0x12, 0x01,
    0x08, 0x31, 0x09, 0x00, 0x1A, 0x23, 0x36, 0x00, 0x2E, 0x5C, 0x04, 0x00, 0x25, 0x7D, 0x12, 0x1D,
    0x00, 0x5E, 0x77, 0x00, 0x03, 0x02, 0x00, 0x2F, 0x77, 0x2D, 0x00, 0x02, 0x02, 0x00, 0x42, 0x46,
    0x00, 0x00, 0x0B, 0x26, 0x00, 0x00, 0x24, 0x2F, 0x04, 0x08, 0x00, 0x45, 0x46, 0x0A, 0x5F, 0x42,
    0x37, 0x3F, 0x9E, 0x71, 0x37, 0x65, 0x90, 0xFC, 0xFE, 0xFE, 0xFE, 0xFE, 0xFE, 0xFE, 0xFE, 0xFE,
    0xFE, 0xFE, 0xFE, 0xFF, 0xFF, 0xFE, 0xFF, 0xFF, 0xF8, 0x49, 0x62, 0x96, 0xF5, 0xD3, 0xDB, 0xF9,
    0x8A, 0x38, 0x42, 0x51, 0x8E, 0xFF, 0x55, 0x08, 0x20, 0x6E, 0xD0, 0x63, 0x18, 0x24, 0x4F, 0x81,
    0xBB, 0xEB, 0xFD, 0xFF, 0xFF, 0xFA, 0xF0, 0xDB, 0xBB, 0xA4, 0x87, 0x5F, 0x36, 0x1C, 0x19, 0x42,
    0x91, 0xE5, 0xFF, 0xE8, 0x5B, 0x2F, 0x7D, 0xFB, 0xFF, 0xFC, 0xFE, 0xFE, 0xFE, 0xFE, 0xFC, 0xFD,
    0xFF, 0xF2, 0xB4, 0x6E, 0x3E, 0x3C, 0x5B, 0x8B, 0xBC, 0xEC, 0xF8, 0xD6, 0xA7, 0x93, 0x85, 0x6C,
    0x3B, 0x07, 0x17, 0x66, 0x91, 0x5C, 0x1E, 0x0F, 0x37, 0x71, 0x3C, 0x5D, 0x56, 0xAD, 0xDC, 0xC5,
    0xFF, 0xDE, 0xA8, 0x88, 0x39, 0xDE, 0xFF, 0xFD, 0xFE, 0xFE, 0xFE, 0xFE, 0xFE, 0xFE, 0xFE, 0xFD,
    0xFE, 0xFE, 0xFE, 0xFE, 0xFE, 0xFE, 0xFD, 0xFF, 0xF4, 0x84, 0x44, 0x3D, 0x47, 0x77, 0xD1, 0x40,
    0x3B, 0x4C, 0x7A, 0x42, 0x19, 0x20, 0x07, 0x07, 0x11, 0x2E, 0x00, 0x01, 0x14, 0x1C, 0x2B, 0x00,
    0x40, 0x58, 0x01, 0x01, 0x00, 0x4E, 0x3A, 0x35, 0x0D, 0x76, 0x96, 0x01, 0x00, 0x00, 0x04, 0x67,
    0x60, 0x15, 0x00, 0x01, 0x02, 0x00, 0x30, 0x4C, 0x04, 0x00, 0x00, 0x31, 0x17, 0x00, 0x03, 0x3E,
    0x10, 0x05, 0x01, 0x48, 0x14, 0x2B, 0x74, 0x15, 0x49, 0x66, 0x8D, 0x2B, 0x5B, 0x6C, 0xF8, 0xFE,
    0xFD, 0xFE, 0xFE, 0xFE, 0xFE, 0xFE, 0xFE, 0xFE, 0xFD, 0xFD, 0xFE, 0xFE, 0xFE, 0xFE, 0xFC, 0xFF,
    0xB5, 0x40, 0x8D, 0xA8, 0xD7, 0xCE, 0xFF, 0xBE, 0x47, 0x32, 0x63, 0x30, 0xE0, 0x75, 0x03, 0x26,
    0x68, 0x7B, 0x1A, 0x27, 0x7D, 0xDC, 0xFF, 0xFE, 0xFF, 0xFF, 0xFD, 0xFC, 0xFD, 0xFF, 0xFF, 0xFF,
    0xFF, 0xFF, 0xFF, 0xFD, 0xEC, 0xBE, 0x81, 0x3A, 0x12, 0x25, 0x84, 0xF1, 0xFF, 0xA0, 0xFE, 0xFD,
    0xFD, 0xFF, 0xFF, 0xFF, 0xFD, 0xFC, 0xFF, 0xF3, 0xA9, 0x58, 0x3C, 0x5D, 0x9F, 0xDD, 0xFF, 0xFF,
    0xF0, 0x9D, 0x60, 0x31, 0x23, 0x28, 0x25, 0x37, 0x55, 0x4A, 0x18, 0x03, 0x1D, 0x64, 0x49, 0x14,
    0x07, 0x2C, 0x67, 0x1C, 0x3C, 0x68, 0x9B, 0xDF, 0xFF, 0xF3, 0xA9, 0x80, 0x58, 0x84, 0xFF, 0xFB,
    0xFD, 0xFE, 0xFF, 0xFF, 0xFE, 0xFE, 0xFE, 0xFE, 0xFE, 0xFE, 0xFE, 0xFE, 0xFE, 0xFE, 0xFE, 0xFD,
    0xFF, 0xCD, 0x65, 0x2F, 0x16, 0x46, 0xFF, 0x42, 0x64, 0x2B, 0x51, 0x47, 0x1A, 0x23, 0x04, 0x00,
    0x16, 0x1E, 0x14, 0x0B, 0x0B, 0x22, 0x36, 0x00, 0x43, 0x66, 0x0A, 0x00, 0x00, 0x0F, 0x6E, 0x4B,
    0x37, 0x2E, 0x84, 0x20, 0x00, 0x00, 0x33, 0x64, 0x47, 0x04, 0x00, 0x00, 0x02, 0x00, 0x2B, 0x4A,
    0x04, 0x00, 0x00, 0x1C, 0x35, 0x00, 0x00, 0x2A, 0x3E, 0x00, 0x0D, 0x32, 0x00, 0x52, 0x58, 0x13,
    0x6F, 0x60, 0x30, 0x51, 0x4D, 0xEB, 0xFF, 0xFD, 0xFF, 0xFE, 0xFE, 0xFE, 0xFE, 0xFE, 0xFE, 0xFE,
    0xFE, 0xFD, 0xFE, 0xFE, 0xFE, 0xFD, 0xFC, 0xFF, 0x62, 0x6D, 0xA5, 0xA1, 0xC4, 0xFA, 0xEE, 0x65,
    0x15, 0x45, 0x54, 0x48, 0x82, 0x0B, 0x2C, 0x43, 0x3D, 0x1E, 0x6F, 0xC2, 0xDB, 0xC1, 0xAF, 0xB4,
    0xD3, 0xF4, 0xFF, 0xFF, 0xFE, 0xFA, 0xFC, 0xFD, 0xFB, 0xFA, 0xFB, 0xFE, 0xFF, 0xFF, 0xFF, 0xF4,
    0xAD, 0x41, 0x00, 0x2E, 0xB8, 0xFF, 0xFC, 0xFE, 0xFF, 0xFE, 0xFF, 0xFC, 0xFD, 0xFF, 0xC2, 0x5F,
    0x42, 0x65, 0xB2, 0xF1, 0xFF, 0xFF, 0xDA, 0x7B, 0x4C, 0x57, 0x7B, 0x48, 0x4C, 0x69, 0x73, 0x72,
    0x6C, 0x5A, 0x3C, 0x38, 0x2F, 0x07, 0x30, 0x2C, 0x0F, 0x00, 0x30, 0x6F, 0x1A, 0x21, 0x6A, 0xAF,
    0xFF, 0xFE, 0xBC, 0xA2, 0x85, 0x4B, 0xE5, 0xFF, 0xFD, 0xFE, 0xFF, 0xFF, 0xFE, 0xFE, 0xFE, 0xFE,
    0xFE, 0xFE, 0xFE, 0xFE, 0xFE, 0xFE, 0xFF, 0xFE, 0xFC, 0xFF, 0x96, 0x53, 0x0E, 0x1A, 0xEE, 0x7C,
    0x47, 0x53, 0x15, 0x40, 0x20, 0x24, 0x05, 0x04, 0x1F, 0x1C, 0x33, 0x03, 0x0A, 0x23, 0x38, 0x00,
    0x40, 0x72, 0x10, 0x00, 0x01, 0x03, 0x54, 0x47, 0x1C, 0x20, 0x54, 0x51, 0x00, 0x00, 0x51, 0x3E,
    0x3D, 0x00, 0x02, 0x00, 0x01, 0x00, 0x26, 0x3D, 0x00, 0x01, 0x00, 0x06, 0x4A, 0x00, 0x00, 0x0E,
    0x54, 0x01, 0x0C, 0x24, 0x04, 0x6A, 0x32, 0x4B, 0x66, 0x1E, 0x39, 0x53, 0xC7, 0xFF, 0xFC, 0xFF,
    0xFF, 0xFF, 0xFE, 0xFE, 0xFE, 0xFE, 0xFE, 0xFE, 0xFE, 0xFE, 0xFE, 0xFF, 0xFF, 0xFC, 0xFF, 0xCB,
    0x45, 0x8D, 0xB8, 0xAD, 0xE7, 0xFF, 0xA3, 0x0F, 0x28, 0x61, 0x53, 0x20, 0x1B, 0x2B, 0x32, 0x22,
    0x0E, 0x2F, 0x44, 0x2B, 0x28, 0x46, 0x39, 0x29, 0x2E, 0x49, 0x6C, 0xAF, 0xF2, 0xFF, 0xFD, 0xFB,
    0xFE, 0xFE, 0xFE, 0xFE, 0xFD, 0xFC, 0xFC, 0xFE, 0xFF, 0xF6, 0x9B, 0x20, 0x08, 0x76, 0xFE, 0xFE,
    0xFF, 0xFE, 0xFB, 0xFF, 0xF5, 0x8F, 0x3A, 0x59, 0xB3, 0xF5, 0xFF, 0xFF, 0xEF, 0x81, 0x3F, 0x74,
    0x94, 0x7A, 0x95, 0xC1, 0xED, 0xFE, 0xFE, 0xFF, 0xF8, 0xDA, 0xAD, 0x76, 0x66, 0x62, 0x1C, 0x0A,
    0x21, 0x0A, 0x00, 0x3F, 0x7E, 0x2D, 0x15, 0x4F, 0xCB, 0xFE, 0xC2, 0xB6, 0xA5, 0x5C, 0x86, 0xFF,
    0xFB, 0xFF, 0xFE, 0xFE, 0xFE, 0xFE, 0xFE, 0xFE, 0xFE, 0xFE, 0xFE, 0xFE, 0xFE, 0xFE, 0xFF, 0xFE,
    0xFD, 0xFF, 0xE7, 0x69, 0x2F, 0x00, 0xB8, 0xC3, 0x19, 0x6F, 0x03, 0x30, 0x25, 0x12, 0x11, 0x07,
    0x21, 0x27, 0x38, 0x00, 0x0A, 0x23, 0x38, 0x00, 0x2F, 0x8A, 0x38, 0x00, 0x00, 0x16, 0x4D, 0x64,
    0x10, 0x21, 0x5F, 0x79, 0x0E, 0x20, 0x44, 0x3D, 0x1F, 0x00, 0x01, 0x00, 0x01, 0x00, 0x0F, 0x46,
    0x00, 0x00, 0x00, 0x00, 0x49, 0x15, 0x00, 0x02, 0x4E, 0x0C, 0x0F, 0x17, 0x12, 0x63, 0x22, 0x78,
    0x26, 0x14, 0x5A, 0x88, 0xFF, 0xFA, 0xFE, 0xFE, 0xFF, 0xFF, 0xFE, 0xFE, 0xFE, 0xFE, 0xFE, 0xFE,
    0xFE, 0xFE, 0xFE, 0xFE, 0xFF, 0xFB, 0xFF, 0x78, 0x60, 0x97, 0xB4, 0x99, 0xDE, 0xE5, 0x37, 0x07,
    0x59, 0x58, 0x40, 0x00, 0x2C, 0x2D, 0x0D, 0x03, 0x1E, 0x2D, 0x30, 0x49, 0x6B, 0x82, 0x63, 0x44,
    0x3F, 0x54, 0x40, 0x46, 0x44, 0x95, 0xF4, 0xFF, 0xFC, 0xFC, 0xFE, 0xFE, 0xFE, 0xFF, 0xFE, 0xFE,
    0xFB, 0xFD, 0xFF, 0xE6, 0x6A, 0x1A, 0xFF, 0xFF, 0xFE, 0xFC, 0xFF, 0xDB, 0x5C, 0x2C, 0x85, 0xEC,
    0xFF, 0xFC, 0xFF, 0xCD, 0x37, 0x47, 0x9D, 0x98, 0xA5, 0xDF, 0xFF, 0xFE, 0xFF, 0xFD, 0xFA, 0xFA,
    0xFD, 0xFF, 0xFF, 0xFD, 0xBA, 0x62, 0x5D, 0x43, 0x08, 0x1D, 0x0A, 0x3E, 0x35, 0x84, 0x49, 0x06,
    0x1D, 0x34, 0x78, 0xC9, 0xA5, 0x92, 0x4D, 0xEA, 0xFF, 0xFD, 0xFE, 0xFF, 0xFF, 0xFE, 0xFE, 0xFF,
    0xFE, 0xFE, 0xFE, 0xFE, 0xFE, 0xFE, 0xFE, 0xFE, 0xFF, 0xFC, 0xFF, 0xA7, 0x41, 0x00, 0x64, 0xE6,
    0x1A, 0x61, 0x1D, 0x18, 0x27, 0x00, 0x15, 0x07, 0x24, 0x38, 0x27, 0x00, 0x11, 0x1D, 0x28, 0x00,
    0x1B, 0x8F, 0x57, 0x00, 0x00, 0x10, 0x3A, 0x30, 0x2D, 0x4C, 0x62, 0x7F, 0x35, 0x19, 0x22, 0x48,
    0x07, 0x00, 0x00, 0x00, 0x01, 0x00, 0x00, 0x44, 0x13, 0x00, 0x02, 0x00, 0x39, 0x3B, 0x00, 0x00,
    0x53, 0x18, 0x0D, 0x0A, 0x25, 0x3F, 0x3D, 0x63, 0x00, 0x3C, 0x66, 0xDB, 0xFF, 0xFD, 0xFE, 0xFF,
    0xFF, 0xFF, 0xFF, 0xFF, 0xFF, 0xFF, 0xFF, 0xFE, 0xFD, 0xFE, 0xFE, 0xFE, 0xFD, 0xFF, 0xE1, 0x40,
    0x89, 0x7F, 0xCC, 0xC3, 0xCF, 0x76, 0x00, 0x5F, 0x4F, 0x58, 0x0A, 0x0B, 0x30, 0x00, 0x15, 0x57,
    0x80, 0x63, 0x6F, 0x94, 0xAD, 0xB5, 0xB9, 0xB5, 0xAF, 0x93, 0x70, 0x78, 0x5B, 0x30, 0x42, 0xAD,
    0xFD, 0xFF, 0xFC, 0xFD, 0xFF, 0xFE, 0xFE, 0xFF, 0xFF, 0xFE, 0xFB, 0xFF, 0xFE, 0xA3, 0xFF, 0xFD,
    0xFC, 0xFF, 0xAA, 0x23, 0x2F, 0xB9, 0xFF, 0xFC, 0xFD, 0xFB, 0x8C, 0x38, 0x53, 0x7D, 0x90, 0xDF,
    0xFF, 0xFE, 0xFC, 0xFB, 0xFB, 0xFD, 0xFF, 0xFF, 0xFF, 0xFF, 0xFF, 0xFE, 0xFF, 0xF8, 0x8E, 0x57,
    0x49, 0x06, 0x0D, 0x3A, 0x69, 0x39, 0x6E, 0x59, 0x2A, 0x02, 0x68, 0xC1, 0xB7, 0xA6, 0x68, 0x96,
    0xFF, 0xFB, 0xFE, 0xFF, 0xFE, 0xFE, 0xFE, 0xFE, 0xFE, 0xFE, 0xFE, 0xFE, 0xFE, 0xFE, 0xFE, 0xFE,
    0xFE, 0xFD, 0xFF, 0xEC, 0x50, 0x0D, 0x14, 0xE2, 0x39, 0x45, 0x31, 0x07, 0x21, 0x00, 0x18, 0x0A,
    0x32, 0x47, 0x15, 0x00, 0x14, 0x21, 0x15, 0x00, 0x02, 0x7C, 0x7A, 0x0B, 0x00, 0x0C, 0x62, 0x14,
    0x16, 0x65, 0x3E, 0x5C, 0x7E, 0x0C, 0x24, 0x4A, 0x0E, 0x01, 0x01, 0x00, 0x01, 0x01, 0x00, 0x3C,
    0x2A, 0x00, 0x03, 0x00, 0x27, 0x44, 0x00, 0x00, 0x58, 0x26, 0x00, 0x09, 0x37, 0x2A, 0x5A, 0x34,
    0x04, 0x41, 0x8B, 0xFF, 0xFB, 0xFE, 0xFE, 0xFF, 0xFF, 0xFF, 0xFE, 0xFF, 0xFE, 0xFE, 0xFF, 0xFE,
    0xFE, 0xFE, 0xFE, 0xFE, 0xFB, 0xFF, 0x89, 0x4E, 0x7D, 0x9C, 0xEB, 0x6D, 0x47, 0x0D, 0x53, 0x4C,
    0x55, 0x2F, 0x02, 0x09, 0x01, 0x38, 0x56, 0x5B, 0x83, 0xC7, 0xF3, 0xFF, 0xFF, 0xFF, 0xFF, 0xFF,
    0xFF, 0xFF, 0xF3, 0xC1, 0x85, 0x5D, 0x73, 0x35, 0x5A, 0xDC, 0xFF, 0xFC, 0xFD, 0xFF, 0xFF, 0xFF,
    0xFF, 0xFE, 0xFF, 0xFC, 0xFD, 0xFF, 0xFC, 0xFE, 0xFA, 0x7F, 0x0A, 0x50, 0xE2, 0xFF, 0xF9, 0xFF,
    0xEF, 0x64, 0x44, 0x91, 0x7A, 0xA7, 0xFA, 0xFF, 0xFB, 0xFD, 0xFD, 0xFD, 0xFF, 0xFC, 0xDB, 0xAF,
    0x8D, 0x7E, 0x80, 0x87, 0xA1, 0xD4, 0xFF, 0xB3, 0x65, 0x5C, 0x05, 0x17, 0x60, 0x63, 0x57, 0x41,
    0x5C, 0x21, 0x4B, 0xD6, 0xBD, 0x9A, 0x92, 0x55, 0xF6, 0xFF, 0xFE, 0xFF, 0xFE, 0xFE, 0xFF, 0xFE,
    0xFE, 0xFF, 0xFE, 0xFE, 0xFE, 0xFE, 0xFE, 0xFF, 0xFE, 0xFE, 0xFC, 0xFF, 0x8A, 0x0F, 0x00, 0xA7,
    0x6D, 0x24, 0x3B, 0x00, 0x1B, 0x07, 0x20, 0x09, 0x3E, 0x47, 0x13, 0x00, 0x15, 0x35, 0x09, 0x01,
    0x00, 0x3C, 0x97, 0x37, 0x00, 0x05, 0x6A, 0x19, 0x0B, 0x61, 0x3A, 0x49, 0x9E, 0x22, 0x22, 0x2A,
    0x2D, 0x28, 0x00, 0x02, 0x01, 0x01, 0x00, 0x47, 0x3C, 0x00, 0x03, 0x00, 0x1C, 0x3D, 0x00, 0x00,
    0x59, 0x2F, 0x00, 0x0D, 0x38, 0x37, 0x5E, 0x0F, 0x1A, 0x45, 0xCF, 0xFF, 0xFC, 0xFE, 0xFE, 0xFF,
    0xFF, 0xFF, 0xFF, 0xFF, 0xFF, 0xFF, 0xFF, 0xFF, 0xFF, 0xFF, 0xFF, 0xFD, 0xFF, 0xF7, 0x4D, 0x66,
    0x81, 0xD9, 0xA2, 0x05, 0x0A, 0x5F, 0x37, 0x32, 0x65, 0x1F, 0x07, 0x09, 0x41, 0x63, 0x82, 0xE0,
    0xFF, 0xFE, 0xFF, 0xFE, 0xF9, 0xF9, 0xFB, 0xFA, 0xFB, 0xFB, 0xFE, 0xFF, 0xFF, 0xC3, 0x77, 0x78,
    0x57, 0x23, 0xA5, 0xFF, 0xFE, 0xFD, 0xFE, 0xFE, 0xFE, 0xFE, 0xFF, 0xFF, 0xFF, 0xFD, 0xFF, 0xF0,
    0x60, 0x0E, 0x7D, 0xF9, 0xFF, 0xF8, 0xFF, 0xD9, 0x44, 0x59, 0x92, 0x84, 0xDA, 0xFF, 0xFC, 0xFD,
    0xFE, 0xFC, 0xFE, 0xFC, 0xCC, 0x7E, 0x46, 0x40, 0x49, 0x52, 0x54, 0x44, 0x2C, 0x1F, 0x3A, 0x8E,
    0x89, 0x71, 0x59, 0x04, 0x11, 0x6E, 0x56, 0x35, 0x41, 0x34, 0x52, 0xED, 0xE8, 0x9B, 0x91, 0x56,
    0xB2, 0xFF, 0xFB, 0xFE, 0xFE, 0xFE, 0xFE, 0xFE, 0xFE, 0xFE, 0xFE, 0xFE, 0xFE, 0xFE, 0xFF, 0xFF,
    0xFE, 0xFE, 0xFD, 0xFF, 0xD5, 0x1A, 0x00, 0x55, 0x8C, 0x1C, 0x34, 0x05, 0x10, 0x0C, 0x2C, 0x09,
    0x40, 0x4C, 0x16, 0x00, 0x06, 0x3E, 0x0E, 0x00, 0x00, 0x02, 0x4A, 0x90, 0x2D, 0x00, 0x3D, 0x39,
    0x2C, 0x5D, 0x43, 0x38, 0x58, 0x68, 0x04, 0x5F, 0x7E, 0x43, 0x31, 0x00, 0x01, 0x02, 0x00, 0x4C,
    0x45, 0x00, 0x03, 0x00, 0x12, 0x3F, 0x04, 0x00, 0x56, 0x2D, 0x01, 0x14, 0x36, 0x3F, 0x51, 0x02,
    0x1E, 0x5E, 0xFF, 0xFE, 0xFE, 0xFE, 0xFE, 0xFE, 0xFF, 0xFF, 0xFF, 0xFF, 0xFF, 0xFF, 0xFF, 0xFE,
    0xFE, 0xFE, 0xFE, 0xFD, 0xFF, 0xC6, 0x35, 0x77, 0x9D, 0xE2, 0x9F, 0x1A, 0x42, 0x27, 0x22, 0x70,
    0x5A, 0x0C, 0x12, 0x50, 0x63, 0x9C, 0xCA, 0xAA, 0x8E, 0x9E, 0xBE, 0xE6, 0xFF, 0xFF, 0xFC, 0xFC,
    0xFF, 0xFE, 0xFE, 0xFC, 0xFC, 0xFF, 0xE8, 0x79, 0x71, 0x8B, 0x34, 0x74, 0xF7, 0xFF, 0xFC, 0xFF,
    0xFF, 0xFF, 0xFF, 0xFE, 0xFF, 0xFE, 0xED, 0x54, 0x19, 0x99, 0xFF, 0xFC, 0xF8, 0xFF, 0xBB, 0x39,
    0x49, 0x78, 0x96, 0xF0, 0xFF, 0xFC, 0xFE, 0xFF, 0xFB, 0xFF, 0xE5, 0x7F, 0x4D, 0x61, 0x93, 0xB9,
    0xD3, 0xE8, 0xEF, 0xE9, 0xD6, 0xB4, 0x82, 0x34, 0x39, 0x41, 0x66, 0x76, 0x00, 0x1B, 0x6A, 0x2A,
    0x1D, 0x24, 0x52, 0xF0, 0xF5, 0xBF, 0x80, 0x6C, 0x6F, 0xFF, 0xFC, 0xFE, 0xFE, 0xFE, 0xFE, 0xFF,
    0xFE, 0xFE, 0xFE, 0xFE, 0xFE, 0xFF, 0xFF, 0xFF, 0xFE, 0xFE, 0xFE, 0xFE, 0xFF, 0x56, 0x07, 0x1D,
    0x82, 0x22, 0x35, 0x06, 0x08, 0x08, 0x36, 0x0B, 0x47, 0x52, 0x17, 0x00, 0x00, 0x3A, 0x18, 0x00,
    0x02, 0x00, 0x2A, 0xB6, 0x94, 0x00, 0x35, 0x49, 0x5F, 0x4D, 0x4D, 0x1C, 0x2C, 0x86, 0x09, 0x84,
    0xFF, 0x97, 0x3F, 0x35, 0x07, 0x00, 0x02, 0x5C, 0x3C, 0x00, 0x04, 0x00, 0x0C, 0x47, 0x05, 0x06,
    0x5F, 0x1E, 0x00, 0x1D, 0x36, 0x46, 0x36, 0x11, 0x21, 0x98, 0xFF, 0xFC, 0xFE, 0xFE, 0xFF, 0xFF,
    0xFF, 0xFE, 0xFE, 0xFF, 0xFE, 0xFE, 0xFE, 0xFE, 0xFE, 0xFE, 0xFE, 0xFB, 0xFF, 0x88, 0x50, 0x7E,
    0xB3, 0xEE, 0xBA, 0x21, 0x04, 0x24, 0x76, 0x76, 0x25, 0x1A, 0x6D, 0x42, 0x59, 0x41, 0x24, 0x3C,
    0x4E, 0x48, 0x41, 0x44, 0x65, 0xBB, 0xFB, 0xFF, 0xFC, 0xFE, 0xFE, 0xFE, 0xFF, 0xFC, 0xFE, 0xFE,
    0x97, 0x68, 0x90, 0x31, 0x5B, 0xEB, 0xFF, 0xFC, 0xFF, 0xFF, 0xFF, 0xFE, 0xFE, 0xFF, 0x5B, 0x2C,
    0xAF, 0xFF, 0xFB, 0xFA, 0xFF, 0x9B, 0x1B, 0x7A, 0x7F, 0xA4, 0xFF, 0xFE, 0xFC, 0xFF, 0xFE, 0xFB,
    0xFF, 0xD6, 0x5F, 0x47, 0x8D, 0xE5, 0xFF, 0xFE, 0xFF, 0xFF, 0xFF, 0xFF, 0xFF, 0xFE, 0xFF, 0xEF,
    0x8A, 0x3D, 0x12, 0x6D, 0x57, 0x00, 0x28, 0x68, 0x3E, 0x09, 0x2B, 0xE7, 0xFF, 0xCB, 0x8B, 0x6E,
    0x48, 0xEE, 0xFF, 0xFE, 0xFE, 0xFE, 0xFF, 0xFF, 0xFF, 0xFF, 0xFE, 0xFE, 0xFF, 0xFF, 0xFE, 0xFE,
    0xFF, 0xFE, 0xFF, 0xFC, 0xFF, 0xA6, 0x1C, 0x10, 0x4D, 0x33, 0x2B, 0x0A, 0x03, 0x05, 0x3E, 0x10,
    0x45, 0x55, 0x24, 0x00, 0x00, 0x14, 0x24, 0x00, 0x00, 0x14, 0x14, 0x5D, 0x82, 0x41, 0x09, 0x2F,
    0x62, 0x33, 0x56, 0x09, 0x42, 0x72, 0x40, 0x69, 0xFA, 0xE2, 0xB5, 0x63, 0x3A, 0x0C, 0x0B, 0x6D,
    0x24, 0x00, 0x03, 0x00, 0x0B, 0x4C, 0x02, 0x0F, 0x60, 0x10, 0x00, 0x1E, 0x2B, 0x54, 0x1D, 0x21,
    0x3E, 0xDA, 0xFF, 0xFD, 0xFF, 0xFF, 0xFE, 0xFE, 0xFF, 0xFE, 0xFF, 0xFE, 0xFF, 0xFF, 0xFE, 0xFE,
    0xFF, 0xFE, 0xFD, 0xFD, 0xFF, 0x5A, 0x57, 0x82, 0xC9, 0xFC, 0xB0, 0x11, 0x37, 0x64, 0x6C, 0x4A,
    0x17, 0x8A, 0x25, 0x34, 0x4C, 0x6A, 0xB5, 0xCD, 0xD4, 0xCC, 0xC9, 0x83, 0x33, 0x24, 0x55, 0xCC,
    0xFF, 0xFB, 0xFD, 0xFF, 0xFE, 0xFE, 0xFD, 0xFB, 0xFF, 0xC3, 0x55, 0x95, 0x54, 0x41, 0xE4, 0xFF,
    0xFC, 0xFF, 0xFF, 0xFF, 0xFE, 0xFF, 0x3C, 0xBE, 0xFF, 0xFB, 0xFA, 0xFF, 0x90, 0x03, 0x6E, 0x79,
    0xBF, 0xFF, 0xFC, 0xFE, 0xFF, 0xFF, 0xFC, 0xFF, 0xC6, 0x5C, 0x56, 0xBA, 0xFF, 0xFE, 0xFD, 0xFB,
    0xFD, 0xFE, 0xFE, 0xFD, 0xFC, 0xFB, 0xFD, 0xFD, 0xFF, 0xB2, 0x50, 0x01, 0x5A, 0x49, 0x00, 0x48,
    0x72, 0x36, 0x3C, 0xE9, 0xFF, 0xD8, 0x93, 0x7E, 0x41, 0xC8, 0xFF, 0xFC, 0xFE, 0xFE, 0xFF, 0xFE,
    0xFF, 0xFF, 0xFF, 0xFF, 0xFF, 0xFE, 0xFF, 0xFF, 0xFF, 0xFF, 0xFF, 0xFD, 0xFF, 0xDF, 0x3F, 0x17,
    0x2A, 0x2A, 0x28, 0x15, 0x01, 0x05, 0x44, 0x1F, 0x36, 0x52, 0x37, 0x00, 0x03, 0x00, 0x3B, 0x12,
    0x17, 0x37, 0x73, 0x65, 0x8B, 0xAF, 0x6E, 0x00, 0x4B, 0x2D, 0x57, 0x1D, 0x31, 0x2A, 0x77, 0x38,
    0xE6, 0xCB, 0xDF, 0xF7, 0xA0, 0x24, 0x0E, 0x77, 0x17, 0x01, 0x01, 0x00, 0x0D, 0x4E, 0x00, 0x14,
    0x4D, 0x06, 0x00, 0x1C, 0x26, 0x46, 0x18, 0x2B, 0x5D, 0xF7, 0xFF, 0xFE, 0xFE, 0xFF, 0xFE, 0xFE,
    0xFF, 0xFE, 0xFF, 0xFF, 0xFF, 0xFF, 0xFF, 0xFF, 0xFF, 0xFF, 0xFD, 0xFF, 0xE8, 0x3D, 0x5D, 0x92,
    0xD7, 0xFF, 0xD3, 0x35, 0x2A, 0x29, 0x44, 0x04, 0x72, 0x3A, 0x1B, 0x6C, 0xBB, 0xFD, 0xFF, 0xFF,
    0xFF, 0xFF, 0xFF, 0xFD, 0xCA, 0x76, 0x40, 0x27, 0xA4, 0xFF, 0xFC, 0xFE, 0xFE, 0xFE, 0xFE, 0xFE,
    0xFB, 0xFF, 0xE5, 0x66, 0x84, 0x5B, 0x26, 0xDA, 0xFF, 0xFB, 0xFF, 0xFE, 0xFE, 0xFF, 0xBB, 0xFF,
    0xFC, 0xFA, 0xFF, 0x95, 0x00, 0x41, 0x79, 0xC0, 0xFF, 0xFB, 0xFF, 0xFF, 0xFE, 0xFC, 0xFF, 0xBD,
    0x5A, 0x65, 0xD7, 0xFF, 0xFC, 0xFD, 0xFF, 0xFE, 0xFE, 0xFE, 0xFE, 0xFE, 0xFE, 0xFE, 0xFF, 0xFC,
    0xFC, 0xFF, 0xB9, 0x3A, 0x1A, 0x6B, 0x41, 0x0C, 0x30, 0x14, 0x62, 0xFF, 0xFE, 0xEA, 0x99, 0x67,
    0x4C, 0x9D, 0xFF, 0xFC, 0xFE, 0xFE, 0xFE, 0xFE, 0xFF, 0xFE, 0xFE, 0xFE, 0xFE, 0xFF, 0xFE, 0xFE,
    0xFE, 0xFE, 0xFE, 0xFE, 0xFE, 0xFF, 0x6C, 0x28, 0x17, 0x1E, 0x2B, 0x1A, 0x00, 0x0C, 0x2B, 0x37,
    0x29, 0x5A, 0x47, 0x00, 0x09, 0x19, 0x35, 0x43, 0x10, 0xAD, 0xFF, 0xD9, 0x5F, 0x93, 0xA0, 0x64,
    0x12, 0x2B, 0x4C, 0x42, 0x10, 0x2B, 0x80, 0x30, 0xB9, 0xED, 0xD2, 0xFF, 0xED, 0x2D, 0x32, 0x52,
    0x38, 0x39, 0x10, 0x00, 0x13, 0x50, 0x00, 0x2B, 0x52, 0x01, 0x03, 0x15, 0x24, 0x35, 0x13, 0x30,
    0x83, 0xFF, 0xFD, 0xFE, 0xFF, 0xFE, 0xFE, 0xFF, 0xFE, 0xFE, 0xFE, 0xFE, 0xFE, 0xFF, 0xFE, 0xFF,
    0xFE, 0xFF, 0xFC, 0xFF, 0xCC, 0x35, 0x51, 0x87, 0xE2, 0xFD, 0xFF, 0x44, 0x02, 0x6E, 0x16, 0x45,
    0x3B, 0x1B, 0x31, 0xD4, 0xFF, 0xFD, 0xFC, 0xFC, 0xFC, 0xFC, 0xFD, 0xFD, 0xFF, 0xFD, 0xC0, 0x5E,
    0x3F, 0x80, 0xFB, 0xFD, 0xFD, 0xFE, 0xFE, 0xFE, 0xFF, 0xFC, 0xFF, 0xF3, 0x7F, 0x8D, 0x58, 0x13,
    0xC9, 0xFF, 0xFB, 0xFE, 0xFF, 0xFF, 0xFF, 0xFD, 0xFA, 0xFF, 0xAA, 0x02, 0x45, 0x67, 0xCE, 0xFF,
    0xFB, 0xFE, 0xFE, 0xFE, 0xFB, 0xFF, 0xBD, 0x55, 0x6F, 0xE3, 0xFF, 0xFB, 0xFE, 0xFE, 0xFD, 0xFE,
    0xFE, 0xFE, 0xFE, 0xFE, 0xFE, 0xFE, 0xFE, 0xFE, 0xFE, 0xFC, 0xFF, 0x6B, 0x17, 0x0B, 0x5D, 0x28,
    0x09, 0x0B, 0x9D, 0xFF, 0xFC, 0xF2, 0xB6, 0x5D, 0x51, 0x72, 0xFF, 0xFC, 0xFE, 0xFE, 0xFE, 0xFE,
    0xFE, 0xFE, 0xFE, 0xFE, 0xFE, 0xFE, 0xFE, 0xFF, 0xFE, 0xFE, 0xFF, 0xFE, 0xFC, 0xFF, 0x9D, 0x32,
    0x1B, 0x16, 0x2E, 0x20, 0x05, 0x0C, 0x14, 0x46, 0x24, 0x58, 0x4F, 0x05, 0x23, 0x66, 0x92, 0x79,
    0x2B, 0x65, 0xFB, 0xD2, 0xBB, 0x63, 0x87, 0x7C, 0x1E, 0x26, 0x2B, 0x6D, 0x00, 0x35, 0x55, 0x4E,
    0x7D, 0xFF, 0xE5, 0xFF, 0xA2, 0x13, 0x4B, 0xA7, 0xBD, 0x7D, 0x4A, 0x0D, 0x28, 0x5B, 0x0B, 0x44,
    0x34, 0x00, 0x07, 0x14, 0x1D, 0x29, 0x20, 0x37, 0xA0, 0xFF, 0xFC, 0xFE, 0xFE, 0xFE, 0xFE, 0xFE,
    0xFF, 0xFE, 0xFE, 0xFE, 0xFE, 0xFE, 0xFF, 0xFE, 0xFE, 0xFE, 0xFC, 0xFF, 0xAC, 0x34, 0x42, 0xA8,
    0xEB, 0xFF, 0xE9, 0x34, 0x33, 0x37, 0x1A, 0x43, 0x07, 0x21, 0x35, 0xF1, 0xFF, 0xFD, 0xFE, 0xFE,
    0xFE, 0xFF, 0xFF, 0xFE, 0xFC, 0xFC, 0xFF, 0xE4, 0x79, 0x4B, 0x64, 0xFB, 0xFE, 0xFD, 0xFE, 0xFF,
    0xFE, 0xFE, 0xFC, 0xFD, 0xFF, 0x9D, 0x82, 0x60, 0x11, 0xCD, 0xFF, 0xFB, 0xFE, 0xFE, 0xFD, 0xFB,
    0xFF, 0xC6, 0x0A, 0x3D, 0x53, 0xCE, 0xFF, 0xFB, 0xFF, 0xFE, 0xFE, 0xFB, 0xFF, 0xC7, 0x58, 0x6F,
    0xE3, 0xFF, 0xFC, 0xFF, 0xFF, 0xFF, 0xFE, 0xFE, 0xFE, 0xFE, 0xFE, 0xFE, 0xFE, 0xFF, 0xFE, 0xFE,
    0xFF, 0xFB, 0xFF, 0xA0, 0x45, 0x62, 0x22, 0x88, 0x5F, 0x16, 0xD1, 0xFF, 0xFC, 0xF7, 0xCB, 0x75,
    0x50, 0x54, 0xFB, 0xFB, 0xFA, 0xFB, 0xFD, 0xFD, 0xFE, 0xFE, 0xFE, 0xFE, 0xFF, 0xFE, 0xFF, 0xFE,
    0xFE, 0xFF, 0xFE, 0xFE, 0xFB, 0xFF, 0xC3, 0x43, 0x32, 0x14, 0x2F, 0x2B, 0x07, 0x12, 0x00, 0x4B,
    0x2A, 0x40, 0x61, 0x12, 0x4A, 0xBB, 0xFC, 0xB6, 0x69, 0x1D, 0x5B, 0xA9, 0xF9, 0xA8, 0x7C, 0x76,
    0x5B, 0x16, 0x16, 0x6A, 0x35, 0x26, 0x2B, 0x55, 0x5B, 0xFF, 0xF8, 0xD6, 0x47, 0x1B, 0x6C, 0xE7,
    0xFF, 0xF2, 0xA8, 0x1F, 0x3D, 0x62, 0x1B, 0x4D, 0x18, 0x02, 0x0A, 0x10, 0x1D, 0x15, 0x3D, 0x46,
    0xB7, 0xFF, 0xFB, 0xFE, 0xFE, 0xFF, 0xFF, 0xFF, 0xFF, 0xFE, 0xFE, 0xFE, 0xFE, 0xFE, 0xFD, 0xFC,
    0xFB, 0xFB, 0xFA, 0xFF, 0x89, 0x19, 0x52, 0xC1, 0xED, 0xFC, 0xFF, 0x62, 0x01, 0x22, 0x31, 0x1F,
    0x6A, 0x43, 0x64, 0xFF, 0xFD, 0xFE, 0xFE, 0xFE, 0xFE, 0xFE, 0xFE, 0xFE, 0xFE, 0xFE, 0xFA, 0xFF,
    0xDA, 0x73, 0x4A, 0x59, 0xFE, 0xFD, 0xFD, 0xFE, 0xFE, 0xFE, 0xFE, 0xFD, 0xFB, 0xFF, 0xA6, 0x66,
    0x46, 0x17, 0xD0, 0xFF, 0xFB, 0xFE, 0xFC, 0xFF, 0xE2, 0x21, 0x2C, 0x50, 0xA6, 0xFF, 0xFB, 0xFE,
    0xFE, 0xFF, 0xFC, 0xFF, 0xDE, 0x58, 0x66, 0xD5, 0xFF, 0xFC, 0xFF, 0xFE, 0xFF, 0xFF, 0xFE, 0xFE,
    0xFE, 0xFE, 0xFE, 0xFE, 0xFE, 0xFE, 0xFF, 0xFE, 0xFE, 0xFD, 0xFF, 0xD3, 0x5B, 0xA9, 0x93, 0xD2,
    0xFD, 0x90, 0xDD, 0xFF, 0xFC, 0xFA, 0xE2, 0x87, 0x47, 0x39, 0xE5, 0xFF, 0xFD, 0xFF, 0xFF, 0xFF,
    0xFE, 0xFD, 0xFB, 0xFB, 0xFC, 0xFD, 0xFE, 0xFF, 0xFE, 0xFE, 0xFF, 0xFE, 0xFD, 0xFF, 0xE2, 0x58,
    0x3F, 0x25, 0x21, 0x33, 0x0C, 0x08, 0x09, 0x38, 0x60, 0x27, 0x6A, 0x23, 0x2D, 0x98, 0xEC, 0xE9,
    0x66, 0x56, 0x0C, 0x62, 0xF4, 0xFD, 0x62, 0x6F, 0x67, 0x20, 0x13, 0x26, 0x72, 0x16, 0x1A, 0x59,
    0x4B, 0xEA, 0xFB, 0x62, 0x00, 0x33, 0xB3, 0xFF, 0xFA, 0xD2, 0x7C, 0x13, 0x51, 0x55, 0x20, 0x4B,
    0x29, 0x14, 0x03, 0x08, 0x1C, 0x10, 0x44, 0x51, 0xCE, 0xFF, 0xFC, 0xFE, 0xFE, 0xFE, 0xFE, 0xFF,
    0xFF, 0xFE, 0xFC, 0xFB, 0xFD, 0xFF, 0xFF, 0xFF, 0xFF, 0xFF, 0xFC, 0xFF, 0x67, 0x18, 0x66, 0xCE,
    0xF4, 0xFA, 0xFF, 0xC8, 0x30, 0xC4, 0xBA, 0x7B, 0xA2, 0x76, 0x93, 0xFF, 0xFC, 0xFE, 0xFE, 0xFE,
    0xFE, 0xFE, 0xFE, 0xFE, 0xFF, 0xFE, 0xFE, 0xFB, 0xFF, 0xC9, 0x70, 0x47, 0x66, 0xFF, 0xFC, 0xFE,
    0xFE, 0xFE, 0xFE, 0xFE, 0xFE, 0xFB, 0xFF, 0x91, 0x4D, 0x48, 0x18, 0xD8, 0xFF, 0xFC, 0xFE, 0xF8,
    0x39, 0x2E, 0x5D, 0x94, 0xFF, 0xFB, 0xFF, 0xFF, 0xFF, 0xFE, 0xFF, 0xEF, 0x62, 0x57, 0xBE, 0xFF,
    0xFB, 0xFE, 0xFF, 0xFF, 0xFF, 0xFF, 0xFF, 0xFE, 0xFE, 0xFE, 0xFE, 0xFE, 0xFE, 0xFE, 0xFE, 0xFF,
    0xFE, 0xFE, 0xFE, 0xFF, 0x6A, 0x9B, 0xB2, 0xF1, 0xDC, 0xC1, 0xFF, 0xFC, 0xFD, 0xFD, 0xF1, 0x99,
    0x38, 0x1F, 0x69, 0xA2, 0xAD, 0xC0, 0xDB, 0xF2, 0xFE, 0xFF, 0xFF, 0xFF, 0xFF, 0xFF, 0xFD, 0xFB,
    0xFD, 0xFF, 0xFE, 0xFE, 0xFE, 0xFF, 0xF8, 0x6E, 0x48, 0x48, 0x09, 0x26, 0x0D, 0x09, 0x4B, 0x10,
    0x69, 0x29, 0x5B, 0x4B, 0x11, 0x76, 0xD8, 0xFF, 0xBD, 0x4F, 0x00, 0x35, 0xEA, 0xFE, 0x75, 0x30,
    0x47, 0x37, 0x1E, 0x1A, 0x6F, 0x43, 0x05, 0x5F, 0x41, 0xD8, 0xE0, 0x2D, 0x12, 0x60, 0xF3, 0xFF,
    0xF7, 0xC0, 0x58, 0x13, 0x72, 0x36, 0x3C, 0x3C, 0x55, 0x2F, 0x00, 0x11, 0x0F, 0x1B, 0x44, 0x4D,
    0xE4, 0xFF, 0xFD, 0xFE, 0xFE, 0xFE, 0xFB, 0xFB, 0xFE, 0xFF, 0xFF, 0xFF, 0xFF, 0xF8, 0xDE, 0xBE,
    0xA2, 0x8A, 0x76, 0x55, 0x23, 0x28, 0x63, 0xD7, 0xF8, 0xFC, 0xFE, 0xFE, 0xB1, 0xF6, 0xEF, 0x9B,
    0x97, 0x68, 0xD1, 0xFF, 0xFD, 0xFF, 0xFE, 0xFE, 0xFE, 0xFE, 0xFE, 0xFE, 0xFE, 0xFE, 0xFF, 0xFF,
    0xFC, 0xFF, 0xBD, 0x6D, 0x3C, 0x88, 0xFF, 0xFB, 0xFE, 0xFE, 0xFE, 0xFE, 0xFE, 0xFF, 0xFC, 0xFF,
    0x79, 0x4B, 0x33, 0x30, 0xF5, 0xFF, 0xFF, 0x66, 0x10, 0x3D, 0x84, 0xFF, 0xFD, 0xFD, 0xFF, 0xFE,
    0xFE, 0xFD, 0xFE, 0x73, 0x52, 0xA5, 0xFF, 0xFB, 0xFE, 0xFE, 0xFE, 0xFE, 0xFF, 0xFF, 0xFE, 0xFE,
    0xFF, 0xFE, 0xFE, 0xFE, 0xFE, 0xFE, 0xFF, 0xFE, 0xFE, 0xFE, 0xFC, 0xFF, 0xA3, 0x7D, 0xAD, 0xD8,
    0xEC, 0xC5, 0xFF, 0xFD, 0xFD, 0xFF, 0xFA, 0xA8, 0x4E, 0x39, 0x10, 0x06, 0x0F, 0x2C, 0x38, 0x38,
    0x44, 0x63, 0x85, 0xA3, 0xC9, 0xF2, 0xFF, 0xFF, 0xFF, 0xFF, 0xFC, 0xFA, 0xFC, 0xFC, 0xFF, 0x8F,
    0x3D, 0x69, 0x0B, 0x15, 0x02, 0x21, 0x7A, 0x0C, 0x28, 0x44, 0x31, 0x6E, 0x10, 0x3C, 0xB2, 0xFF,
    0xFE, 0xE5, 0x83, 0x66, 0xFA, 0xF3, 0x3F, 0x05, 0x2F, 0x30, 0x15, 0x16, 0x22, 0x67, 0x04, 0x56,
    0x29, 0x8E, 0xDE, 0x25, 0x30, 0xB2, 0xFF, 0xFE, 0xED, 0xA0, 0x30, 0x31, 0x72, 0x23, 0x68, 0x1F,
    0x61, 0x54, 0x01, 0x25, 0x06, 0x27, 0x48, 0x4F, 0xF6, 0xFF, 0xFB, 0xFB, 0xFD, 0xFF, 0xFF, 0xFF,
    0xFF, 0xE0, 0xAE, 0x82, 0x56, 0x3A, 0x35, 0x2B, 0x2B, 0x30, 0x26, 0x35, 0x44, 0x2B, 0x68, 0xD3,
    0xF8, 0xFD, 0xFC, 0xFF, 0xD2, 0xE6, 0xEA, 0x9F, 0x82, 0x6B, 0xFD, 0xFE, 0xFE, 0xFF, 0xFF, 0xFE,
    0xFE, 0xFE, 0xFE, 0xFE, 0xFE, 0xFF, 0xFE, 0xFE, 0xFF, 0xFC, 0xFF, 0xB2, 0x64, 0x34, 0xA5, 0xFF,
    0xFA, 0xFE, 0xFE, 0xFE, 0xFE, 0xFE, 0xFE, 0xFE, 0xFD, 0x62, 0x3A, 0x14, 0x63, 0xFF, 0x9F, 0x11,
    0x44, 0x5B, 0xF8, 0xFE, 0xFE, 0xFE, 0xFE, 0xFE, 0xFC, 0xFF, 0x8D, 0x50, 0x89, 0xF8, 0xFE, 0xFD,
    0xFE, 0xFE, 0xFE, 0xFE, 0xFF, 0xFF, 0xFE, 0xFE, 0xFE, 0xFE, 0xFE, 0xFE, 0xFE, 0xFE, 0xFE, 0xFE,
    0xFE, 0xFE, 0xFE, 0xFF, 0xE9, 0x64, 0xAB, 0xBC, 0xFF, 0xC5, 0xF3, 0xFF, 0xFD, 0xFF, 0xF1, 0x98,
    0x6E, 0x4D, 0x7D, 0x76, 0x64, 0x6F, 0x74, 0x7C, 0x7C, 0x69, 0x49, 0x2D, 0x38, 0x30, 0x58, 0x8D,
    0xCA, 0xFA, 0xFF, 0xFF, 0xFF, 0xFD, 0xFF, 0xA6, 0x47, 0x63, 0x1B, 0x0F, 0x00, 0x49, 0x44, 0x03,
    0x09, 0x3B, 0x25, 0x5F, 0x2C, 0x1C, 0x70, 0xE1, 0xFF, 0xFF, 0xF5, 0xCC, 0xFB, 0xF6, 0x5C, 0x00,
    0x16, 0x21, 0x11, 0x1C, 0x03, 0x3F, 0x21, 0x25, 0x19, 0xAE, 0xFC, 0x7B, 0xB6, 0xFF, 0xFB, 0xFF,
    0xD6, 0x73, 0x14, 0x67, 0x50, 0x37, 0x7C, 0x09, 0x24, 0x5B, 0x09, 0x17, 0x03, 0x2E, 0x43, 0x5F,
    0xFA, 0xFF, 0xFF, 0xFF, 0xFF, 0xED, 0xB0, 0x7C, 0x48, 0x3B, 0x46, 0x58, 0x73, 0x7C, 0x76, 0x76,
    0x7C, 0x7F, 0x82, 0x65, 0x51, 0x59, 0x97, 0xC2, 0xF6, 0xFF, 0xFC, 0xFF, 0xDC, 0xF4, 0xD3, 0x97,
    0x76, 0x98, 0xFF, 0xFB, 0xFE, 0xFE, 0xFE, 0xFE, 0xFE, 0xFE, 0xFE, 0xFE, 0xFE, 0xFE, 0xFE, 0xFE,
    0xFE, 0xFE, 0xFB, 0xFF, 0xA4, 0x58, 0x30, 0xBD, 0xFF, 0xFA, 0xFE, 0xFE, 0xFE, 0xFE, 0xFE, 0xFD,
    0xFF, 0xEF, 0x41, 0x46, 0x0F, 0x9A, 0x24, 0x48, 0x4A, 0xDD, 0xFF, 0xFC, 0xFF, 0xFE, 0xFE, 0xFB,
    0xFF, 0xAE, 0x4A, 0x78, 0xE1, 0xFF, 0xFD, 0xFE, 0xFE, 0xFE, 0xFE, 0xFE, 0xFF, 0xFF, 0xFE, 0xFF,
    0xFF, 0xFE, 0xFE, 0xFE, 0xFE, 0xFE, 0xFE, 0xFE, 0xFE, 0xFE, 0xFE, 0xFC, 0xFF, 0x74, 0x6A, 0xB5,
    0xEB, 0xD2, 0xFA, 0xFF, 0xFD, 0xFF, 0xD9, 0xA5, 0xB0, 0x77, 0x7B, 0x94, 0xA0, 0xA3, 0x9E, 0x82,
    0x6B, 0x6B, 0x5D, 0x6D, 0x7E, 0x76, 0x61, 0x45, 0x38, 0x3D, 0x68, 0x9D, 0xCE, 0xF1, 0xFF, 0xBE,
    0x4E, 0x55, 0x3D, 0x00, 0x10, 0x3D, 0x08, 0x5A, 0x1D, 0x1B, 0x39, 0x33, 0x59, 0x10, 0x5A, 0xB0,
    0xF0, 0xF9, 0xFF, 0xFE, 0xFD, 0xFF, 0xBF, 0x10, 0x0D, 0x16, 0x08, 0x0C, 0x00, 0x13, 0x2B, 0x00,
    0x45, 0xEE, 0xFD, 0xF1, 0xFF, 0xFC, 0xFD, 0xFF, 0xB2, 0x2B, 0x29, 0x8B, 0x25, 0x6A, 0x4C, 0x57,
    0x29, 0x25, 0x17, 0x0A, 0x0A, 0x2D, 0x34, 0x7B, 0xFF, 0xF4, 0xC8, 0x92, 0x5F, 0x3A, 0x3B, 0x4E,
    0x63, 0x6B, 0x8A, 0x93, 0x8D, 0x90, 0x98, 0x9E, 0xA4, 0xB3, 0xA7, 0x64, 0x98, 0x9F, 0xC1, 0xBD,
    0xE8, 0xFF, 0xFE, 0xF6, 0xCF, 0xFF, 0xAA, 0xA4, 0x68, 0xCB, 0xFF, 0xFD, 0xFF, 0xFE, 0xFF, 0xFF,
    0xFF, 0xFF, 0xFE, 0xFE, 0xFE, 0xFE, 0xFE, 0xFE, 0xFE, 0xFE, 0xFE, 0xFC, 0xFF, 0x8D, 0x55, 0x35,
    0xD4, 0xFF, 0xFC, 0xFF, 0xFE, 0xFF, 0xFE, 0xFF, 0xFC, 0xFF, 0xCF, 0x36, 0x3F, 0x13, 0x58, 0x57,
    0xB6, 0xFF, 0xFC, 0xFE, 0xFF, 0xFE, 0xFD, 0xFF, 0xD9, 0x40, 0x70, 0xBD, 0xFF, 0xFC, 0xFE, 0xFF,
    0xFE, 0xFE, 0xFE, 0xFE, 0xFE, 0xFF, 0xFE, 0xFF, 0xFF, 0xFE, 0xFE, 0xFE, 0xFE, 0xFE, 0xFE, 0xFE,
    0xFE, 0xFE, 0xFF, 0xFC, 0xFF, 0xAD, 0x41, 0xA8, 0xC2, 0xD5, 0xFB, 0xFE, 0xFF, 0xF3, 0xCE, 0xE2,
    0xED, 0xC2, 0xAD, 0xBB, 0xC8, 0xE9, 0xC2, 0xA3, 0xBD, 0xB5, 0x9F, 0x73, 0x78, 0x75, 0x79, 0x85,
    0x84, 0x74, 0x55, 0x37, 0x23, 0x28, 0x60, 0x64, 0x22, 0x28, 0x25, 0x00, 0x20, 0x06, 0x45, 0xA3,
    0x41, 0x07, 0x3F, 0x20, 0x6F, 0x2C, 0x2C, 0xA2, 0xF4, 0xE3, 0xEB, 0xFF, 0xFC, 0xFD, 0xF2, 0x60,
    0x00, 0x05, 0x0D, 0x70, 0x55, 0x03, 0x05, 0x02, 0x9E, 0xFF, 0xFD, 0xFE, 0xFD, 0xFE, 0xFD, 0xD4,
    0x54, 0x00, 0x62, 0x68, 0x28, 0x71, 0x2F, 0xB0, 0x77, 0x17, 0x0E, 0x07, 0x08, 0x35, 0x1C, 0x38,
    0x6D, 0x40, 0x3F, 0x52, 0x6D, 0x83, 0x89, 0x86, 0x82, 0x87, 0x7E, 0x84, 0xB9, 0xC2, 0xCF, 0xE4,
    0xE9, 0xBB, 0x8F, 0xBA, 0xDF, 0xE1, 0xEE, 0xE8, 0xF3, 0xFE, 0xFF, 0xF0, 0xD4, 0xE6, 0x9C, 0xC2,
    0x68, 0xF1, 0xFF, 0xFD, 0xFE, 0xFF, 0xFF, 0xFF, 0xFF, 0xFF, 0xFF, 0xFE, 0xFF, 0xFE, 0xFE, 0xFE,
    0xFE, 0xFE, 0xFF, 0xFE, 0xFE, 0xF9, 0x7F, 0x4F, 0x37, 0xE7, 0xFF, 0xFC, 0xFE, 0xFF, 0xFE, 0xFE,
    0xFE, 0xFB, 0xFF, 0x9C, 0x32, 0x35, 0x68, 0x84, 0xFF, 0xFC, 0xFF, 0xFF, 0xFF, 0xFE, 0xFE, 0xFD,
    0x59, 0x63, 0x9B, 0xFF, 0xFD, 0xFF, 0xFF, 0xFF, 0xFF, 0xFE, 0xFE, 0xFF, 0xFF, 0xFF, 0xFE, 0xFF,
    0xFF, 0xFF, 0xFF, 0xFF, 0xFE, 0xFF, 0xFF, 0xFF, 0xFE, 0xFE, 0xFF, 0xFE, 0xFF, 0xF4, 0x41, 0xB1,
    0xA8, 0xAA, 0xE3, 0xFF, 0xFE, 0xEF, 0xF1, 0xFF, 0xFC, 0xE4, 0xD5, 0xD9, 0xF1, 0xB9, 0xBF, 0xF3,
    0xE9, 0xDF, 0xDF, 0xC2, 0xAE, 0xB6, 0x9D, 0x85, 0x73, 0x6E, 0x77, 0x70, 0x68, 0x59, 0x39, 0x25,
    0x16, 0x08, 0x07, 0x06, 0x07, 0x3B, 0x90, 0xB5, 0x7D, 0x0E, 0x2C, 0x33, 0x40, 0x69, 0x0E, 0x79,
    0xE4, 0xFE, 0xD4, 0xFC, 0xFE, 0xFD, 0xFF, 0xC2, 0x2A, 0x5A, 0xBC, 0xF9, 0xF0, 0xB1, 0x53, 0x49,
    0xE4, 0xFF, 0xFE, 0xFD, 0xFF, 0xF3, 0xD2, 0x86, 0x1D, 0x1A, 0x6F, 0x2D, 0x48, 0x49, 0x67, 0xEB,
    0xAC, 0x63, 0x0A, 0x01, 0x07, 0x14, 0x2D, 0x4E, 0x67, 0x7C, 0x81, 0x84, 0x82, 0x86, 0x97, 0xAC,
    0xBD, 0xCB, 0xCB, 0xB5, 0xBE, 0xC9, 0xD5, 0xB3, 0xCA, 0xCE, 0xEE, 0xFE, 0xFF, 0xFB, 0xFA, 0xFF,
    0xFE, 0xFE, 0xFF, 0xE4, 0xC3, 0xB3, 0xE6, 0xB8, 0x80, 0xFF, 0xFD, 0xFE, 0xFF, 0xFF, 0xFF, 0xFF,
    0xFF, 0xFF, 0xFF, 0xFF, 0xFF, 0xFE, 0xFF, 0xFE, 0xFE, 0xFF, 0xFE, 0xFE, 0xFD, 0xFF, 0xEA, 0x77,
    0x40, 0x46, 0xFA, 0xFE, 0xFD, 0xFE, 0xFE, 0xFF, 0xFF, 0xFF, 0xFD, 0xFF, 0x5B, 0x45, 0x61, 0xE6,
    0xFF, 0xFE, 0xFF, 0xFF, 0xFF, 0xFC, 0xFF, 0x90, 0x56, 0x89, 0xED, 0xFF, 0xFD, 0xFF, 0xFF, 0xFE,
    0xFF, 0xFE, 0xFE, 0xFE, 0xFF, 0xFF, 0xFF, 0xFE, 0xFF, 0xFE, 0xFF, 0xFF, 0xFE, 0xFF, 0xFE, 0xFF,
    0xFF, 0xFE, 0xFF, 0xFF, 0xFC, 0xFF, 0x75, 0x86, 0xE4, 0x9D, 0xB3, 0xFD, 0xFF, 0xFF, 0xFE, 0xFD,
    0xFE, 0xFF, 0xFF, 0xF8, 0xFF, 0xC9, 0xCC, 0xFF, 0xFD, 0xFD, 0xF9, 0xFB, 0xE6, 0xD5, 0xD5, 0xCA,
    0xB6, 0xA1, 0x85, 0x71, 0x6D, 0x6C, 0x67, 0x57, 0x5A, 0x48, 0x0C, 0x15, 0x54, 0x8D, 0xA4, 0xC2,
    0xB1, 0x1E, 0x24, 0x3C, 0x18, 0x80, 0x23, 0x45, 0xBE, 0xFF, 0xD9, 0xFB, 0xF8, 0xF8, 0xFF, 0xE1,
    0xBC, 0xF1, 0xFF, 0xFC, 0xFC, 0xFE, 0xDE, 0xBF, 0xF9, 0xFF, 0xFD, 0xFD, 0xFC, 0xDD, 0xEA, 0x77,
    0x14, 0x38, 0x5F, 0x12, 0x57, 0x2E, 0xBA, 0xED, 0xCE, 0xB7, 0x6E, 0x1D, 0x0F, 0x40, 0x8C, 0x97,
    0x85, 0x71, 0x72, 0x88, 0xA2, 0xBE, 0xCB, 0xCE, 0xCF, 0xD0, 0xD5, 0xE0, 0xE6, 0xF2, 0xE5, 0xC0,
    0xF8, 0xFE, 0xFE, 0xFD, 0xFD, 0xFD, 0xFD, 0xFF, 0xF9, 0xEE, 0xE7, 0xB4, 0x9A, 0xD4, 0xFF, 0x7D,
    0xAF, 0xFF, 0xFC, 0xFF, 0xFF, 0xFF, 0xFF, 0xFF, 0xFF, 0xFF, 0xFF, 0xFF, 0xFF, 0xFE, 0xFF, 0xFE,
    0xFF, 0xFF, 0xFF, 0xFF, 0xFF, 0xFD, 0xFF, 0xD7, 0x71, 0x33, 0x6B, 0xFF, 0xFC, 0xFF, 0xFE, 0xFE,
    0xFF, 0xFF, 0xFD, 0xFF, 0xD8, 0x43, 0xB5, 0xFF, 0xFC, 0xFF, 0xFF, 0xFE, 0xFD, 0xFF, 0xD1, 0x4A,
    0x81, 0xCA, 0xFF, 0xFD, 0xFF, 0xFF, 0xFE, 0xFF, 0xFF, 0xFF, 0xFF, 0xFE, 0xFF, 0xFF, 0xFF, 0xFF,
    0xFF, 0xFF, 0xFF, 0xFF, 0xFE, 0xFF, 0xFF, 0xFF, 0xFF, 0xFE, 0xFF, 0xFF, 0xFD, 0xFF, 0xD7, 0x47,
    0xE3, 0xF0, 0xBF, 0xC1, 0xD3, 0xDA, 0xFD, 0xFE, 0xFD, 0xFD, 0xFE, 0xFF, 0xFD, 0xFF, 0xCC, 0xE3,
    0xFF, 0xFD, 0xFF, 0xFE, 0xFF, 0xF9, 0xE1, 0xDF, 0xDF, 0xD2, 0xC4, 0xB0, 0x9D, 0x89, 0x7E, 0x68,
    0x48, 0x2C, 0x55, 0x8B, 0x8E, 0xA8, 0xBE, 0xCB, 0xBF, 0x49, 0x22, 0x36, 0x22, 0x50, 0x5E, 0x17,
    0x83, 0xDB, 0xBF, 0xFB, 0xEB, 0xF5, 0xE5, 0xD2, 0xD9, 0xF8, 0xFE, 0xFF, 0xFF, 0xFE, 0xE8, 0xD3,
    0xD5, 0xEA, 0xFD, 0xFF, 0xEE, 0xE6, 0xCC, 0x2D, 0x2D, 0x44, 0x37, 0x23, 0x42, 0x3E, 0xF3, 0xE7,
    0xB8, 0xAB, 0xAB, 0x8D, 0x44, 0x2B, 0x54, 0x6C, 0x7F, 0x98, 0xAD, 0xBE, 0xC6, 0xC9, 0xCE, 0xD6,
    0xDE, 0xE3, 0xE7, 0xED, 0xF3, 0xFE, 0xD6, 0xF0, 0xFF, 0xFD, 0xFD, 0xFD, 0xFD, 0xFC, 0xFF, 0xE8,
    0xC9, 0xDC, 0xE1, 0xD7, 0xD5, 0xF6, 0x80, 0x52, 0xFB, 0xFF, 0xFE, 0xFF, 0xFE, 0xFF, 0xFF, 0xFF,
    0xFF, 0xFF, 0xFF, 0xFE, 0xFF, 0xFF, 0xFF, 0xFF, 0xFF, 0xFE, 0xFF, 0xFF, 0xFF, 0xFF, 0xFC, 0xFF,
    0xBF, 0x69, 0x23, 0x99, 0xFF, 0xFC, 0xFF, 0xFE, 0xFF, 0xFF, 0xFF, 0xFC, 0xFF, 0x9B, 0xFC, 0xFF,
    0xFF, 0xFF, 0xFF, 0xFF, 0xFE, 0xFF, 0x62, 0x69, 0xAB, 0xFF, 0xFD, 0xFF, 0xFF, 0xFF, 0xFF, 0xFF,
    0xFF, 0xFF, 0xFE, 0xFF, 0xFF, 0xFF, 0xFF, 0xFF, 0xFE, 0xFE, 0xFF, 0xFF, 0xFF, 0xFE, 0xFF, 0xFF,
    0xFF, 0xFE, 0xFF, 0xFE, 0xFF, 0xFD, 0xFF, 0xAC, 0x42, 0x91, 0xC8, 0xCF, 0xE5, 0xE4, 0xDB, 0xFA,
    0xFF, 0xFD, 0xFE, 0xFE, 0xFD, 0xFF, 0xEE, 0xC4, 0xFF, 0xFD, 0xFE, 0xFE, 0xFD, 0xFE, 0xFD, 0xEE,
    0xFA, 0xEF, 0xDC, 0xDE, 0xD5, 0xA4, 0x73, 0x50, 0x4A, 0x8B, 0xC0, 0xBF, 0xAD, 0xC0, 0xB7, 0xBB,
    0xCE, 0x84, 0x1C, 0x37, 0x38, 0x1B, 0x76, 0x13, 0x67, 0xC9, 0xA8, 0xDD, 0xDC, 0xCD, 0xB6, 0xBC,
    0xE1, 0xFF, 0xFC, 0xDD, 0xDC, 0xFE, 0xF8, 0xD7, 0xBA, 0xB6, 0xD4, 0xD9, 0xC7, 0xEE, 0x88, 0x1B,
    0x4B, 0x2D, 0x1A, 0x41, 0x16, 0x75, 0xFF, 0xBF, 0xBC, 0xCE, 0xC4, 0xBB, 0xAA, 0x6E, 0x4C, 0x46,
    0x79, 0xAC, 0xC6, 0xCE, 0xD1, 0xD7, 0xE0, 0xEC, 0xF4, 0xFA, 0xFD, 0xFE, 0xFF, 0xEC, 0xCF, 0xFF,
    0xFE, 0xFF, 0xFF, 0xFF, 0xFE, 0xFF, 0xDA, 0xD2, 0xFA, 0xFF, 0xEC, 0xA3, 0x8C, 0x7F, 0x95, 0xEB,
    0xFF, 0xFE, 0xFF, 0xFF, 0xFF, 0xFE, 0xFF, 0xFF, 0xFF, 0xFF, 0xFF, 0xFF, 0xFF, 0xFF, 0xFF, 0xFF,
    0xFF, 0xFE, 0xFE, 0xFE, 0xFF, 0xFF, 0xFF, 0xFC, 0xFF, 0x9D, 0x62, 0x22, 0xCD, 0xFF, 0xFD, 0xFF,
    0xFF, 0xFE, 0xFF, 0xFE, 0xFE, 0xFB, 0xFB, 0xFF, 0xFE, 0xFF, 0xFF, 0xFC, 0xFF, 0xB0, 0x51, 0x89,
    0xF0, 0xFF, 0xFE, 0xFF, 0xFF, 0xFF, 0xFF, 0xFF, 0xFF, 0xFF, 0xFE, 0xFE, 0xFE, 0xFE, 0xFE, 0xFE,
    0xFE, 0xFF, 0xFF, 0xFF, 0xFF, 0xFF, 0xFF, 0xFE, 0xFE, 0xFF, 0xFF, 0xFE, 0xFE, 0xFE, 0xFD, 0xFF,
    0xD8, 0x8D, 0x72, 0x76, 0x95, 0xCD, 0xE8, 0xD5, 0xF3, 0xFF, 0xFE, 0xFF, 0xFE, 0xFE, 0xFF, 0xB5,
    0xE4, 0xFF, 0xFC, 0xFD, 0xFD, 0xFC, 0xFE, 0xF5, 0xE5, 0xFF, 0xFE, 0xE4, 0x9E, 0x6C, 0x70, 0x81,
    0xAD, 0xC6, 0xCE, 0xDB, 0xE2, 0xDE, 0xD9, 0xB0, 0xC6, 0xC8, 0x29, 0x35, 0x42, 0x0E, 0x5B, 0x2F,
    0x32, 0xD8, 0xDA, 0x97, 0x7F, 0xA3, 0xC8, 0xEE, 0xFF, 0xF8, 0xDE, 0xCE, 0xB8, 0xD6, 0xED, 0xFE,
    0xEB, 0xC7, 0x90, 0x94, 0xD1, 0xD4, 0x43, 0x34, 0x40, 0x18, 0x1C, 0x3F, 0x09, 0xB8, 0xE8, 0xC1,
    0xDE, 0xCF, 0xCD, 0xD1, 0xD1, 0xC8, 0xB5, 0x86, 0x7A, 0x8F, 0xB4, 0xD5, 0xED, 0xF9, 0xF5, 0xFD,
    0xFF, 0xFE, 0xFF, 0xF8, 0xF3, 0xAA, 0xC0, 0xCF, 0xED, 0xFD, 0xF5, 0xF1, 0xFB, 0xD7, 0xE3, 0xFF,
    0xD4, 0x84, 0x6F, 0x94, 0xCC, 0xF9, 0xFF, 0xFD, 0xFE, 0xFF, 0xFF, 0xFE, 0xFE, 0xFE, 0xFE, 0xFF,
    0xFF, 0xFF, 0xFF, 0xFF, 0xFF, 0xFF, 0xFF, 0xFE, 0xFF, 0xFE, 0xFE, 0xFF, 0xFE, 0xFE, 0xFF, 0xFE,
    0xFF, 0xF6, 0x85, 0x55, 0x3E, 0xF8, 0xFF, 0xFE, 0xFE, 0xFF, 0xFF, 0xFF, 0xFF, 0xFD, 0xFF, 0xFF,
    0xFF, 0xFF, 0xFE, 0xFF, 0xF2, 0x66, 0x73, 0xC6, 0xFF, 0xFD, 0xFF, 0xFE, 0xFF, 0xFF, 0xFF, 0xFF,
    0xFF, 0xFF, 0xFF, 0xFF, 0xFF, 0xFF, 0xFE, 0xFF, 0xFF, 0xFF, 0xFE, 0xFF, 0xFF, 0xFF, 0xFF, 0xFF,
    0xFF, 0xFF, 0xFF, 0xFF, 0xFF, 0xFF, 0xFE, 0xFD, 0xFE, 0xFF, 0xFF, 0xE2, 0xA7, 0x72, 0x81, 0xA4,
    0xA2, 0xE3, 0xF6, 0xF3, 0xF4, 0xF4, 0xE3, 0xC3, 0xAA, 0xF6, 0xFF, 0xFE, 0xFE, 0xFF, 0xF2, 0xF0,
    0xE9, 0xD0, 0xB1, 0x8B, 0x8B, 0xAB, 0xC1, 0xD0, 0xD5, 0xDB, 0xE4, 0xEF, 0xEE, 0xEE, 0xED, 0xE8,
    0xB0, 0xAC, 0x46, 0x28, 0x4D, 0x22, 0x29, 0x47, 0x18, 0x87, 0x8E, 0x97, 0xB4, 0xCB, 0xFF, 0xF8,
    0xC6, 0xD1, 0xEC, 0xCD, 0xBA, 0xC1, 0xD7, 0xC4, 0xE7, 0xFF, 0xBD, 0xCE, 0xB6, 0x78, 0x18, 0x4F,
    0x1E, 0x09, 0x36, 0x2B, 0x16, 0xA5, 0x9A, 0xD0, 0xD9, 0xE2, 0xEE, 0xE3, 0xDF, 0xDE, 0xE1, 0xE4,
    0xD2, 0xB8, 0xB6, 0xBD, 0xC8, 0xF1, 0xFF, 0xFF, 0xFD, 0xFF, 0xE6, 0xD5, 0xE3, 0xE7, 0xFB, 0xD4,
    0xD1, 0xE1, 0xDE, 0xF1, 0xF4, 0xD6, 0xB0, 0x6E, 0x66, 0xA7, 0xF0, 0xFF, 0xFE, 0xFF, 0xFC, 0xFE,
    0xFF, 0xFF, 0xFF, 0xFF, 0xFF, 0xFE, 0xFF, 0xFE, 0xFF, 0xFF, 0xFF, 0xFF, 0xFF, 0xFF, 0xFF, 0xFF,
    0xFF, 0xFF, 0xFE, 0xFE, 0xFF, 0xFF, 0xFF, 0xFE, 0xFD, 0xFF, 0xD6, 0x78, 0x42, 0x83, 0xFF, 0xFC,
    0xFF, 0xFE, 0xFF, 0xFF, 0xFF, 0xFF, 0xFF, 0xFE, 0xFF, 0xFF, 0xFC, 0xFF, 0x9E, 0x5E, 0x9B, 0xFF,
    0xFD, 0xFF, 0xFF, 0xFF, 0xFF, 0xFF, 0xFF, 0xFF, 0xFF, 0xFF, 0xFE, 0xFF, 0xFF, 0xFF, 0xFF, 0xFE,
    0xFF, 0xFE, 0xFE, 0xFF, 0xFF, 0xFE, 0xFF, 0xFF, 0xFF, 0xFF, 0xFF, 0xFF, 0xFF, 0xFE, 0xFE, 0xFE,
    0xFD, 0xFB, 0xFE, 0xFF, 0xFF, 0xFE, 0xCC, 0x99, 0x77, 0x57, 0x9B, 0xE5, 0xFE, 0xE7, 0xF0, 0xFF,
    0xEB, 0xC5, 0xE3, 0xF3, 0xDD, 0xDD, 0xBA, 0xD6, 0xFB, 0xD1, 0x9C, 0xD1, 0xE2, 0xE6, 0xEC, 0xED,
    0xF3, 0xF8, 0xF8, 0xF7, 0xF6, 0xF1, 0xF0, 0xF1, 0xED, 0xD9, 0x6A, 0x22, 0x4B, 0x3F, 0x09, 0x4E,
    0x0C, 0x56, 0xB2, 0xF2, 0xFF, 0xA8, 0xA2, 0x89, 0x86, 0xE9, 0xDC, 0xAE, 0xB5, 0xBD, 0xF4, 0xB7,
    0x73, 0x71, 0xAE, 0xFF, 0xEC, 0x63, 0x16, 0x51, 0x07, 0x12, 0x4C, 0x14, 0x38, 0xD7, 0xCE, 0xB6,
    0xF7, 0xFF, 0xFF, 0xFE, 0xFB, 0xF4, 0xEC, 0xE5, 0xE0, 0xED, 0xF4, 0xDD, 0xDB, 0xD5, 0xCB, 0xD6,
    0xFB, 0xE7, 0xD8, 0xFE, 0xFF, 0xFE, 0xFE, 0xFF, 0xFF, 0xFE, 0xFF, 0xE1, 0x92, 0x82, 0x8E, 0xC6,
    0xFB, 0xFF, 0xFE, 0xFC, 0xFD, 0xFF, 0xFF, 0xFF, 0xFF, 0xFF, 0xFF, 0xFF, 0xFF, 0xFE, 0xFE, 0xFE,
    0xFE, 0xFE, 0xFF, 0xFF, 0xFF, 0xFF, 0xFF, 0xFF, 0xFF, 0xFF, 0xFE, 0xFE, 0xFF, 0xFF, 0xFE, 0xFE,
    0xFF, 0xFC, 0xFF, 0xAC, 0x72, 0x36, 0xD1, 0xFF, 0xFD, 0xFE, 0xFF, 0xFE, 0xFF, 0xFE, 0xFF, 0xFF,
    0xFE, 0xFE, 0xFF, 0xE8, 0x57, 0x7C, 0xDB, 0xFF, 0xFE, 0xFF, 0xFE, 0xFE, 0xFF, 0xFE, 0xFE, 0xFF,
    0xFF, 0xFF, 0xFE, 0xFF, 0xFF, 0xFF, 0xFF, 0xFE, 0xFE, 0xFE, 0xFE, 0xFF, 0xFE, 0xFE, 0xFF, 0xFF,
    0xFF, 0xFF, 0xFF, 0xFF, 0xFE, 0xFE, 0xFE, 0xFE, 0xFE, 0xFF, 0xFE, 0xFD, 0xFB, 0xFD, 0xFF, 0xFF,
    0xF9, 0xC3, 0x70, 0x4F, 0x8B, 0xE7, 0xFF, 0xFE, 0xFF, 0xF4, 0xC4, 0xAA, 0xE9, 0xFB, 0xFA, 0xFC,
    0xF4, 0xE0, 0xEA, 0xFE, 0xFA, 0xFD, 0xFF, 0xFF, 0xFF, 0xFE, 0xFF, 0xFF, 0xFD, 0xFB, 0xF6, 0xF1,
    0xFA, 0xE7, 0x89, 0x1B, 0x41, 0x5F, 0x02, 0x3C, 0x17, 0x4D, 0xED, 0xD7, 0x8D, 0x75, 0x6F, 0x7A,
    0xB8, 0xFC, 0xB6, 0xAE, 0xBD, 0xB8, 0xE9, 0xDC, 0x7F, 0x6F, 0x70, 0x83, 0xC2, 0x5D, 0x22, 0x42,
    0x00, 0x1A, 0x59, 0x00, 0x7A, 0xEC, 0xF2, 0xD7, 0xCF, 0xFA, 0xEB, 0xE0, 0xD1, 0xC2, 0xD4, 0xF3,
    0xFF, 0xFB, 0xFD, 0xFF, 0xF6, 0xF1, 0xE6, 0xCB, 0xCC, 0xC8, 0xFD, 0xFC, 0xF9, 0xFC, 0xFF, 0xFF,
    0xFE, 0xCD, 0x85, 0x7E, 0xB6, 0xF3, 0xFF, 0xFF, 0xFE, 0xFB, 0xFD, 0xFE, 0xFE, 0xFF, 0xFF, 0xFF,
    0xFF, 0xFE, 0xFF, 0xFF, 0xFF, 0xFE, 0xFE, 0xFE, 0xFE, 0xFE, 0xFE, 0xFE, 0xFF, 0xFE, 0xFF, 0xFF,
    0xFE, 0xFF, 0xFF, 0xFE, 0xFE, 0xFE, 0xFF, 0xFE, 0xFE, 0xFE, 0xFE, 0xFC, 0x8B, 0x5C, 0x5A, 0xFF,
    0xFD, 0xFF, 0xFF, 0xFF, 0xFF, 0xFF, 0xFF, 0xFF, 0xFF, 0xFC, 0xFF, 0x90, 0x51, 0xAC, 0xFF, 0xFD,
    0xFF, 0xFE, 0xFF, 0xFE, 0xFF, 0xFF, 0xFF, 0xFE, 0xFF, 0xFF, 0xFF, 0xFF, 0xFF, 0xFF, 0xFF, 0xFF,
    0xFE, 0xFE, 0xFE, 0xFF, 0xFE, 0xFE, 0xFF, 0xFF, 0xFF, 0xFF, 0xFF, 0xFF, 0xFF, 0xFF, 0xFF, 0xFE,
    0xFE, 0xFE, 0xFF, 0xFF, 0xFF, 0xFF, 0xFD, 0xFC, 0xFE, 0xFE, 0xFF, 0xD6, 0x70, 0x44, 0x77, 0xCB,
    0xF7, 0xFF, 0xFF, 0xCB, 0xEF, 0xFF, 0xF2, 0xF4, 0xF3, 0xF3, 0xFE, 0xFD, 0xFE, 0xFD, 0xFD, 0xFD,
    0xFE, 0xFE, 0xFD, 0xFC, 0xFF, 0xFF, 0xFF, 0xFD, 0xFF, 0xC9, 0xA3, 0x22, 0x30, 0x75, 0x0B, 0x2C,
    0x2C, 0x27, 0x7E, 0x52, 0x6A, 0xAD, 0x9A, 0x72, 0xDE, 0xEC, 0xAA, 0xBB, 0xC4, 0xB1, 0xD2, 0xF4,
    0x8D, 0x72, 0x92, 0x99, 0x5C, 0x11, 0x36, 0x2E, 0x00, 0x34, 0x4E, 0x00, 0xAB, 0xFF, 0xF9, 0xD7,
    0x84, 0x67, 0x43, 0x35, 0x3C, 0x34, 0x2C, 0x51, 0xAE, 0xF8, 0xFF, 0xFC, 0xFF, 0xFD, 0xFC, 0xFF,
    0xDB, 0xDD, 0xFF, 0xFE, 0xFF, 0xFF, 0xE5, 0xAD, 0x69, 0x70, 0xC7, 0xFF, 0xFF, 0xFF, 0xFD, 0xFC,
    0xFF, 0xFE, 0xFE, 0xFF, 0xFE, 0xFE, 0xFF, 0xFF, 0xFF, 0xFF, 0xFF, 0xFF, 0xFF, 0xFF, 0xFE, 0xFE,
    0xFF, 0xFE, 0xFE, 0xFE, 0xFF, 0xFF, 0xFF, 0xFF, 0xFF, 0xFF, 0xFF, 0xFF, 0xFF, 0xFF, 0xFE, 0xFE,
    0xFE, 0xFE, 0xFE, 0xFF, 0xD9, 0x81, 0x43, 0xB1, 0xFF, 0xFC, 0xFF, 0xFF, 0xFF, 0xFF, 0xFE, 0xFF,
    0xFE, 0xFF, 0xEB, 0x47, 0x72, 0xE8, 0xFF, 0xFE, 0xFE, 0xFE, 0xFE, 0xFE, 0xFE, 0xFE, 0xFE, 0xFE,
    0xFE, 0xFE, 0xFE, 0xFF, 0xFF, 0xFF, 0xFE, 0xFF, 0xFE, 0xFE, 0xFE, 0xFE, 0xFE, 0xFE, 0xFE, 0xFE,
    0xFF, 0xFE, 0xFE, 0xFF, 0xFE, 0xFF, 0xFE, 0xFE, 0xFE, 0xFE, 0xFE, 0xFE, 0xFE, 0xFF, 0xFF, 0xFE,
    0xFE, 0xFC, 0xFC, 0xFE, 0xFF, 0xEA, 0xA7, 0x6D, 0x60, 0x76, 0xA0, 0xB0, 0xB9, 0xFA, 0xE6, 0xF5,
    0xFF, 0xFE, 0xFD, 0xFD, 0xFD, 0xFD, 0xFD, 0xFD, 0xFD, 0xFC, 0xFE, 0xFE, 0xDB, 0xA0, 0x8E, 0x99,
    0xB8, 0xBD, 0xC4, 0x2D, 0x18, 0x88, 0x2A, 0x1F, 0x38, 0x09, 0x68, 0x97, 0xA6, 0xAA, 0x73, 0x8A,
    0xFA, 0xC5, 0xB2, 0xC1, 0xC0, 0xAE, 0xA1, 0xF4, 0xB7, 0x5D, 0x6E, 0x84, 0x5F, 0x08, 0x2C, 0x26,
    0x00, 0x54, 0x36, 0x0A, 0xC9, 0xE6, 0x89, 0x43, 0x22, 0x15, 0x30, 0x3A, 0x34, 0x4D, 0x61, 0x2C,
    0x09, 0x56, 0xDE, 0xFF, 0xFB, 0xFC, 0xFF, 0xF1, 0xD1, 0xF7, 0xE9, 0xC6, 0xA2, 0x82, 0x7D, 0x98,
    0xD1, 0xFF, 0xFF, 0xFD, 0xFC, 0xFE, 0xFF, 0xFE, 0xFF, 0xFE, 0xFE, 0xFE, 0xFE, 0xFE, 0xFE, 0xFE,
    0xFE, 0xFF, 0xFF, 0xFF, 0xFF, 0xFF, 0xFE, 0xFF, 0xFE, 0xFE, 0xFE, 0xFE, 0xFE, 0xFE, 0xFE, 0xFE,
    0xFE, 0xFF, 0xFE, 0xFE, 0xFF, 0xFE, 0xFE, 0xFE, 0xFE, 0xFE, 0xFE, 0xFB, 0xFF, 0xB0, 0x72, 0x4D,
    0xF6, 0xFF, 0xFE, 0xFE, 0xFE, 0xFF, 0xFF, 0xFF, 0xFB, 0xFF, 0x96, 0x37, 0xAE, 0xFF, 0xFD, 0xFE,
    0xFF, 0xFF, 0xFF, 0xFE, 0xFE, 0xFE, 0xFE, 0xFE, 0xFE, 0xFE, 0xFE, 0xFE, 0xFE, 0xFF, 0xFF, 0xFF,
    0xFE, 0xFE, 0xFE, 0xFE, 0xFE, 0xFE, 0xFE, 0xFE, 0xFF, 0xFF, 0xFF, 0xFF, 0xFF, 0xFF, 0xFE, 0xFE,
    0xFE, 0xFE, 0xFE, 0xFE, 0xFE, 0xFF, 0xFF, 0xFE, 0xFE, 0xFE, 0xFE, 0xFD, 0xFC, 0xFE, 0xFF, 0xFF,
    0xE8, 0xBF, 0x8E, 0x6D, 0x54, 0x6A, 0x65, 0x68, 0xD6, 0xFF, 0xFB, 0xFC, 0xFE, 0xFD, 0xFD, 0xFD,
    0xFC, 0xFF, 0xF7, 0x98, 0x2C, 0x12, 0x31, 0x41, 0x39, 0x4E, 0xA3, 0x50, 0x01, 0x8D, 0x51, 0x0C,
    0x3F, 0x08, 0x37, 0x6F, 0x92, 0x8C, 0x68, 0xBC, 0xF7, 0x9A, 0xA1, 0xB2, 0xC3, 0xAE, 0x8C, 0xDB,
    0xCD, 0x68, 0x67, 0x5C, 0x2C, 0x02, 0x36, 0x1A, 0x06, 0x5E, 0x28, 0x21, 0xA9, 0x6C, 0x24, 0x35,
    0x50, 0x3D, 0x47, 0x6A, 0x2B, 0x30, 0xB0, 0xE5, 0x90, 0x18, 0x3C, 0xD5, 0xFF, 0xFF, 0xB9, 0x62,
    0x84, 0x8A, 0x7C, 0x95, 0xBB, 0xE3, 0xFE, 0xFF, 0xFF, 0xFC, 0xFC, 0xFE, 0xFE, 0xFE, 0xFF, 0xFF,
    0xFE, 0xFF, 0xFE, 0xFE, 0xFE, 0xFE, 0xFE, 0xFE, 0xFE, 0xFF, 0xFF, 0xFF, 0xFF, 0xFF, 0xFF, 0xFF,
    0xFE, 0xFE, 0xFE, 0xFE, 0xFE, 0xFF, 0xFE, 0xFE, 0xFE, 0xFF, 0xFF, 0xFE, 0xFF, 0xFE, 0xFE, 0xFE,
    0xFE, 0xFE, 0xFE, 0xFE, 0xFF, 0xF4, 0x93, 0x51, 0x86, 0xFF, 0xFC, 0xFF, 0xFF, 0xFF, 0xFE, 0xFE,
    0xFF, 0xED, 0x45, 0x71, 0xF0, 0xFF, 0xFE, 0xFF, 0xFF, 0xFF, 0xFF, 0xFE, 0xFE, 0xFE, 0xFE, 0xFE,
    0xFE, 0xFE, 0xFE, 0xFF, 0xFF, 0xFF, 0xFF, 0xFF, 0xFF, 0xFF, 0xFE, 0xFE, 0xFE, 0xFE, 0xFE, 0xFE,
    0xFE, 0xFF, 0xFF, 0xFF, 0xFF, 0xFF, 0xFF, 0xFF, 0xFE, 0xFE, 0xFE, 0xFE, 0xFE, 0xFE, 0xFE, 0xFE,
    0xFF, 0xFE, 0xFF, 0xFF, 0xFF, 0xFE, 0xFC, 0xFC, 0xFF, 0xFF, 0xFF, 0xFF, 0xF7, 0xD5, 0xAF, 0x6A,
    0x31, 0x95, 0xFF, 0xFE, 0xFC, 0xFC, 0xFC, 0xFA, 0xFF, 0xF4, 0x81, 0x09, 0x1A, 0x53, 0x57, 0x7E,
    0x68, 0x25, 0x30, 0x45, 0x01, 0x8D, 0x6E, 0x00, 0x3C, 0x0C, 0x34, 0x31, 0x52, 0x6C, 0x6A, 0xEB,
    0xCF, 0x93, 0xB6, 0xB5, 0xB8, 0xA0, 0xA2, 0xBA, 0xBC, 0x85, 0x58, 0x52, 0x23, 0x07, 0x43, 0x07,
    0x20, 0x6D, 0x25, 0x23, 0x60, 0x24, 0x45, 0x58, 0x3E, 0x81, 0xD9, 0xF6, 0xB0, 0x37, 0x5D, 0xF6,
    0xFF, 0xBB, 0x3B, 0x63, 0xED, 0x60, 0x37, 0x92, 0xCE, 0xE6, 0xFE, 0xFF, 0xFF, 0xFF, 0xFD, 0xFB,
    0xFC, 0xFE, 0xFE, 0xFE, 0xFF, 0xFF, 0xFF, 0xFF, 0xFF, 0xFE, 0xFE, 0xFE, 0xFE, 0xFE, 0xFE, 0xFE,
    0xFE, 0xFE, 0xFE, 0xFF, 0xFF, 0xFF, 0xFF, 0xFF, 0xFE, 0xFE, 0xFE, 0xFE, 0xFE, 0xFE, 0xFE, 0xFE,
    0xFE, 0xFF, 0xFF, 0xFF, 0xFF, 0xFF, 0xFF, 0xFE, 0xFE, 0xFE, 0xFE, 0xFE, 0xFC, 0xFF, 0xC9, 0x74,
    0x41, 0xD3, 0xFF, 0xFD, 0xFF, 0xFF, 0xFF, 0xFC, 0xFF, 0x8F, 0x3F, 0xBB, 0xFF, 0xFD, 0xFF, 0xFE,
    0xFF, 0xFF, 0xFF, 0xFE, 0xFE, 0xFE, 0xFE, 0xFE, 0xFE, 0xFE, 0xFE, 0xFE, 0xFF, 0xFF, 0xFE, 0xFF,
    0xFE, 0xFE, 0xFE, 0xFF, 0xFE, 0xFE, 0xFE, 0xFE, 0xFE, 0xFE, 0xFE, 0xFF, 0xFE, 0xFF, 0xFF, 0xFF,
    0xFF, 0xFE, 0xFE, 0xFE, 0xFE, 0xFE, 0xFE, 0xFE, 0xFF, 0xFE, 0xFE, 0xFF, 0xFF, 0xFE, 0xFF, 0xFF,
    0xFE, 0xFC, 0xFB, 0xFC, 0xFE, 0xFF, 0xFE, 0xFF, 0xDC, 0x61, 0x5C, 0xCB, 0xFF, 0xFE, 0xFE, 0xFF,
    0xE7, 0x71, 0x16, 0x55, 0xDC, 0xFD, 0xED, 0x5A, 0x3F, 0x34, 0x0E, 0x24, 0x07, 0x7A, 0x8A, 0x00,
    0x38, 0x0B, 0x2A, 0x33, 0x3B, 0x4B, 0x6F, 0xFE, 0x98, 0x8B, 0x9F, 0xA2, 0xA3, 0x87, 0x9A, 0x86,
    0xCA, 0x9D, 0x51, 0x4B, 0x24, 0x0C, 0x4C, 0x00, 0x3C, 0x87, 0x24, 0x33, 0x31, 0x36, 0x4B, 0x41,
    0xBA, 0xFF, 0xFD, 0xFD, 0xFF, 0x9D, 0x3C, 0xB0, 0xFF, 0xFF, 0x8F, 0x4D, 0x32, 0x81, 0xF8, 0xFF,
    0xFE, 0xFF, 0xFE, 0xFC, 0xFB, 0xFE, 0xFE, 0xFE, 0xFE, 0xFE, 0xFE, 0xFE, 0xFE, 0xFF, 0xFE, 0xFF,
    0xFF, 0xFE, 0xFE, 0xFE, 0xFE, 0xFE, 0xFE, 0xFE, 0xFE, 0xFE, 0xFF, 0xFF, 0xFF, 0xFF, 0xFF, 0xFF,
    0xFF, 0xFF, 0xFF, 0xFE, 0xFE, 0xFE, 0xFE, 0xFE, 0xFE, 0xFF, 0xFF, 0xFF, 0xFF, 0xFF, 0xFF, 0xFF,
    0xFE, 0xFE, 0xFE, 0xFE, 0xFE, 0xFD, 0xFF, 0x90, 0x4A, 0x66, 0xFF, 0xFC, 0xFE, 0xFF, 0xFE, 0xFF,
    0xE8, 0x3E, 0x7A, 0xEF, 0xFF, 0xFE, 0xFE, 0xFF, 0xFF, 0xFF, 0xFF, 0xFF, 0xFF, 0xFF, 0xFF, 0xFF,
    0xFF, 0xFE, 0xFE, 0xFE, 0xFF, 0xFF, 0xFF, 0xFF, 0xFF, 0xFF, 0xFF, 0xFF, 0xFF, 0xFE, 0xFE, 0xFE,
    0xFE, 0xFE, 0xFF, 0xFE, 0xFF, 0xFF, 0xFF, 0xFE, 0xFF, 0xFF, 0xFF, 0xFF, 0xFE, 0xFE, 0xFE, 0xFE,
    0xFE, 0xFF, 0xFF, 0xFF, 0xFE, 0xFF, 0xFF, 0xFF, 0xFF, 0xFF, 0xFE, 0xFE, 0xFD, 0xFC, 0xFB, 0xFB,
    0xFE, 0xFF, 0xB8, 0x4D, 0x67, 0xCD, 0xF0, 0xAA, 0x40, 0x21, 0x70, 0xEE, 0xFF, 0xFF, 0x79, 0x35,
    0x39, 0x5B, 0x22, 0x26, 0x0F, 0x60, 0x9D, 0x0E, 0x39, 0x0E, 0x22, 0x2A, 0x2C, 0x5B, 0x84, 0xC9,
    0x73, 0x89, 0x92, 0x9B, 0x94, 0x8A, 0x8B, 0x74, 0xB7, 0xB3, 0x59, 0x36, 0x1C, 0x0D, 0x4F, 0x02,
    0x53, 0x91, 0x33, 0x1E, 0x25, 0x37, 0x2A, 0x82, 0xFF, 0xF7, 0xF9, 0xF8, 0xFF, 0xD2, 0x4A, 0x94,
    0xFF, 0xC5, 0x56, 0x42, 0xC9, 0xFF, 0xFC, 0xFB, 0xFD, 0xFE, 0xFF, 0xFE, 0xFE, 0xFE, 0xFE, 0xFF,
    0xFE, 0xFE, 0xFE, 0xFE, 0xFF, 0xFF, 0xFF, 0xFF, 0xFF, 0xFF, 0xFE, 0xFF, 0xFE, 0xFE, 0xFE, 0xFE,
    0xFE, 0xFE, 0xFF, 0xFF, 0xFF, 0xFF, 0xFF, 0xFF, 0xFF, 0xFF, 0xFF, 0xFF, 0xFF, 0xFE, 0xFE, 0xFE,
    0xFE, 0xFE, 0xFF, 0xFF, 0xFE, 0xFF, 0xFF, 0xFF, 0xFF, 0xFF, 0xFE, 0xFE, 0xFE, 0xFD, 0xFF, 0xDB,
    0x5E, 0x3F, 0xB7, 0xFF, 0xFC, 0xFF, 0xFC, 0xFF, 0x86, 0x40, 0xBF, 0xFF, 0xFD, 0xFF, 0xFF, 0xFF,
    0xFF, 0xFF, 0xFF, 0xFF, 0xFF, 0xFE, 0xFF, 0xFF, 0xFF, 0xFE, 0xFE, 0xFE, 0xFE, 0xFF, 0xFF, 0xFF,
    0xFF, 0xFF, 0xFF, 0xFF, 0xFE, 0xFE, 0xFE, 0xFF, 0xFE, 0xFE, 0xFF, 0xFF, 0xFF, 0xFF, 0xFF, 0xFF,
    0xFF, 0xFE, 0xFE, 0xFF, 0xFE, 0xFE, 0xFE, 0xFE, 0xFF, 0xFE, 0xFF, 0xFE, 0xFF, 0xFF, 0xFF, 0xFF,
    0xFF, 0xFF, 0xFF, 0xFF, 0xFE, 0xFE, 0xFE, 0xFE, 0xFD, 0xFC, 0xFF, 0xFD, 0x9E, 0x17, 0x20, 0x0E,
    0x1B, 0x99, 0xF8, 0xFE, 0xFF, 0xD9, 0x29, 0x65, 0xB8, 0x60, 0x4E, 0x22, 0x0B, 0x4D, 0xA6, 0x14,
    0x3D, 0x08, 0x0C, 0x16, 0x25, 0x5E, 0xB9, 0x89, 0x56, 0x92, 0x8B, 0x7C, 0x7C, 0x7E, 0x7F, 0x78,
    0x8E, 0xBF, 0x6D, 0x2D, 0x13, 0x07, 0x4F, 0x05, 0x4D, 0x98, 0x28, 0x0E, 0x24, 0x35, 0x4A, 0xA7,
    0xD0, 0xFF, 0xFF, 0xFC, 0xFF, 0xBE, 0x5C, 0x54, 0x64, 0x6E, 0x9B, 0xCF, 0xFF, 0xFB, 0xFD, 0xFF,
    0xFF, 0xFF, 0xFF, 0xFF, 0xFF, 0xFF, 0xFF, 0xFE, 0xFF, 0xFE, 0xFF, 0xFE, 0xFF, 0xFF, 0xFF, 0xFF,
    0xFF, 0xFF, 0xFE, 0xFF, 0xFF, 0xFF, 0xFF, 0xFF, 0xFE, 0xFE, 0xFF, 0xFF, 0xFF, 0xFF, 0xFF, 0xFF,
    0xFF, 0xFF, 0xFF, 0xFF, 0xFF, 0xFF, 0xFF, 0xFE, 0xFE, 0xFF, 0xFF, 0xFF, 0xFE, 0xFF, 0xFF, 0xFF,
    0xFF, 0xFF, 0xFF, 0xFF, 0xFE, 0xFF, 0xFC, 0xFF, 0x8D, 0x4F, 0x5A, 0xF5, 0xFF, 0xFE, 0xFF, 0xEA,
    0x3A, 0x77, 0xF1, 0xFF, 0xFD, 0xFE, 0xFE, 0xFE, 0xFF, 0xFE, 0xFE, 0xFE, 0xFE, 0xFE, 0xFE, 0xFF,
    0xFE, 0xFE, 0xFE, 0xFE, 0xFE, 0xFF, 0xFF, 0xFE, 0xFE, 0xFF, 0xFE, 0xFF, 0xFF, 0xFE, 0xFE, 0xFE,
    0xFE, 0xFE, 0xFE, 0xFE, 0xFE, 0xFE, 0xFE, 0xFE, 0xFF, 0xFE, 0xFE, 0xFE, 0xFE, 0xFE, 0xFE, 0xFE,
    0xFE, 0xFE, 0xFE, 0xFF, 0xFE, 0xFE, 0xFF, 0xFE, 0xFE, 0xFF, 0xFE, 0xFE, 0xFE, 0xFE, 0xFE, 0xFE,
    0xFE, 0xFE, 0xFC, 0xFC, 0xFF, 0xD2, 0x88, 0x86, 0x79, 0x76, 0x87, 0x76, 0x79, 0x59, 0x17, 0x26,
    0x1D, 0x04, 0x42, 0x3D, 0x00, 0x41, 0xA6, 0x14, 0x36, 0x05, 0x00, 0x00, 0x19, 0x70, 0xAE, 0x59,
    0x45, 0x7D, 0x68, 0x64, 0x6E, 0x6F, 0x79, 0x5C, 0x68, 0xB1, 0x83, 0x23, 0x02, 0x02, 0x49, 0x0A,
    0x37, 0xA0, 0x17, 0x0E, 0x27, 0x3F, 0x13, 0x4A, 0x5B, 0x82, 0x8B, 0x84, 0x74, 0x33, 0x57, 0x89,
    0xD6, 0xFF, 0xFF, 0xFE, 0xFC, 0xFE, 0xFE, 0xFE, 0xFE, 0xFE, 0xFE, 0xFE, 0xFE, 0xFE, 0xFE, 0xFE,
    0xFE, 0xFE, 0xFE, 0xFE, 0xFE, 0xFE, 0xFF, 0xFF, 0xFE, 0xFE, 0xFE, 0xFF, 0xFE, 0xFF, 0xFE, 0xFE,
    0xFE, 0xFD, 0xFE, 0xFE, 0xFE, 0xFE, 0xFE, 0xFE, 0xFE, 0xFE, 0xFF, 0xFF, 0xFF, 0xFE, 0xFE, 0xFE,
    0xFE, 0xFE, 0xFE, 0xFE, 0xFF, 0xFE, 0xFE, 0xFF, 0xFF, 0xFE, 0xFE, 0xFE, 0xFE, 0xFE, 0xFC, 0xFF,
    0xDB, 0x57, 0x4C, 0xA0, 0xFF, 0xFC, 0xFF, 0x99, 0x38, 0xB7, 0xFF, 0xFD, 0xFE, 0xFE, 0xFE, 0xFE,
    0xFF, 0xFE, 0xFF, 0xFE, 0xFE, 0xFE, 0xFE, 0xFF, 0xFE, 0xFE, 0xFE, 0xFF, 0xFE, 0xFE, 0xFE, 0xFE,
    0xFE, 0xFE, 0xFF, 0xFF, 0xFF, 0xFE, 0xFF, 0xFE, 0xFE, 0xFE, 0xFE, 0xFF, 0xFE, 0xFF, 0xFE, 0xFE,
    0xFE, 0xFF, 0xFF, 0xFE, 0xFE, 0xFF, 0xFE, 0xFF, 0xFE, 0xFE, 0xFE, 0xFF, 0xFF, 0xFE, 0xFF, 0xFF,
    0xFF, 0xFF, 0xFE, 0xFE, 0xFF, 0xFE, 0xFE, 0xFE, 0xFD, 0xFE, 0xFF, 0xFE, 0xFC, 0xFF, 0xFF, 0xFF,
    0xFF, 0xF1, 0xE6, 0xAD, 0x14, 0x03, 0x46, 0x38, 0x02, 0x00, 0x1C, 0x57, 0x02, 0x39, 0xA1, 0x1B,
    0x2F, 0x04, 0x02, 0x00, 0x12, 0x7B, 0x78, 0x3C, 0x46, 0x60, 0x64, 0x63, 0x61, 0x69, 0x6C, 0x52,
    0x4D, 0x8E, 0x8A, 0x17, 0x00, 0x02, 0x41, 0x0A, 0x26, 0xA0, 0x21, 0x12, 0x3B, 0x26, 0x00, 0x0F,
    0x1F, 0x00, 0x21, 0xAC, 0x97, 0x75, 0xC5, 0xFF, 0xFE, 0xFD, 0xFB, 0xFD, 0xFE, 0xFE, 0xFE, 0xFF,
    0xFE, 0xFE, 0xFE, 0xFE, 0xFF, 0xFF, 0xFE, 0xFF, 0xFE, 0xFE, 0xFE, 0xFE, 0xFE, 0xFE, 0xFE, 0xFF,
    0xFF, 0xFE, 0xFE, 0xFF, 0xFE, 0xFF, 0xFE, 0xFE, 0xFE, 0xFD, 0xFE, 0xFE, 0xFE, 0xFE, 0xFF, 0xFF,
    0xFF, 0xFF, 0xFF, 0xFF, 0xFF, 0xFF, 0xFE, 0xFE, 0xFF, 0xFE, 0xFE, 0xFE, 0xFE, 0xFE, 0xFF, 0xFE,
    0xFE, 0xFE, 0xFF, 0xFE, 0xFE, 0xFE, 0xFE, 0xFC, 0xFF, 0x83, 0x4F, 0x61, 0xF6, 0xFF, 0xF6, 0x50,
    0x70, 0xEF, 0xFF, 0xFE, 0xFF, 0xFF, 0xFF, 0xFF, 0xFF, 0xFF, 0xFF, 0xFF, 0xFF, 0xFF, 0xFF, 0xFF,
    0xFF, 0xFE, 0xFF, 0xFF, 0xFF, 0xFF, 0xFE, 0xFF, 0xFF, 0xFE, 0xFF, 0xFF, 0xFF, 0xFF, 0xFE, 0xFF,
    0xFE, 0xFF, 0xFF, 0xFF, 0xFE, 0xFF, 0xFF, 0xFE, 0xFF, 0xFF, 0xFF, 0xFF, 0xFF, 0xFF, 0xFF, 0xFF,
    0xFF, 0xFE, 0xFE, 0xFF, 0xFF, 0xFF, 0xFF, 0xFF, 0xFF, 0xFF, 0xFF, 0xFE, 0xFF, 0xFE, 0xFF, 0xFF,
    0xFF, 0xFF, 0xFF, 0xFF, 0xFF, 0xFC, 0xFB, 0xFD, 0xFC, 0xFF, 0xFD, 0xFF, 0xAB, 0x21, 0x3D, 0x96,
    0x3B, 0x01, 0x09, 0x57, 0x14, 0x32, 0x8E, 0x21, 0x2A, 0x04, 0x02, 0x00, 0x22, 0x6C, 0x47, 0x3C,
    0x48, 0x51, 0x5F, 0x5D, 0x54, 0x59, 0x5B, 0x55, 0x46, 0x59, 0x72, 0x28, 0x00, 0x01, 0x3B, 0x08,
    0x29, 0x9C, 0x1D, 0x12, 0x36, 0x0F, 0x08, 0x60, 0x47, 0x42, 0xD6, 0xFF, 0xFD, 0xFF, 0xFE, 0xFB,
    0xFD, 0xFF, 0xFF, 0xFF, 0xFF, 0xFF, 0xFE, 0xFE, 0xFE, 0xFF, 0xFF, 0xFF, 0xFF, 0xFF, 0xFF, 0xFF,
    0xFF, 0xFF, 0xFF, 0xFF, 0xFF, 0xFF, 0xFE, 0xFF, 0xFF, 0xFF, 0xFE, 0xFF, 0xFF, 0xFF, 0xFF, 0xFF,
    0xFF, 0xFF, 0xFE, 0xFF, 0xFE, 0xFF, 0xFE, 0xFF, 0xFF, 0xFF, 0xFF, 0xFF, 0xFF, 0xFF, 0xFF, 0xFE,
    0xFF, 0xFE, 0xFE, 0xFF, 0xFF, 0xFF, 0xFE, 0xFF, 0xFF, 0xFF, 0xFF, 0xFF, 0xFF, 0xFF, 0xFF, 0xFD,
    0xFF, 0xDA, 0x46, 0x59, 0xB6, 0xFF, 0xB3, 0x40, 0xB5, 0xFF, 0xFD, 0xFE, 0xFE, 0xFE, 0xFE, 0xFE,
    0xFE, 0xFE, 0xFE, 0xFE, 0xFF, 0xFF, 0xFF, 0xFF, 0xFF, 0xFE, 0xFF, 0xFE, 0xFE, 0xFF, 0xFE, 0xFE,
    0xFF, 0xFF, 0xFE, 0xFF, 0xFF, 0xFF, 0xFE, 0xFE, 0xFF, 0xFE, 0xFE, 0xFF, 0xFE, 0xFE, 0xFE, 0xFE,
    0xFE, 0xFF, 0xFF, 0xFE, 0xFF, 0xFF, 0xFF, 0xFF, 0xFE, 0xFE, 0xFE, 0xFF, 0xFE, 0xFE, 0xFF, 0xFE,
    0xFE, 0xFF, 0xFF, 0xFF, 0xFF, 0xFE, 0xFE, 0xFE, 0xFE, 0xFF, 0xFE, 0xFE, 0xFF, 0xFF, 0xFF, 0xFE,
    0xFF, 0xFE, 0xFC, 0xFD, 0xF9, 0x5F, 0x26, 0x8D, 0x72, 0x17, 0x00, 0x47, 0x18, 0x38, 0x7C, 0x23,
    0x1E, 0x01, 0x01, 0x00, 0x31, 0x4A, 0x26, 0x31, 0x36, 0x3C, 0x51, 0x54, 0x51, 0x55, 0x52, 0x4C,
    0x45, 0x43, 0x4D, 0x31, 0x00, 0x00, 0x31, 0x0A, 0x2F, 0x8D, 0x0B, 0x15, 0x24, 0x09, 0x3E, 0x80,
    0x45, 0xB0, 0xFF, 0xF9, 0xFB, 0xFB, 0xFD, 0xFF, 0xFE, 0xFE, 0xFF, 0xFF, 0xFF, 0xFF, 0xFE, 0xFE,
    0xFE, 0xFE, 0xFE, 0xFE, 0xFE, 0xFF, 0xFF, 0xFE, 0xFE, 0xFF, 0xFF, 0xFF, 0xFE, 0xFE, 0xFE, 0xFE,
    0xFF, 0xFF, 0xFE, 0xFF, 0xFF, 0xFF, 0xFF, 0xFE, 0xFE, 0xFE, 0xFF, 0xFE, 0xFE, 0xFE, 0xFE, 0xFE,
    0xFF, 0xFF, 0xFE, 0xFF, 0xFF, 0xFF, 0xFE, 0xFF, 0xFF, 0xFE, 0xFE, 0xFE, 0xFE, 0xFE, 0xFE, 0xFE,
    0xFE, 0xFF, 0xFF, 0xFE, 0xFE, 0xFE, 0xFF, 0xFE, 0xFB, 0xFF, 0x77, 0x4B, 0x77, 0xFF, 0x66, 0x68,
    0xEB, 0xFF, 0xFE, 0xFF, 0xFF, 0xFE, 0xFE, 0xFE, 0xFF, 0xFE, 0xFF, 0xFE, 0xFE, 0xFE, 0xFF, 0xFE,
    0xFE, 0xFE, 0xFF, 0xFE, 0xFF, 0xFF, 0xFE, 0xFE, 0xFF, 0xFF, 0xFF, 0xFF, 0xFF, 0xFF, 0xFF, 0xFF,
    0xFF, 0xFF, 0xFF, 0xFE, 0xFE, 0xFE, 0xFE, 0xFF, 0xFF, 0xFE, 0xFF, 0xFF, 0xFF, 0xFF, 0xFF, 0xFF,
    0xFF, 0xFE, 0xFE, 0xFE, 0xFE, 0xFE, 0xFE, 0xFF, 0xFF, 0xFE, 0xFF, 0xFF, 0xFE, 0xFE, 0xFE, 0xFE,
    0xFF, 0xFE, 0xFE, 0xFE, 0xFF, 0xFF, 0xFF, 0xFE, 0xFF, 0xFE, 0xFE, 0xFC, 0xFF, 0xBC, 0x3A, 0x83,
    0x8A, 0x37, 0x00, 0x2E, 0x1B, 0x40, 0x72, 0x27, 0x12, 0x02, 0x00, 0x00, 0x2D, 0x22, 0x1B, 0x30,
    0x35, 0x49, 0x60, 0x63, 0x60, 0x66, 0x69, 0x51, 0x3A, 0x37, 0x3D, 0x2D, 0x01, 0x00, 0x23, 0x0F,
    0x32, 0x81, 0x08, 0x15, 0x1B, 0x10, 0x7C, 0x87, 0x76, 0xFE, 0xFC, 0xFE, 0xFE, 0xFE, 0xFE, 0xFF,
    0xFE, 0xFF, 0xFE, 0xFE, 0xFF, 0xFF, 0xFF, 0xFF, 0xFF, 0xFE, 0xFE, 0xFE, 0xFE, 0xFE, 0xFF, 0xFE,
    0xFF, 0xFF, 0xFF, 0xFF, 0xFF, 0xFE, 0xFF, 0xFF, 0xFF, 0xFE, 0xFE, 0xFF, 0xFF, 0xFF, 0xFF, 0xFF,
    0xFF, 0xFF, 0xFF, 0xFF, 0xFF, 0xFE, 0xFE, 0xFF, 0xFF, 0xFF, 0xFE, 0xFE, 0xFF, 0xFF, 0xFE, 0xFE,
    0xFF, 0xFF, 0xFF, 0xFE, 0xFE, 0xFF, 0xFF, 0xFE, 0xFF, 0xFF, 0xFF, 0xFF, 0xFE, 0xFF, 0xFF, 0xFF,
    0xFD, 0xFF, 0xD2, 0x43, 0x51, 0xD4, 0x42, 0xAA, 0xFF, 0xFD, 0xFF, 0xFE, 0xFF, 0xFF, 0xFF, 0xFF,
    0xFF, 0xFE, 0xFE, 0xFE, 0xFF, 0xFE, 0xFF, 0xFF, 0xFF, 0xFF, 0xFF, 0xFE, 0xFF, 0xFF, 0xFE, 0xFE,
    0xFE, 0xFE, 0xFE, 0xFF, 0xFF, 0xFF, 0xFF, 0xFF, 0xFF, 0xFF, 0xFF, 0xFE, 0xFE, 0xFF, 0xFE, 0xFE,
    0xFE, 0xFF, 0xFF, 0xFF, 0xFF, 0xFF, 0xFF, 0xFF, 0xFF, 0xFF, 0xFF, 0xFF, 0xFE, 0xFE, 0xFE, 0xFE,
    0xFF, 0xFF, 0xFF, 0xFF, 0xFE, 0xFF, 0xFE, 0xFF, 0xFF, 0xFF, 0xFE, 0xFE, 0xFE, 0xFE, 0xFE, 0xFF,
    0xFF, 0xFF, 0xFF, 0xFE, 0xFE, 0xFE, 0x67, 0x80, 0x89, 0x45, 0x0D, 0x1A, 0x1C, 0x43, 0x5C, 0x2A,
    0x0C, 0x01, 0x00, 0x07, 0x1A, 0x10, 0x2F, 0x3F, 0x54, 0x61, 0x6B, 0x76, 0x70, 0x73, 0x72, 0x62,
    0x42, 0x25, 0x28, 0x25, 0x02, 0x00, 0x12, 0x13, 0x36, 0x81, 0x09, 0x12, 0x14, 0x27, 0xB3, 0x74,
    0xCA, 0xFF, 0xFC, 0xFE, 0xFE, 0xFE, 0xFE, 0xFF, 0xFF, 0xFF, 0xFF, 0xFF, 0xFF, 0xFF, 0xFF, 0xFF,
    0xFF, 0xFE, 0xFE, 0xFE, 0xFE, 0xFE, 0xFE, 0xFF, 0xFF, 0xFF, 0xFF, 0xFF, 0xFF, 0xFF, 0xFE, 0xFE,
    0xFE, 0xFE, 0xFE, 0xFF, 0xFF, 0xFF, 0xFF, 0xFF, 0xFF, 0xFF, 0xFF, 0xFF, 0xFE, 0xFE, 0xFE, 0xFE,
    0xFE, 0xFF, 0xFF, 0xFF, 0xFF, 0xFF, 0xFF, 0xFE, 0xFF, 0xFF, 0xFF, 0xFE, 0xFE, 0xFE, 0xFE, 0xFE,
    0xFE, 0xFF, 0xFF, 0xFF, 0xFF, 0xFF, 0xFF, 0xFF, 0xFF, 0xFC, 0xFF, 0x71, 0x3B, 0x98, 0x5E, 0xE1,
    0xFF, 0xFE, 0xFF, 0xFF, 0xFF, 0xFF, 0xFF, 0xFE, 0xFE, 0xFE, 0xFF, 0xFF, 0xFE, 0xFE, 0xFF, 0xFF,
    0xFF, 0xFE, 0xFF, 0xFF, 0xFF, 0xFE, 0xFE, 0xFE, 0xFE, 0xFE, 0xFE, 0xFE, 0xFF, 0xFF, 0xFF, 0xFF,
    0xFF, 0xFF, 0xFF, 0xFE, 0xFE, 0xFF, 0xFE, 0xFF, 0xFE, 0xFE, 0xFF, 0xFF, 0xFE, 0xFF, 0xFF, 0xFF,
    0xFF, 0xFF, 0xFE, 0xFE, 0xFF, 0xFF, 0xFE, 0xFE, 0xFE, 0xFE, 0xFE, 0xFF, 0xFF, 0xFF, 0xFF, 0xFF,
    0xFF, 0xFE, 0xFF, 0xFE, 0xFE, 0xFE, 0xFE, 0xFE, 0xFF, 0xFF, 0xFF, 0xFF, 0xFC, 0xFF, 0xAC, 0x65,
    0x8D, 0x42, 0x1F, 0x0D, 0x12, 0x4A, 0x50, 0x27, 0x07, 0x00, 0x03, 0x04, 0x0F, 0x2D, 0x5B, 0x8B,
    0xC6, 0xD2, 0xB7, 0xA6, 0x9B, 0xA7, 0xB2, 0xA9, 0x81, 0x43, 0x1B, 0x14, 0x06, 0x00, 0x0A, 0x11,
    0x3E, 0x7F, 0x07, 0x12, 0x0D, 0x57, 0xA5, 0x7A, 0xFF, 0xFD, 0xFE, 0xFE, 0xFE, 0xFE, 0xFE, 0xFF,
    0xFE, 0xFF, 0xFF, 0xFE, 0xFF, 0xFE, 0xFF, 0xFF, 0xFE, 0xFE, 0xFE, 0xFE, 0xFE, 0xFE, 0xFF, 0xFF,
    0xFE, 0xFF, 0xFF, 0xFF, 0xFE, 0xFE, 0xFE, 0xFE, 0xFE, 0xFE, 0xFE, 0xFE, 0xFE, 0xFF, 0xFF, 0xFF,
    0xFF, 0xFF, 0xFF, 0xFF, 0xFF, 0xFE, 0xFE, 0xFE, 0xFE, 0xFE, 0xFE, 0xFF, 0xFF, 0xFF, 0xFF, 0xFE,
    0xFF, 0xFF, 0xFE, 0xFF, 0xFF, 0xFE, 0xFF, 0xFE, 0xFF, 0xFE, 0xFF, 0xFF, 0xFF, 0xFF, 0xFF, 0xFE,
    0xFF, 0xFC, 0xFF, 0xC3, 0x33, 0x75, 0x78, 0xFF, 0xFD, 0xFF, 0xFE, 0xFE, 0xFF, 0xFF, 0xFF, 0xFF,
    0xFF, 0xFF, 0xFE, 0xFE, 0xFE, 0xFE, 0xFE, 0xFF, 0xFF, 0xFF, 0xFF, 0xFF, 0xFF, 0xFF, 0xFE, 0xFE,
    0xFE, 0xFE, 0xFE, 0xFE, 0xFE, 0xFE, 0xFF, 0xFF, 0xFF, 0xFF, 0xFF, 0xFF, 0xFE, 0xFF, 0xFE, 0xFE,
    0xFE, 0xFE, 0xFE, 0xFE, 0xFF, 0xFF, 0xFF, 0xFF, 0xFF, 0xFF, 0xFF, 0xFF, 0xFF, 0xFE, 0xFE, 0xFE,
    0xFE, 0xFE, 0xFE, 0xFF, 0xFF, 0xFF, 0xFF, 0xFF, 0xFF, 0xFF, 0xFF, 0xFF, 0xFE, 0xFE, 0xFE, 0xFE,
    0xFE, 0xFF, 0xFF, 0xFF, 0xFE, 0xFF, 0xF3, 0x67, 0x86, 0x38, 0x32, 0x05, 0x0B, 0x4E, 0x53, 0x1F,
    0x01, 0x01, 0x00, 0x19, 0x6B, 0x85, 0xB5, 0xD5, 0xEC, 0xFF, 0xFF, 0xFF, 0xFF, 0xFE, 0xFF, 0xF5,
    0xC8, 0xAE, 0x66, 0x21, 0x00, 0x03, 0x07, 0x16, 0x50, 0x79, 0x09, 0x10, 0x0B, 0x83, 0x7A, 0xC0,
    0xFF, 0xFD, 0xFF, 0xFE, 0xFE, 0xFE, 0xFE, 0xFE, 0xFE, 0xFF, 0xFF, 0xFF, 0xFE, 0xFF, 0xFF, 0xFF,
    0xFF, 0xFF, 0xFE, 0xFE, 0xFE, 0xFE, 0xFE, 0xFE, 0xFF, 0xFF, 0xFF, 0xFF, 0xFF, 0xFF, 0xFF, 0xFF,
    0xFE, 0xFE, 0xFE, 0xFE, 0xFE, 0xFE, 0xFF, 0xFF, 0xFF, 0xFF, 0xFF, 0xFF, 0xFE, 0xFE, 0xFE, 0xFE,
    0xFE, 0xFE, 0xFE, 0xFE, 0xFE, 0xFF, 0xFE, 0xFF, 0xFF, 0xFF, 0xFF, 0xFF, 0xFE, 0xFE, 0xFE, 0xFE,
    0xFE, 0xFE, 0xFE, 0xFF, 0xFF, 0xFF, 0xFF, 0xFF, 0xFF, 0xFF, 0xFE, 0xFF, 0x53, 0x61, 0xBE, 0xFF,
    0xFC, 0xFF, 0xFF, 0xFE, 0xFE, 0xFE, 0xFF, 0xFE, 0xFE, 0xFF, 0xFF, 0xFE, 0xFE, 0xFE, 0xFE, 0xFE,
    0xFE, 0xFF, 0xFE, 0xFE, 0xFE, 0xFE, 0xFE, 0xFE, 0xFE, 0xFE, 0xFE, 0xFE, 0xFE, 0xFE, 0xFE, 0xFE,
    0xFF, 0xFE, 0xFF, 0xFF, 0xFE, 0xFE, 0xFE, 0xFE, 0xFE, 0xFE, 0xFE, 0xFE, 0xFE, 0xFE, 0xFE, 0xFF,
    0xFE, 0xFE, 0xFE, 0xFE, 0xFE, 0xFE, 0xFE, 0xFE, 0xFE, 0xFE, 0xFE, 0xFF, 0xFF, 0xFE, 0xFE, 0xFF,
    0xFF, 0xFF, 0xFE, 0xFE, 0xFE, 0xFE, 0xFE, 0xFE, 0xFE, 0xFE, 0xFE, 0xFE, 0xFF, 0xFC, 0xFF, 0x9D,
    0x76, 0x3B, 0x29, 0x0E, 0x07, 0x4B, 0x51, 0x1C, 0x00, 0x00, 0x18, 0x8D, 0xAC, 0xA4, 0xDB, 0xE0,
    0xEA, 0xFC, 0xFB, 0xFC, 0xFC, 0xFD, 0xFD, 0xFA, 0xDF, 0xC9, 0xA2, 0x8F, 0x36, 0x00, 0x03, 0x20,
    0x62, 0x77, 0x0A, 0x0E, 0x24, 0x82, 0x79, 0xF7, 0xFF, 0xFE, 0xFE, 0xFE, 0xFE, 0xFE, 0xFE, 0xFE,
    0xFE, 0xFE, 0xFE, 0xFE, 0xFE, 0xFF, 0xFF, 0xFF, 0xFE, 0xFE, 0xFE, 0xFE, 0xFE, 0xFE, 0xFE, 0xFE,
    0xFE, 0xFE, 0xFF, 0xFE, 0xFE, 0xFE, 0xFF, 0xFF, 0xFE, 0xFE, 0xFE, 0xFE, 0xFE, 0xFE, 0xFE, 0xFF,
    0xFE, 0xFE, 0xFE, 0xFE, 0xFE, 0xFE, 0xFE, 0xFE, 0xFE, 0xFE, 0xFE, 0xFE, 0xFE, 0xFE, 0xFE, 0xFE,
    0xFF, 0xFE, 0xFE, 0xFF, 0xFF, 0xFE, 0xFE, 0xFE, 0xFE, 0xFE, 0xFE, 0xFE, 0xFE, 0xFE, 0xFE, 0xFE,
    0xFE, 0xFF, 0xFB, 0xFF, 0xA4, 0x4F, 0xF7, 0xFF, 0xFF, 0xFF, 0xFE, 0xFF, 0xFF, 0xFE, 0xFE, 0xFE,
    0xFE, 0xFF, 0xFE, 0xFE, 0xFE, 0xFE, 0xFE, 0xFE, 0xFE, 0xFE, 0xFE, 0xFE, 0xFF, 0xFF, 0xFE, 0xFF,
    0xFE, 0xFE, 0xFF, 0xFE, 0xFE, 0xFE, 0xFE, 0xFE, 0xFE, 0xFE, 0xFF, 0xFF, 0xFE, 0xFE, 0xFF, 0xFE,
    0xFE, 0xFE, 0xFE, 0xFE, 0xFE, 0xFE, 0xFE, 0xFE, 0xFF, 0xFE, 0xFF, 0xFF, 0xFE, 0xFE, 0xFE, 0xFE,
    0xFE, 0xFE, 0xFE, 0xFE, 0xFE, 0xFF, 0xFE, 0xFE, 0xFF, 0xFF, 0xFE, 0xFE, 0xFE, 0xFE, 0xFE, 0xFE,
    0xFE, 0xFE, 0xFE, 0xFE, 0xFE, 0xFD, 0xFF, 0xD6, 0x72, 0x44, 0x1B, 0x14, 0x05, 0x44, 0x4B, 0x1C,
    0x00, 0x00, 0x5F, 0xA2, 0xAD, 0xC1, 0xD2, 0xD8, 0xE6, 0xF3, 0xFF, 0xFF, 0xFF, 0xFF, 0xFF, 0xF0,
    0xDE, 0xDB, 0xBC, 0x9A, 0x95, 0x20, 0x00, 0x1F, 0x6F, 0x73, 0x08, 0x12, 0x36, 0x76, 0xA4, 0xFF,
    0xFC, 0xFF, 0xFF, 0xFE, 0xFE, 0xFE, 0xFE, 0xFE, 0xFE, 0xFE, 0xFE, 0xFE, 0xFE, 0xFF, 0xFF, 0xFF,
    0xFE, 0xFF, 0xFE, 0xFE, 0xFE, 0xFE, 0xFE, 0xFD, 0xFE, 0xFE, 0xFE, 0xFE, 0xFE, 0xFF, 0xFF, 0xFF,
    0xFE, 0xFE, 0xFE, 0xFE, 0xFE, 0xFE, 0xFE, 0xFE, 0xFE, 0xFE, 0xFE, 0xFE, 0xFE, 0xFE, 0xFF, 0xFE,
    0xFE, 0xFE, 0xFE, 0xFE, 0xFE, 0xFE, 0xFE, 0xFF, 0xFF, 0xFE, 0xFE, 0xFF, 0xFF, 0xFE, 0xFE, 0xFE,
    0xFE, 0xFE, 0xFE, 0xFE, 0xFE, 0xFE, 0xFE, 0xFF, 0xFF, 0xFF, 0xFE, 0xFF, 0xE3, 0x63, 0xFE, 0xFF,
    0xFE, 0xFF, 0xFF, 0xFF, 0xFE, 0xFE, 0xFF, 0xFF, 0xFF, 0xFF, 0xFF, 0xFF, 0xFE, 0xFE, 0xFE, 0xFE,
    0xFE, 0xFE, 0xFF, 0xFE, 0xFE, 0xFF, 0xFF, 0xFF, 0xFF, 0xFE, 0xFE, 0xFE, 0xFE, 0xFE, 0xFE, 0xFE,
    0xFE, 0xFF, 0xFF, 0xFF, 0xFF, 0xFF, 0xFF, 0xFE, 0xFE, 0xFE, 0xFE, 0xFE, 0xFE, 0xFE, 0xFE, 0xFE,
    0xFE, 0xFE, 0xFE, 0xFF, 0xFF, 0xFE, 0xFF, 0xFE, 0xFE, 0xFE, 0xFE, 0xFE, 0xFE, 0xFE, 0xFF, 0xFE,
    0xFF, 0xFF, 0xFE, 0xFE, 0xFE, 0xFE, 0xFD, 0xFE, 0xFE, 0xFE, 0xFE, 0xFE, 0xFE, 0xFF, 0xFF, 0xFB,
    0x84, 0x50, 0x11, 0x12, 0x0A, 0x42, 0x3C, 0x20, 0x00, 0x18, 0x87, 0xAA, 0xAA, 0xBD, 0xE8, 0xE7,
    0xDC, 0xC6, 0xC1, 0xD9, 0xE7, 0xE7, 0xE0, 0xE4, 0xDE, 0xDC, 0xC9, 0xAD, 0xA8, 0x51, 0x00, 0x1A,
    0x76, 0x58, 0x05, 0x12, 0x3D, 0x72, 0xDC, 0xFF, 0xFE, 0xFF, 0xFF, 0xFE, 0xFF, 0xFE, 0xFE, 0xFE,
    0xFE, 0xFE, 0xFE, 0xFE, 0xFE, 0xFF, 0xFF, 0xFF, 0xFF, 0xFF, 0xFF, 0xFE, 0xFE, 0xFE, 0xFE, 0xFE,
    0xFE, 0xFE, 0xFE, 0xFE, 0xFF, 0xFE, 0xFE, 0xFF, 0xFF, 0xFE, 0xFE, 0xFE, 0xFE, 0xFE, 0xFE, 0xFE,
    0xFE, 0xFE, 0xFE, 0xFF, 0xFF, 0xFF, 0xFF, 0xFF, 0xFE, 0xFE, 0xFE, 0xFE, 0xFE, 0xFE, 0xFE, 0xFE,
    0xFF, 0xFF, 0xFF, 0xFF, 0xFE, 0xFE, 0xFF, 0xFE, 0xFE, 0xFE, 0xFE, 0xFE, 0xFE, 0xFE, 0xFE, 0xFE,
    0xFF, 0xFE, 0xFF, 0xFC, 0xFF, 0x78, 0xFE, 0xFE, 0xFF, 0xFE, 0xFF, 0xFF, 0xFE, 0xFF, 0xFF, 0xFF,
    0xFF, 0xFF, 0xFF, 0xFE, 0xFE, 0xFE, 0xFE, 0xFE, 0xFE, 0xFE, 0xFE, 0xFF, 0xFF, 0xFF, 0xFF, 0xFF,
    0xFF, 0xFF, 0xFF, 0xFE, 0xFE, 0xFE, 0xFE, 0xFE, 0xFE, 0xFE, 0xFF, 0xFF, 0xFE, 0xFE, 0xFF, 0xFE,
    0xFE, 0xFE, 0xFE, 0xFE, 0xFE, 0xFE, 0xFE, 0xFE, 0xFF, 0xFF, 0xFE, 0xFE, 0xFF, 0xFF, 0xFF, 0xFE,
    0xFE, 0xFE, 0xFE, 0xFE, 0xFE, 0xFE, 0xFE, 0xFF, 0xFE, 0xFE, 0xFE, 0xFF, 0xFE, 0xFE, 0xFE, 0xFE,
    0xFE, 0xFE, 0xFE, 0xFE, 0xFF, 0xFF, 0xFC, 0xFF, 0xA3, 0x4B, 0x0F, 0x09, 0x09, 0x42, 0x31, 0x18,
    0x12, 0x3C, 0xA5, 0xB1, 0xAD, 0xE1, 0xFF, 0xFF, 0xF1, 0xB1, 0x76, 0x5D, 0x57, 0x76, 0xC5, 0xDB,
    0xF1, 0xEA, 0xC4, 0xB2, 0xC0, 0x7C, 0x03, 0x1A, 0x75, 0x43, 0x04, 0x12, 0x38, 0x89, 0xFE, 0xFE,
    0xFE, 0xFF, 0xFE, 0xFE, 0xFE, 0xFE, 0xFE, 0xFE, 0xFE, 0xFE, 0xFE, 0xFE, 0xFE, 0xFE, 0xFF, 0xFF,
    0xFE, 0xFE, 0xFF, 0xFE, 0xFE, 0xFE, 0xFE, 0xFE, 0xFE, 0xFE, 0xFE, 0xFE, 0xFE, 0xFE, 0xFF, 0xFF,
    0xFE, 0xFF, 0xFE, 0xFE, 0xFE, 0xFE, 0xFE, 0xFE, 0xFE, 0xFE, 0xFE, 0xFF, 0xFE, 0xFF, 0xFF, 0xFE,
    0xFF, 0xFE, 0xFE, 0xFE, 0xFE, 0xFE, 0xFE, 0xFE, 0xFE, 0xFF, 0xFE, 0xFF, 0xFF, 0xFF, 0xFF, 0xFE,
    0xFE, 0xFE, 0xFE, 0xFE, 0xFE, 0xFE, 0xFE, 0xFF, 0xFF, 0xFE, 0xFF, 0xFD, 0xFF, 0xCA, 0xFE, 0xFE,
    0xFE, 0xFE, 0xFF, 0xFF, 0xFE, 0xFE, 0xFE, 0xFE, 0xFE, 0xFE, 0xFE, 0xFE, 0xFE, 0xFE, 0xFE, 0xFE,
    0xFE, 0xFE, 0xFE, 0xFE, 0xFE, 0xFE, 0xFE, 0xFE, 0xFE, 0xFF, 0xFF, 0xFF, 0xFE, 0xFE, 0xFE, 0xFE,
    0xFE, 0xFE, 0xFE, 0xFE, 0xFE, 0xFE, 0xFE, 0xFE, 0xFE, 0xFE, 0xFE, 0xFE, 0xFE, 0xFE, 0xFE, 0xFE,
    0xFE, 0xFE, 0xFF, 0xFE, 0xFE, 0xFE, 0xFE, 0xFE, 0xFE, 0xFE, 0xFE, 0xFE, 0xFE, 0xFE, 0xFE, 0xFE,
    0xFE, 0xFE, 0xFE, 0xFE, 0xFE, 0xFE, 0xFE, 0xFE, 0xFE, 0xFE, 0xFE, 0xFE, 0xFE, 0xFF, 0xFC, 0xFF,
    0xC4, 0x47, 0x16, 0x01, 0x16, 0x3F, 0x34, 0x0A, 0x05, 0x59, 0xB3, 0xAD, 0xC9, 0xFF, 0xDB, 0xD8,
    0xFC, 0xB4, 0x7C, 0x75, 0x65, 0x75, 0xD0, 0xFF, 0xFE, 0xFF, 0xDF, 0xB4, 0xC2, 0x9E, 0x22, 0x19,
    0x6F, 0x34, 0x00, 0x0E, 0x35, 0xB0, 0xFF, 0xFC, 0xFE, 0xFE, 0xFE, 0xFE, 0xFE, 0xFE, 0xFF, 0xFE,
    0xFE, 0xFE, 0xFE, 0xFE, 0xFE, 0xFE, 0xFE, 0xFE, 0xFE, 0xFE, 0xFE, 0xFE, 0xFF, 0xFF, 0xFE, 0xFE,
    0xFE, 0xFE, 0xFE, 0xFE, 0xFE, 0xFE, 0xFF, 0xFF, 0xFE, 0xFE, 0xFE, 0xFF, 0xFE, 0xFE, 0xFE, 0xFE,
    0xFE, 0xFE, 0xFE, 0xFE, 0xFE, 0xFE, 0xFE, 0xFE, 0xFE, 0xFE, 0xFF, 0xFE, 0xFE, 0xFE, 0xFE, 0xFE,
    0xFE, 0xFE, 0xFE, 0xFF, 0xFE, 0xFE, 0xFE, 0xFE, 0xFE, 0xFE, 0xFE, 0xFE, 0xFE, 0xFE, 0xFE, 0xFF,
    0xFE, 0xFE, 0xFE, 0xFE, 0xFF, 0xFB, 0xFF, 0xFE, 0xFF, 0xFF, 0xFE, 0xFF, 0xFE, 0xFF, 0xFF, 0xFE,
    0xFF, 0xFF, 0xFF, 0xFF, 0xFF, 0xFF, 0xFE, 0xFE, 0xFE, 0xFE, 0xFE, 0xFE, 0xFF, 0xFF, 0xFE, 0xFF,
    0xFF, 0xFE, 0xFF, 0xFF, 0xFE, 0xFE, 0xFE, 0xFE, 0xFE, 0xFE, 0xFF, 0xFF, 0xFF, 0xFF, 0xFF, 0xFF,
    0xFF, 0xFE, 0xFE, 0xFF, 0xFF, 0xFE, 0xFE, 0xFE, 0xFF, 0xFE, 0xFF, 0xFF, 0xFF, 0xFF, 0xFF, 0xFE,
    0xFF, 0xFE, 0xFE, 0xFE, 0xFE, 0xFE, 0xFE, 0xFE, 0xFE, 0xFF, 0xFF, 0xFF, 0xFF, 0xFF, 0xFE, 0xFE,
    0xFE, 0xFF, 0xFE, 0xFE, 0xFE, 0xFE, 0xFE, 0xFF, 0xE0, 0x4E, 0x0E, 0x3D, 0x47, 0x32, 0x31, 0x03,
    0x0D, 0x77, 0xA6, 0xBF, 0xD4, 0xFF, 0xCA, 0xAC, 0x87, 0x90, 0xBE, 0xAB, 0xC0, 0xB5, 0xAD, 0xC6,
    0xBF, 0xE5, 0xFA, 0xC9, 0xBF, 0xA8, 0x28, 0x10, 0x77, 0x27, 0x1A, 0x0F, 0x34, 0xC9, 0xFF, 0xFC,
    0xFE, 0xFF, 0xFF, 0xFF, 0xFF, 0xFF, 0xFF, 0xFF, 0xFF, 0xFF, 0xFE, 0xFE, 0xFE, 0xFE, 0xFE, 0xFF,
    0xFF, 0xFF, 0xFE, 0xFF, 0xFF, 0xFF, 0xFF, 0xFE, 0xFE, 0xFE, 0xFE, 0xFE, 0xFE, 0xFF, 0xFE, 0xFF,
    0xFF, 0xFF, 0xFF, 0xFF, 0xFF, 0xFE, 0xFE, 0xFE, 0xFE, 0xFE, 0xFE, 0xFE, 0xFF, 0xFF, 0xFF, 0xFF,
    0xFF, 0xFF, 0xFF, 0xFF, 0xFE, 0xFE, 0xFE, 0xFE, 0xFE, 0xFF, 0xFF, 0xFF, 0xFF, 0xFF, 0xFF, 0xFE,
    0xFF, 0xFE, 0xFE, 0xFE, 0xFE, 0xFE, 0xFE, 0xFE, 0xFE, 0xFF, 0xFF, 0xFF, 0xFE, 0xFE, 0xFF, 0xFF,
    0xFF, 0xFF, 0xFF, 0xFE, 0xFF, 0xFE, 0xFF, 0xFF, 0xFF, 0xFF, 0xFF, 0xFE, 0xFF, 0xFF, 0xFE, 0xFF,
    0xFF, 0xFF, 0xFE, 0xFF, 0xFF, 0xFF, 0xFF, 0xFF, 0xFF, 0xFF, 0xFF, 0xFF, 0xFF, 0xFE, 0xFF, 0xFF,
    0xFE, 0xFE, 0xFF, 0xFF, 0xFF, 0xFF, 0xFF, 0xFF, 0xFF, 0xFF, 0xFF, 0xFF, 0xFF, 0xFE, 0xFF, 0xFE,
    0xFE, 0xFF, 0xFE, 0xFF, 0xFE, 0xFE, 0xFF, 0xFF, 0xFF, 0xFF, 0xFF, 0xFE, 0xFF, 0xFF, 0xFE, 0xFE,
    0xFF, 0xFF, 0xFF, 0xFF, 0xFF, 0xFF, 0xFF, 0xFF, 0xFF, 0xFF, 0xFF, 0xFE, 0xFE, 0xFF, 0xFE, 0xFF,
    0xF3, 0x3F, 0x32, 0x96, 0x3F, 0x2C, 0x28, 0x00, 0x23, 0x91, 0x93, 0xCB, 0xF0, 0xFF, 0xFD, 0xFF,
    0xBD, 0x5C, 0x5B, 0x67, 0x70, 0x6A, 0x6A, 0xA4, 0xB1, 0xD6, 0xFA, 0xCE, 0xC6, 0x9C, 0x3A, 0x08,
    0x84, 0x1B, 0x51, 0x5F, 0x14, 0xD1, 0xFF, 0xFC, 0xFE, 0xFE, 0xFF, 0xFF, 0xFF, 0xFF, 0xFF, 0xFF,
    0xFF, 0xFF, 0xFE, 0xFF, 0xFE, 0xFE, 0xFF, 0xFF, 0xFF, 0xFF, 0xFF, 0xFE, 0xFF, 0xFF, 0xFF, 0xFF,
    0xFF, 0xFE, 0xFE, 0xFE, 0xFF, 0xFE, 0xFF, 0xFF, 0xFF, 0xFF, 0xFE, 0xFF, 0xFF, 0xFF, 0xFF, 0xFF,
    0xFF, 0xFE, 0xFF, 0xFE, 0xFE, 0xFF, 0xFF, 0xFF, 0xFF, 0xFF, 0xFF, 0xFF, 0xFF, 0xFF, 0xFE, 0xFE,
    0xFF, 0xFF, 0xFF, 0xFF, 0xFE, 0xFF, 0xFF, 0xFE, 0xFF, 0xFF, 0xFE, 0xFF, 0xFE, 0xFE, 0xFF, 0xFE,
    0xFE, 0xFF, 0xFF, 0xFF, 0xFF, 0xFF, 0xFE, 0xFE, 0xFE, 0xFF, 0xFE, 0xFE, 0xFF, 0xFE, 0xFF, 0xFF,
    0xFF, 0xFE, 0xFF, 0xFE, 0xFF, 0xFF, 0xFF, 0xFE, 0xFE, 0xFE, 0xFF, 0xFE, 0xFE, 0xFE, 0xFF, 0xFF,
    0xFE, 0xFE, 0xFF, 0xFE, 0xFE, 0xFF, 0xFE, 0xFE, 0xFF, 0xFE, 0xFF, 0xFE, 0xFE, 0xFE, 0xFF, 0xFE,
    0xFF, 0xFE, 0xFE, 0xFE, 0xFE, 0xFE, 0xFE, 0xFF, 0xFE, 0xFE, 0xFE, 0xFF, 0xFE, 0xFE, 0xFE, 0xFE,
    0xFE, 0xFE, 0xFF, 0xFE, 0xFE, 0xFE, 0xFE, 0xFE, 0xFF, 0xFE, 0xFF, 0xFE, 0xFE, 0xFF, 0xFE, 0xFE,
    0xFF, 0xFE, 0xFF, 0xFE, 0xFE, 0xFE, 0xFC, 0xFF, 0xE1, 0x50, 0x9F, 0x98, 0x21, 0x2E, 0x1B, 0x01,
    0x41, 0x98, 0x84, 0xE3, 0xFF, 0xFE, 0xFD, 0xFC, 0xFF, 0xC7, 0x94, 0x95, 0x89, 0x91, 0xD8, 0xFF,
    0xFE, 0xFF, 0xFB, 0xD9, 0xB9, 0x9B, 0x4F, 0x05, 0x6D, 0x19, 0x34, 0xAD, 0x40, 0xCF, 0xFF, 0xFC,
    0xFE, 0xFE, 0xFF, 0xFE, 0xFF, 0xFF, 0xFE, 0xFE, 0xFF, 0xFF, 0xFF, 0xFE, 0xFE, 0xFE, 0xFE, 0xFE,
    0xFE, 0xFF, 0xFF, 0xFF, 0xFE, 0xFF, 0xFE, 0xFF, 0xFE, 0xFE, 0xFF, 0xFE, 0xFE, 0xFE, 0xFF, 0xFF,
    0xFF, 0xFE, 0xFF, 0xFF, 0xFF, 0xFE, 0xFE, 0xFE, 0xFE, 0xFE, 0xFE, 0xFE, 0xFE, 0xFF, 0xFE, 0xFF,
    0xFF, 0xFF, 0xFF, 0xFF, 0xFF, 0xFE, 0xFE, 0xFF, 0xFF, 0xFF, 0xFF, 0xFF, 0xFF, 0xFF, 0xFE, 0xFE,
    0xFE, 0xFE, 0xFE, 0xFF, 0xFF, 0xFF, 0xFF, 0xFE, 0xFE, 0xFF, 0xFE, 0xFE, 0xFE, 0xFF, 0xFF, 0xFF,
    0xFE, 0xFE, 0xFE, 0xFE, 0xFE, 0xFE, 0xFE, 0xFE, 0xFE, 0xFE, 0xFF, 0xFF, 0xFE, 0xFF, 0xFE, 0xFF,
    0xFE, 0xFE, 0xFE, 0xFF, 0xFF, 0xFF, 0xFE, 0xFE, 0xFF, 0xFF, 0xFE, 0xFE, 0xFE, 0xFF, 0xFF, 0xFE,
    0xFE, 0xFE, 0xFF, 0xFF, 0xFE, 0xFE, 0xFF, 0xFE, 0xFF, 0xFF, 0xFE, 0xFE, 0xFE, 0xFE, 0xFE, 0xFE,
    0xFF, 0xFF, 0xFE, 0xFF, 0xFF, 0xFE, 0xFE, 0xFF, 0xFE, 0xFE, 0xFE, 0xFF, 0xFF, 0xFE, 0xFE, 0xFE,
    0xFE, 0xFF, 0xFF, 0xFE, 0xFE, 0xFE, 0xFE, 0xFE, 0xFF, 0xFE, 0xFF, 0xFF, 0xFF, 0xFE, 0xFF, 0xF0,
    0x98, 0x84, 0x8F, 0x48, 0x18, 0x2B, 0x15, 0x02, 0x52, 0x89, 0xC6, 0xDE, 0xFE, 0xFF, 0xFE, 0xFE,
    0xFD, 0xFF, 0xDB, 0xC6, 0xDF, 0xF9, 0xFF, 0xFC, 0xFC, 0xFD, 0xFF, 0xF7, 0xAE, 0xA1, 0x5B, 0x0A,
    0x5A, 0x17, 0x1B, 0xA9, 0xB7, 0x8B, 0xFE, 0xFD, 0xFE, 0xFE, 0xFF, 0xFF, 0xFE, 0xFE, 0xFF, 0xFE,
    0xFE, 0xFE, 0xFE, 0xFE, 0xFF, 0xFE, 0xFE, 0xFF, 0xFE, 0xFE, 0xFE, 0xFF, 0xFE, 0xFE, 0xFF, 0xFE,
    0xFE, 0xFE, 0xFE, 0xFF, 0xFE, 0xFE, 0xFE, 0xFE, 0xFE, 0xFE, 0xFE, 0xFF, 0xFE, 0xFE, 0xFE, 0xFF,
    0xFF, 0xFE, 0xFE, 0xFE, 0xFE, 0xFF, 0xFE, 0xFE, 0xFE, 0xFE, 0xFE, 0xFF, 0xFE, 0xFE, 0xFF, 0xFF,
    0xFF, 0xFF, 0xFE, 0xFE, 0xFE, 0xFE, 0xFE, 0xFE, 0xFF, 0xFF, 0xFE, 0xFE, 0xFE, 0xFF, 0xFF, 0xFE,
    0xFE, 0xFE, 0xFE, 0xFE, 0xFE, 0xFF, 0xFF, 0xFF, 0xFF, 0xFF, 0xFE, 0xFF, 0xFE, 0xFF, 0xFF, 0xFE,
    0xFE, 0xFF, 0xFF, 0xFF, 0xFF, 0xFF, 0xFF, 0xFF, 0xFF, 0xFF, 0xFE, 0xFF, 0xFF, 0xFF, 0xFF, 0xFF,
    0xFF, 0xFF, 0xFF, 0xFF, 0xFF, 0xFE, 0xFF, 0xFF, 0xFF, 0xFF, 0xFF, 0xFF, 0xFF, 0xFF, 0xFE, 0xFF,
    0xFF, 0xFF, 0xFF, 0xFF, 0xFF, 0xFF, 0xFF, 0xFF, 0xFF, 0xFF, 0xFF, 0xFF, 0xFE, 0xFF, 0xFF, 0xFF,
    0xFF, 0xFF, 0xFF, 0xFF, 0xFF, 0xFF, 0xFE, 0xFE, 0xFE, 0xFE, 0xFF, 0xFF, 0xFF, 0xFF, 0xFF, 0xFF,
    0xFF, 0xFF, 0xFF, 0xFF, 0xFF, 0xFF, 0xFE, 0x96, 0x9C, 0x5C, 0x3E, 0x68, 0x3A, 0x1B, 0x1A, 0x08,
    0x41, 0xBE, 0xFD, 0xDD, 0xF5, 0xFF, 0xFE, 0xFF, 0xFB, 0xC1, 0xB4, 0xB7, 0xCA, 0xE7, 0xFF, 0xFE,
    0xFF, 0xFD, 0xFF, 0xE2, 0xD1, 0x9C, 0x5D, 0x15, 0x55, 0x16, 0x0A, 0x56, 0xBA, 0x85, 0xB5, 0xFF,
    0xFC, 0xFE, 0xFF, 0xFF, 0xFE, 0xFE, 0xFF, 0xFF, 0xFF, 0xFF, 0xFF, 0xFF, 0xFF, 0xFF, 0xFF, 0xFF,
    0xFE, 0xFE, 0xFE, 0xFF, 0xFF, 0xFF, 0xFF, 0xFF, 0xFF, 0xFF, 0xFF, 0xFF, 0xFF, 0xFE, 0xFE, 0xFE,
    0xFE, 0xFF, 0xFF, 0xFF, 0xFF, 0xFE, 0xFF, 0xFF, 0xFF, 0xFF, 0xFF, 0xFE, 0xFE, 0xFF, 0xFF, 0xFE,
    0xFF, 0xFE, 0xFF, 0xFF, 0xFF, 0xFF, 0xFF, 0xFF, 0xFF, 0xFF, 0xFE, 0xFF, 0xFF, 0xFF, 0xFF, 0xFF,
    0xFF, 0xFF, 0xFF, 0xFF, 0xFF, 0xFF, 0xFF, 0xFE, 0xFE, 0xFF, 0xFF, 0xFE, 0xFF, 0xFF, 0xFF, 0xFF,
    0xFF, 0xFF, 0xFF, 0xFE, 0xFF, 0xFE, 0xFE, 0xFE, 0xFF, 0xFF, 0xFF, 0xFF, 0xFF, 0xFE, 0xFF, 0xFF,
    0xFF, 0xFE, 0xFE, 0xFF, 0xFF, 0xFF, 0xFE, 0xFE, 0xFF, 0xFF, 0xFF, 0xFF, 0xFF, 0xFF, 0xFE, 0xFF,
    0xFF, 0xFF, 0xFF, 0xFE, 0xFE, 0xFF, 0xFE, 0xFF, 0xFF, 0xFF, 0xFF, 0xFF, 0xFF, 0xFF, 0xFE, 0xFF,
    0xFF, 0xFF, 0xFF, 0xFE, 0xFE, 0xFF, 0xFF, 0xFF, 0xFF, 0xFE, 0xFE, 0xFF, 0xFF, 0xFF, 0xFF, 0xFE,
    0xFE, 0xFE, 0xFE, 0xFF, 0xFE, 0xFF, 0xFF, 0xFF, 0xFF, 0xFF, 0xFF, 0xFF, 0xFD, 0xFF, 0xBD, 0x90,
    0x88, 0x7B, 0x90, 0x99, 0x2E, 0x15, 0x1C, 0x14, 0x58, 0xD8, 0xFF, 0xE6, 0xE6, 0xFF, 0xFC, 0xFF,
    0xE4, 0x79, 0x73, 0xB0, 0x76, 0x85, 0xF5, 0xFF, 0xFE, 0xFE, 0xFD, 0xD9, 0xFA, 0xB0, 0x47, 0x25,
    0x57, 0x1E, 0x4A, 0x40, 0x4F, 0x90, 0x8C, 0xDE, 0xFF, 0xFD, 0xFF, 0xFE, 0xFF, 0xFF, 0xFF, 0xFF,
    0xFF, 0xFF, 0xFF, 0xFF, 0xFF, 0xFF, 0xFF, 0xFF, 0xFE, 0xFF, 0xFF, 0xFF, 0xFF, 0xFF, 0xFF, 0xFF,
    0xFF, 0xFF, 0xFF, 0xFF, 0xFF, 0xFF, 0xFE, 0xFF, 0xFF, 0xFF, 0xFE, 0xFF, 0xFF, 0xFF, 0xFF, 0xFF,
    0xFF, 0xFE, 0xFF, 0xFE, 0xFE, 0xFF, 0xFF, 0xFF, 0xFF, 0xFF, 0xFF, 0xFF, 0xFF, 0xFF, 0xFF, 0xFF,
    0xFF, 0xFF, 0xFF, 0xFE, 0xFF, 0xFF, 0xFF, 0xFE, 0xFF, 0xFF, 0xFF, 0xFF, 0xFF, 0xFF, 0xFF, 0xFF,
    0xFF, 0xFF, 0xFF, 0xFE, 0xFF, 0xFF, 0xFF, 0xFF, 0xFF, 0xFF, 0xFF, 0xFF, 0xFF, 0xFE, 0xFF, 0xFE,
    0xFF, 0xFE, 0xFF, 0xFE, 0xFF, 0xFF, 0xFF, 0xFF, 0xFE, 0xFF, 0xFF, 0xFF, 0xFE, 0xFF, 0xFE, 0xFE,
    0xFE, 0xFE, 0xFF, 0xFF, 0xFF, 0xFF, 0xFF, 0xFF, 0xFF, 0xFF, 0xFF, 0xFF, 0xFF, 0xFE, 0xFE, 0xFE,
    0xFE, 0xFF, 0xFF, 0xFF, 0xFF, 0xFF, 0xFF, 0xFF, 0xFF, 0xFF, 0xFF, 0xFF, 0xFE, 0xFE, 0xFE, 0xFF,
    0xFF, 0xFF, 0xFF, 0xFF, 0xFF, 0xFE, 0xFF, 0xFF, 0xFE, 0xFE, 0xFE, 0xFF, 0xFE, 0xFF, 0xFF, 0xFF,
    0xFF, 0xFF, 0xFF, 0xFF, 0xFE, 0xFF, 0xDF, 0xC1, 0xCA, 0xAB, 0x40, 0x18, 0x00, 0x16, 0x19, 0x13,
    0x7B, 0xD8, 0xD3, 0xDC, 0xE4, 0xFE, 0xF9, 0xFF, 0xFA, 0xAE, 0x7E, 0xA6, 0x6D, 0xB3, 0xFA, 0xFE,
    0xFE, 0xFF, 0xF6, 0xCE, 0xFA, 0xCC, 0x4D, 0x24, 0x4E, 0x19, 0x7B, 0xB9, 0x66, 0x5F, 0x9F, 0x9B,
    0xFF, 0xFE, 0xFE, 0xFE, 0xFF, 0xFE, 0xFE, 0xFF, 0xFF, 0xFF, 0xFF, 0xFF, 0xFE, 0xFF, 0xFF, 0xFF,
    0xFE, 0xFE, 0xFF, 0xFE, 0xFF, 0xFF, 0xFF, 0xFF, 0xFF, 0xFF, 0xFF, 0xFF, 0xFF, 0xFE, 0xFE, 0xFF,
    0xFF, 0xFE, 0xFE, 0xFF, 0xFF, 0xFF, 0xFF, 0xFF, 0xFF, 0xFE, 0xFF, 0xFF, 0xFE, 0xFE, 0xFE, 0xFE,
    0xFE, 0xFF, 0xFF, 0xFF, 0xFF, 0xFF, 0xFF, 0xFF, 0xFF, 0xFF, 0xFE, 0xFF, 0xFE, 0xFE, 0xFE, 0xFE,
    0xFF, 0xFF, 0xFE, 0xFE, 0xFF, 0xFF, 0xFF, 0xFF, 0xFF, 0xFF, 0xFF, 0xFE, 0xFE, 0xFF, 0xFF, 0xFF,
    0xFE, 0xFF, 0xFF, 0xFF, 0xFF, 0xFF, 0xFF, 0xFF, 0xFE, 0xFE, 0xFE, 0xFF, 0xFF, 0xFF, 0xFF, 0xFF,
    0xFF, 0xFE, 0xFF, 0xFF, 0xFF, 0xFF, 0xFE, 0xFE, 0xFE, 0xFE, 0xFF, 0xFF, 0xFE, 0xFF, 0xFF, 0xFF,
    0xFF, 0xFF, 0xFE, 0xFF, 0xFF, 0xFF, 0xFE, 0xFE, 0xFE, 0xFE, 0xFF, 0xFF, 0xFF, 0xFF, 0xFF, 0xFF,
    0xFF, 0xFE, 0xFE, 0xFF, 0xFE, 0xFE, 0xFF, 0xFE, 0xFF, 0xFF, 0xFF, 0xFF, 0xFF, 0xFF, 0xFF, 0xFF,
    0xFF, 0xFF, 0xFF, 0xFF, 0xFE, 0xFE, 0xFE, 0xFE, 0xFF, 0xFF, 0xFF, 0xFF, 0xFF, 0xFF, 0xFF, 0xFE,
    0xFF, 0xE8, 0x4E, 0x1F, 0x06, 0x11, 0x18, 0x13, 0x6F, 0xEE, 0xF2, 0xEC, 0xD9, 0xFF, 0xE6, 0xF5,
    0xFC, 0xCC, 0xA6, 0xA7, 0xC3, 0xFD, 0xFD, 0xFB, 0xFE, 0xFF, 0xDF, 0xB3, 0xED, 0xDE, 0x5B, 0x20,
    0x43, 0x18, 0x02, 0x3C, 0x96, 0x8E, 0x93, 0x8A, 0xD6, 0xFF, 0xFD, 0xFE, 0xFF, 0xFE, 0xFE, 0xFF,
    0xFF, 0xFF, 0xFE, 0xFF, 0xFF, 0xFF, 0xFF, 0xFF, 0xFE, 0xFF, 0xFF, 0xFF, 0xFF, 0xFE, 0xFF, 0xFF,
    0xFF, 0xFF, 0xFF, 0xFF, 0xFF, 0xFE, 0xFF, 0xFE, 0xFF, 0xFE, 0xFE, 0xFF, 0xFF, 0xFF, 0xFE, 0xFF,
    0xFF, 0xFE, 0xFF, 0xFF, 0xFE, 0xFE, 0xFF, 0xFF, 0xFE, 0xFE, 0xFE, 0xFF, 0xFF, 0xFF, 0xFF, 0xFF,
    0xFF, 0xFF, 0xFF, 0xFF, 0xFF, 0xFE, 0xFE, 0xFE, 0xFE, 0xFE, 0xFF, 0xFF, 0xFE, 0xFF, 0xFF, 0xFF,
    0xFF, 0xFF, 0xFF, 0xFF, 0xFE, 0xFF, 0xFE, 0xFE, 0xFE, 0xFF, 0xFE, 0xFE, 0xFE, 0xFE, 0xFE, 0xFE,
    0xFE, 0xFE, 0xFE, 0xFE, 0xFE, 0xFE, 0xFE, 0xFE, 0xFE, 0xFE, 0xFE, 0xFE, 0xFE, 0xFE, 0xFE, 0xFE,
    0xFE, 0xFE, 0xFE, 0xFE, 0xFE, 0xFF, 0xFE, 0xFF, 0xFF, 0xFE, 0xFF, 0xFF, 0xFE, 0xFE, 0xFE, 0xFE,
    0xFE, 0xFE, 0xFE, 0xFE, 0xFE, 0xFE, 0xFF, 0xFF, 0xFF, 0xFE, 0xFE, 0xFE, 0xFE, 0xFE, 0xFE, 0xFE,
    0xFE, 0xFE, 0xFE, 0xFF, 0xFE, 0xFE, 0xFE, 0xFE, 0xFF, 0xFE, 0xFE, 0xFE, 0xFE, 0xFF, 0xFE, 0xFE,
    0xFE, 0xFE, 0xFF, 0xFF, 0xFE, 0xFF, 0xFD, 0xFC, 0xFE, 0xF6, 0x6F, 0x1B, 0x06, 0x10, 0x1A, 0x15,
    0x57, 0xA5, 0x90, 0x83, 0x94, 0xC9, 0xC9, 0xB3, 0xF3, 0xD6, 0xD8, 0xF8, 0xF4, 0xFF, 0xFC, 0xFF,
    0xFB, 0xFF, 0xC4, 0xEE, 0xFF, 0xDA, 0x49, 0x22, 0x3E, 0x11, 0x0A, 0x2B, 0xD2, 0xED, 0xDB, 0xD5,
    0xEF, 0xFF, 0xFD, 0xFE, 0xFE, 0xFE, 0xFE, 0xFE, 0xFE, 0xFE, 0xFE, 0xFE, 0xFE, 0xFE, 0xFE, 0xFF,
    0xFE, 0xFE, 0xFE, 0xFE, 0xFE, 0xFE, 0xFE, 0xFE, 0xFE, 0xFE, 0xFE, 0xFF, 0xFE, 0xFE, 0xFE, 0xFE,
    0xFE, 0xFE, 0xFE, 0xFE, 0xFD, 0xFE, 0xFE, 0xFE, 0xFF, 0xFF, 0xFF, 0xFE, 0xFE, 0xFE, 0xFE, 0xFE,
    0xFE, 0xFE, 0xFE, 0xFE, 0xFE, 0xFE, 0xFE, 0xFE, 0xFE, 0xFE, 0xFE, 0xFE, 0xFE, 0xFE, 0xFE, 0xFE,
    0xFE, 0xFE, 0xFE, 0xFE, 0xFE, 0xFF, 0xFF, 0xFF, 0xFE, 0xFE, 0xFE, 0xFE, 0xFE, 0xFE, 0xFF, 0xFE,
    0xFF, 0xFF, 0xFE, 0xFE, 0xFF, 0xFE, 0xFE, 0xFE, 0xFE, 0xFE, 0xFE, 0xFF, 0xFE, 0xFE, 0xFE, 0xFE,
    0xFE, 0xFE, 0xFE, 0xFE, 0xFE, 0xFE, 0xFE, 0xFE, 0xFE, 0xFE, 0xFE, 0xFE, 0xFE, 0xFE, 0xFE, 0xFE,
    0xFF, 0xFE, 0xFE, 0xFE, 0xFE, 0xFE, 0xFE, 0xFE, 0xFE, 0xFE, 0xFE, 0xFE, 0xFE, 0xFE, 0xFF, 0xFE,
    0xFF, 0xFE, 0xFE, 0xFE, 0xFE, 0xFE, 0xFE, 0xFE, 0xFE, 0xFE, 0xFE, 0xFE, 0xFE, 0xFE, 0xFF, 0xFE,
    0xFE, 0xFE, 0xFE, 0xFE, 0xFE, 0xFE, 0xFE, 0xFE, 0xFE, 0xFE, 0xFE, 0xFF, 0xFE, 0xFF, 0xFF, 0xFE,
    0xFC, 0xFF, 0x90, 0x35, 0x00, 0x10, 0x1E, 0x1D, 0x2A, 0x31, 0x0B, 0x59, 0x98, 0xB9, 0xBB, 0x6C,
    0x84, 0xBC, 0xD6, 0xFE, 0xED, 0xEC, 0xE3, 0xB5, 0xB0, 0xA0, 0x78, 0x96, 0xD6, 0xC3, 0x32, 0x1D,
    0x40, 0x06, 0x0D, 0x47, 0xF6, 0xFF, 0xFE, 0xFF, 0xFE, 0xFE, 0xFE, 0xFE, 0xFE, 0xFE, 0xFE, 0xFE,
    0xFE, 0xFE, 0xFE, 0xFE, 0xFE, 0xFE, 0xFF, 0xFF, 0xFE, 0xFE, 0xFE, 0xFE, 0xFE, 0xFE, 0xFE, 0xFE,
    0xFE, 0xFE, 0xFE, 0xFF, 0xFE, 0xFF, 0xFE, 0xFE, 0xFE, 0xFE, 0xFE, 0xFE, 0xFE, 0xFE, 0xFE, 0xFE,
    0xFE, 0xFE, 0xFE, 0xFF, 0xFE, 0xFF, 0xFE, 0xFE, 0xFE, 0xFE, 0xFE, 0xFE, 0xFE, 0xFE, 0xFE, 0xFE,
    0xFE, 0xFE, 0xFE, 0xFE, 0xFE, 0xFE, 0xFE, 0xFE, 0xFE, 0xFE, 0xFE, 0xFE, 0xFE, 0xFF, 0xFF, 0xFE,
    0xFE, 0xFE, 0xFE, 0xFE, 0xFE, 0xFE, 0xFF, 0xFF, 0xFE, 0xFF, 0xFF, 0xFF, 0xFF, 0xFE, 0xFF, 0xFE,
    0xFF, 0xFF, 0xFF, 0xFF, 0xFE, 0xFE, 0xFE, 0xFE, 0xFE, 0xFE, 0xFE, 0xFE, 0xFF, 0xFF, 0xFE, 0xFF,
    0xFE, 0xFF, 0xFE, 0xFE, 0xFE, 0xFE, 0xFE, 0xFE, 0xFE, 0xFE, 0xFF, 0xFF, 0xFF, 0xFF, 0xFE, 0xFE,
    0xFE, 0xFE, 0xFE, 0xFE, 0xFE, 0xFE, 0xFF, 0xFE, 0xFE, 0xFE, 0xFE, 0xFF, 0xFE, 0xFE, 0xFE, 0xFE,
    0xFE, 0xFE, 0xFE, 0xFE, 0xFE, 0xFE, 0xFE, 0xFF, 0xFF, 0xFF, 0xFE, 0xFE, 0xFE, 0xFE, 0xFE, 0xFE,
    0xFE, 0xFE, 0xFE, 0xFF, 0xFF, 0xFF, 0xFF, 0xFF, 0xFC, 0xFF, 0xB3, 0x5E, 0x00, 0x0E, 0x1B, 0x28,
    0x14, 0x2C, 0x0B, 0x3F, 0x83, 0x8C, 0x82, 0x59, 0x1A, 0x64, 0xD4, 0xFF, 0xC2, 0x9F, 0x7B, 0x93,
    0xAA, 0x93, 0x7A, 0x2B, 0x2D, 0x7C, 0x22, 0x1A, 0x44, 0x00, 0x19, 0x75, 0xFF, 0xFA, 0xFD, 0xFD,
    0xFE, 0xFF, 0xFF, 0xFE, 0xFE, 0xFF, 0xFE, 0xFE, 0xFE, 0xFE, 0xFE, 0xFF, 0xFE, 0xFE, 0xFF, 0xFF,
    0xFF, 0xFE, 0xFE, 0xFE, 0xFE, 0xFE, 0xFE, 0xFE, 0xFE, 0xFE, 0xFE, 0xFF, 0xFE, 0xFE, 0xFF, 0xFF,
    0xFF, 0xFE, 0xFE, 0xFE, 0xFE, 0xFE, 0xFE, 0xFE, 0xFF, 0xFF, 0xFF, 0xFE, 0xFE, 0xFE, 0xFF, 0xFF,
    0xFF, 0xFE, 0xFE, 0xFE, 0xFE, 0xFE, 0xFF, 0xFF, 0xFF, 0xFF, 0xFE, 0xFF, 0xFF, 0xFE, 0xFE, 0xFE,
    0xFE, 0xFE, 0xFE, 0xFE, 0xFE, 0xFF, 0xFF, 0xFF, 0xFF, 0xFF, 0xFF, 0xFF, 0xFE, 0xFE, 0xFF, 0xFE,
    0xFE, 0xFF, 0xFF, 0xFE, 0xFE, 0xFE, 0xFE, 0xFF, 0xFF, 0xFE, 0xFE, 0xFE, 0xFE, 0xFE, 0xFE, 0xFE,
    0xFE, 0xFE, 0xFE, 0xFE, 0xFE, 0xFF, 0xFD, 0xFE, 0xFF, 0xFE, 0xFE, 0xFE, 0xFE, 0xFE, 0xFE, 0xFE,
    0xFE, 0xFE, 0xFF, 0xFF, 0xFE, 0xFE, 0xFE, 0xFE, 0xFE, 0xFE, 0xFE, 0xFE, 0xFF, 0xFE, 0xFE, 0xFE,
    0xFE, 0xFE, 0xFE, 0xFF, 0xFE, 0xFE, 0xFF, 0xFE, 0xFE, 0xFE, 0xFE, 0xFE, 0xFE, 0xFE, 0xFE, 0xFE,
    0xFF, 0xFF, 0xFE, 0xFE, 0xFE, 0xFE, 0xFE, 0xFE, 0xFE, 0xFE, 0xFE, 0xFE, 0xFE, 0xFE, 0xFE, 0xFE,
    0xFC, 0xFF, 0xCF, 0x6C, 0x16, 0x09, 0x1B, 0x31, 0x0E, 0x2C, 0x3A, 0x0E, 0x40, 0x61, 0x53, 0x49,
    0x38, 0x1F, 0xB1, 0xF8, 0xAC, 0x56, 0x46, 0x54, 0x6F, 0x81, 0x68, 0x18, 0x22, 0x3F, 0x10, 0x2B,
    0x3B, 0x01, 0x44, 0xA9, 0xFF, 0xFB, 0xFE, 0xFE, 0xFF, 0xFE, 0xFE, 0xFE, 0xFE, 0xFE, 0xFF, 0xFE,
    0xFE, 0xFE, 0xFE, 0xFE, 0xFE, 0xFE, 0xFE, 0xFE, 0xFF, 0xFE, 0xFE, 0xFE, 0xFE, 0xFE, 0xFE, 0xFE,
    0xFE, 0xFE, 0xFE, 0xFE, 0xFE, 0xFE, 0xFE, 0xFE, 0xFF, 0xFE, 0xFE, 0xFE, 0xFE, 0xFE, 0xFE, 0xFE,
    0xFE, 0xFE, 0xFE, 0xFE, 0xFE, 0xFF, 0xFF, 0xFF, 0xFF, 0xFE, 0xFE, 0xFE, 0xFE, 0xFE, 0xFE, 0xFE,
    0xFF, 0xFE, 0xFF, 0xFF, 0xFF, 0xFF, 0xFE, 0xFE, 0xFE, 0xFE, 0xFE, 0xFE, 0xFE, 0xFE, 0xFE, 0xFE,
    0xFE, 0xFE, 0xFE, 0xFF, 0xFE, 0xFE, 0xFF, 0xFE, 0xFE, 0xFF, 0xFE, 0xFE, 0xFE, 0xFD, 0xFE, 0xFE,
    0xFE, 0xFE, 0xFE, 0xFE, 0xFE, 0xFE, 0xFE, 0xFE, 0xFE, 0xFE, 0xFE, 0xFE, 0xFE, 0xFE, 0xFE, 0xFE,
    0xFE, 0xFF, 0xFE, 0xFE, 0xFE, 0xFE, 0xFE, 0xFE, 0xFF, 0xFE, 0xFF, 0xFE, 0xFE, 0xFF, 0xFE, 0xFE,
    0xFE, 0xFE, 0xFE, 0xFE, 0xFE, 0xFE, 0xFE, 0xFE, 0xFE, 0xFE, 0xFE, 0xFE, 0xFF, 0xFE, 0xFE, 0xFE,
    0xFE, 0xFE, 0xFD, 0xFE, 0xFE, 0xFE, 0xFE, 0xFE, 0xFF, 0xFE, 0xFE, 0xFE, 0xFE, 0xFE, 0xFD, 0xFE,
    0xFE, 0xFD, 0xFE, 0xFE, 0xFE, 0xFF, 0xFE, 0xFE, 0xFD, 0xFF, 0xE2, 0x80, 0x24, 0x0B, 0x1A, 0x3A,
    0x07, 0x0D, 0x36, 0x53, 0x3D, 0x68, 0x52, 0x34, 0x3E, 0x1D, 0x46, 0x9A, 0xB9, 0x66, 0x59, 0x58,
    0x6D, 0x58, 0x1B, 0x41, 0x6D, 0x2B, 0x05, 0x43, 0x2D, 0x14, 0x66, 0xCE, 0xFF, 0xFC, 0xFD, 0xFE,
    0xFE, 0xFE, 0xFE, 0xFE, 0xFF, 0xFE, 0xFE, 0xFE, 0xFE, 0xFE, 0xFE, 0xFE, 0xFE, 0xFE, 0xFE, 0xFE,
    0xFE, 0xFE, 0xFE, 0xFE, 0xFE, 0xFE, 0xFE, 0xFE, 0xFE, 0xFE, 0xFE, 0xFE, 0xFE, 0xFF, 0xFF, 0xFE,
    0xFE, 0xFE, 0xFD, 0xFE, 0xFE, 0xFE, 0xFE, 0xFE, 0xFE, 0xFD, 0xFE, 0xFE, 0xFE, 0xFE, 0xFE, 0xFE,
    0xFE, 0xFE, 0xFE, 0xFD, 0xFE, 0xFE, 0xFE, 0xFE, 0xFE, 0xFE, 0xFE, 0xFE, 0xFE, 0xFE, 0xFE, 0xFE,
    0xFE, 0xFD, 0xFE, 0xFE, 0xFE, 0xFE, 0xFE, 0xFE, 0xFE, 0xFE, 0xFE, 0xFE, 0xFE, 0xFF, 0xFF, 0xFE,
    0xFE, 0xFE, 0xFE, 0xFE, 0xFE, 0xFE, 0xFE, 0xFE, 0xFE, 0xFE, 0xFF, 0xFE, 0xFE, 0xFE, 0xFF, 0xFE,
    0xFE, 0xFE, 0xFE, 0xFE, 0xFE, 0xFE, 0xFD, 0xFE, 0xFE, 0xFF, 0xFF, 0xFE, 0xFE, 0xFE, 0xFE, 0xFE,
    0xFE, 0xFE, 0xFE, 0xFE, 0xFE, 0xFE, 0xFE, 0xFE, 0xFE, 0xFE, 0xFE, 0xFE, 0xFE, 0xFE, 0xFE, 0xFE,
    0xFE, 0xFE, 0xFE, 0xFE, 0xFE, 0xFE, 0xFE, 0xFE, 0xFE, 0xFE, 0xFE, 0xFE, 0xFE, 0xFE, 0xFE, 0xFE,
    0xFE, 0xFF, 0xFE, 0xFE, 0xFE, 0xFE, 0xFE, 0xFE, 0xFE, 0xFE, 0xFE, 0xFE, 0xFE, 0xFE, 0xFF, 0xFE,
    0xFD, 0xFF, 0xF9, 0x8E, 0x3A, 0x08, 0x21, 0x45, 0x0D, 0x01, 0x07, 0x4D, 0x35, 0x18, 0x26, 0x23,
    0xA3, 0x83, 0x00, 0x4C, 0x77, 0x48, 0x27, 0x5D, 0x8C, 0x8C, 0x8A, 0xB5, 0x56, 0x01, 0x14, 0x53,
    0x1D, 0x48, 0x81, 0xEF, 0xFF, 0xFD, 0xFE, 0xFE, 0xFE, 0xFE, 0xFF, 0xFE, 0xFE, 0xFE, 0xFE, 0xFE,
    0xFE, 0xFE, 0xFD, 0xFE, 0xFE, 0xFE, 0xFE, 0xFE, 0xFE, 0xFE, 0xFE, 0xFE, 0xFF, 0xFE, 0xFF, 0xFE,
    0xFE, 0xFE, 0xFE, 0xFE, 0xFE, 0xFE, 0xFE, 0xFE, 0xFE, 0xFE, 0xFF, 0xFE, 0xFE, 0xFE, 0xFD, 0xFE,
    0xFE, 0xFE, 0xFE, 0xFE, 0xFE, 0xFE, 0xFE, 0xFE, 0xFF, 0xFE, 0xFE, 0xFE, 0xFE, 0xFE, 0xFE, 0xFE,
    0xFE, 0xFE, 0xFE, 0xFF, 0xFE, 0xFE, 0xFE, 0xFE, 0xFE, 0xFE, 0xFE, 0xFD, 0xFE, 0xFE, 0xFF, 0xFE,
    0xFE, 0xFF, 0xFE, 0xFE, 0xFE, 0xFE, 0xFE, 0xFE, 0xFE, 0xFF, 0xFE, 0xFE, 0xFE, 0xFE, 0xFE, 0xFE,
    0xFE, 0xFE, 0xFE, 0xFF, 0xFF, 0xFE, 0xFE, 0xFE, 0xFE, 0xFE, 0xFE, 0xFE, 0xFE, 0xFE, 0xFE, 0xFE,
    0xFE, 0xFE, 0xFE, 0xFE, 0xFE, 0xFD, 0xFE, 0xFE, 0xFE, 0xFE, 0xFE, 0xFE, 0xFE, 0xFE, 0xFE, 0xFE,
    0xFE, 0xFE, 0xFE, 0xFE, 0xFE, 0xFE, 0xFE, 0xFE, 0xFE, 0xFE, 0xFE, 0xFF, 0xFE, 0xFE, 0xFE, 0xFE,
    0xFE, 0xFE, 0xFE, 0xFE, 0xFE, 0xFE, 0xFE, 0xFE, 0xFE, 0xFE, 0xFE, 0xFE, 0xFE, 0xFE, 0xFE, 0xFE,
    0xFF, 0xFE, 0xFE, 0xFE, 0xFE, 0xFE, 0xFE, 0xFE, 0xFE, 0xF9, 0xFF, 0x85, 0x17, 0x16, 0x1C, 0x3F,
    0x2A, 0x00, 0x10, 0x09, 0x19, 0x1A, 0x1B, 0x61, 0xC1, 0xC3, 0x0A, 0x1F, 0x40, 0x6A, 0x66, 0x2F,
    0x68, 0xBE, 0xD2, 0xAA, 0x10, 0x02, 0x33, 0x5E, 0x15, 0x69, 0x95, 0xFF, 0xFC, 0xFE, 0xFE, 0xFE,
    0xFE, 0xFE, 0xFE, 0xFE, 0xFE, 0xFE, 0xFE, 0xFE, 0xFE, 0xFE, 0xFE, 0xFE, 0xFE, 0xFE, 0xFE, 0xFE,
    0xFE, 0xFE, 0xFE, 0xFE, 0xFE, 0xFE, 0xFE, 0xFE, 0xFE, 0xFF, 0xFE, 0xFE, 0xFE, 0xFE, 0xFE, 0xFE,
    0xFF, 0xFE, 0xFE, 0xFF, 0xFE, 0xFE, 0xFE, 0xFE, 0xFE, 0xFE, 0xFE, 0xFE, 0xFE, 0xFF, 0xFE, 0xFE,
    0xFE, 0xFE, 0xFE, 0xFE, 0xFE, 0xFE, 0xFE, 0xFE, 0xFE, 0xFE, 0xFE, 0xFE, 0xFE, 0xFE, 0xFE, 0xFE,
    0xFE, 0xFE, 0xFE, 0xFE, 0xFE, 0xFE, 0xFE, 0xFE, 0xFE, 0xFE, 0xFF, 0xFE, 0xFE, 0xFE, 0xFF, 0xFF,
    0xFF, 0xFF, 0xFF, 0xFF, 0xFE, 0xFE, 0xFE, 0xFE, 0xFF, 0xFF, 0xFF, 0xFF, 0xFF, 0xFF, 0xFF, 0xFF,
    0xFF, 0xFE, 0xFE, 0xFF, 0xFF, 0xFF, 0xFE, 0xFE, 0xFF, 0xFF, 0xFF, 0xFF, 0xFF, 0xFE, 0xFF, 0xFF,
    0xFE, 0xFE, 0xFF, 0xFF, 0xFE, 0xFF, 0xFF, 0xFF, 0xFF, 0xFF, 0xFF, 0xFF, 0xFF, 0xFF, 0xFE, 0xFF,
    0xFF, 0xFF, 0xFE, 0xFF, 0xFF, 0xFE, 0xFF, 0xFE, 0xFF, 0xFF, 0xFE, 0xFF, 0xFE, 0xFE, 0xFF, 0xFF,
    0xFF, 0xFF, 0xFF, 0xFF, 0xFE, 0xFF, 0xFE, 0xFF, 0xFF, 0xFF, 0xFF, 0xFF, 0xFF, 0xFE, 0xFE, 0xFF,
    0xFC, 0xFF, 0xCF, 0x3E, 0x1C, 0x01, 0x1C, 0x3F, 0x3D, 0x06, 0x0E, 0x1A, 0x17, 0x29, 0x24, 0x21,
    0x37, 0xAE, 0x3B, 0x14, 0x33, 0x30, 0xCC, 0xE9, 0x99, 0x66, 0x86, 0x35, 0x07, 0x10, 0x66, 0x46,
    0x14, 0x56, 0xCD, 0xFF, 0xFD, 0xFE, 0xFE, 0xFF, 0xFF, 0xFE, 0xFF, 0xFF, 0xFF, 0xFF, 0xFF, 0xFF,
    0xFF, 0xFF, 0xFF, 0xFF, 0xFF, 0xFF, 0xFE, 0xFF, 0xFF, 0xFF, 0xFF, 0xFF, 0xFF, 0xFF, 0xFF, 0xFE,
    0xFF, 0xFF, 0xFF, 0xFE, 0xFF, 0xFF, 0xFF, 0xFF, 0xFF, 0xFF, 0xFE, 0xFF, 0xFF, 0xFF, 0xFF, 0xFE,
    0xFE, 0xFE, 0xFF, 0xFF, 0xFF, 0xFF, 0xFF, 0xFE, 0xFF, 0xFF, 0xFF, 0xFE, 0xFF, 0xFF, 0xFF, 0xFE,
    0xFF, 0xFF, 0xFE, 0xFF, 0xFF, 0xFF, 0xFF, 0xFF, 0xFF, 0xFF, 0xFF, 0xFF, 0xFF, 0xFF, 0xFF, 0xFE,
    0xFF, 0xFF, 0xFF, 0xFE, 0xFE, 0xFF, 0xFE, 0xFF, 0xFF, 0xFF, 0xFF, 0xFF, 0xFE, 0xFE, 0xFE, 0xFE,
    0xFF, 0xFF, 0xFF, 0xFE, 0xFF, 0xFE, 0xFF, 0xFE, 0xFF, 0xFE, 0xFE, 0xFE, 0xFF, 0xFF, 0xFE, 0xFE,
    0xFE, 0xFF, 0xFE, 0xFE, 0xFE, 0xFE, 0xFF, 0xFE, 0xFE, 0xFE, 0xFE, 0xFF, 0xFE, 0xFE, 0xFF, 0xFE,
    0xFF, 0xFE, 0xFE, 0xFF, 0xFF, 0xFF, 0xFE, 0xFF, 0xFF, 0xFE, 0xFE, 0xFF, 0xFF, 0xFE, 0xFE, 0xFF,
    0xFF, 0xFF, 0xFE, 0xFF, 0xFE, 0xFE, 0xFF, 0xFE, 0xFE, 0xFF, 0xFF, 0xFF, 0xFF, 0xFE, 0xFE, 0xFE,
    0xFF, 0xFF, 0xFF, 0xFF, 0xFE, 0xFE, 0xFE, 0xFC, 0xFF, 0xD6, 0x48, 0x32, 0x04, 0x00, 0x0B, 0x4D,
    0x4C, 0x0E, 0x10, 0x12, 0x2D, 0x1B, 0x14, 0x2F, 0x0F, 0x40, 0x4D, 0x2D, 0x2E, 0x14, 0x49, 0xF3,
    0xFF, 0xCB, 0x6F, 0x13, 0x1C, 0x3C, 0x89, 0x1E, 0x26, 0x38, 0xEA, 0xFF, 0xFD, 0xFF, 0xFE, 0xFE,
    0xFE, 0xFE, 0xFE, 0xFE, 0xFF, 0xFF, 0xFF, 0xFE, 0xFF, 0xFE, 0xFE, 0xFE, 0xFE, 0xFE, 0xFE, 0xFE,
    0xFE, 0xFF, 0xFF, 0xFE, 0xFF, 0xFF, 0xFE, 0xFE, 0xFF, 0xFF, 0xFE, 0xFF, 0xFE, 0xFF, 0xFF, 0xFF,
    0xFF, 0xFF, 0xFE, 0xFE, 0xFF, 0xFE, 0xFE, 0xFE, 0xFF, 0xFF, 0xFF, 0xFF, 0xFE, 0xFE, 0xFF, 0xFE,
    0xFF, 0xFE, 0xFF, 0xFF, 0xFF, 0xFE, 0xFF, 0xFE, 0xFF, 0xFE, 0xFE, 0xFF, 0xFF, 0xFF, 0xFF, 0xFF,
    0xFE, 0xFF, 0xFE, 0xFE, 0xFE, 0xFE, 0xFF, 0xFF, 0xFF, 0xFF, 0xFE, 0xFE, 0xFE, 0xFF, 0xFE, 0xFE,
    0xFE, 0xFF, 0xFE, 0xFF, 0xFF, 0xFE, 0xFE, 0xFE, 0xFF, 0xFE, 0xFF, 0xFE, 0xFE, 0xFF, 0xFE, 0xFE,
    0xFE, 0xFE, 0xFE, 0xFF, 0xFE, 0xFE, 0xFE, 0xFE, 0xFE, 0xFE, 0xFF, 0xFF, 0xFE, 0xFF, 0xFF, 0xFE,
    0xFE, 0xFE, 0xFF, 0xFF, 0xFE, 0xFF, 0xFE, 0xFE, 0xFF, 0xFE, 0xFF, 0xFF, 0xFE, 0xFE, 0xFE, 0xFF,
    0xFE, 0xFF, 0xFF, 0xFF, 0xFE, 0xFF, 0xFF, 0xFE, 0xFF, 0xFE, 0xFF, 0xFF, 0xFF, 0xFE, 0xFE, 0xFF,
    0xFF, 0xFF, 0xFF, 0xFE, 0xFE, 0xFF, 0xFE, 0xFF, 0xFF, 0xFF, 0xFE, 0xFF, 0xFF, 0xFE, 0xFD, 0xFF,
    0xFB, 0x72, 0x2D, 0x05, 0x03, 0x1C, 0x12, 0x41, 0x78, 0x0D, 0x19, 0x21, 0x25, 0x3F, 0x12, 0x1D,
    0x3E, 0x20, 0x26, 0x37, 0x53, 0x0E, 0x12, 0xA7, 0xFF, 0xA2, 0x14, 0x24, 0x33, 0x9F, 0x71, 0x00,
    0x21, 0x3F, 0x79, 0xFF, 0xFE, 0xFE, 0xFF, 0xFE, 0xFE, 0xFE, 0xFF, 0xFE, 0xFE, 0xFF, 0xFE, 0xFF,
    0xFF, 0xFF, 0xFE, 0xFE, 0xFE, 0xFE, 0xFE, 0xFE, 0xFE, 0xFF, 0xFE, 0xFE, 0xFE, 0xFF, 0xFE, 0xFE,
    0xFE, 0xFF, 0xFF, 0xFF, 0xFE, 0xFE, 0xFF, 0xFE, 0xFF, 0xFE, 0xFE, 0xFF, 0xFF, 0xFE, 0xFE, 0xFF,
    0xFF, 0xFF, 0xFE, 0xFE, 0xFE, 0xFE, 0xFE, 0xFF, 0xFE, 0xFE, 0xFF, 0xFE, 0xFE, 0xFE, 0xFE, 0xFF,
    0xFF, 0xFE, 0xFE, 0xFF, 0xFF, 0xFE, 0xFE, 0xFF, 0xFF, 0xFF, 0xFE, 0xFE, 0xFE, 0xFE, 0xFF, 0xFF,
    0xFE, 0xFE, 0xFF, 0xFE, 0xFF, 0xFF, 0xFE, 0xFE, 0xFE, 0xFE, 0xFE, 0xFF, 0xFE, 0xFE, 0xFE, 0xFE,
    0xFE, 0xFE, 0xFE, 0xFE, 0xFE, 0xFE, 0xFE, 0xFE, 0xFE, 0xFE, 0xFE, 0xFE, 0xFE, 0xFE, 0xFE, 0xFD,
    0xFE, 0xFE, 0xFE, 0xFE, 0xFF, 0xFE, 0xFE, 0xFE, 0xFE, 0xFE, 0xFE, 0xFE, 0xFE, 0xFE, 0xFE, 0xFE,
    0xFF, 0xFF, 0xFE, 0xFE, 0xFE, 0xFE, 0xFE, 0xFE, 0xFE, 0xFE, 0xFF, 0xFF, 0xFE, 0xFE, 0xFE, 0xFE,
    0xFE, 0xFE, 0xFE, 0xFE, 0xFE, 0xFE, 0xFE, 0xFE, 0xFE, 0xFE, 0xFE, 0xFE, 0xFE, 0xFE, 0xFE, 0xFE,
    0xFE, 0xFE, 0xFE, 0xFF, 0xFF, 0xFE, 0xFB, 0xFF, 0xB4, 0x1E, 0x07, 0x08, 0x24, 0x69, 0x85, 0x32,
    0x9B, 0x40, 0x1B, 0x41, 0x3C, 0x42, 0x47, 0x0E, 0x48, 0x5F, 0x23, 0x19, 0x8B, 0x2D, 0x1E, 0x5E,
    0xD8, 0x34, 0x15, 0x45, 0x7D, 0xD8, 0x22, 0x0C, 0x00, 0x2D, 0x38, 0xAE, 0xFF, 0xFB, 0xFE, 0xFE,
    0xFE, 0xFE, 0xFE, 0xFE, 0xFE, 0xFF, 0xFE, 0xFE, 0xFE, 0xFF, 0xFE, 0xFE, 0xFF, 0xFF, 0xFE, 0xFE,
    0xFE, 0xFE, 0xFE, 0xFE, 0xFE, 0xFE, 0xFF, 0xFE, 0xFE, 0xFE, 0xFF, 0xFE, 0xFE, 0xFE, 0xFE, 0xFE,
    0xFE, 0xFE, 0xFE, 0xFE, 0xFE, 0xFE, 0xFE, 0xFE, 0xFE, 0xFE, 0xFE, 0xFE, 0xFE, 0xFF, 0xFE, 0xFE,
    0xFE, 0xFE, 0xFE, 0xFE, 0xFE, 0xFE, 0xFE, 0xFE, 0xFE, 0xFE, 0xFE, 0xFE, 0xFE, 0xFE, 0xFE, 0xFE,
    0xFE, 0xFE, 0xFE, 0xFE, 0xFE, 0xFE, 0xFE, 0xFE, 0xFE, 0xFE, 0xFE, 0xFE, 0xFE, 0xFE, 0xFE, 0xFE,
    0xFF, 0xFF, 0xFE, 0xFE, 0xFE, 0xFE, 0xFE, 0xFE, 0xFE, 0xFF, 0xFF, 0xFE, 0xFE, 0xFF, 0xFF, 0xFF,
    0xFF, 0xFE, 0xFE, 0xFF, 0xFE, 0xFE, 0xFE, 0xFE, 0xFE, 0xFF, 0xFF, 0xFF, 0xFE, 0xFF, 0xFF, 0xFE,
    0xFF, 0xFE, 0xFE, 0xFF, 0xFF, 0xFE, 0xFD, 0xFE, 0xFF, 0xFE, 0xFE, 0xFE, 0xFE, 0xFE, 0xFE, 0xFF,
    0xFE, 0xFE, 0xFE, 0xFF, 0xFE, 0xFE, 0xFF, 0xFF, 0xFF, 0xFF, 0xFE, 0xFE, 0xFE, 0xFE, 0xFE, 0xFE,
    0xFE, 0xFE, 0xFE, 0xFE, 0xFE, 0xFF, 0xFE, 0xFE, 0xFF, 0xFF, 0xFE, 0xFF, 0xFF, 0xFE, 0xFE, 0xFF,
    0x8A, 0x2D, 0x00, 0x2E, 0xB4, 0xBE, 0x84, 0x17, 0x59, 0xC5, 0x23, 0x5C, 0x69, 0x64, 0x88, 0x4B,
    0x27, 0x86, 0x6D, 0x0E, 0xA2, 0x82, 0x49, 0x4F, 0x7A, 0x15, 0x6D, 0x7E, 0xDA, 0x90, 0x45, 0x31,
    0x10, 0x00, 0x42, 0x5A, 0xEE, 0xFF, 0xFE, 0xFF, 0xFE, 0xFE, 0xFE, 0xFE, 0xFE, 0xFE, 0xFE, 0xFF,
    0xFF, 0xFF, 0xFE, 0xFF, 0xFE, 0xFE, 0xFF, 0xFF, 0xFE, 0xFE, 0xFE, 0xFE, 0xFE, 0xFE, 0xFF, 0xFE,
    0xFF, 0xFE, 0xFF, 0xFE, 0xFE, 0xFE, 0xFE, 0xFE, 0xFE, 0xFE, 0xFE, 0xFE, 0xFE, 0xFF, 0xFE, 0xFF,
    0xFF, 0xFE, 0xFE, 0xFE, 0xFE, 0xFE, 0xFE, 0xFE, 0xFE, 0xFF, 0xFE, 0xFF, 0xFF, 0xFE, 0xFE, 0xFF,
    0xFF, 0xFE, 0xFE, 0xFE, 0xFE, 0xFF, 0xFE, 0xFE, 0xFE, 0xFE, 0xFE, 0xFE, 0xFE, 0xFF, 0xFE, 0xFE,
    0xFF, 0xFE, 0xFE, 0xFE, 0xFE, 0xFF, 0xFE, 0xFE, 0xFE, 0xFF, 0xFE, 0xFE, 0xFE, 0xFE, 0xFF, 0xFE,
    0xFE, 0xFE, 0xFE, 0xFE, 0xFE, 0xFE, 0xFE, 0xFF, 0xFE, 0xFE, 0xFF, 0xFE, 0xFE, 0xFE, 0xFE, 0xFF,
    0xFE, 0xFF, 0xFF, 0xFE, 0xFE, 0xFE, 0xFE, 0xFF, 0xFE, 0xFE, 0xFE, 0xFE, 0xFE, 0xFE, 0xFE, 0xFE,
    0xFE, 0xFF, 0xFF, 0xFE, 0xFE, 0xFF, 0xFF, 0xFF, 0xFE, 0xFF, 0xFE, 0xFE, 0xFE, 0xFE, 0xFF, 0xFF,
    0xFE, 0xFE, 0xFE, 0xFE, 0xFF, 0xFE, 0xFE, 0xFE, 0xFF, 0xFE, 0xFE, 0xFE, 0xFE, 0xFF, 0xFE, 0xFE,
    0xFF, 0xFF, 0xFE, 0xFF, 0xFF, 0xFE, 0xFF, 0xF7, 0x74, 0x1D, 0x1C, 0xB5, 0xC0, 0x8A, 0x7D, 0x19,
    0x1A, 0xB5, 0xAA, 0x38, 0x9F, 0x9E, 0xC2, 0xD6, 0x57, 0x75, 0xD8, 0x53, 0x8D, 0xD8, 0x91, 0x7E,
    0x11, 0x65, 0xB3, 0xBA, 0xAF, 0x3A, 0xB8, 0x6C, 0x3C, 0x06, 0x0B, 0x51, 0xB8, 0xFF, 0xFC, 0xFF,
    0xFE, 0xFF, 0xFF, 0xFE, 0xFE, 0xFF, 0xFE, 0xFE, 0xFE, 0xFE, 0xFE, 0xFE, 0xFE, 0xFE, 0xFF, 0xFE,
    0xFE, 0xFD, 0xFE, 0xFE, 0xFE, 0xFE, 0xFE, 0xFE, 0xFF, 0xFE, 0xFF, 0xFE, 0xFE, 0xFE, 0xFE, 0xFE,
    0xFF, 0xFE, 0xFF, 0xFF, 0xFE, 0xFE, 0xFE, 0xFF, 0xFE, 0xFE, 0xFE, 0xFE, 0xFE, 0xFE, 0xFE, 0xFE,
    0xFE, 0xFE, 0xFE, 0xFF, 0xFE, 0xFE, 0xFE, 0xFF, 0xFE, 0xFE, 0xFE, 0xFE, 0xFE, 0xFE, 0xFE, 0xFE,
    0xFE, 0xFF, 0xFE, 0xFE, 0xFE, 0xFE, 0xFF, 0xFE, 0xFE, 0xFE, 0xFE, 0xFE, 0xFE, 0xFF, 0xFF, 0xFF,
    0xFE, 0xFF, 0xFF, 0xFF, 0xFF, 0xFE, 0xFE, 0xFE, 0xFF, 0xFE, 0xFE, 0xFF, 0xFF, 0xFF, 0xFF, 0xFF,
    0xFF, 0xFF, 0xFF, 0xFF, 0xFF, 0xFF, 0xFE, 0xFE, 0xFE, 0xFF, 0xFF, 0xFF, 0xFF, 0xFF, 0xFF, 0xFE,
    0xFF, 0xFF, 0xFF, 0xFE, 0xFF, 0xFF, 0xFE, 0xFE, 0xFF, 0xFE, 0xFE, 0xFF, 0xFF, 0xFF, 0xFF, 0xFF,
    0xFE, 0xFF, 0xFF, 0xFF, 0xFE, 0xFE, 0xFF, 0xFF, 0xFE, 0xFF, 0xFF, 0xFF, 0xFE, 0xFE, 0xFF, 0xFF,
    0xFF, 0xFF, 0xFF, 0xFE, 0xFE, 0xFF, 0xFF, 0xFF, 0xFF, 0xFF, 0xFF, 0xFF, 0xFF, 0xFE, 0xFF, 0xF8,
    0x60, 0x0B, 0x6D, 0xD6, 0x82, 0xDD, 0xFF, 0x95, 0x3F, 0x52, 0xCE, 0x8E, 0x6B, 0xF9, 0xEB, 0xF1,
    0xF6, 0x8F, 0xE2, 0xDD, 0xA4, 0xE3, 0xC7, 0xA0, 0x39, 0xD3, 0x9C, 0xAC, 0x38, 0x0E, 0x6C, 0xAF,
    0x9D, 0x3F, 0x00, 0x42, 0x6D, 0xFC, 0xFF, 0xFE, 0xFF, 0xFF, 0xFF, 0xFF, 0xFE, 0xFF, 0xFF, 0xFE,
    0xFE, 0xFF, 0xFE, 0xFF, 0xFF, 0xFF, 0xFF, 0xFE, 0xFF, 0xFF, 0xFE, 0xFF, 0xFF, 0xFE, 0xFF, 0xFE,
    0xFE, 0xFE, 0xFF, 0xFF, 0xFE, 0xFF, 0xFF, 0xFF, 0xFE, 0xFE, 0xFF, 0xFE, 0xFF, 0xFF, 0xFF, 0xFE,
    0xFF, 0xFF, 0xFF, 0xFE, 0xFE, 0xFE, 0xFE, 0xFE, 0xFF, 0xFE, 0xFF, 0xFF, 0xFF, 0xFF, 0xFE, 0xFF,
    0xFF, 0xFE, 0xFE, 0xFE, 0xFE, 0xFF, 0xFF, 0xFF, 0xFF, 0xFF, 0xFF, 0xFF, 0xFF, 0xFF, 0xFF, 0xFF,
    0xFF, 0xFF, 0xFE, 0xFF, 0xFE, 0xFF, 0xFF, 0xFE, 0xFF, 0xFE, 0xFF, 0xFE, 0xFE, 0xFE, 0xFF, 0xFE,
    0xFE, 0xFF, 0xFF, 0xFE, 0xFE, 0xFF, 0xFE, 0xFF, 0xFF, 0xFF, 0xFF, 0xFF, 0xFF, 0xFE, 0xFE, 0xFE,
    0xFE, 0xFF, 0xFE, 0xFE, 0xFE, 0xFE, 0xFE, 0xFE, 0xFF, 0xFE, 0xFF, 0xFF, 0xFE, 0xFF, 0xFF, 0xFF,
    0xFE, 0xFE, 0xFE, 0xFE, 0xFF, 0xFF, 0xFF, 0xFF, 0xFF, 0xFE, 0xFE, 0xFF, 0xFE, 0xFE, 0xFE, 0xFE,
    0xFE, 0xFE, 0xFE, 0xFF, 0xFF, 0xFF, 0xFF, 0xFF, 0xFF, 0xFE, 0xFF, 0xFE, 0xFE, 0xFE, 0xFE, 0xFE,
    0xFE, 0xFF, 0xFF, 0xFF, 0xFF, 0xFE, 0xFF, 0xF7, 0x7C, 0x25, 0xAD, 0x9B, 0xCD, 0xFF, 0xFA, 0xFE,
    0x9A, 0x57, 0x4A, 0x98, 0x88, 0x79, 0xCC, 0xB8, 0xDF, 0xF0, 0xA8, 0xFA, 0xC8, 0xC5, 0xC2, 0xA2,
    0x76, 0x6D, 0x5C, 0x5F, 0x47, 0x7C, 0xDE, 0x8D, 0xB4, 0x96, 0x1C, 0x31, 0x72, 0xE3, 0xFF, 0xFE,
    0xFF, 0xFF, 0xFE, 0xFE, 0xFE, 0xFE, 0xFE, 0xFE, 0xFE, 0xFE, 0xFF, 0xFF, 0xFE, 0xFE, 0xFF, 0xFF,
    0xFF, 0xFF, 0xFE, 0xFE, 0xFE, 0xFE, 0xFE, 0xFE, 0xFE, 0xFF, 0xFF, 0xFF, 0xFF, 0xFF, 0xFE, 0xFE,
    0xFF, 0xFE, 0xFE, 0xFF, 0xFE, 0xFE, 0xFE, 0xFE, 0xFF, 0xFF, 0xFF, 0xFF, 0xFF, 0xFF, 0xFE, 0xFE,
    0xFF, 0xFE, 0xFE, 0xFE, 0xFE, 0xFF, 0xFF, 0xFF, 0xFF, 0xFF, 0xFE, 0xFF, 0xFE, 0xFE, 0xFE, 0xFE,
    0xFF, 0xFE, 0xFE, 0xFE, 0xFF, 0xFF, 0xFE, 0xFE, 0xFF, 0xFF, 0xFF, 0xFE, 0xFE, 0xFF, 0xFF, 0xFF,
    0xFF, 0xFF, 0xFE, 0xFF, 0xFF, 0xFE, 0xFE, 0xFF, 0xFF, 0xFF, 0xFF, 0xFF, 0xFE, 0xFE, 0xFF, 0xFF,
    0xFF, 0xFF, 0xFE, 0xFF, 0xFF, 0xFF, 0xFE, 0xFF, 0xFF, 0xFE, 0xFF, 0xFF, 0xFF, 0xFF, 0xFF, 0xFE,
    0xFF, 0xFE, 0xFE, 0xFF, 0xFE, 0xFF, 0xFE, 0xFF, 0xFF, 0xFE, 0xFE, 0xFF, 0xFF, 0xFE, 0xFE, 0xFF,
    0xFF, 0xFE, 0xFF, 0xFF, 0xFF, 0xFE, 0xFF, 0xFF, 0xFF, 0xFE, 0xFF, 0xFF, 0xFE, 0xFF, 0xFE, 0xFF,
    0xFF, 0xFE, 0xFE, 0xFE, 0xFE, 0xFF, 0xFE, 0xFF, 0xFE, 0xFE, 0xFE, 0xFF, 0xFF, 0xFF, 0xFD, 0xFF,
    0x8D, 0x30, 0xAE, 0xA5, 0xFF, 0xFC, 0xFD, 0xFD, 0xFF, 0xB3, 0x69, 0x38, 0x6B, 0x75, 0x4A, 0x52,
    0x6C, 0xAB, 0x98, 0x9F, 0xC4, 0x99, 0x7E, 0x6E, 0x33, 0x26, 0x49, 0x53, 0x8D, 0xF6, 0xFF, 0xEF,
    0x86, 0xC1, 0x3B, 0x1C, 0x7F, 0xF3, 0xFF, 0xFE, 0xFF, 0xFF, 0xFF, 0xFE, 0xFE, 0xFE, 0xFF, 0xFE,
    0xFF, 0xFF, 0xFF, 0xFE, 0xFF, 0xFF, 0xFF, 0xFF, 0xFE, 0xFE, 0xFF, 0xFE, 0xFF, 0xFE, 0xFE, 0xFF,
    0xFF, 0xFF, 0xFF, 0xFE, 0xFF, 0xFF, 0xFF, 0xFF, 0xFE, 0xFF, 0xFF, 0xFF, 0xFF, 0xFE, 0xFE, 0xFE,
    0xFF, 0xFE, 0xFF, 0xFE, 0xFF, 0xFF, 0xFE, 0xFF, 0xFE, 0xFE, 0xFF, 0xFE, 0xFF, 0xFF, 0xFF, 0xFF,
    0xFF, 0xFF, 0xFE, 0xFF, 0xFF, 0xFF, 0xFF, 0xFE, 0xFF, 0xFF, 0xFE, 0xFF, 0xFF, 0xFF, 0xFF, 0xFF,
    0xFF, 0xFF, 0xFF, 0xFE, 0xFF, 0xFF, 0xFF, 0xFE, 0xFF, 0xFE, 0xFD, 0xFE, 0xFE, 0xFE, 0xFE, 0xFE,
    0xFE, 0xFE, 0xFE, 0xFE, 0xFE, 0xFE, 0xFD, 0xFF, 0xFE, 0xFE, 0xFE, 0xFE, 0xFE, 0xFE, 0xFE, 0xFE,
    0xFE, 0xFE, 0xFE, 0xFE, 0xFE, 0xFE, 0xFE, 0xFE, 0xFE, 0xFE, 0xFE, 0xFE, 0xFD, 0xFE, 0xFD, 0xFE,
    0xFE, 0xFE, 0xFE, 0xFE, 0xFE, 0xFD, 0xFF, 0xFE, 0xFE, 0xFE, 0xFE, 0xFF, 0xFE, 0xFE, 0xFE, 0xFE,
    0xFE, 0xFD, 0xFE, 0xFE, 0xFE, 0xFE, 0xFE, 0xFE, 0xFE, 0xFE, 0xFE, 0xFE, 0xFE, 0xFE, 0xFD, 0xFD,
    0xFE, 0xFE, 0xFE, 0xFE, 0xFE, 0xFF, 0xFC, 0xFF, 0xCF, 0x60, 0x7E, 0xB9, 0xFF, 0xFC, 0xFE, 0xFD,
    0xFC, 0xFF, 0xDC, 0x8C, 0x31, 0x2D, 0x46, 0x27, 0x0D, 0x1A, 0x42, 0x3D, 0x61, 0x5D, 0x3E, 0x38,
    0x56, 0x5B, 0x5C, 0xAC, 0xFC, 0xFE, 0xF9, 0xFF, 0xCC, 0xA1, 0x6F, 0x3E, 0xA1, 0xFF, 0xFD, 0xFE,
    0xFE, 0xFE, 0xFE, 0xFE, 0xFE, 0xFE, 0xFE, 0xFE, 0xFE, 0xFE, 0xFE, 0xFE, 0xFE, 0xFE, 0xFE, 0xFE,
    0xFE, 0xFE, 0xFE, 0xFE, 0xFE, 0xFE, 0xFE, 0xFE, 0xFE, 0xFE, 0xFE, 0xFE, 0xFE, 0xFE, 0xFE, 0xFE,
    0xFE, 0xFE, 0xFE, 0xFE, 0xFE, 0xFE, 0xFD, 0xFE, 0xFE, 0xFE, 0xFE, 0xFE, 0xFD, 0xFE, 0xFE, 0xFE,
    0xFE, 0xFE, 0xFE, 0xFE, 0xFE, 0xFE, 0xFE, 0xFE, 0xFE, 0xFE, 0xFE, 0xFF, 0xFE, 0xFE, 0xFE, 0xFE,
    0xFE, 0xFE, 0xFD, 0xFE, 0xFE, 0xFE, 0xFE, 0xFE, 0xFE, 0xFE, 0xFE, 0xFE, 0xFE, 0xFE, 0xFE, 0xFE,
    0xFF, 0xFE, 0xFE, 0xFF, 0xFF, 0xFE, 0xFE, 0xFF, 0xFE, 0xFE, 0xFF, 0xFF, 0xFE, 0xFE, 0xFE, 0xFF,
    0xFE, 0xFE, 0xFE, 0xFE, 0xFE, 0xFF, 0xFF, 0xFE, 0xFE, 0xFE, 0xFE, 0xFE, 0xFE, 0xFE, 0xFE, 0xFE,
    0xFE, 0xFE, 0xFF, 0xFF, 0xFE, 0xFF, 0xFE, 0xFE, 0xFE, 0xFF, 0xFF, 0xFE, 0xFE, 0xFE, 0xFF, 0xFF,
    0xFF, 0xFE, 0xFF, 0xFF, 0xFF, 0xFE, 0xFE, 0xFE, 0xFE, 0xFE, 0xFE, 0xFE, 0xFE, 0xFF, 0xFF, 0xFF,
    0xFF, 0xFF, 0xFE, 0xFE, 0xFF, 0xFF, 0xFE, 0xFE, 0xFF, 0xFE, 0xFE, 0xFE, 0xFE, 0xFE, 0xFE, 0xFF,
    0xFC, 0x8B, 0xB1, 0xBE, 0xFF, 0xFC, 0xFE, 0xFE, 0xFD, 0xFC, 0xFF, 0xFD, 0xD3, 0x6F, 0x38, 0x57,
    0x4D, 0x2C, 0x3F, 0x6C, 0x81, 0x9C, 0x91, 0x6A, 0xA4, 0xB2, 0xE7, 0xFF, 0xFC, 0xFE, 0xFE, 0xFF,
    0xEA, 0xA4, 0x79, 0x4D, 0xC9, 0xFF, 0xFC, 0xFF, 0xFE, 0xFE, 0xFF, 0xFE, 0xFE, 0xFF, 0xFE, 0xFE,
    0xFE, 0xFE, 0xFE, 0xFE, 0xFE, 0xFE, 0xFF, 0xFF, 0xFE, 0xFE, 0xFF, 0xFF, 0xFE, 0xFF, 0xFE, 0xFE,
    0xFE, 0xFE, 0xFE, 0xFF, 0xFE, 0xFF, 0xFE, 0xFE, 0xFE, 0xFE, 0xFF, 0xFE, 0xFE, 0xFE, 0xFE, 0xFF,
    0xFF, 0xFE, 0xFF, 0xFF, 0xFE, 0xFF, 0xFE, 0xFF, 0xFF, 0xFE, 0xFE, 0xFF, 0xFF, 0xFF, 0xFF, 0xFE,
    0xFF, 0xFE, 0xFE, 0xFF, 0xFE, 0xFE, 0xFE, 0xFE, 0xFF, 0xFE, 0xFE, 0xFE, 0xFE, 0xFF, 0xFF, 0xFF,
    0xFF, 0xFF, 0xFE, 0xFE, 0xFE, 0xFE, 0xFE, 0xFE, 0xFE, 0xFF, 0xFF, 0xFF, 0xFE, 0xFE, 0xFE, 0xFF,
    0xFE, 0xFF, 0xFF, 0xFF, 0xFE, 0xFF, 0xFE, 0xFE, 0xFE, 0xFE, 0xFE, 0xFE, 0xFF, 0xFF, 0xFE, 0xFF,
    0xFE, 0xFE, 0xFE, 0xFE, 0xFE, 0xFE, 0xFE, 0xFE, 0xFE, 0xFE, 0xFF, 0xFF, 0xFF, 0xFF, 0xFE, 0xFF,
    0xFE, 0xFE, 0xFE, 0xFE, 0xFE, 0xFF, 0xFF, 0xFF, 0xFF, 0xFF, 0xFF, 0xFE, 0xFF, 0xFF, 0xFF, 0xFE,
    0xFE, 0xFE, 0xFE, 0xFE, 0xFF, 0xFE, 0xFE, 0xFE, 0xFE, 0xFF, 0xFF, 0xFF, 0xFF, 0xFE, 0xFE, 0xFE,
    0xFE, 0xFE, 0xFE, 0xFE, 0xFE, 0xFF, 0xFE, 0xFD, 0xFF, 0xD9, 0xBD, 0xCD, 0xFA, 0xFF, 0xFE, 0xFE,
    0xFF, 0xFE, 0xFD, 0xFD, 0xFF, 0xFF, 0xE7, 0xB8, 0xA5, 0x94, 0x9D, 0xB4, 0xC3, 0xBB, 0xB4, 0xE6,
    0xFF, 0xFE, 0xFF, 0xFC, 0xFE, 0xFF, 0xFE, 0xFF, 0xF9, 0x9F, 0x76, 0x83, 0xF0, 0xFF, 0xFE, 0xFE,
    0xFF, 0xFE, 0xFF, 0xFE, 0xFE, 0xFE, 0xFF, 0xFE, 0xFE, 0xFE, 0xFE, 0xFE, 0xFE, 0xFE, 0xFF, 0xFF,
    0xFE, 0xFE, 0xFE, 0xFF, 0xFE, 0xFE, 0xFF, 0xFE, 0xFE, 0xFE, 0xFF, 0xFE, 0xFE, 0xFF, 0xFE, 0xFF,
    0xFF, 0xFF, 0xFE, 0xFE, 0xFE, 0xFE, 0xFE, 0xFF, 0xFE, 0xFE, 0xFF, 0xFE, 0xFE, 0xFF, 0xFE, 0xFE,
    0xFF, 0xFE, 0xFE, 0xFE, 0xFE, 0xFE, 0xFE, 0xFE, 0xFE, 0xFF, 0xFF, 0xFF, 0xFF, 0xFE, 0xFE, 0xFF,
    0xFE, 0xFE, 0xFE, 0xFF, 0xFF, 0xFE, 0xFE, 0xFF, 0xFE, 0xFF, 0xFF, 0xFE, 0xFE, 0xFF, 0xFF, 0xFF,
    0xFF, 0xFF, 0xFF, 0xFF, 0xFF, 0xFF, 0xFF, 0xFF, 0xFE, 0xFE, 0xFF, 0xFF, 0xFF, 0xFF, 0xFE, 0xFF,
    0xFF, 0xFE, 0xFE, 0xFF, 0xFE, 0xFF, 0xFE, 0xFF, 0xFF, 0xFE, 0xFF, 0xFF, 0xFF, 0xFE, 0xFF, 0xFF,
    0xFF, 0xFE, 0xFF, 0xFF, 0xFE, 0xFF, 0xFF, 0xFF, 0xFF, 0xFF, 0xFF, 0xFF, 0xFF, 0xFF, 0xFF, 0xFF,
    0xFF, 0xFE, 0xFE, 0xFF, 0xFF, 0xFE, 0xFF, 0xFF, 0xFF, 0xFF, 0xFE, 0xFE, 0xFE, 0xFF, 0xFF, 0xFE,
    0xFE, 0xFF, 0xFF, 0xFF, 0xFF, 0xFF, 0xFF, 0xFF, 0xFF, 0xFE, 0xFE, 0xFE, 0xFF, 0xFE, 0xFF, 0xFF,
    0xFE, 0xFF, 0xE0, 0xB6, 0xEA, 0xFF, 0xFE, 0xFF, 0xFF, 0xFE, 0xFF, 0xFF, 0xFD, 0xFC, 0xFF, 0xFF,
    0xFF, 0xFF, 0xFB, 0xEF, 0xED, 0xFA, 0xFF, 0xFE, 0xFD, 0xFC, 0xFD, 0xFF, 0xFE, 0xFF, 0xFE, 0xFF,
    0xE3, 0xB6, 0x83, 0xB8, 0xFF, 0xFD, 0xFF, 0xFE, 0xFF, 0xFF, 0xFF, 0xFF, 0xFF, 0xFF, 0xFF, 0xFF,
    0xFF, 0xFF, 0xFE, 0xFF, 0xFF, 0xFF, 0xFF, 0xFF, 0xFE, 0xFE, 0xFF, 0xFF, 0xFF, 0xFF, 0xFF, 0xFF,
    0xFE, 0xFE, 0xFF, 0xFF, 0xFF, 0xFF, 0xFE, 0xFF, 0xFF, 0xFE, 0xFF, 0xFF, 0xFE, 0xFF, 0xFF, 0xFF,
    0xFF, 0xFF, 0xFF, 0xFE, 0xFE, 0xFF, 0xFE, 0xFE, 0xFF, 0xFF, 0xFF, 0xFE, 0xFF, 0xFE, 0xFF, 0xFE,
    0xFF, 0xFF, 0xFF, 0xFF, 0xFF, 0xFF, 0xFF, 0xFF, 0xFE, 0xFE, 0xFE, 0xFF, 0xFF, 0xFE, 0xFE, 0xFF,
    0xFF, 0xFF, 0xFF, 0xFE, 0xFE, 0xFF, 0xFE, 0xFE, 0xFE, 0xFF, 0xFF, 0xFE, 0xFE, 0xFE, 0xFE, 0xFE,
    0xFE, 0xFF, 0xFE, 0xFE, 0xFE, 0xFE, 0xFE, 0xFF, 0xFE, 0xFE, 0xFE, 0xFE, 0xFF, 0xFE, 0xFE, 0xFE,
    0xFE, 0xFF, 0xFF, 0xFE, 0xFE, 0xFE, 0xFE, 0xFE, 0xFE, 0xFE, 0xFE, 0xFF, 0xFE, 0xFE, 0xFE, 0xFE,
    0xFE, 0xFE, 0xFE, 0xFE, 0xFE, 0xFE, 0xFE, 0xFE, 0xFE, 0xFE, 0xFF, 0xFE, 0xFE, 0xFE, 0xFE, 0xFE,
    0xFE, 0xFE, 0xFE, 0xFE, 0xFE, 0xFE, 0xFE, 0xFE, 0xFE, 0xFE, 0xFE, 0xFE, 0xFF, 0xFF, 0xFE, 0xFE,
    0xFF, 0xFE, 0xFE, 0xFE, 0xFE, 0xFE, 0xFE, 0xFE, 0xFF, 0xFD, 0xFE, 0xF0, 0xF6, 0xFF, 0xFE, 0xFE,
    0xFE, 0xFE, 0xFE, 0xFE, 0xFF, 0xFE, 0xFD, 0xFC, 0xFD, 0xFD, 0xFF, 0xFF, 0xFF, 0xFE, 0xFC, 0xFC,
    0xFE, 0xFE, 0xFE, 0xFE, 0xFE, 0xFE, 0xFD, 0xFF, 0xD2, 0xBC, 0xBF, 0xFC, 0xFE, 0xFE, 0xFE, 0xFF,
    0xFE, 0xFE, 0xFF, 0xFF, 0xFE, 0xFF, 0xFE, 0xFE, 0xFE, 0xFE, 0xFE, 0xFE, 0xFE, 0xFE, 0xFE, 0xFE,
    0xFE, 0xFE, 0xFE, 0xFE, 0xFE, 0xFE, 0xFE, 0xFE, 0xFD, 0xFD, 0xFF, 0xFF, 0xFE, 0xFE, 0xFF, 0xFE,
    0xFE, 0xFE, 0xFE, 0xFE, 0xFE, 0xFE, 0xFE, 0xFE, 0xFE, 0xFE, 0xFE, 0xFE, 0xFE, 0xFF, 0xFE, 0xFE,
    0xFE, 0xFE, 0xFE, 0xFF, 0xFF, 0xFE, 0xFE, 0xFE, 0xFE, 0xFE, 0xFE, 0xFE, 0xFE, 0xFE, 0xFE, 0xFE,
    0xFE, 0xFE, 0xFE, 0xFE, 0xFE, 0xFE, 0xFE, 0xFE, 0xFF, 0xFE, 0xFF, 0xFE, 0xFE, 0xFF, 0xFF, 0xFF,
    0xFF, 0xFF, 0xFF, 0xFE, 0xFF, 0xFE, 0xFF, 0xFF, 0xFE, 0xFF, 0xFF, 0xFE, 0xFF, 0xFF, 0xFF, 0xFF,
    0xFE, 0xFE, 0xFE, 0xFE, 0xFF, 0xFF, 0xFE, 0xFE, 0xFF, 0xFE, 0xFE, 0xFE, 0xFF, 0xFE, 0xFF, 0xFE,
    0xFF, 0xFE, 0xFE, 0xFF, 0xFF, 0xFF, 0xFF, 0xFE, 0xFF, 0xFE, 0xFF, 0xFF, 0xFE, 0xFF, 0xFF, 0xFF,
    0xFE, 0xFE, 0xFF, 0xFF, 0xFF, 0xFE, 0xFF, 0xFF, 0xFF, 0xFE, 0xFE, 0xFF, 0xFF, 0xFE, 0xFE, 0xFE,
    0xFF, 0xFF, 0xFF, 0xFF, 0xFF, 0xFF, 0xFE, 0xFE, 0xFF, 0xFE, 0xFF, 0xFF, 0xFF, 0xFF, 0xFF, 0xFF,
    0xFF, 0xFE, 0xFE, 0xFF, 0xFF, 0xFF, 0xFE, 0xFF, 0xFF, 0xFE, 0xFF, 0xFE, 0xFF, 0xFF, 0xFF, 0xFE,
    0xFF, 0xFF, 0xFE, 0xFE, 0xFE, 0xFF, 0xFF, 0xFE, 0xFE, 0xFF, 0xFE, 0xFF, 0xFF, 0xFE, 0xFF, 0xF4,
    0xC1, 0xD4, 0xFA, 0xFF, 0xFE, 0xFF, 0xFE, 0xFE, 0xFF, 0xFF, 0xFF, 0xFF, 0xFF, 0xFF, 0xFF, 0xFF,
    0xFF, 0xFF, 0xFE, 0xFF, 0xFF, 0xFE, 0xFE, 0xFE, 0xFE, 0xFF, 0xFF, 0xFE, 0xFF, 0xFF, 0xFF, 0xFE,
    0xFF, 0xFE, 0xFE, 0xFF, 0xFE, 0xFE, 0xFE, 0xFF, 0xFF, 0xFE, 0xFE, 0xFF, 0xFF, 0xFE, 0xFE, 0xFF,
    0xFE, 0xFE, 0xFF, 0xFF, 0xFE, 0xFF, 0xFE, 0xFF, 0xFF, 0xFE, 0xFF, 0xFF, 0xFF, 0xFE, 0xFF, 0xFE,
    0xFF, 0xFF, 0xFE, 0xFF, 0xFE, 0xFE, 0xFF, 0xFF, 0xFF, 0xFE, 0xFE, 0xFF, 0xFE, 0xFF, 0xFF, 0xFF,
    0xFF, 0xFE, 0xFF, 0xFF, 0xFF, 0xFF, 0xFF, 0xFF, 0xFE, 0xFF, 0xFE, 0xFE, 0xFE, 0xFE, 0xFF, 0xFE,
    0xFE, 0xFF, 0xFF, 0xFF, 0xFE, 0xFF, 0xFF, 0xFE, 0xFE, 0xFE, 0xFE, 0xFE, 0xFF, 0xFF, 0xFE, 0xFE,
    0xFE, 0xFF, 0xFF, 0xFE, 0xFE, 0xFF, 0xFF, 0xFF, 0xFE, 0xFF, 0xFF, 0xFF, 0xFE, 0xFF, 0xFF, 0xFE,
    0xFF, 0xFF, 0xFF, 0xFF, 0xFE, 0xFF, 0xFF, 0xFE, 0xFF, 0xFE, 0xFE, 0xFF, 0xFF, 0xFE, 0xFF, 0xFE,
    0xFE, 0xFE, 0xFE, 0xFF, 0xFF, 0xFE, 0xFE, 0xFE, 0xFF, 0xFE, 0xFE, 0xFE, 0xFF, 0xFE, 0xFE, 0xFE,
    0xFF, 0xFE, 0xFE, 0xFF, 0xFF, 0xFF, 0xFE, 0xFE, 0xFE, 0xFE, 0xFE, 0xFE, 0xFE, 0xFE, 0xFE, 0xFE,
    0xFF, 0xFE, 0xFF, 0xFE, 0xFE, 0xFF, 0xFE, 0xFD, 0xFE, 0xFF, 0xFE, 0xFE, 0xFF, 0xFF, 0xFE, 0xFE,
    0xFF, 0xFE, 0xFE, 0xFE, 0xFF, 0xFF, 0xFF, 0xFC, 0xF8, 0xFE, 0xFD, 0xFE, 0xFF, 0xFE, 0xFF, 0xFE,
    0xFE, 0xFE, 0xFF, 0xFE, 0xFF, 0xFF, 0xFF, 0xFE, 0xFE, 0xFF, 0xFE, 0xFF, 0xFF, 0xFE, 0xFF, 0xFF,
    0xFE, 0xFE, 0xFE, 0xFE, 0xFF, 0xFF, 0xFF, 0xFE, 0xFE, 0xFE, 0xFE, 0xFF, 0xFF, 0xFF, 0xFE, 0xFF,
    0xFF, 0xFE, 0xFF, 0xFF, 0xFE, 0xFE, 0xFE, 0xFF, 0xFF, 0xFE, 0xFF, 0xFF, 0xFE, 0xFF, 0xFF, 0xFF,
    0xFF, 0xFE, 0xFF, 0xFF, 0xFF, 0xFE, 0xFE, 0xFF, 0xFF, 0xFF, 0xFE, 0xFF, 0xFF, 0xFE, 0xFE, 0xFE,
    0xFF, 0xFF, 0xFE, 0xFE, 0xFE, 0xFF, 0xFF, 0xFF, 0xFF, 0xFF, 0xFF, 0xFF, 0xFE, 0xFF, 0xFF, 0xFF,
    0xFF, 0xFF, 0xFF, 0xFE, 0xFF, 0xFE, 0xFF, 0xFF, 0xFF, 0xFF, 0xFF, 0xFF, 0xFF, 0xFF, 0xFE, 0xFE,
    0xFE, 0xFE, 0xFF, 0xFE, 0xFE, 0xFF, 0xFE, 0xFF, 0xFE, 0xFF, 0xFF, 0xFF, 0xFE, 0xFF, 0xFF, 0xFE,
    0xFF, 0xFE, 0xFF, 0xFF, 0xFE, 0xFE, 0xFE, 0xFE, 0xFF, 0xFE, 0xFE, 0xFF, 0xFE, 0xFE, 0xFF, 0xFF,
    0xFE, 0xFF, 0xFF, 0xFF, 0xFF, 0xFE, 0xFF, 0xFE, 0xFE, 0xFF, 0xFE, 0xFF, 0xFE, 0xFE, 0xFF, 0xFE,
    0xFF, 0xFF, 0xFF, 0xFF, 0xFF, 0xFE, 0xFE, 0xFE, 0xFF, 0xFF, 0xFF, 0xFF, 0xFE, 0xFF, 0xFE, 0xFF,
    0xFF, 0xFF, 0xFF, 0xFF, 0xFF, 0xFE, 0xFE, 0xFE, 0xFE, 0xFF, 0xFF, 0xFE, 0xFE, 0xFF, 0xFE, 0xFE,
    0xFE, 0xFF, 0xFE, 0xFE, 0xFE, 0xFE, 0xFF, 0xFE, 0xFE, 0xFE, 0xFE, 0xFF, 0xFE, 0xFE, 0xFF, 0xFE,
    0xFF, 0xFD, 0xFE, 0xFF, 0xFE, 0xFF, 0xFF, 0xFE, 0xFE, 0xFF, 0xFF, 0xFE, 0xFF, 0xFF, 0xFF, 0xFE,
    0xFE, 0xFF, 0xFF, 0xFE, 0xFE, 0xFF, 0xFF, 0xFF, 0xFE, 0xFE, 0xFF, 0xFE, 0xFE, 0xFE, 0xFF, 0xFE,
    0xFE, 0xFE, 0xFE, 0xFF, 0xFF, 0xFF, 0xFF, 0xFF, 0xFF, 0xFE, 0xFE, 0xFF, 0xFE, 0xFE, 0xFE, 0xFE,
    0xFE, 0xFE, 0xFF, 0xFE, 0xFE, 0xFF, 0xFF, 0xFF, 0xFF, 0xFE, 0xFF, 0xFF, 0xFF, 0xFF, 0xFE, 0xFF,
    0xFF, 0xFF, 0xFE, 0xFF, 0xFE, 0xFE, 0xFF, 0xFE, 0xFF, 0xFF, 0xFE, 0xFE, 0xFE, 0xFE, 0xFF, 0xFE,
    0xFF, 0xFF, 0xFF, 0xFE, 0xFE, 0xFF, 0xFE, 0xFE, 0xFF, 0xFF, 0xFE, 0xFE, 0xFE, 0xFE, 0xFE, 0xFF,
    0xFF, 0xFE, 0xFE, 0xFE, 0xFE, 0xFF, 0xFE, 0xFF, 0xFE, 0xFE, 0xFE, 0xFF, 0xFE, 0xFF, 0xFF, 0xFE,
    0xFE, 0xFF, 0xFF, 0xFE, 0xFE, 0xFE, 0xFF, 0xFE, 0xFF, 0xFE, 0xFE, 0xFF, 0xFE, 0xFE, 0xFE, 0xFE,
    0xFF, 0xFE, 0xFE, 0xFE, 0xFE, 0xFE, 0xFF, 0xFF, 0xFE, 0xFF, 0xFE, 0xFF, 0xFE, 0xFE, 0xFF, 0xFE,
    0xFE, 0xFF, 0xFF, 0xFF, 0xFE, 0xFE, 0xFE, 0xFE, 0xFE, 0xFE, 0xFF, 0xFE, 0xFE, 0xFF, 0xFE, 0xFE,
    0xFF, 0xFE, 0xFF, 0xFF, 0xFF, 0xFE, 0xFE, 0xFF, 0xFE, 0xFE, 0xFE, 0xFE, 0xFF, 0xFE, 0xFE, 0xFE,
    0xFE, 0xFE, 0xFF, 0xFE, 0xFE, 0xFE, 0xFE, 0xFE, 0xFF, 0xFF, 0xFF, 0xFE, 0xFE, 0xFE, 0xFF, 0xFE,
    0xFF, 0xFE, 0xFE, 0xFF, 0xFE, 0xFE, 0xFF, 0xFE, 0xFD, 0xFE, 0xFF, 0xFF, 0xFE, 0xFF, 0xFE, 0xFF,
    0xFE, 0xFE, 0xFF, 0xFE, 0xFF, 0xFE, 0xFF, 0xFE, 0xFE, 0xFE, 0xFE, 0xFE, 0xFE, 0xFE, 0xFF, 0xFE,
    0xFE, 0xFF, 0xFF, 0xFE, 0xFE, 0xFE, 0xFF, 0xFE, 0xFF, 0xFE, 0xFF, 0xFE, 0xFE, 0xFE, 0xFE, 0xFF,
    0xFE, 0xFE, 0xFF, 0xFF, 0xFE, 0xFE, 0xFE, 0xFE, 0xFF, 0xFE, 0xFF, 0xFE, 0xFE, 0xFE, 0xFF, 0xFF,
    0xFE, 0xFE, 0xFF, 0xFF, 0xFF, 0xFE, 0xFE, 0xFF, 0xFF, 0xFE, 0xFE, 0xFF, 0xFF, 0xFE, 0xFE, 0xFE,
    0xFF, 0xFF, 0xFE, 0xFF, 0xFE, 0xFF, 0xFF, 0xFE, 0xFE, 0xFF, 0xFE, 0xFE, 0xFE, 0xFE, 0xFE, 0xFE,
    0xFF, 0xFF, 0xFF, 0xFF, 0xFF, 0xFE, 0xFE, 0xFE, 0xFE, 0xFE, 0xFE, 0xFF, 0xFE, 0xFF, 0xFF, 0xFF,
    0xFF, 0xFE, 0xFE, 0xFE, 0xFE, 0xFF, 0xFE, 0xFE, 0xFF, 0xFF, 0xFF, 0xFF, 0xFE, 0xFF, 0xFE, 0xFE,
    0xFE, 0xFE, 0xFE, 0xFE, 0xFE, 0xFF, 0xFE, 0xFF, 0xFE, 0xFE, 0xFF, 0xFF, 0xFE, 0xFE, 0xFE, 0xFF,
    0xFE, 0xFF, 0xFE, 0xFF, 0xFE, 0xFE, 0xFE, 0xFE, 0xFE, 0xFE, 0xFF, 0xFF, 0xFF, 0xFF, 0xFE, 0xFE,
    0xFE, 0xFE, 0xFE, 0xFE, 0xFF, 0xFF, 0xFE, 0xFE, 0xFF, 0xFE, 0xFE, 0xFE, 0xFF, 0xFF, 0xFE, 0xFE,
    0xFE, 0xFF, 0xFF, 0xFE, 0xFF, 0xFE, 0xFF, 0xFF, 0xFE, 0xFE, 0xFF, 0xFE, 0xFF, 0xFF, 0xFF, 0xFF,
    0xFF, 0xFF, 0xFE, 0xFF, 0xFF, 0xFE, 0xFE, 0xFE, 0xFF, 0xFE, 0xFE, 0xFE, 0xFF, 0xFE, 0xFF, 0xFF,
    0xFE, 0xFE, 0xFF, 0xFF, 0xFE, 0xFF, 0xFE, 0xFF, 0xFE, 0xFE, 0xFE, 0xFE, 0xFE, 0xFF, 0xFE, 0xFE,
    0xFE, 0xFE, 0xFE, 0xFF, 0xFE, 0xFF, 0xFE, 0xFE, 0xFE, 0xFF, 0xFE, 0xFE, 0xFE, 0xFE, 0xFF, 0xFE,
    0xFE, 0xFF, 0xFF, 0xFE, 0xFF, 0xFF, 0xFE, 0xFF, 0xFE, 0xFE, 0xFE, 0xFF, 0xFE, 0xFE, 0xFE, 0xFE,
    0xFE, 0xFF, 0xFF, 0xFF, 0xFE, 0xFF, 0xFE, 0xFF, 0xFE, 0xFE, 0xFE, 0xFF, 0xFF, 0xFE, 0xFF, 0xFE,
    0xFF, 0xFE, 0xFE, 0xFE, 0xFE, 0xFE, 0xFF, 0xFE, 0xFE, 0xFF, 0xFE, 0xFF, 0xFE, 0xFE, 0xFF, 0xFF,
    0xFF, 0xFE, 0xFE, 0xFE, 0xFF, 0xFF,
};
