/**
 * generated by fontconvert.py
 * name: space_mono_12_bold
 * size: 12
 * mode: 1-bit
 * Command used: /workspace/crossplant/lib/EpdFont/scripts/fontconvert.py space_mono_12_bold 12 source/SpaceMono/SpaceMono-Bold.ttf
 */
#pragma once
#include "EpdFontData.h"

static const uint8_t space_mono_12_boldBitmaps[16042] = {
    0x79, 0xE7, 0x9E, 0x79, 0xE7, 0x9E, 0x79, 0xE7, 0x9E, 0x01, 0xEF, 0xBE, 0xF9, 0xE0, 0x79, 0xDF,
    0x7F, 0xFF, 0xFD, 0xF7, 0x9C, 0xE3, 0x9C, 0x73, 0x8E, 0x1D, 0xE0, 0xEF, 0x3F, 0xFF, 0xFF, 0xFF,
    0xFF, 0x8E, 0xF0, 0x77, 0x9F, 0xFF, 0xFF, 0xFF, 0xFF, 0xC7, 0x78, 0x3B, 0xC1, 0xDE, 0x00, 0x0E,
    0x03, 0xE0, 0xFE, 0x3F, 0xEF, 0xFF, 0xFF, 0xDF, 0xC3, 0xFE, 0x3F, 0xFF, 0xFF, 0xFF, 0xFF, 0xF7,
    0xFE, 0x7F, 0x87, 0xC0, 0x70, 0x3E, 0x00, 0xFE, 0x01, 0xFE, 0x07, 0x1C, 0x07, 0x78, 0x0F, 0xE3,
    0x8F, 0x9F, 0x00, 0xFC, 0x07, 0xE0, 0x7F, 0x01, 0xFB, 0xE3, 0xCF, 0xE2, 0x1F, 0xE0, 0x39, 0xC0,
    0x73, 0x80, 0xFF, 0x01, 0xFC, 0x01, 0xF0, 0x3F, 0x01, 0xFC, 0x0F, 0xF0, 0x3E, 0x00, 0xF0, 0x03,
    0xC3, 0xCF, 0x0F, 0x3E, 0x3C, 0x7F, 0xFC, 0xFF, 0xF7, 0xFF, 0xFE, 0x3C, 0xF0, 0xF3, 0xC3, 0xCF,
    0x8F, 0x3F, 0xFC, 0x7F, 0xF0, 0xFF, 0xC0, 0x7F, 0xFF, 0xF7, 0xB9, 0xCE, 0x07, 0xE3, 0xFC, 0xFF,
    0xBF, 0xC7, 0xC1, 0xF0, 0x3C, 0x07, 0x80, 0xF0, 0x1E, 0x03, 0xC0, 0x78, 0x0F, 0x01, 0xE0, 0x3C,
    0x07, 0x80, 0xF0, 0x1E, 0x03, 0xC0, 0x78, 0x0F, 0x80, 0xF8, 0x1F, 0xE1, 0xFF, 0x1F, 0xE0, 0xFC,
    0xF8, 0x1F, 0xC3, 0xFC, 0x1F, 0xC0, 0x7C, 0x07, 0x80, 0xF0, 0x1E, 0x01, 0xE0, 0x3C, 0x07, 0x80,
    0xF0, 0x1E, 0x03, 0xC0, 0x78, 0x0F, 0x01, 0xE0, 0x3C, 0x0F, 0x01, 0xE0, 0x3C, 0x0F, 0x8F, 0xE7,
    0xF8, 0xFE, 0x1F, 0x00, 0x07, 0x01, 0xBB, 0x1F, 0xFC, 0x7F, 0xE1, 0xFE, 0x7F, 0xFF, 0xFF, 0xFF,
    0xFF, 0x1F, 0xE1, 0xFF, 0x9F, 0xFC, 0x6E, 0xC0, 0x70, 0x00, 0x0E, 0x01, 0xC0, 0x38, 0x07, 0x0F,
    0xFF, 0xFF, 0xFF, 0xF8, 0x70, 0x0E, 0x01, 0xC0, 0x38, 0x00, 0x7B, 0xEF, 0xBE, 0x78, 0x67, 0x9E,
    0x00, 0x7F, 0xFF, 0xFF, 0xF0, 0x7B, 0xEF, 0xBE, 0x78, 0x00, 0xC0, 0x3C, 0x07, 0x80, 0xE0, 0x3C,
    0x07, 0x80, 0xE0, 0x3C, 0x07, 0x80, 0xF0, 0x3C, 0x07, 0x80, 0xF0, 0x3C, 0x07, 0x80, 0xF0, 0x3C,
    0x07, 0x80, 0xF0, 0x3C, 0x07, 0x80, 0xF0, 0x3C, 0x07, 0x80, 0x00, 0x00, 0x1F, 0xC0, 0xFF, 0x87,
    0xFF, 0x1F, 0x7E, 0xF0, 0x7B, 0xC1, 0xEF, 0x07, 0xBD, 0xDE, 0xFF, 0xFB, 0xFF, 0xEF, 0x77, 0xBC,
    0x1E, 0xF0, 0x7B, 0xC1, 0xEF, 0xDF, 0x9F, 0xFC, 0x3F, 0xF0, 0x7F, 0x00, 0x3F, 0x80, 0xFE, 0x07,
    0xF8, 0x1F, 0xE0, 0x7F, 0x81, 0xFE, 0x0F, 0x78, 0x3D, 0xE0, 0x07, 0x80, 0x1E, 0x00, 0x78, 0x01,
    0xE0, 0x07, 0x80, 0x1E, 0x00, 0x78, 0x3F, 0xFF, 0xFF, 0xFF, 0xFF, 0xF0, 0x1F, 0xC0, 0xFF, 0xC7,
    0xFF, 0x9F, 0x7E, 0xF8, 0x7B, 0xC1, 0xEF, 0x07, 0xBC, 0x3E, 0x07, 0xF8, 0x7F, 0xC3, 0xFE, 0x1F,
    0xF0, 0x7C, 0x03, 0xE0, 0x0F, 0x00, 0x3F, 0xFE, 0xFF, 0xFB, 0xFF, 0xE0, 0xFF, 0xF7, 0xFF, 0xBF,
    0xFC, 0x01, 0xE0, 0x7F, 0x03, 0xF8, 0x1E, 0x00, 0xFC, 0x07, 0xF0, 0x3F, 0xC0, 0x7F, 0xE0, 0xFF,
    0x07, 0xFC, 0x3D, 0xF7, 0xEF, 0xFE, 0x3F, 0xF0, 0xFE, 0x00, 0x07, 0xF0, 0x0F, 0xE0, 0x3F, 0xC0,
    0x7F, 0x81, 0xEF, 0x03, 0xDE, 0x0F, 0xBC, 0x1E, 0x78, 0x7C, 0xF0, 0xF1, 0xE1, 0xE3, 0xC3, 0x87,
    0x87, 0xFF, 0xEF, 0xFF, 0xDF, 0xFF, 0x80, 0x78, 0x00, 0xF0, 0x01, 0xE0, 0xFF, 0xFB, 0xFF, 0xEF,
    0xFF, 0xBC, 0x00, 0xF0, 0x03, 0xCF, 0x8F, 0x7F, 0x3F, 0xFE, 0xFE, 0xFB, 0xF9, 0xF0, 0x03, 0xFC,
    0x0F, 0xF0, 0x3F, 0xE1, 0xFF, 0xDF, 0x9F, 0xFE, 0x3F, 0xF0, 0x7F, 0x00, 0x1F, 0xC1, 0xFF, 0x1F,
    0xFC, 0xFB, 0xFF, 0x07, 0xF8, 0x03, 0xDF, 0x9F, 0xFE, 0xFF, 0xFF, 0xEF, 0xFE, 0x1F, 0xE0, 0xFF,
    0x07, 0xFC, 0x3D, 0xF7, 0xEF, 0xFE, 0x3F, 0xE0, 0xFE, 0x00, 0xFF, 0xFF, 0xFF, 0xFF, 0xFE, 0x00,
    0xF0, 0x07, 0x80, 0x7C, 0x07, 0xC0, 0x3E, 0x03, 0xE0, 0x3E, 0x01, 0xF0, 0x1F, 0x00, 0xF0, 0x0F,
    0x80, 0xF8, 0x07, 0x80, 0x3C, 0x03, 0xE0, 0x00, 0x1F, 0xC0, 0xFF, 0xC7, 0xFF, 0x3F, 0x7E, 0xF8,
    0x7B, 0xE1, 0xE7, 0xDF, 0x0F, 0xFC, 0x1F, 0xE1, 0xFF, 0xC7, 0xCF, 0xBC, 0x1E, 0xF0, 0x7B, 0xC1,
    0xEF, 0xDF, 0x9F, 0xFE, 0x7F, 0xF0, 0x7F, 0x80, 0x1F, 0xC1, 0xFF, 0x1F, 0xFC, 0xFB, 0xFF, 0x87,
    0xF8, 0x3F, 0xC1, 0xFF, 0x0F, 0xFD, 0xFB, 0xFF, 0xCF, 0xFE, 0x3E, 0xF0, 0x07, 0xFC, 0x3D, 0xF7,
    0xEF, 0xFE, 0x3F, 0xE0, 0xFE, 0x00, 0x7B, 0xEF, 0xBE, 0x78, 0x00, 0x00, 0x7B, 0xEF, 0xBE, 0x78,
    0x7B, 0xEF, 0xBE, 0x78, 0x00, 0x00, 0x7B, 0xEF, 0xBE, 0x78, 0x67, 0x9E, 0x00, 0x00, 0x3C, 0x7F,
    0xFF, 0xFF, 0xF9, 0xF8, 0x3C, 0x07, 0xF8, 0xFF, 0xEF, 0xFC, 0x1F, 0x80, 0x30, 0xFF, 0xFF, 0xFF,
    0xFF, 0x80, 0x00, 0x01, 0xFF, 0xFF, 0xFF, 0xFF, 0x00, 0x00, 0x00, 0x1E, 0x03, 0xFC, 0x7F, 0xF3,
    0xFE, 0x07, 0xC0, 0x78, 0x7F, 0xFF, 0xFF, 0xFB, 0xF0, 0x70, 0x00, 0x1F, 0xC1, 0xFF, 0x1F, 0xFC,
    0xFB, 0xFF, 0x87, 0xF8, 0x3F, 0xC1, 0xE0, 0x1F, 0x07, 0xF8, 0x7F, 0x83, 0xF8, 0x1E, 0x00, 0xF0,
    0x07, 0x80, 0x3E, 0x03, 0xF0, 0x0F, 0x80, 0x78, 0x00, 0x00, 0x00, 0xFF, 0xF1, 0xFF, 0xF3, 0xFF,
    0xF0, 0x03, 0xE7, 0x83, 0xDF, 0xFF, 0xBF, 0xFF, 0xFB, 0xFF, 0xE3, 0xFF, 0xC7, 0xFF, 0x8F, 0xFF,
    0x1F, 0xFF, 0x7F, 0xDF, 0xFF, 0xBF, 0xFF, 0x3F, 0xFC, 0x0F, 0xE0, 0x1F, 0xC0, 0x3F, 0xC0, 0xF7,
    0x81, 0xEF, 0x03, 0xDE, 0x07, 0x9E, 0x1F, 0x3C, 0x3C, 0x78, 0x78, 0xF0, 0xF1, 0xF1, 0xFF, 0xE7,
    0xFF, 0xCF, 0xFF, 0x9E, 0x0F, 0x3C, 0x0F, 0xF8, 0x1F, 0xE0, 0x3C, 0xFF, 0xE7, 0xFF, 0xBF, 0xFE,
    0xF9, 0xF7, 0x87, 0xBC, 0x3D, 0xE1, 0xEF, 0x9F, 0x7F, 0xF3, 0xFF, 0x1F, 0xFC, 0xF1, 0xF7, 0x87,
    0xBC, 0x3D, 0xF3, 0xFF, 0xFF, 0xFF, 0xF7, 0xFF, 0x00, 0x1F, 0xC0, 0xFF, 0xC7, 0xFF, 0x1F, 0x7E,
    0xF8, 0x7B, 0xC1, 0xEF, 0x07, 0xBC, 0x00, 0xF0, 0x03, 0xC0, 0x0F, 0x00, 0x3C, 0x1E, 0xF0, 0x7B,
    0xC1, 0xEF, 0xDF, 0x9F, 0xFC, 0x3F, 0xF0, 0x7F, 0x00, 0xFF, 0xC7, 0xFF, 0xBF, 0xFC, 0xFB, 0xF7,
    0x87, 0xBC, 0x3D, 0xE1, 0xEF, 0x0F, 0x78, 0x7B, 0xC3, 0xDE, 0x1E, 0xF0, 0xF7, 0x87, 0xBC, 0x3D,
    0xF7, 0xFF, 0xFE, 0xFF, 0xF7, 0xFE, 0x00, 0xFF, 0xEF, 0xFE, 0xFF, 0xEF, 0x00, 0xF0, 0x0F, 0x00,
    0xF0, 0x0F, 0x00, 0xFF, 0xEF, 0xFE, 0xFF, 0xEF, 0x00, 0xF0, 0x0F, 0x00, 0xF0, 0x0F, 0xFF, 0xFF,
    0xFF, 0xFF, 0xFF, 0xFF, 0xFF, 0xFF, 0xFF, 0x00, 0xF0, 0x0F, 0x00, 0xF0, 0x0F, 0x00, 0xFF, 0xFF,
    0xFF, 0xFF, 0xFF, 0x00, 0xF0, 0x0F, 0x00, 0xF0, 0x0F, 0x00, 0xF0, 0x0F, 0x00, 0x1F, 0xC1, 0xFF,
    0x1F, 0xFD, 0xFB, 0xFF, 0x07, 0xF8, 0x3F, 0xC1, 0xFE, 0x00, 0xF0, 0x07, 0xBF, 0xFD, 0xFF, 0xEF,
    0xFF, 0x07, 0xF8, 0x3F, 0xF7, 0xEF, 0xFF, 0x3F, 0xF8, 0xFD, 0xC0, 0xF0, 0x7F, 0x83, 0xFC, 0x1F,
    0xE0, 0xFF, 0x07, 0xF8, 0x3F, 0xC1, 0xFE, 0x0F, 0xFF, 0xFF, 0xFF, 0xFF, 0xFF, 0xE0, 0xFF, 0x07,
    0xF8, 0x3F, 0xC1, 0xFE, 0x0F, 0xF0, 0x7F, 0x83, 0xC0, 0xFF, 0xFF, 0xFF, 0xFF, 0xFE, 0x0F, 0x00,
    0x78, 0x03, 0xC0, 0x1E, 0x00, 0xF0, 0x07, 0x80, 0x3C, 0x01, 0xE0, 0x0F, 0x00, 0x78, 0x03, 0xC0,
    0x1E, 0x1F, 0xFF, 0xFF, 0xFF, 0xFF, 0xC0, 0x03, 0xFC, 0x0F, 0xF0, 0x3F, 0xC0, 0x3C, 0x00, 0xF0,
    0x03, 0xC0, 0x0F, 0x00, 0x3C, 0x00, 0xF0, 0x03, 0xCF, 0x0F, 0x3C, 0x3C, 0xF0, 0xF3, 0xC3, 0xCF,
    0xDF, 0x1F, 0xFC, 0x3F, 0xE0, 0x7F, 0x00, 0x78, 0x79, 0xE3, 0xE7, 0x8F, 0x1E, 0x7C, 0x79, 0xE1,
    0xEF, 0x87, 0xFC, 0x1F, 0xE0, 0x7F, 0x81, 0xFC, 0x07, 0xF8, 0x1F, 0xF0, 0x7B, 0xC1, 0xEF, 0x87,
    0x9F, 0x1E, 0x3C, 0x78, 0xF9, 0xE1, 0xF0, 0xF0, 0x0F, 0x00, 0xF0, 0x0F, 0x00, 0xF0, 0x0F, 0x00,
    0xF0, 0x0F, 0x00, 0xF0, 0x0F, 0x00, 0xF0, 0x0F, 0x00, 0xF0, 0x0F, 0x00, 0xF0, 0x0F, 0xFF, 0xFF,
    0xFF, 0xFF, 0xFE, 0x7F, 0xFD, 0xFF, 0xFB, 0xFF, 0xF7, 0xFF, 0xEF, 0xFF, 0xDF, 0xFF, 0xBF, 0xFF,
    0x7F, 0xFE, 0xFF, 0xFD, 0xFF, 0xFB, 0xFF, 0xFF, 0xFF, 0xFF, 0xFF, 0xFF, 0xFD, 0xFF, 0xFB, 0xFF,
    0xF7, 0xFF, 0xEF, 0xFC, 0xFE, 0x7F, 0xFB, 0xFF, 0xDF, 0xFE, 0xFF, 0xF7, 0xFF, 0xBF, 0xDD, 0xFE,
    0xEF, 0xF7, 0x7F, 0xBF, 0xFD, 0xFF, 0xEF, 0xFF, 0x7F, 0xFB, 0xFF, 0xCF, 0xFE, 0x7F, 0xF3, 0xFF,
    0x9F, 0xC0, 0x1F, 0xC0, 0xFF, 0x87, 0xFF, 0x1F, 0x7E, 0xF0, 0x7B, 0xC1, 0xEF, 0x07, 0xBC, 0x1E,
    0xF0, 0x7B, 0xC1, 0xEF, 0x07, 0xBC, 0x1E, 0xF0, 0x7B, 0xC1, 0xEF, 0xDF, 0x9F, 0xFC, 0x3F, 0xF0,
    0x7F, 0x00, 0xFF, 0xE7, 0xFF, 0xBF, 0xFF, 0xF1, 0xFF, 0x07, 0xF8, 0x3F, 0xC1, 0xFE, 0x1F, 0xFF,
    0xFF, 0xFF, 0xBF, 0xF9, 0xF0, 0x0F, 0x00, 0x78, 0x03, 0xC0, 0x1E, 0x00, 0xF0, 0x07, 0x80, 0x00,
    0x1F, 0xC0, 0xFF, 0x87, 0xFF, 0x1F, 0x7E, 0xF8, 0x7B, 0xC1, 0xEF, 0x07, 0xBC, 0x1E, 0xF0, 0x7B,
    0xC1, 0xEF, 0x07, 0xBC, 0x1E, 0xF0, 0x7B, 0xC1, 0xEF, 0x87, 0x9F, 0xFE, 0x7F, 0xF0, 0xFF, 0x81,
    0xFC, 0x01, 0xE0, 0x07, 0xE0, 0x1F, 0x80, 0x3E, 0x00, 0xFF, 0xE3, 0xFF, 0xCF, 0xFF, 0xBE, 0x3E,
    0xF8, 0x7B, 0xE1, 0xEF, 0x87, 0xBE, 0x3E, 0xFF, 0xF3, 0xFF, 0xCF, 0xFF, 0xBE, 0x3E, 0xF8, 0x7B,
    0xE1, 0xEF, 0x87, 0xBE, 0x1E, 0xF8, 0x7B, 0xE1, 0xE0, 0x0F, 0xE0, 0x3F, 0xF0, 0xFF, 0xE3, 0xF7,
    0xE7, 0x83, 0xCF, 0x07, 0x9F, 0x87, 0x1F, 0xF0, 0x3F, 0xF8, 0x1F, 0xF8, 0x07, 0xF3, 0xC1, 0xF7,
    0x83, 0xEF, 0x07, 0xDF, 0x9F, 0x1F, 0xFE, 0x1F, 0xF8, 0x1F, 0xE0, 0xFF, 0xFF, 0xFF, 0xFF, 0xFE,
    0x0F, 0x00, 0x78, 0x03, 0xC0, 0x1E, 0x00, 0xF0, 0x07, 0x80, 0x3C, 0x01, 0xE0, 0x0F, 0x00, 0x78,
    0x03, 0xC0, 0x1E, 0x00, 0xF0, 0x07, 0x80, 0x3C, 0x00, 0xF0, 0x7F, 0x83, 0xFC, 0x1F, 0xE0, 0xFF,
    0x07, 0xF8, 0x3F, 0xC1, 0xFE, 0x0F, 0xF0, 0x7F, 0x83, 0xFC, 0x1F, 0xE0, 0xFF, 0x07, 0xF8, 0x3F,
    0xF7, 0xEF, 0xFE, 0x3F, 0xF0, 0xFE, 0x00, 0xF0, 0x1E, 0xF0, 0x3D, 0xE0, 0xFB, 0xC1, 0xE7, 0x83,
    0xCF, 0x87, 0x8F, 0x0F, 0x1E, 0x3C, 0x3C, 0x78, 0x78, 0xF0, 0x79, 0xE0, 0xF7, 0xC1, 0xEF, 0x03,
    0xDE, 0x07, 0xBC, 0x07, 0xF8, 0x0F, 0xE0, 0x1F, 0xC0, 0xF7, 0xEE, 0xF7, 0xEE, 0xFF, 0xEE, 0xFF,
    0xEE, 0xFF, 0xEE, 0xFF, 0xEE, 0xFF, 0xEE, 0xFF, 0xEE, 0xFE, 0xFE, 0xFE, 0xFE, 0xFE, 0xFE, 0xFE,
    0xFE, 0xFE, 0xFE, 0xFE, 0xFE, 0xFE, 0xFE, 0xFE, 0xFE, 0xFE, 0xFE, 0xFE, 0xFE, 0x78, 0x3E, 0xF0,
    0x79, 0xF0, 0xF1, 0xE3, 0xC3, 0xC7, 0x83, 0xDF, 0x07, 0xBC, 0x0F, 0xF8, 0x0F, 0xF0, 0x1F, 0xC0,
    0x3F, 0xC0, 0xFF, 0x81, 0xEF, 0x07, 0xCF, 0x0F, 0x1E, 0x1E, 0x3E, 0x78, 0x3C, 0xF0, 0x7C, 0xF0,
    0x1E, 0xF8, 0x3E, 0x78, 0x3C, 0x7C, 0x3C, 0x3C, 0x7C, 0x3C, 0x78, 0x1E, 0xF8, 0x1E, 0xF0, 0x1F,
    0xF0, 0x0F, 0xE0, 0x0F, 0xE0, 0x07, 0xE0, 0x03, 0xC0, 0x03, 0xC0, 0x03, 0xC0, 0x03, 0xC0, 0x03,
    0xC0, 0x03, 0xC0, 0xFF, 0xFB, 0xFF, 0xEF, 0xFF, 0x80, 0x0E, 0x00, 0x78, 0x07, 0xE0, 0x3F, 0x01,
    0xF8, 0x0F, 0xC0, 0x7E, 0x03, 0xF0, 0x1F, 0x80, 0xFC, 0x03, 0xC0, 0x0E, 0x00, 0x3F, 0xFE, 0xFF,
    0xFB, 0xFF, 0xE0, 0x7E, 0xFD, 0xFB, 0xC7, 0x0E, 0x1C, 0x38, 0x70, 0xE1, 0xC3, 0x87, 0x0E, 0x1C,
    0x38, 0x70, 0xE1, 0xC3, 0x87, 0x0E, 0x1E, 0x3F, 0x7E, 0xFC, 0x30, 0x1E, 0x03, 0xC0, 0x3C, 0x07,
    0x80, 0xF0, 0x0F, 0x01, 0xE0, 0x3C, 0x03, 0xC0, 0x78, 0x0F, 0x00, 0xF0, 0x1E, 0x03, 0xC0, 0x3C,
    0x07, 0x80, 0xF0, 0x0F, 0x01, 0xE0, 0x3C, 0x03, 0xC0, 0x78, 0x0F, 0x00, 0x00, 0xFD, 0xFF, 0xF8,
    0xF1, 0xE3, 0xC7, 0x8F, 0x1E, 0x3C, 0x78, 0xF1, 0xE3, 0xC7, 0x8F, 0x1E, 0x3C, 0x78, 0xF1, 0xE3,
    0xC7, 0xFF, 0xFF, 0xF8, 0x1F, 0xC0, 0xFE, 0x07, 0xF8, 0x7B, 0xC3, 0xCF, 0x3C, 0x79, 0xE3, 0xEE,
    0x0F, 0x00, 0x07, 0xFF, 0xFF, 0xFF, 0xFF, 0xF0, 0x07, 0x9E, 0x70, 0x3F, 0x79, 0xFF, 0xE7, 0xFF,
    0xBF, 0x7E, 0xF0, 0xFB, 0xC1, 0xEF, 0x07, 0xBC, 0x1E, 0xF0, 0xFB, 0xF7, 0xE7, 0xFF, 0xDF, 0xFF,
    0x1F, 0x3C, 0xF0, 0x03, 0xC0, 0x0F, 0x00, 0x3C, 0x00, 0xF0, 0x03, 0xDF, 0x8F, 0xFF, 0x3F, 0xFE,
    0xFD, 0xFB, 0xE1, 0xEF, 0x03, 0xFC, 0x0F, 0xF0, 0x3F, 0xE1, 0xFF, 0xDF, 0xBF, 0xFE, 0xFF, 0xF3,
    0xDF, 0x80, 0x1F, 0xC0, 0xFF, 0xC7, 0xFF, 0x1F, 0x7E, 0xF0, 0x7B, 0xC0, 0xCF, 0x00, 0x3C, 0x0C,
    0xF0, 0x79, 0xF7, 0xE7, 0xFF, 0x8F, 0xFC, 0x1F, 0xC0, 0x00, 0x78, 0x03, 0xC0, 0x1E, 0x00, 0xF0,
    0x07, 0x8F, 0xFD, 0xFF, 0xEF, 0xFF, 0xFD, 0xFF, 0x83, 0xFC, 0x1F, 0xE0, 0xFF, 0x07, 0xF8, 0x3F,
    0xF7, 0xEF, 0xFF, 0x7F, 0xF8, 0xFF, 0xC0, 0x1F, 0xC1, 0xFF, 0x1F, 0xFC, 0xFB, 0xFF, 0x07, 0xFF,
    0xFF, 0xFF, 0xFF, 0xFF, 0xF0, 0x03, 0xE7, 0x9F, 0xFC, 0x7F, 0xE1, 0xFC, 0x00, 0x07, 0xF0, 0x7F,
    0x83, 0xFC, 0x1E, 0x00, 0xF0, 0x7F, 0xFF, 0xFF, 0xFF, 0xFF, 0x0F, 0x00, 0x78, 0x03, 0xC0, 0x1E,
    0x00, 0xF0, 0x07, 0x80, 0x3C, 0x01, 0xE0, 0x0F, 0x00, 0x78, 0x00, 0x1F, 0xFB, 0xFF, 0xDF, 0xFF,
    0xFB, 0xFF, 0x07, 0xF8, 0x3F, 0xC1, 0xFE, 0x0F, 0xF0, 0x7F, 0xEF, 0xDF, 0xFE, 0xFF, 0xF3, 0xFF,
    0x80, 0x3C, 0x01, 0xE7, 0xFF, 0x3F, 0xF9, 0xFF, 0xC0, 0xF0, 0x0F, 0x00, 0xF0, 0x0F, 0x00, 0xF0,
    0x0F, 0x7C, 0xFF, 0xEF, 0xFE, 0xFF, 0xFF, 0x0F, 0xF0, 0xFF, 0x0F, 0xF0, 0xFF, 0x0F, 0xF0, 0xFF,
    0x0F, 0xF0, 0xFF, 0x0F, 0x0F, 0x01, 0xF0, 0x1F, 0x81, 0xF0, 0x0F, 0x00, 0x00, 0xFF, 0x0F, 0xF0,
    0xFF, 0x00, 0xF0, 0x0F, 0x00, 0xF0, 0x0F, 0x00, 0xF0, 0x0F, 0x00, 0xF0, 0xFF, 0xFF, 0xFF, 0xFF,
    0xF0, 0x03, 0x81, 0xF0, 0x7C, 0x1F, 0x03, 0x80, 0x07, 0xF9, 0xFE, 0x7F, 0x80, 0xE0, 0x38, 0x0E,
    0x03, 0x80, 0xE0, 0x38, 0x0E, 0x03, 0x80, 0xE0, 0x38, 0x0E, 0x07, 0xBF, 0xEF, 0xFB, 0xFE, 0x70,
    0x07, 0x00, 0x70, 0x07, 0x00, 0x70, 0x07, 0x1F, 0x71, 0xE7, 0x3C, 0x77, 0xC7, 0xF8, 0x7F, 0x07,
    0xF0, 0x7F, 0x07, 0xF8, 0x77, 0xC7, 0x3E, 0x71, 0xE7, 0x1F, 0x7F, 0x83, 0xFC, 0x1F, 0xE0, 0x0F,
    0x00, 0x78, 0x03, 0xC0, 0x1E, 0x00, 0xF0, 0x07, 0x80, 0x3C, 0x01, 0xE0, 0x0F, 0x00, 0x78, 0x03,
    0xC0, 0x1E, 0x1F, 0xFF, 0xFF, 0xFF, 0xFF, 0xC0, 0x77, 0x3C, 0xFF, 0xF9, 0xFF, 0xFB, 0xFF, 0xF7,
    0x3D, 0xEE, 0x7B, 0xDC, 0xF7, 0xB9, 0xEF, 0x73, 0xDE, 0xE7, 0xBD, 0xCF, 0x7B, 0x9E, 0xF7, 0x3D,
    0xE0, 0x77, 0xE3, 0xFF, 0x9F, 0xFC, 0xFF, 0xF7, 0x87, 0xBC, 0x3D, 0xC1, 0xEE, 0x0F, 0x70, 0x7B,
    0x83, 0xDC, 0x1E, 0xE0, 0xF7, 0x07, 0x80, 0x1F, 0xC0, 0xFF, 0x87, 0xFF, 0x3F, 0x7E, 0xF0, 0x7B,
    0xC1, 0xEF, 0x03, 0xBC, 0x1E, 0xF0, 0x7B, 0xF7, 0xE7, 0xFF, 0x0F, 0xF8, 0x1F, 0xC0, 0xF7, 0xE3,
    0xFF, 0xCF, 0xFF, 0xBF, 0x7E, 0xF0, 0x7B, 0xC0, 0xEF, 0x03, 0xFC, 0x0E, 0xF0, 0x7B, 0xF7, 0xEF,
    0xFF, 0xBF, 0xFC, 0xF7, 0xE3, 0xC0, 0x0F, 0x00, 0x3C, 0x00, 0xF0, 0x03, 0xC0, 0x00, 0x1F, 0xFB,
    0xFF, 0xDF, 0xFF, 0xFB, 0xFF, 0x07, 0xF8, 0x3F, 0xC1, 0xFE, 0x0F, 0xF0, 0x7F, 0xEF, 0xDF, 0xFE,
    0xFF, 0xF1, 0xFF, 0x80, 0x3C, 0x01, 0xE0, 0x0F, 0x00, 0x78, 0x03, 0xC0, 0xFD, 0xF3, 0xFF, 0xEF,
    0xFF, 0x8F, 0xFF, 0x3C, 0x3C, 0xF0, 0xE3, 0xC0, 0x0F, 0x00, 0x3C, 0x00, 0xF0, 0x0F, 0xF8, 0x3F,
    0xE0, 0xFF, 0x80, 0x3F, 0x87, 0xFC, 0x7F, 0xEF, 0xBE, 0x79, 0x87, 0xF8, 0x3F, 0xE0, 0xFE, 0x71,
    0xEF, 0x9E, 0xFF, 0xE7, 0xFE, 0x3F, 0x80, 0x0F, 0x00, 0xF0, 0x0F, 0x00, 0xF0, 0x0F, 0x0F, 0xFF,
    0xFF, 0xFF, 0xFF, 0x0F, 0x00, 0xF0, 0x0F, 0x00, 0xF0, 0x0F, 0x00, 0xF0, 0x0F, 0x00, 0xFF, 0x0F,
    0xF0, 0xFF, 0x70, 0x7B, 0x83, 0xDC, 0x1E, 0xE0, 0xF7, 0x07, 0xB8, 0x3D, 0xC1, 0xEF, 0x0F, 0x78,
    0x7B, 0xEF, 0xDF, 0xFE, 0x7F, 0xF1, 0xF7, 0x80, 0xF0, 0x7B, 0xC1, 0xEF, 0x87, 0x9E, 0x3E, 0x78,
    0xF1, 0xE3, 0xC7, 0xCF, 0x0F, 0x7C, 0x3D, 0xE0, 0xF7, 0x81, 0xFE, 0x07, 0xF0, 0x1F, 0xC0, 0xF7,
    0xEF, 0xEF, 0xDF, 0xDF, 0xBF, 0xFF, 0xFF, 0xFF, 0xFF, 0xFF, 0xFF, 0xBF, 0xFF, 0x7F, 0x7E, 0xFE,
    0xFD, 0xFD, 0xFB, 0xFB, 0xF7, 0xF7, 0xEF, 0xE0, 0xF8, 0x7B, 0xC7, 0x9F, 0x3C, 0x7B, 0xC3, 0xFE,
    0x0F, 0xE0, 0x7F, 0x03, 0xF8, 0x3F, 0xE1, 0xEF, 0x1F, 0x3C, 0xF1, 0xEF, 0x87, 0x80, 0x70, 0x7B,
    0x83, 0xDC, 0x1E, 0xE0, 0xF7, 0x07, 0xB8, 0x3D, 0xC1, 0xEF, 0x0F, 0x78, 0x7B, 0xEF, 0xDF, 0xFE,
    0x7F, 0xF1, 0xF7, 0x80, 0x3C, 0x01, 0xE3, 0xFF, 0x1F, 0xF8, 0xFF, 0x80, 0xFF, 0xEF, 0xFE, 0xFF,
    0xE0, 0x1E, 0x03, 0xE0, 0xFE, 0x3F, 0x8F, 0xF0, 0xFC, 0x0F, 0x00, 0xFF, 0xEF, 0xFE, 0xFF, 0xE0,
    0x1F, 0x9F, 0xCF, 0xE7, 0x83, 0xC1, 0xE0, 0xF0, 0x78, 0x3C, 0x1E, 0x0F, 0x1F, 0x8F, 0x87, 0xC3,
    0xF0, 0x78, 0x3C, 0x1E, 0x0F, 0x07, 0x83, 0xC1, 0xE0, 0xF0, 0x7F, 0x3F, 0x8F, 0xC0, 0xFF, 0xFF,
    0xFF, 0xFF, 0xFF, 0xFF, 0xFF, 0xFF, 0xFF, 0xFF, 0xFF, 0xFF, 0xFF, 0xF8, 0x7E, 0x3F, 0x07, 0x83,
    0xC1, 0xE0, 0xF0, 0x78, 0x3C, 0x1E, 0x0F, 0x03, 0xF1, 0xF8, 0xFC, 0x7E, 0x78, 0x3C, 0x1E, 0x0F,
    0x07, 0x83, 0xC1, 0xE0, 0xF1, 0xF8, 0xFC, 0x7C, 0x00, 0x00, 0x00, 0x1E, 0x38, 0xFF, 0xF3, 0xFF,
    0xE7, 0xFF, 0x86, 0x3C, 0x00, 0x00, 0x00, 0x7B, 0xEF, 0xBE, 0x78, 0x07, 0x9E, 0x79, 0xE7, 0x9E,
    0x79, 0xE7, 0x9E, 0x79, 0xE0, 0x07, 0x00, 0x3C, 0x07, 0xF8, 0x7F, 0xE7, 0xFF, 0xFF, 0xBF, 0xDC,
    0xFE, 0xE0, 0xF7, 0x07, 0xB9, 0xFD, 0xDE, 0xFF, 0xF7, 0xFF, 0x0F, 0xF0, 0x3E, 0x00, 0xE0, 0x00,
    0x01, 0xF0, 0x7F, 0x1F, 0xF3, 0xDE, 0x73, 0xCE, 0x07, 0xF0, 0xFE, 0x1F, 0xC0, 0xE0, 0x7F, 0xFF,
    0xFF, 0xFF, 0xC0, 0x20, 0x08, 0xEF, 0xF9, 0xFF, 0xFB, 0xFF, 0xE3, 0xEF, 0x8F, 0x07, 0x9E, 0x07,
    0x3C, 0x0E, 0x78, 0x1C, 0xF0, 0x78, 0xFB, 0xE3, 0xFF, 0xE7, 0xFF, 0xEE, 0xFF, 0x88, 0x02, 0x00,
    0xF1, 0xEF, 0x1E, 0x79, 0xE7, 0xBC, 0x3F, 0xCF, 0xFE, 0xFF, 0xEF, 0xFE, 0x0F, 0x0F, 0xFE, 0xFF,
    0xEF, 0xFE, 0x0F, 0x00, 0xFF, 0xFF, 0xFF, 0xFF, 0xFF, 0xF0, 0x00, 0x0F, 0xFF, 0xFF, 0xFF, 0xFF,
    0xFF, 0x7C, 0x7E, 0xFE, 0xF8, 0xFE, 0xFE, 0xFF, 0xFF, 0x7E, 0xEE, 0xFE, 0xFE, 0x7C, 0x79, 0xFF,
    0x7F, 0xEF, 0xFD, 0xF7, 0x9E, 0x0F, 0xE0, 0x3F, 0xE0, 0xF9, 0xE3, 0xDE, 0xE7, 0x7C, 0xCC, 0xDD,
    0xFB, 0x93, 0xF7, 0x67, 0x66, 0xEE, 0xEF, 0x9D, 0xEF, 0x71, 0xF3, 0xC1, 0xFF, 0x01, 0xFC, 0x00,
    0x3F, 0x3F, 0xB9, 0xDC, 0xEE, 0x77, 0xF9, 0xFE, 0xFF, 0x02, 0x00, 0x38, 0x73, 0xE7, 0xDF, 0xBF,
    0xFD, 0xFB, 0xE7, 0xCE, 0x1C, 0x3C, 0x70, 0xF9, 0xF3, 0xFF, 0xF7, 0xEF, 0xC7, 0x8F, 0x06, 0x0C,
    0x00, 0x1F, 0xFF, 0xFF, 0xFF, 0xF0, 0x0E, 0x01, 0xC0, 0x38, 0x07, 0x0F, 0xE0, 0x3F, 0xE0, 0xF9,
    0xE3, 0xFE, 0xE7, 0x7E, 0xCC, 0xFD, 0xF9, 0xF3, 0xF3, 0xE7, 0x67, 0xEE, 0xEF, 0xDD, 0xE0, 0x71,
    0xF3, 0xC1, 0xFF, 0x01, 0xFC, 0x00, 0x00, 0x3F, 0xDF, 0xEF, 0xF0, 0x00, 0x1F, 0x1F, 0xCF, 0xFF,
    0x7F, 0xBD, 0xFE, 0xFE, 0x3E, 0x00, 0x0E, 0x01, 0xC0, 0x38, 0x07, 0x0F, 0xFF, 0xFF, 0xFF, 0xF8,
    0x70, 0x0E, 0x01, 0xC0, 0x00, 0x7F, 0xFF, 0xFF, 0xFF, 0xC0, 0x7B, 0xFD, 0xDE, 0xF3, 0xFF, 0xC0,
    0xFB, 0xE3, 0x8E, 0xDF, 0xFF, 0x80, 0x03, 0xDD, 0xE0, 0xF0, 0x7F, 0x83, 0xFC, 0x1F, 0xE0, 0xFF,
    0x07, 0xF8, 0x3F, 0xC1, 0xFE, 0x0F, 0xF8, 0x7F, 0xEF, 0xFF, 0xFF, 0xFF, 0xFF, 0xFF, 0xF8, 0x03,
    0xC0, 0x1E, 0x00, 0xF0, 0x07, 0x80, 0x00, 0x3F, 0xEF, 0xFD, 0xFF, 0xFF, 0xFF, 0xFE, 0xFF, 0xDF,
    0xF9, 0xFF, 0x0F, 0xE1, 0xFC, 0x3F, 0x87, 0xF0, 0xFE, 0x00, 0x00, 0x7B, 0xEF, 0xBE, 0x78, 0x03,
    0xEF, 0xFF, 0x1D, 0xF7, 0x80, 0x78, 0xF1, 0xE2, 0xC1, 0x8F, 0xDF, 0x80, 0x3E, 0x3F, 0x9D, 0xEC,
    0x76, 0x3B, 0xBD, 0xFC, 0x7C, 0x81, 0x03, 0x06, 0x0F, 0x1E, 0x3F, 0x7C, 0xFF, 0xFC, 0xF9, 0xF0,
    0xE3, 0xC7, 0x8F, 0x7E, 0xFF, 0xFF, 0xEF, 0x9F, 0x38, 0x70, 0xC1, 0x80, 0x78, 0x03, 0xE0, 0x0F,
    0x80, 0x2E, 0x00, 0x38, 0x1B, 0xF1, 0xEF, 0xFF, 0x81, 0xFC, 0x1F, 0xC1, 0xFD, 0xEF, 0xCF, 0x9C,
    0x3E, 0x01, 0xF8, 0x07, 0xE0, 0x1F, 0xC0, 0x7F, 0x00, 0x38, 0x78, 0x03, 0xE0, 0x0F, 0x80, 0x2E,
    0x00, 0x38, 0x1B, 0xF1, 0xEF, 0xDF, 0x81, 0xFC, 0x1F, 0xC1, 0xFC, 0x0F, 0xCF, 0x9C, 0x3F, 0x00,
    0xDC, 0x01, 0xE0, 0x0F, 0x00, 0x3F, 0x01, 0xFC, 0xFC, 0x03, 0xF0, 0x03, 0x80, 0x0F, 0x00, 0xDC,
    0x1B, 0xF1, 0xE7, 0x9F, 0x81, 0xF8, 0x1F, 0x81, 0xFB, 0xEF, 0xCF, 0x9C, 0x3E, 0x01, 0xF8, 0x06,
    0xE0, 0x1F, 0xC0, 0x7F, 0x00, 0x38, 0x07, 0x80, 0x3E, 0x01, 0xF0, 0x0F, 0x80, 0x78, 0x01, 0xC0,
    0x1E, 0x07, 0xF0, 0x7F, 0x83, 0xFC, 0x3E, 0x01, 0xE0, 0xFF, 0x07, 0xFC, 0x3D, 0xF7, 0xEF, 0xFE,
    0x3F, 0xE0, 0xFE, 0x00, 0x00, 0x00, 0x1E, 0x00, 0x1E, 0x00, 0x1C, 0x00, 0x00, 0x00, 0x00, 0x03,
    0xF8, 0x07, 0xF0, 0x0F, 0xF0, 0x3D, 0xE0, 0x7B, 0xC0, 0xF7, 0x81, 0xE7, 0x87, 0xCF, 0x0F, 0x1E,
    0x1E, 0x3C, 0x3C, 0x7C, 0x7F, 0xF9, 0xFF, 0xF3, 0xFF, 0xE7, 0x83, 0xCF, 0x03, 0xFE, 0x07, 0xF8,
    0x0F, 0x00, 0x00, 0x03, 0xC0, 0x07, 0x00, 0x1E, 0x00, 0x00, 0x00, 0x00, 0x03, 0xF8, 0x07, 0xF0,
    0x0F, 0xF0, 0x3D, 0xE0, 0x7B, 0xC0, 0xF7, 0x81, 0xE7, 0x87, 0xCF, 0x0F, 0x1E, 0x1E, 0x3C, 0x3C,
    0x7C, 0x7F, 0xF9, 0xFF, 0xF3, 0xFF, 0xE7, 0x83, 0xCF, 0x03, 0xFE, 0x07, 0xF8, 0x0F, 0x00, 0x00,
    0x0F, 0xC0, 0x3F, 0x80, 0xF7, 0x80, 0x00, 0x00, 0x00, 0x03, 0xF8, 0x07, 0xF0, 0x0F, 0xF0, 0x3D,
    0xE0, 0x7B, 0xC0, 0xF7, 0x81, 0xE7, 0x87, 0xCF, 0x0F, 0x1E, 0x1E, 0x3C, 0x3C, 0x7C, 0x7F, 0xF9,
    0xFF, 0xF3, 0xFF, 0xE7, 0x83, 0xCF, 0x03, 0xFE, 0x07, 0xF8, 0x0F, 0x0F, 0xF8, 0x3F, 0xF0, 0x7F,
    0xC0, 0xEF, 0x00, 0x80, 0x01, 0xFC, 0x03, 0xF8, 0x07, 0xF8, 0x1E, 0xF0, 0x3D, 0xE0, 0x7B, 0xC0,
    0xF3, 0xC3, 0xE7, 0x87, 0x8F, 0x0F, 0x1E, 0x1E, 0x3E, 0x3F, 0xFC, 0xFF, 0xF9, 0xFF, 0xF3, 0xC1,
    0xE7, 0x81, 0xFF, 0x03, 0xFC, 0x07, 0x80, 0x1E, 0x78, 0x7D, 0xF0, 0xFB, 0xE1, 0xF7, 0xC1, 0xE7,
    0x80, 0x00, 0x03, 0xF8, 0x07, 0xF0, 0x0F, 0xF0, 0x3D, 0xE0, 0x7B, 0xC0, 0xF7, 0x81, 0xE7, 0x87,
    0xCF, 0x0F, 0x1E, 0x1E, 0x3C, 0x3C, 0x7C, 0x7F, 0xF9, 0xFF, 0xF3, 0xFF, 0xE7, 0x83, 0xCF, 0x03,
    0xFE, 0x07, 0xF8, 0x0F, 0x03, 0xC0, 0x0F, 0x80, 0x1B, 0x80, 0x37, 0x00, 0x7C, 0x00, 0x78, 0x00,
    0x00, 0x07, 0xF0, 0x0F, 0xE0, 0x1F, 0xE0, 0x7B, 0xC0, 0xF7, 0x81, 0xEF, 0x03, 0xCF, 0x0F, 0x9E,
    0x1E, 0x3C, 0x3C, 0x78, 0x78, 0xF8, 0xFF, 0xF3, 0xFF, 0xE7, 0xFF, 0xCF, 0x07, 0x9E, 0x07, 0xFC,
    0x0F, 0xF0, 0x1E, 0x0F, 0xFE, 0x3F, 0xFC, 0x7F, 0xF8, 0xFF, 0x01, 0xFE, 0x03, 0xFC, 0x0F, 0x78,
    0x1E, 0xF0, 0x3D, 0xFE, 0x7B, 0xFD, 0xE7, 0xFB, 0xFF, 0x07, 0xFE, 0x0F, 0xFC, 0x3E, 0x78, 0x78,
    0xFF, 0xF1, 0xFF, 0xE3, 0xFC, 0x1F, 0xC0, 0xFF, 0xC7, 0xFF, 0x1F, 0x7E, 0xF8, 0x7B, 0xC1, 0xEF,
    0x07, 0xBC, 0x00, 0xF0, 0x03, 0xC0, 0x0F, 0x00, 0x3C, 0x1E, 0xF0, 0x7B, 0xC1, 0xE7, 0xCF, 0x9F,
    0xFC, 0x3F, 0xF0, 0x7F, 0x00, 0x7E, 0x01, 0xF8, 0x00, 0xE0, 0x0F, 0x80, 0x3C, 0x00, 0x00, 0x03,
    0xC0, 0x1E, 0x00, 0xE0, 0x00, 0x00, 0x00, 0xFF, 0xEF, 0xFE, 0xFF, 0xEF, 0x00, 0xF0, 0x0F, 0x00,
    0xF0, 0x0F, 0x00, 0xFF, 0xEF, 0xFE, 0xFF, 0xEF, 0x00, 0xF0, 0x0F, 0x00, 0xF0, 0x0F, 0xFF, 0xFF,
    0xFF, 0xFF, 0x00, 0x00, 0x78, 0x07, 0x00, 0xF0, 0x00, 0x00, 0x00, 0xFF, 0xEF, 0xFE, 0xFF, 0xEF,
    0x00, 0xF0, 0x0F, 0x00, 0xF0, 0x0F, 0x00, 0xFF, 0xEF, 0xFE, 0xFF, 0xEF, 0x00, 0xF0, 0x0F, 0x00,
    0xF0, 0x0F, 0xFF, 0xFF, 0xFF, 0xFF, 0x00, 0x01, 0xF8, 0x3F, 0x87, 0xBC, 0x00, 0x00, 0x00, 0xFF,
    0xEF, 0xFE, 0xFF, 0xEF, 0x00, 0xF0, 0x0F, 0x00, 0xF0, 0x0F, 0x00, 0xFF, 0xEF, 0xFE, 0xFF, 0xEF,
    0x00, 0xF0, 0x0F, 0x00, 0xF0, 0x0F, 0xFF, 0xFF, 0xFF, 0xFF, 0x79, 0xEF, 0xBE, 0xFB, 0xEF, 0xBE,
    0x79, 0xE0, 0x00, 0xFF, 0xEF, 0xFE, 0xFF, 0xEF, 0x00, 0xF0, 0x0F, 0x00, 0xF0, 0x0F, 0x00, 0xFF,
    0xEF, 0xFE, 0xFF, 0xEF, 0x00, 0xF0, 0x0F, 0x00, 0xF0, 0x0F, 0xFF, 0xFF, 0xFF, 0xFF, 0x00, 0x00,
    0xF0, 0x03, 0xC0, 0x0E, 0x00, 0x00, 0x00, 0x03, 0xFF, 0xFF, 0xFF, 0xFF, 0xF8, 0x3C, 0x01, 0xE0,
    0x0F, 0x00, 0x78, 0x03, 0xC0, 0x1E, 0x00, 0xF0, 0x07, 0x80, 0x3C, 0x01, 0xE0, 0x0F, 0x00, 0x78,
    0x7F, 0xFF, 0xFF, 0xFF, 0xFF, 0x00, 0x00, 0x1E, 0x00, 0xE0, 0x0F, 0x00, 0x00, 0x00, 0x03, 0xFF,
    0xFF, 0xFF, 0xFF, 0xF8, 0x3C, 0x01, 0xE0, 0x0F, 0x00, 0x78, 0x03, 0xC0, 0x1E, 0x00, 0xF0, 0x07,
    0x80, 0x3C, 0x01, 0xE0, 0x0F, 0x00, 0x78, 0x7F, 0xFF, 0xFF, 0xFF, 0xFF, 0x00, 0x00, 0x7E, 0x07,
    0xF0, 0x7B, 0xC0, 0x00, 0x00, 0x03, 0xFF, 0xFF, 0xFF, 0xFF, 0xF8, 0x3C, 0x01, 0xE0, 0x0F, 0x00,
    0x78, 0x03, 0xC0, 0x1E, 0x00, 0xF0, 0x07, 0x80, 0x3C, 0x01, 0xE0, 0x0F, 0x00, 0x78, 0x7F, 0xFF,
    0xFF, 0xFF, 0xFF, 0x3C, 0xF3, 0xEF, 0x9F, 0x7C, 0xFB, 0xE3, 0xCF, 0x00, 0x03, 0xFF, 0xFF, 0xFF,
    0xFF, 0xF8, 0x3C, 0x01, 0xE0, 0x0F, 0x00, 0x78, 0x03, 0xC0, 0x1E, 0x00, 0xF0, 0x07, 0x80, 0x3C,
    0x01, 0xE0, 0x0F, 0x00, 0x78, 0x7F, 0xFF, 0xFF, 0xFF, 0xFF, 0xFF, 0xC7, 0xFF, 0xBF, 0xFC, 0xFB,
    0xF7, 0x87, 0xBC, 0x3D, 0xE1, 0xEF, 0x8F, 0xFF, 0x7F, 0xFB, 0xFF, 0xDE, 0xF0, 0xF7, 0x87, 0xBC,
    0x3D, 0xF7, 0xFF, 0xFE, 0xFF, 0xF7, 0xFE, 0x00, 0x1F, 0x70, 0xFF, 0x8F, 0xF8, 0x77, 0x81, 0x00,
    0x7F, 0x3F, 0xFD, 0xFF, 0xEF, 0xFF, 0x7F, 0xFB, 0xFF, 0xDF, 0xEE, 0xFF, 0x77, 0xFB, 0xBF, 0xDF,
    0xFE, 0xFF, 0xF7, 0xFF, 0xBF, 0xFD, 0xFF, 0xE7, 0xFF, 0x3F, 0xF9, 0xFF, 0xCF, 0xE0, 0x00, 0x00,
    0x78, 0x00, 0xF0, 0x01, 0xC0, 0x00, 0x00, 0x00, 0x01, 0xFC, 0x0F, 0xF8, 0x7F, 0xF1, 0xF7, 0xEF,
    0x07, 0xBC, 0x1E, 0xF0, 0x7B, 0xC1, 0xEF, 0x07, 0xBC, 0x1E, 0xF0, 0x7B, 0xC1, 0xEF, 0x07, 0xBC,
    0x1E, 0xFD, 0xF9, 0xFF, 0xC3, 0xFF, 0x07, 0xF0, 0x00, 0x00, 0x0F, 0x00, 0x38, 0x01, 0xE0, 0x00,
    0x00, 0x00, 0x01, 0xFC, 0x0F, 0xF8, 0x7F, 0xF1, 0xF7, 0xEF, 0x07, 0xBC, 0x1E, 0xF0, 0x7B, 0xC1,
    0xEF, 0x07, 0xBC, 0x1E, 0xF0, 0x7B, 0xC1, 0xEF, 0x07, 0xBC, 0x1E, 0xFD, 0xF9, 0xFF, 0xC3, 0xFF,
    0x07, 0xF0, 0x00, 0x00, 0x3F, 0x01, 0xFC, 0x0F, 0x78, 0x00, 0x00, 0x00, 0x01, 0xFC, 0x0F, 0xF8,
    0x7F, 0xF1, 0xF7, 0xEF, 0x07, 0xBC, 0x1E, 0xF0, 0x7B, 0xC1, 0xEF, 0x07, 0xBC, 0x1E, 0xF0, 0x7B,
    0xC1, 0xEF, 0x07, 0xBC, 0x1E, 0xFD, 0xF9, 0xFF, 0xC3, 0xFF, 0x07, 0xF0, 0x1F, 0xF0, 0xFF, 0xC3,
    0xFE, 0x0E, 0xF0, 0x10, 0x00, 0x7F, 0x03, 0xFE, 0x1F, 0xFC, 0x7D, 0xFB, 0xC1, 0xEF, 0x07, 0xBC,
    0x1E, 0xF0, 0x7B, 0xC1, 0xEF, 0x07, 0xBC, 0x1E, 0xF0, 0x7B, 0xC1, 0xEF, 0x07, 0xBF, 0x7E, 0x7F,
    0xF0, 0xFF, 0xC1, 0xFC, 0x00, 0x3C, 0xF1, 0xF7, 0xC7, 0xDF, 0x1F, 0x7C, 0x3C, 0xF0, 0x00, 0x01,
    0xFC, 0x0F, 0xF8, 0x7F, 0xF1, 0xF7, 0xEF, 0x07, 0xBC, 0x1E, 0xF0, 0x7B, 0xC1, 0xEF, 0x07, 0xBC,
    0x1E, 0xF0, 0x7B, 0xC1, 0xEF, 0x07, 0xBC, 0x1E, 0xFD, 0xF9, 0xFF, 0xC3, 0xFF, 0x07, 0xF0, 0x00,
    0x0C, 0x1B, 0xC7, 0xFD, 0xF7, 0xFC, 0x7F, 0x07, 0xC1, 0xFC, 0x7F, 0xDF, 0x7D, 0xC7, 0x90, 0x60,
    0x00, 0xE0, 0x03, 0xC1, 0xFE, 0x0F, 0xF8, 0x7F, 0xF1, 0xF7, 0xEF, 0xBF, 0xBC, 0xFE, 0xF3, 0xFB,
    0xDF, 0xEF, 0x7F, 0xBD, 0xDE, 0xFF, 0x7B, 0xFD, 0xEF, 0xE7, 0xBF, 0x9E, 0xFF, 0xF9, 0xFF, 0xC3,
    0xFF, 0x0F, 0xF0, 0x38, 0x00, 0xE0, 0x00, 0x00, 0x00, 0x00, 0x00, 0xF0, 0x03, 0xC0, 0x0E, 0x00,
    0x00, 0x00, 0x03, 0xC1, 0xFE, 0x0F, 0xF0, 0x7F, 0x83, 0xFC, 0x1F, 0xE0, 0xFF, 0x07, 0xF8, 0x3F,
    0xC1, 0xFE, 0x0F, 0xF0, 0x7F, 0x83, 0xFC, 0x1F, 0xE0, 0xFF, 0xDF, 0xBF, 0xF8, 0xFF, 0xC3, 0xF8,
    0x00, 0x00, 0x1E, 0x00, 0xE0, 0x0F, 0x00, 0x00, 0x00, 0x03, 0xC1, 0xFE, 0x0F, 0xF0, 0x7F, 0x83,
    0xFC, 0x1F, 0xE0, 0xFF, 0x07, 0xF8, 0x3F, 0xC1, 0xFE, 0x0F, 0xF0, 0x7F, 0x83, 0xFC, 0x1F, 0xE0,
    0xFF, 0xDF, 0xBF, 0xF8, 0xFF, 0xC3, 0xF8, 0x00, 0x00, 0x7E, 0x07, 0xF0, 0x7B, 0xC0, 0x00, 0x00,
    0x03, 0xC1, 0xFE, 0x0F, 0xF0, 0x7F, 0x83, 0xFC, 0x1F, 0xE0, 0xFF, 0x07, 0xF8, 0x3F, 0xC1, 0xFE,
    0x0F, 0xF0, 0x7F, 0x83, 0xFC, 0x1F, 0xE0, 0xFF, 0xDF, 0xBF, 0xF8, 0xFF, 0xC3, 0xF8, 0x3C, 0xF3,
    0xEF, 0x9F, 0x7C, 0xFB, 0xE3, 0xCF, 0x00, 0x03, 0xC1, 0xFE, 0x0F, 0xF0, 0x7F, 0x83, 0xFC, 0x1F,
    0xE0, 0xFF, 0x07, 0xF8, 0x3F, 0xC1, 0xFE, 0x0F, 0xF0, 0x7F, 0x83, 0xFC, 0x1F, 0xE0, 0xFF, 0xDF,
    0xBF, 0xF8, 0xFF, 0xC3, 0xF8, 0x00, 0x00, 0x01, 0xE0, 0x01, 0xC0, 0x03, 0xC0, 0x00, 0x00, 0x00,
    0x00, 0xF0, 0x1E, 0xF8, 0x3E, 0x78, 0x3C, 0x7C, 0x3C, 0x3C, 0x7C, 0x3C, 0x78, 0x1E, 0xF8, 0x1E,
    0xF0, 0x1F, 0xF0, 0x0F, 0xE0, 0x0F, 0xE0, 0x07, 0xE0, 0x03, 0xC0, 0x03, 0xC0, 0x03, 0xC0, 0x03,
    0xC0, 0x03, 0xC0, 0x03, 0xC0, 0xF0, 0x07, 0x80, 0x3C, 0x01, 0xE0, 0x0F, 0xFE, 0x7F, 0xFB, 0xFF,
    0xFE, 0x1F, 0xF0, 0x7F, 0x83, 0xFC, 0x1F, 0xE1, 0xFF, 0xFF, 0xFF, 0xFB, 0xFF, 0x9E, 0x00, 0xF0,
    0x07, 0x80, 0x00, 0x0F, 0xE0, 0x3F, 0xE0, 0xFF, 0xC1, 0xF7, 0xC7, 0xC7, 0x9F, 0x3F, 0x3E, 0xFC,
    0x7D, 0xF8, 0x7B, 0xC0, 0xF7, 0xF1, 0xEF, 0xF3, 0xDF, 0xF7, 0x81, 0xEF, 0x13, 0xDF, 0xFF, 0xBD,
    0xFF, 0x7B, 0xFC, 0xF3, 0xF0, 0x00, 0x00, 0x78, 0x01, 0xE0, 0x03, 0xC0, 0x00, 0x00, 0x00, 0x03,
    0xF7, 0x9F, 0xFE, 0x7F, 0xFB, 0xF7, 0xEF, 0x0F, 0xBC, 0x1E, 0xF0, 0x7B, 0xC1, 0xEF, 0x0F, 0xBF,
    0x7E, 0x7F, 0xFD, 0xFF, 0xF1, 0xF3, 0xC0, 0x00, 0x00, 0x0F, 0x00, 0x78, 0x01, 0xC0, 0x00, 0x00,
    0x00, 0x03, 0xF7, 0x9F, 0xFE, 0x7F, 0xFB, 0xF7, 0xEF, 0x0F, 0xBC, 0x1E, 0xF0, 0x7B, 0xC1, 0xEF,
    0x0F, 0xBF, 0x7E, 0x7F, 0xFD, 0xFF, 0xF1, 0xF3, 0xC0, 0x00, 0x00, 0x7E, 0x01, 0xFC, 0x0F, 0x70,
    0x00, 0x00, 0x00, 0x03, 0xF7, 0x9F, 0xFE, 0x7F, 0xFB, 0xF7, 0xEF, 0x0F, 0xBC, 0x1E, 0xF0, 0x7B,
    0xC1, 0xEF, 0x0F, 0xBF, 0x7E, 0x7F, 0xFD, 0xFF, 0xF1, 0xF3, 0xC0, 0x1F, 0xF0, 0xFF, 0xC3, 0xFE,
    0x0E, 0xF0, 0x10, 0x00, 0xFD, 0xE7, 0xFF, 0x9F, 0xFE, 0xFD, 0xFB, 0xC3, 0xEF, 0x07, 0xBC, 0x1E,
    0xF0, 0x7B, 0xC3, 0xEF, 0xDF, 0x9F, 0xFF, 0x7F, 0xFC, 0x7C, 0xF0, 0x79, 0xE1, 0xF7, 0xCF, 0xFF,
    0x1F, 0x7C, 0x79, 0xE0, 0x00, 0x03, 0xF7, 0x9F, 0xFE, 0x7F, 0xFB, 0xF7, 0xEF, 0x0F, 0xBC, 0x1E,
    0xF0, 0x7B, 0xC1, 0xEF, 0x0F, 0xBF, 0x7E, 0x7F, 0xFD, 0xFF, 0xF1, 0xF3, 0xC0, 0x0F, 0x00, 0x7E,
    0x01, 0xF8, 0x07, 0xE0, 0x1F, 0x80, 0x3C, 0x00, 0x00, 0x0F, 0xDE, 0x7F, 0xF9, 0xFF, 0xEF, 0xDF,
    0xBC, 0x3E, 0xF0, 0x7B, 0xC1, 0xEF, 0x07, 0xBC, 0x3E, 0xFD, 0xF9, 0xFF, 0xF7, 0xFF, 0xC7, 0xCF,
    0x1F, 0xC3, 0xFF, 0x9F, 0xFC, 0x7F, 0xF0, 0x7F, 0x9F, 0xFD, 0xFF, 0xFF, 0xFF, 0xF7, 0x87, 0xBF,
    0xBF, 0xFE, 0xFF, 0xE3, 0xFE, 0x00, 0x1F, 0xC0, 0xFF, 0xC7, 0xFF, 0x1F, 0x7E, 0xF8, 0x7B, 0xC0,
    0xCF, 0x00, 0x3C, 0x0C, 0xF0, 0x79, 0xF3, 0xE7, 0xFF, 0x0F, 0xFC, 0x0F, 0xC0, 0x1F, 0x80, 0x7E,
    0x00, 0x38, 0x03, 0xE0, 0x0F, 0x00, 0x00, 0x00, 0xF0, 0x03, 0xC0, 0x0E, 0x00, 0x00, 0x00, 0x00,
    0x7F, 0x07, 0xFC, 0x7F, 0xF3, 0xEF, 0xFC, 0x1F, 0xFF, 0xFF, 0xFF, 0xFF, 0xFF, 0xC0, 0x0F, 0x9E,
    0x7F, 0xF1, 0xFF, 0x87, 0xF0, 0x00, 0x00, 0x1E, 0x00, 0xE0, 0x0F, 0x00, 0x00, 0x00, 0x00, 0x7F,
    0x07, 0xFC, 0x7F, 0xF3, 0xEF, 0xFC, 0x1F, 0xFF, 0xFF, 0xFF, 0xFF, 0xFF, 0xC0, 0x0F, 0x9E, 0x7F,
    0xF1, 0xFF, 0x87, 0xF0, 0x00, 0x00, 0x7E, 0x07, 0xF0, 0x7B, 0xC0, 0x00, 0x00, 0x00, 0x7F, 0x07,
    0xFC, 0x7F, 0xF3, 0xEF, 0xFC, 0x1F, 0xFF, 0xFF, 0xFF, 0xFF, 0xFF, 0xC0, 0x0F, 0x9E, 0x7F, 0xF1,
    0xFF, 0x87, 0xF0, 0x3C, 0xF3, 0xEF, 0x9F, 0x7C, 0xFB, 0xE3, 0xCF, 0x00, 0x00, 0x7F, 0x07, 0xFC,
    0x7F, 0xF3, 0xEF, 0xFC, 0x1F, 0xFF, 0xFF, 0xFF, 0xFF, 0xFF, 0xC0, 0x0F, 0x9E, 0x7F, 0xF1, 0xFF,
    0x87, 0xF0, 0x00, 0x03, 0xC0, 0x1C, 0x01, 0xE0, 0x00, 0x00, 0x00, 0xFF, 0x0F, 0xF0, 0xFF, 0x00,
    0xF0, 0x0F, 0x00, 0xF0, 0x0F, 0x00, 0xF0, 0x0F, 0x00, 0xF0, 0xFF, 0xFF, 0xFF, 0xFF, 0xF0, 0x00,
    0x00, 0x78, 0x0F, 0x00, 0xE0, 0x00, 0x00, 0x00, 0xFF, 0x0F, 0xF0, 0xFF, 0x00, 0xF0, 0x0F, 0x00,
    0xF0, 0x0F, 0x00, 0xF0, 0x0F, 0x00, 0xF0, 0xFF, 0xFF, 0xFF, 0xFF, 0xF0, 0x00, 0x03, 0xF0, 0x3F,
    0x87, 0xBC, 0x00, 0x00, 0x00, 0xFF, 0x0F, 0xF0, 0xFF, 0x00, 0xF0, 0x0F, 0x00, 0xF0, 0x0F, 0x00,
    0xF0, 0x0F, 0x00, 0xF0, 0xFF, 0xFF, 0xFF, 0xFF, 0xF0, 0x73, 0xCF, 0xBE, 0xFB, 0xEF, 0xBE, 0x73,
    0xC0, 0x00, 0xFF, 0x0F, 0xF0, 0xFF, 0x00, 0xF0, 0x0F, 0x00, 0xF0, 0x0F, 0x00, 0xF0, 0x0F, 0x00,
    0xF0, 0xFF, 0xFF, 0xFF, 0xFF, 0xF0, 0x00, 0x00, 0x7C, 0x01, 0xF0, 0x0F, 0xF0, 0x1F, 0xE0, 0x3F,
    0xC0, 0x7F, 0x07, 0xFE, 0x3F, 0xF9, 0xFF, 0xEF, 0xDF, 0xBC, 0x1E, 0xF0, 0x7B, 0xC1, 0xEF, 0x07,
    0xBC, 0x1E, 0xFD, 0xF9, 0xFF, 0xC3, 0xFE, 0x07, 0xF0, 0x0F, 0xF0, 0xFF, 0x8F, 0xFC, 0x7F, 0xC0,
    0x80, 0x3B, 0xF1, 0xFF, 0xCF, 0xFE, 0x7F, 0xFB, 0xC3, 0xDE, 0x1E, 0xE0, 0xF7, 0x07, 0xB8, 0x3D,
    0xC1, 0xEE, 0x0F, 0x70, 0x7B, 0x83, 0xC0, 0x00, 0x00, 0x78, 0x00, 0xF0, 0x01, 0xC0, 0x00, 0x00,
    0x00, 0x01, 0xFC, 0x0F, 0xF8, 0x7F, 0xF3, 0xF7, 0xEF, 0x07, 0xBC, 0x1E, 0xF0, 0x3B, 0xC1, 0xEF,
    0x07, 0xBF, 0x7E, 0x7F, 0xF0, 0xFF, 0x81, 0xFC, 0x00, 0x00, 0x00, 0x0F, 0x00, 0x38, 0x01, 0xE0,
    0x00, 0x00, 0x00, 0x01, 0xFC, 0x0F, 0xF8, 0x7F, 0xF3, 0xF7, 0xEF, 0x07, 0xBC, 0x1E, 0xF0, 0x3B,
    0xC1, 0xEF, 0x07, 0xBF, 0x7E, 0x7F, 0xF0, 0xFF, 0x81, 0xFC, 0x00, 0x00, 0x00, 0x3F, 0x01, 0xFC,
    0x0F, 0x78, 0x00, 0x00, 0x00, 0x01, 0xFC, 0x0F, 0xF8, 0x7F, 0xF3, 0xF7, 0xEF, 0x07, 0xBC, 0x1E,
    0xF0, 0x3B, 0xC1, 0xEF, 0x07, 0xBF, 0x7E, 0x7F, 0xF0, 0xFF, 0x81, 0xFC, 0x00, 0x1F, 0xF0, 0xFF,
    0xC3, 0xFE, 0x0E, 0xF0, 0x10, 0x00, 0x7F, 0x03, 0xFE, 0x1F, 0xFC, 0xFD, 0xFB, 0xC1, 0xEF, 0x07,
    0xBC, 0x0E, 0xF0, 0x7B, 0xC1, 0xEF, 0xDF, 0x9F, 0xFC, 0x3F, 0xE0, 0x7F, 0x00, 0x3C, 0xF1, 0xF7,
    0xC7, 0xDF, 0x1F, 0x7C, 0x3C, 0xF0, 0x00, 0x01, 0xFC, 0x0F, 0xF8, 0x7F, 0xF3, 0xF7, 0xEF, 0x07,
    0xBC, 0x1E, 0xF0, 0x3B, 0xC1, 0xEF, 0x07, 0xBF, 0x7E, 0x7F, 0xF0, 0xFF, 0x81, 0xFC, 0x00, 0x0F,
    0x03, 0xE0, 0x7C, 0x07, 0x80, 0x01, 0xFF, 0xFF, 0xFF, 0xFF, 0x00, 0x00, 0x00, 0x3C, 0x0F, 0x81,
    0xF0, 0x1E, 0x00, 0x00, 0x80, 0x07, 0x81, 0xFE, 0x0F, 0xF8, 0x7F, 0xF3, 0xFF, 0xEF, 0x7F, 0xBD,
    0xFE, 0xF7, 0xBB, 0xFD, 0xEF, 0xF7, 0xBF, 0xFE, 0x7F, 0xF0, 0xFF, 0x81, 0xFC, 0x07, 0x00, 0x0C,
    0x00, 0x00, 0x00, 0xF0, 0x03, 0xC0, 0x0E, 0x00, 0x00, 0x00, 0x01, 0xC1, 0xEE, 0x0F, 0x70, 0x7B,
    0x83, 0xDC, 0x1E, 0xE0, 0xF7, 0x07, 0xBC, 0x3D, 0xE1, 0xEF, 0xBF, 0x7F, 0xF9, 0xFF, 0xC7, 0xDE,
    0x00, 0x00, 0x1E, 0x00, 0xE0, 0x0F, 0x00, 0x00, 0x00, 0x01, 0xC1, 0xEE, 0x0F, 0x70, 0x7B, 0x83,
    0xDC, 0x1E, 0xE0, 0xF7, 0x07, 0xBC, 0x3D, 0xE1, 0xEF, 0xBF, 0x7F, 0xF9, 0xFF, 0xC7, 0xDE, 0x00,
    0x00, 0x7E, 0x07, 0xF0, 0x7B, 0xC0, 0x00, 0x00, 0x01, 0xC1, 0xEE, 0x0F, 0x70, 0x7B, 0x83, 0xDC,
    0x1E, 0xE0, 0xF7, 0x07, 0xBC, 0x3D, 0xE1, 0xEF, 0xBF, 0x7F, 0xF9, 0xFF, 0xC7, 0xDE, 0x3C, 0xF3,
    0xEF, 0x9F, 0x7C, 0xFB, 0xE3, 0xCF, 0x00, 0x01, 0xC1, 0xEE, 0x0F, 0x70, 0x7B, 0x83, 0xDC, 0x1E,
    0xE0, 0xF7, 0x07, 0xBC, 0x3D, 0xE1, 0xEF, 0xBF, 0x7F, 0xF9, 0xFF, 0xC7, 0xDE, 0x00, 0x00, 0x1E,
    0x00, 0xE0, 0x0F, 0x00, 0x00, 0x00, 0x01, 0xC1, 0xEE, 0x0F, 0x70, 0x7B, 0x83, 0xDC, 0x1E, 0xE0,
    0xF7, 0x07, 0xBC, 0x3D, 0xE1, 0xEF, 0xBF, 0x7F, 0xF9, 0xFF, 0xC7, 0xDE, 0x00, 0xF0, 0x07, 0x8F,
    0xFC, 0x7F, 0xE3, 0xFE, 0xF0, 0x03, 0xC0, 0x0F, 0x00, 0x3C, 0x00, 0xF0, 0x03, 0xDF, 0x8F, 0xFF,
    0x3F, 0xFC, 0xFD, 0xFB, 0xC1, 0xEF, 0x07, 0xBC, 0x0E, 0xF0, 0x7B, 0xC1, 0xEF, 0xDF, 0xBF, 0xFE,
    0xFF, 0xF3, 0xDF, 0x8F, 0x00, 0x3C, 0x00, 0xF0, 0x03, 0xC0, 0x0F, 0x00, 0x00, 0x3C, 0xF3, 0xEF,
    0x9F, 0x7C, 0xFB, 0xE3, 0xCF, 0x00, 0x01, 0xC1, 0xEE, 0x0F, 0x70, 0x7B, 0x83, 0xDC, 0x1E, 0xE0,
    0xF7, 0x07, 0xBC, 0x3D, 0xE1, 0xEF, 0xBF, 0x7F, 0xF9, 0xFF, 0xC7, 0xDE, 0x00, 0xF0, 0x07, 0x8F,
    0xFC, 0x7F, 0xE3, 0xFE, 0x00, 0x00, 0x1F, 0xE0, 0x3F, 0xC0, 0x7F, 0x80, 0x00, 0x00, 0x00, 0x03,
    0xF8, 0x07, 0xF0, 0x0F, 0xF0, 0x3D, 0xE0, 0x7B, 0xC0, 0xF7, 0x81, 0xE7, 0x87, 0xCF, 0x0F, 0x1E,
    0x1E, 0x3C, 0x3C, 0x7C, 0x7F, 0xF9, 0xFF, 0xF3, 0xFF, 0xE7, 0x83, 0xCF, 0x03, 0xFE, 0x07, 0xF8,
    0x0F, 0x00, 0x00, 0xFF, 0x03, 0xFC, 0x0F, 0xF0, 0x00, 0x00, 0x00, 0x03, 0xF7, 0x9F, 0xFE, 0x7F,
    0xFB, 0xF7, 0xEF, 0x0F, 0xBC, 0x1E, 0xF0, 0x7B, 0xC1, 0xEF, 0x0F, 0xBF, 0x7E, 0x7F, 0xFD, 0xFF,
    0xF1, 0xF3, 0xC0, 0x0E, 0xE0, 0x1F, 0xC0, 0x3F, 0x80, 0x3E, 0x00, 0x00, 0x01, 0xFC, 0x03, 0xF8,
    0x07, 0xF8, 0x1E, 0xF0, 0x3D, 0xE0, 0x7B, 0xC0, 0xF3, 0xC3, 0xE7, 0x87, 0x8F, 0x0F, 0x1E, 0x1E,
    0x3E, 0x3F, 0xFC, 0xFF, 0xF9, 0xFF, 0xF3, 0xC1, 0xE7, 0x81, 0xFF, 0x03, 0xFC, 0x07, 0x80, 0x19,
    0xC0, 0x7F, 0x01, 0xF8, 0x03, 0xE0, 0x00, 0x00, 0xFD, 0xE7, 0xFF, 0x9F, 0xFE, 0xFD, 0xFB, 0xC3,
    0xEF, 0x07, 0xBC, 0x1E, 0xF0, 0x7B, 0xC3, 0xEF, 0xDF, 0x9F, 0xFF, 0x7F, 0xFC, 0x7C, 0xF0, 0x0F,
    0xE0, 0x1F, 0xC0, 0x3F, 0xC0, 0xF7, 0x81, 0xEF, 0x03, 0xDE, 0x07, 0x9E, 0x1F, 0x3C, 0x3C, 0x78,
    0x78, 0xF0, 0xF1, 0xF1, 0xFF, 0xE7, 0xFF, 0xCF, 0xFF, 0x9E, 0x0F, 0x3C, 0x0F, 0xF8, 0x1F, 0xE0,
    0x3C, 0x00, 0x70, 0x00, 0xE0, 0x01, 0xE0, 0x03, 0xC0, 0x01, 0x80, 0x3F, 0x79, 0xFF, 0xE7, 0xFF,
    0xBF, 0x7E, 0xF0, 0xFB, 0xC1, 0xEF, 0x07, 0xBC, 0x1E, 0xF0, 0xFB, 0xF7, 0xE7, 0xFF, 0xDF, 0xFF,
    0x1F, 0x3C, 0x01, 0xC0, 0x07, 0x80, 0x1F, 0x00, 0x3C, 0x00, 0x00, 0x0F, 0x00, 0x38, 0x01, 0xE0,
    0x00, 0x00, 0x00, 0x01, 0xFC, 0x0F, 0xFC, 0x7F, 0xF1, 0xF7, 0xEF, 0x87, 0xBC, 0x1E, 0xF0, 0x7B,
    0xC0, 0x0F, 0x00, 0x3C, 0x00, 0xF0, 0x03, 0xC1, 0xEF, 0x07, 0xBC, 0x1E, 0xFD, 0xF9, 0xFF, 0xC3,
    0xFF, 0x07, 0xF0, 0x00, 0x00, 0x0F, 0x00, 0x38, 0x01, 0xE0, 0x00, 0x00, 0x00, 0x01, 0xFC, 0x0F,
    0xFC, 0x7F, 0xF1, 0xF7, 0xEF, 0x07, 0xBC, 0x0C, 0xF0, 0x03, 0xC0, 0xCF, 0x07, 0x9F, 0x7E, 0x7F,
    0xF8, 0xFF, 0xC1, 0xFC, 0x00, 0x00, 0x00, 0x3F, 0x01, 0xFC, 0x0F, 0x78, 0x00, 0x00, 0x00, 0x01,
    0xFC, 0x0F, 0xFC, 0x7F, 0xF1, 0xF7, 0xEF, 0x87, 0xBC, 0x1E, 0xF0, 0x7B, 0xC0, 0x0F, 0x00, 0x3C,
    0x00, 0xF0, 0x03, 0xC1, 0xEF, 0x07, 0xBC, 0x1E, 0xFD, 0xF9, 0xFF, 0xC3, 0xFF, 0x07, 0xF0, 0x00,
    0x00, 0x3F, 0x01, 0xFC, 0x0F, 0x78, 0x00, 0x00, 0x00, 0x01, 0xFC, 0x0F, 0xFC, 0x7F, 0xF1, 0xF7,
    0xEF, 0x07, 0xBC, 0x0C, 0xF0, 0x03, 0xC0, 0xCF, 0x07, 0x9F, 0x7E, 0x7F, 0xF8, 0xFF, 0xC1, 0xFC,
    0x00, 0x07, 0x80, 0x3E, 0x00, 0xF8, 0x03, 0xE0, 0x07, 0x80, 0x00, 0x01, 0xFC, 0x0F, 0xFC, 0x7F,
    0xF1, 0xF7, 0xEF, 0x87, 0xBC, 0x1E, 0xF0, 0x7B, 0xC0, 0x0F, 0x00, 0x3C, 0x00, 0xF0, 0x03, 0xC1,
    0xEF, 0x07, 0xBC, 0x1E, 0xFD, 0xF9, 0xFF, 0xC3, 0xFF, 0x07, 0xF0, 0x07, 0x80, 0x3E, 0x00, 0xF8,
    0x03, 0xE0, 0x07, 0x80, 0x00, 0x01, 0xFC, 0x0F, 0xFC, 0x7F, 0xF1, 0xF7, 0xEF, 0x07, 0xBC, 0x0C,
    0xF0, 0x03, 0xC0, 0xCF, 0x07, 0x9F, 0x7E, 0x7F, 0xF8, 0xFF, 0xC1, 0xFC, 0x00, 0x00, 0x00, 0xF7,
    0x81, 0xFC, 0x03, 0xF0, 0x00, 0x00, 0x00, 0x01, 0xFC, 0x0F, 0xFC, 0x7F, 0xF1, 0xF7, 0xEF, 0x87,
    0xBC, 0x1E, 0xF0, 0x7B, 0xC0, 0x0F, 0x00, 0x3C, 0x00, 0xF0, 0x03, 0xC1, 0xEF, 0x07, 0xBC, 0x1E,
    0xFD, 0xF9, 0xFF, 0xC3, 0xFF, 0x07, 0xF0, 0x00, 0x00, 0xF7, 0x81, 0xFC, 0x03, 0xF0, 0x00, 0x00,
    0x00, 0x01, 0xFC, 0x0F, 0xFC, 0x7F, 0xF1, 0xF7, 0xEF, 0x07, 0xBC, 0x0C, 0xF0, 0x03, 0xC0, 0xCF,
    0x07, 0x9F, 0x7E, 0x7F, 0xF8, 0xFF, 0xC1, 0xFC, 0x00, 0x00, 0x01, 0xEF, 0x07, 0xF0, 0x1F, 0x80,
    0x00, 0x00, 0x03, 0xFF, 0x1F, 0xFE, 0xFF, 0xF3, 0xEF, 0xDE, 0x1E, 0xF0, 0xF7, 0x87, 0xBC, 0x3D,
    0xE1, 0xEF, 0x0F, 0x78, 0x7B, 0xC3, 0xDE, 0x1E, 0xF0, 0xF7, 0xDF, 0xFF, 0xFB, 0xFF, 0xDF, 0xF8,
    0x03, 0xDE, 0x07, 0xFC, 0x0F, 0xF8, 0x1E, 0xF0, 0x3C, 0x67, 0xFB, 0xDF, 0xF7, 0xBF, 0xE0, 0xFB,
    0xC1, 0xE7, 0x83, 0xCF, 0x07, 0x9E, 0x0F, 0x3C, 0x1E, 0x78, 0x3E, 0xF0, 0x3F, 0xE0, 0x7F, 0xC0,
    0x7F, 0x80, 0xFF, 0xC7, 0xFF, 0xBF, 0xFC, 0xFB, 0xF7, 0x87, 0xBC, 0x3D, 0xE1, 0xEF, 0x8F, 0xFF,
    0x7F, 0xFB, 0xFF, 0xDE, 0xF0, 0xF7, 0x87, 0xBC, 0x3D, 0xF7, 0xFF, 0xFE, 0xFF, 0xF7, 0xFE, 0x00,
    0x00, 0x3C, 0x03, 0xFF, 0x03, 0xFF, 0x03, 0xFF, 0x00, 0x3C, 0x1F, 0xBC, 0x3F, 0xFC, 0x3F, 0xFC,
    0x7E, 0xFC, 0x78, 0x3C, 0x78, 0x3C, 0x70, 0x3C, 0x78, 0x3C, 0x78, 0x3C, 0x7E, 0xFC, 0x7F, 0xFC,
    0x3F, 0xFC, 0x1F, 0xBC, 0x00, 0x03, 0xFC, 0x3F, 0xC3, 0xFC, 0x00, 0x00, 0x00, 0xFF, 0xEF, 0xFE,
    0xFF, 0xEF, 0x00, 0xF0, 0x0F, 0x00, 0xF0, 0x0F, 0x00, 0xFF, 0xEF, 0xFE, 0xFF, 0xEF, 0x00, 0xF0,
    0x0F, 0x00, 0xF0, 0x0F, 0xFF, 0xFF, 0xFF, 0xFF, 0x00, 0x00, 0xFF, 0x07, 0xF8, 0x3F, 0xC0, 0x00,
    0x00, 0x00, 0x7F, 0x07, 0xFC, 0x7F, 0xF3, 0xEF, 0xFC, 0x1F, 0xFF, 0xFF, 0xFF, 0xFF, 0xFF, 0xC0,
    0x0F, 0x9E, 0x7F, 0xF1, 0xFF, 0x87, 0xF0, 0x3B, 0x83, 0xF8, 0x3F, 0x81, 0xF0, 0x00, 0x0F, 0xFE,
    0xFF, 0xEF, 0xFE, 0xF0, 0x0F, 0x00, 0xF0, 0x0F, 0x00, 0xF0, 0x0F, 0xFE, 0xFF, 0xEF, 0xFE, 0xF0,
    0x0F, 0x00, 0xF0, 0x0F, 0x00, 0xFF, 0xFF, 0xFF, 0xFF, 0xF0, 0x1D, 0xC0, 0xFE, 0x07, 0xF0, 0x1F,
    0x00, 0x00, 0x0F, 0xE0, 0xFF, 0x8F, 0xFE, 0x7D, 0xFF, 0x83, 0xFF, 0xFF, 0xFF, 0xFF, 0xFF, 0xF8,
    0x01, 0xF3, 0xCF, 0xFE, 0x3F, 0xF0, 0xFE, 0x00, 0x0F, 0x01, 0xF0, 0x1F, 0x01, 0xF0, 0x0F, 0x00,
    0x00, 0xFF, 0xEF, 0xFE, 0xFF, 0xEF, 0x00, 0xF0, 0x0F, 0x00, 0xF0, 0x0F, 0x00, 0xFF, 0xEF, 0xFE,
    0xFF, 0xEF, 0x00, 0xF0, 0x0F, 0x00, 0xF0, 0x0F, 0xFF, 0xFF, 0xFF, 0xFF, 0x07, 0x80, 0x7C, 0x03,
    0xE0, 0x1F, 0x00, 0x78, 0x00, 0x00, 0x7F, 0x07, 0xFC, 0x7F, 0xF3, 0xEF, 0xFC, 0x1F, 0xFF, 0xFF,
    0xFF, 0xFF, 0xFF, 0xC0, 0x0F, 0x9E, 0x7F, 0xF1, 0xFF, 0x87, 0xF0, 0xFF, 0xE7, 0xFF, 0x3F, 0xF9,
    0xE0, 0x0F, 0x00, 0x78, 0x03, 0xC0, 0x1E, 0x00, 0xFF, 0xE7, 0xFF, 0x3F, 0xF9, 0xE0, 0x0F, 0x00,
    0x78, 0x03, 0xC0, 0x1F, 0xFE, 0xFF, 0xF7, 0xFF, 0x80, 0x1C, 0x00, 0xE0, 0x0F, 0x80, 0x3C, 0x00,
    0x40, 0x1F, 0xC1, 0xFF, 0x1F, 0xFC, 0xFB, 0xFF, 0x87, 0xFF, 0xFF, 0xFF, 0xFF, 0xFF, 0xF0, 0x03,
    0xC3, 0x1F, 0xFC, 0x7F, 0xE1, 0xFE, 0x03, 0x80, 0x1C, 0x00, 0xF0, 0x07, 0x80, 0x0C, 0x00, 0x00,
    0x07, 0xBC, 0x3F, 0x81, 0xF8, 0x00, 0x00, 0x00, 0xFF, 0xEF, 0xFE, 0xFF, 0xEF, 0x00, 0xF0, 0x0F,
    0x00, 0xF0, 0x0F, 0x00, 0xFF, 0xEF, 0xFE, 0xFF, 0xEF, 0x00, 0xF0, 0x0F, 0x00, 0xF0, 0x0F, 0xFF,
    0xFF, 0xFF, 0xFF, 0x00, 0x01, 0xEF, 0x07, 0xF0, 0x1F, 0x80, 0x00, 0x00, 0x00, 0x7F, 0x07, 0xFC,
    0x7F, 0xF3, 0xEF, 0xFC, 0x1F, 0xFF, 0xFF, 0xFF, 0xFF, 0xFF, 0xC0, 0x0F, 0x9E, 0x7F, 0xF1, 0xFF,
    0x87, 0xF0, 0x00, 0x00, 0x7E, 0x07, 0xF0, 0x7B, 0xC0, 0x00, 0x00, 0x00, 0x7F, 0x07, 0xFC, 0x7F,
    0xF7, 0xEF, 0xFC, 0x1F, 0xE0, 0xFF, 0x07, 0xF8, 0x03, 0xC0, 0x1E, 0xFF, 0xF7, 0xFF, 0xBF, 0xFC,
    0x1F, 0xE0, 0xFF, 0xDF, 0xBF, 0xFC, 0xFF, 0xE3, 0xF7, 0x00, 0x00, 0xFC, 0x0F, 0xE0, 0xF7, 0x80,
    0x00, 0x00, 0x00, 0x7F, 0xEF, 0xFF, 0x7F, 0xFF, 0xEF, 0xFC, 0x1F, 0xE0, 0xFF, 0x07, 0xF8, 0x3F,
    0xC1, 0xFF, 0xBF, 0x7F, 0xFB, 0xFF, 0xCF, 0xFE, 0x00, 0xF0, 0x07, 0x9F, 0xFC, 0xFF, 0xE7, 0xFF,
    0x1D, 0xC0, 0xFE, 0x07, 0xF0, 0x1F, 0x00, 0x00, 0x0F, 0xE0, 0xFF, 0x8F, 0xFE, 0xFD, 0xFF, 0x83,
    0xFC, 0x1F, 0xE0, 0xFF, 0x00, 0x78, 0x03, 0xDF, 0xFE, 0xFF, 0xF7, 0xFF, 0x83, 0xFC, 0x1F, 0xFB,
    0xF7, 0xFF, 0x9F, 0xFC, 0x7E, 0xE0, 0x3B, 0x81, 0xFC, 0x0F, 0xE0, 0x3E, 0x00, 0x00, 0x0F, 0xFD,
    0xFF, 0xEF, 0xFF, 0xFD, 0xFF, 0x83, 0xFC, 0x1F, 0xE0, 0xFF, 0x07, 0xF8, 0x3F, 0xF7, 0xEF, 0xFF,
    0x7F, 0xF9, 0xFF, 0xC0, 0x1E, 0x00, 0xF3, 0xFF, 0x9F, 0xFC, 0xFF, 0xE0, 0x07, 0x80, 0x7C, 0x03,
    0xE0, 0x1F, 0x00, 0x78, 0x00, 0x00, 0x7F, 0x07, 0xFC, 0x7F, 0xF7, 0xEF, 0xFC, 0x1F, 0xE0, 0xFF,
    0x07, 0xF8, 0x03, 0xC0, 0x1E, 0xFF, 0xF7, 0xFF, 0xBF, 0xFC, 0x1F, 0xE0, 0xFF, 0xDF, 0xBF, 0xFC,
    0xFF, 0xE3, 0xF7, 0x0F, 0x00, 0xF8, 0x07, 0xC0, 0x3E, 0x00, 0xF0, 0x00, 0x00, 0x7F, 0xEF, 0xFF,
    0x7F, 0xFF, 0xEF, 0xFC, 0x1F, 0xE0, 0xFF, 0x07, 0xF8, 0x3F, 0xC1, 0xFF, 0xBF, 0x7F, 0xFB, 0xFF,
    0xCF, 0xFE, 0x00, 0xF0, 0x07, 0x9F, 0xFC, 0xFF, 0xE7, 0xFF, 0x1F, 0xC1, 0xFF, 0x1F, 0xFD, 0xFB,
    0xFF, 0x07, 0xF8, 0x3F, 0xC1, 0xFE, 0x00, 0xF0, 0x07, 0xBF, 0xFD, 0xFF, 0xEF, 0xFF, 0x07, 0xF8,
    0x3F, 0xF7, 0xEF, 0xFF, 0x3F, 0xF8, 0xFD, 0xC0, 0x00, 0x00, 0x00, 0xF0, 0x0F, 0x80, 0x7C, 0x01,
    0xE0, 0x03, 0x00, 0x78, 0x03, 0xC0, 0x0F, 0x00, 0xF8, 0x07, 0x00, 0x38, 0x01, 0xF0, 0x0F, 0x80,
    0x7C, 0x01, 0xE0, 0x00, 0x00, 0x00, 0x07, 0xFE, 0xFF, 0xF7, 0xFF, 0xFE, 0xFF, 0xC1, 0xFE, 0x0F,
    0xF0, 0x7F, 0x83, 0xFC, 0x1F, 0xFB, 0xF7, 0xFF, 0xBF, 0xFC, 0xFF, 0xE0, 0x0F, 0x00, 0x79, 0xFF,
    0xCF, 0xFE, 0x7F, 0xF0, 0x00, 0x00, 0x7E, 0x07, 0xF0, 0x7B, 0xC0, 0x00, 0x00, 0x03, 0xC1, 0xFE,
    0x0F, 0xF0, 0x7F, 0x83, 0xFC, 0x1F, 0xE0, 0xFF, 0x07, 0xF8, 0x3F, 0xFF, 0xFF, 0xFF, 0xFF, 0xFF,
    0x83, 0xFC, 0x1F, 0xE0, 0xFF, 0x07, 0xF8, 0x3F, 0xC1, 0xFE, 0x0F, 0x00, 0x07, 0xE0, 0x7F, 0x0F,
    0x78, 0x00, 0x00, 0x00, 0xF0, 0x0F, 0x00, 0xF0, 0x0F, 0x00, 0xF0, 0x0F, 0x7C, 0xFF, 0xEF, 0xFE,
    0xFF, 0xFF, 0x0F, 0xF0, 0xFF, 0x0F, 0xF0, 0xFF, 0x0F, 0xF0, 0xFF, 0x0F, 0xF0, 0xFF, 0x0F, 0x7C,
    0x3C, 0xF8, 0x7B, 0xFF, 0xFF, 0xFF, 0xFF, 0xFF, 0xEF, 0x87, 0x9F, 0x0F, 0x3E, 0x1E, 0x7F, 0xFC,
    0xFF, 0xF9, 0xFF, 0xF3, 0xE1, 0xE7, 0xC3, 0xCF, 0x87, 0x9F, 0x0F, 0x3E, 0x1E, 0x7C, 0x3C, 0xF8,
    0x78, 0x3C, 0x03, 0xFE, 0x0F, 0xF8, 0x3F, 0xE0, 0x3C, 0x00, 0xF7, 0xC3, 0xFF, 0x8F, 0xFE, 0x3F,
    0xFC, 0xF0, 0xF3, 0xC3, 0xCF, 0x0F, 0x3C, 0x3C, 0xF0, 0xF3, 0xC3, 0xCF, 0x0F, 0x3C, 0x3C, 0xF0,
    0xF0, 0x1F, 0xF1, 0xFF, 0x8F, 0xF8, 0x77, 0x81, 0x00, 0x7F, 0xFF, 0xFF, 0xFF, 0xFF, 0x07, 0x80,
    0x3C, 0x01, 0xE0, 0x0F, 0x00, 0x78, 0x03, 0xC0, 0x1E, 0x00, 0xF0, 0x07, 0x80, 0x3C, 0x01, 0xE0,
    0x0F, 0x0F, 0xFF, 0xFF, 0xFF, 0xFF, 0xE0, 0x3D, 0xC7, 0xFC, 0xFF, 0xCF, 0xF8, 0x20, 0x0F, 0xF0,
    0xFF, 0x0F, 0xF0, 0x0F, 0x00, 0xF0, 0x0F, 0x00, 0xF0, 0x0F, 0x00, 0xF0, 0x0F, 0x0F, 0xFF, 0xFF,
    0xFF, 0xFF, 0x00, 0x00, 0xFF, 0x07, 0xF8, 0x3F, 0xC0, 0x00, 0x00, 0x03, 0xFF, 0xFF, 0xFF, 0xFF,
    0xF8, 0x3C, 0x01, 0xE0, 0x0F, 0x00, 0x78, 0x03, 0xC0, 0x1E, 0x00, 0xF0, 0x07, 0x80, 0x3C, 0x01,
    0xE0, 0x0F, 0x00, 0x78, 0x7F, 0xFF, 0xFF, 0xFF, 0xFF, 0x00, 0x0F, 0xF0, 0xFF, 0x0F, 0xF0, 0x00,
    0x00, 0x00, 0xFF, 0x0F, 0xF0, 0xFF, 0x00, 0xF0, 0x0F, 0x00, 0xF0, 0x0F, 0x00, 0xF0, 0x0F, 0x00,
    0xF0, 0xFF, 0xFF, 0xFF, 0xFF, 0xF0, 0x1D, 0xC0, 0xFE, 0x07, 0xF0, 0x1F, 0x00, 0x00, 0x7F, 0xFF,
    0xFF, 0xFF, 0xFF, 0x07, 0x80, 0x3C, 0x01, 0xE0, 0x0F, 0x00, 0x78, 0x03, 0xC0, 0x1E, 0x00, 0xF0,
    0x07, 0x80, 0x3C, 0x01, 0xE0, 0x0F, 0x0F, 0xFF, 0xFF, 0xFF, 0xFF, 0xE0, 0x3B, 0x83, 0xF8, 0x3F,
    0x81, 0xF0, 0x00, 0x0F, 0xF0, 0xFF, 0x0F, 0xF0, 0x0F, 0x00, 0xF0, 0x0F, 0x00, 0xF0, 0x0F, 0x00,
    0xF0, 0x0F, 0x0F, 0xFF, 0xFF, 0xFF, 0xFF, 0xFF, 0xFB, 0xFF, 0xEF, 0xFF, 0x81, 0xE0, 0x07, 0x80,
    0x1E, 0x00, 0x78, 0x01, 0xE0, 0x07, 0x80, 0x1E, 0x00, 0x78, 0x01, 0xE0, 0x07, 0x80, 0x1E, 0x00,
    0x78, 0x3F, 0xFE, 0xFF, 0xFB, 0xFF, 0xE0, 0x03, 0x80, 0x0E, 0x00, 0x3C, 0x00, 0xF0, 0x00, 0x80,
    0x0F, 0x00, 0xF8, 0x07, 0xE0, 0x3E, 0x00, 0xF0, 0x00, 0x03, 0xFC, 0x1F, 0xE0, 0xFF, 0x00, 0x78,
    0x03, 0xC0, 0x1E, 0x00, 0xF0, 0x07, 0x80, 0x3C, 0x01, 0xE0, 0xFF, 0xF7, 0xFF, 0xBF, 0xFC, 0x01,
    0xC0, 0x0E, 0x00, 0x7C, 0x01, 0xE0, 0x02, 0x07, 0x80, 0x7C, 0x03, 0xE0, 0x1F, 0x00, 0x78, 0x00,
    0x03, 0xFF, 0xFF, 0xFF, 0xFF, 0xF8, 0x3C, 0x01, 0xE0, 0x0F, 0x00, 0x78, 0x03, 0xC0, 0x1E, 0x00,
    0xF0, 0x07, 0x80, 0x3C, 0x01, 0xE0, 0x0F, 0x00, 0x78, 0x7F, 0xFF, 0xFF, 0xFF, 0xFF, 0xFF, 0x0F,
    0xF0, 0xFF, 0x00, 0xF0, 0x0F, 0x00, 0xF0, 0x0F, 0x00, 0xF0, 0x0F, 0x00, 0xF0, 0xFF, 0xFF, 0xFF,
    0xFF, 0xF0, 0xF3, 0xFF, 0xCF, 0xFF, 0x3F, 0xFC, 0x3C, 0xF0, 0xF3, 0xC3, 0xCF, 0x0F, 0x3C, 0x3C,
    0xF0, 0xF0, 0x03, 0xCF, 0x0F, 0x3C, 0x3C, 0xF0, 0xF3, 0xC3, 0xCF, 0xDF, 0x1F, 0xFC, 0x3F, 0xE0,
    0x7F, 0x00, 0x70, 0x7B, 0xE3, 0xEF, 0x8F, 0xFE, 0x3E, 0x70, 0x78, 0x00, 0x0F, 0x07, 0xBC, 0x1E,
    0xF0, 0x7B, 0xC1, 0xEF, 0x07, 0xBC, 0x1E, 0xF0, 0x79, 0xC1, 0xE7, 0x8F, 0x9F, 0x7E, 0x7F, 0xF8,
    0xFF, 0xE1, 0xF7, 0x80, 0x1E, 0x00, 0x78, 0x3F, 0xE0, 0xFF, 0x83, 0xFC, 0x00, 0x00, 0x03, 0xF0,
    0x07, 0xF0, 0x1E, 0xF0, 0x00, 0x00, 0x00, 0x00, 0xFF, 0x01, 0xFE, 0x03, 0xFC, 0x01, 0xE0, 0x03,
    0xC0, 0x07, 0x80, 0x0F, 0x00, 0x1E, 0x00, 0x3C, 0x00, 0x78, 0xF0, 0xF1, 0xE1, 0xE3, 0xC3, 0xC7,
    0x87, 0x8F, 0xDF, 0x0F, 0xFE, 0x0F, 0xF8, 0x0F, 0xE0, 0x00, 0x0F, 0xC3, 0xF9, 0xEF, 0x00, 0x00,
    0x07, 0xFD, 0xFF, 0x7F, 0xC0, 0xF0, 0x3C, 0x0F, 0x03, 0xC0, 0xF0, 0x3C, 0x0F, 0x03, 0xC0, 0xF0,
    0x3C, 0x0F, 0x07, 0xFF, 0xFF, 0xFB, 0xFE, 0x78, 0x79, 0xE3, 0xE7, 0x8F, 0x1E, 0x7C, 0x79, 0xE1,
    0xEF, 0x87, 0xFC, 0x1F, 0xE0, 0x7F, 0x81, 0xFC, 0x07, 0xF8, 0x1F, 0xF0, 0x7B, 0xC1, 0xEF, 0x87,
    0x9F, 0x1E, 0x3C, 0x78, 0xF9, 0xE1, 0xF0, 0x00, 0x00, 0x00, 0x07, 0x80, 0x3E, 0x00, 0xF8, 0x01,
    0xE0, 0x03, 0x80, 0x1E, 0x00, 0x78, 0x00, 0x70, 0x07, 0x00, 0x70, 0x07, 0x00, 0x70, 0x07, 0x1F,
    0x71, 0xE7, 0x3C, 0x77, 0xC7, 0xF8, 0x7F, 0x07, 0xF0, 0x7F, 0x07, 0xF8, 0x77, 0xC7, 0x3E, 0x71,
    0xE7, 0x1F, 0x00, 0x00, 0x00, 0x0F, 0x01, 0xF0, 0x1F, 0x00, 0xF0, 0x07, 0x00, 0xF0, 0x0F, 0x00,
    0x71, 0xF7, 0x1E, 0x73, 0xC7, 0x7C, 0x7F, 0x87, 0xF0, 0x7F, 0x07, 0xF0, 0x7F, 0x87, 0x7C, 0x73,
    0xE7, 0x1E, 0x71, 0xF0, 0x00, 0x07, 0x80, 0x70, 0x0F, 0x00, 0x00, 0x00, 0x00, 0xF0, 0x0F, 0x00,
    0xF0, 0x0F, 0x00, 0xF0, 0x0F, 0x00, 0xF0, 0x0F, 0x00, 0xF0, 0x0F, 0x00, 0xF0, 0x0F, 0x00, 0xF0,
    0x0F, 0x00, 0xF0, 0x0F, 0xFF, 0xFF, 0xFF, 0xFF, 0x00, 0x00, 0x1E, 0x00, 0xE0, 0x0F, 0x00, 0x00,
    0x00, 0x01, 0xFE, 0x0F, 0xF0, 0x7F, 0x80, 0x3C, 0x01, 0xE0, 0x0F, 0x00, 0x78, 0x03, 0xC0, 0x1E,
    0x00, 0xF0, 0x07, 0x80, 0x3C, 0x01, 0xE0, 0x0F, 0x00, 0x78, 0x7F, 0xFF, 0xFF, 0xFF, 0xFF, 0xF0,
    0x0F, 0x00, 0xF0, 0x0F, 0x00, 0xF0, 0x0F, 0x00, 0xF0, 0x0F, 0x00, 0xF0, 0x0F, 0x00, 0xF0, 0x0F,
    0x00, 0xF0, 0x0F, 0x00, 0xF0, 0x0F, 0xFF, 0xFF, 0xFF, 0xFF, 0x00, 0x00, 0x00, 0x0F, 0x01, 0xF0,
    0x1F, 0x00, 0xF0, 0x07, 0x00, 0xF0, 0x0F, 0x00, 0x7F, 0x83, 0xFC, 0x1F, 0xE0, 0x0F, 0x00, 0x78,
    0x03, 0xC0, 0x1E, 0x00, 0xF0, 0x07, 0x80, 0x3C, 0x01, 0xE0, 0x0F, 0x00, 0x78, 0x03, 0xC0, 0x1E,
    0x1F, 0xFF, 0xFF, 0xFF, 0xFF, 0xC0, 0x00, 0x00, 0x00, 0x78, 0x07, 0xC0, 0x3E, 0x00, 0xF0, 0x03,
    0x80, 0x3C, 0x01, 0xE0, 0xF1, 0xEF, 0x1F, 0xF1, 0xFF, 0x1F, 0xF0, 0x7F, 0x1E, 0xF1, 0xEF, 0x00,
    0xF0, 0x0F, 0x00, 0xF0, 0x0F, 0x00, 0xF0, 0x0F, 0x00, 0xF0, 0x0F, 0xFF, 0xFF, 0xFF, 0xFF, 0x7F,
    0xF9, 0xFF, 0xF7, 0xFF, 0xC1, 0xFF, 0x07, 0x9C, 0x1F, 0xF0, 0x7F, 0x81, 0xE0, 0x07, 0x80, 0x1E,
    0x00, 0x78, 0x01, 0xE0, 0x07, 0x80, 0x1E, 0x00, 0x78, 0x3F, 0xFE, 0xFF, 0xFB, 0xFF, 0xE0, 0x3C,
    0x00, 0xF0, 0x03, 0xC0, 0x0F, 0x00, 0x3C, 0x00, 0xF0, 0x03, 0xE0, 0x0F, 0xC0, 0x3F, 0x03, 0xFC,
    0x0F, 0xC0, 0x3F, 0x00, 0x7C, 0x00, 0xF0, 0x03, 0xC0, 0x0F, 0xFF, 0x3F, 0xFC, 0xFF, 0xF0, 0x7F,
    0x83, 0xFC, 0x1F, 0xE0, 0x0F, 0x00, 0x78, 0x03, 0xC0, 0x1F, 0x00, 0xFC, 0x07, 0xE0, 0xFF, 0x07,
    0xE0, 0x3F, 0x00, 0xF8, 0x03, 0xC0, 0x1E, 0x1F, 0xFF, 0xFF, 0xFF, 0xFF, 0xC0, 0x00, 0x00, 0x1E,
    0x00, 0xF0, 0x0F, 0x00, 0x00, 0x00, 0x03, 0xF9, 0xFF, 0xEF, 0xFF, 0x7F, 0xFB, 0xFF, 0xDF, 0xFE,
    0xFF, 0x77, 0xFB, 0xBF, 0xDD, 0xFE, 0xFF, 0xF7, 0xFF, 0xBF, 0xFD, 0xFF, 0xEF, 0xFF, 0x3F, 0xF9,
    0xFF, 0xCF, 0xFE, 0x7F, 0x00, 0x00, 0x0F, 0x00, 0xF0, 0x07, 0x00, 0x00, 0x00, 0x01, 0xDF, 0x8F,
    0xFE, 0x7F, 0xF3, 0xFF, 0xDE, 0x1E, 0xF0, 0xF7, 0x07, 0xB8, 0x3D, 0xC1, 0xEE, 0x0F, 0x70, 0x7B,
    0x83, 0xDC, 0x1E, 0xFE, 0x7F, 0xFB, 0xFF, 0xDF, 0xFE, 0xFF, 0xF7, 0xFF, 0xBF, 0xDD, 0xFE, 0xEF,
    0xF7, 0x7F, 0xBF, 0xFD, 0xFF, 0xEF, 0xFF, 0x7F, 0xFB, 0xFF, 0xCF, 0xFE, 0x7F, 0xF3, 0xFF, 0x9F,
    0xC0, 0x00, 0x00, 0x00, 0x78, 0x07, 0xC0, 0x3E, 0x00, 0xF0, 0x03, 0x80, 0x3C, 0x01, 0xE0, 0x77,
    0xE3, 0xFF, 0x9F, 0xFC, 0xFF, 0xF7, 0x87, 0xBC, 0x3D, 0xC1, 0xEE, 0x0F, 0x70, 0x7B, 0x83, 0xDC,
    0x1E, 0xE0, 0xF7, 0x07, 0x80, 0x00, 0x00, 0x00, 0xF0, 0x0F, 0x80, 0x7C, 0x01, 0xE0, 0x07, 0x00,
    0x78, 0x03, 0xC0, 0x00, 0x00, 0xEF, 0x07, 0xF0, 0x1F, 0x80, 0x00, 0x00, 0x03, 0xF9, 0xFF, 0xEF,
    0xFF, 0x7F, 0xFB, 0xFF, 0xDF, 0xFE, 0xFF, 0x77, 0xFB, 0xBF, 0xDD, 0xFE, 0xFF, 0xF7, 0xFF, 0xBF,
    0xFD, 0xFF, 0xEF, 0xFF, 0x3F, 0xF9, 0xFF, 0xCF, 0xFE, 0x7F, 0x00, 0x00, 0xF7, 0x83, 0xF8, 0x1F,
    0x80, 0x00, 0x00, 0x01, 0xDF, 0x8F, 0xFE, 0x7F, 0xF3, 0xFF, 0xDE, 0x1E, 0xF0, 0xF7, 0x07, 0xB8,
    0x3D, 0xC1, 0xEE, 0x0F, 0x70, 0x7B, 0x83, 0xDC, 0x1E, 0x0F, 0x00, 0x7C, 0x03, 0xE0, 0x1F, 0x00,
    0x38, 0x07, 0xC0, 0x3C, 0x0E, 0xFC, 0x7F, 0xF3, 0xFF, 0x9F, 0xFE, 0xF0, 0xF7, 0x87, 0xB8, 0x3D,
    0xC1, 0xEE, 0x0F, 0x70, 0x7B, 0x83, 0xDC, 0x1E, 0xE0, 0xF0, 0xFE, 0x7F, 0xF3, 0xFF, 0xDF, 0xFE,
    0xFF, 0xF7, 0xFF, 0xBF, 0xDD, 0xFE, 0xEF, 0xF7, 0x7F, 0xBF, 0xFD, 0xFF, 0xEF, 0xFF, 0x7F, 0xFB,
    0xFF, 0xCF, 0xFE, 0x7F, 0xF3, 0xFF, 0x9F, 0xC0, 0x1E, 0x00, 0xF0, 0x7F, 0x83, 0xFC, 0x1F, 0xC0,
    0xF7, 0xE7, 0xFF, 0xBF, 0xFD, 0xFB, 0xFF, 0x87, 0xFC, 0x3F, 0xC1, 0xFE, 0x0F, 0xF0, 0x7F, 0x83,
    0xFC, 0x1F, 0xE0, 0xFF, 0x07, 0x80, 0x3C, 0x01, 0xE0, 0x7F, 0x03, 0xF8, 0x1F, 0x80, 0x00, 0x00,
    0x7F, 0x81, 0xFE, 0x07, 0xF8, 0x00, 0x00, 0x00, 0x01, 0xFC, 0x0F, 0xF8, 0x7F, 0xF1, 0xF7, 0xEF,
    0x07, 0xBC, 0x1E, 0xF0, 0x7B, 0xC1, 0xEF, 0x07, 0xBC, 0x1E, 0xF0, 0x7B, 0xC1, 0xEF, 0x07, 0xBC,
    0x1E, 0xFD, 0xF9, 0xFF, 0xC3, 0xFF, 0x07, 0xF0, 0x00, 0x00, 0x7F, 0x81, 0xFE, 0x07, 0xF8, 0x00,
    0x00, 0x00, 0x01, 0xFC, 0x0F, 0xF8, 0x7F, 0xF3, 0xF7, 0xEF, 0x07, 0xBC, 0x1E, 0xF0, 0x3B, 0xC1,
    0xEF, 0x07, 0xBF, 0x7E, 0x7F, 0xF0, 0xFF, 0x81, 0xFC, 0x00, 0x1D, 0xC0, 0x7F, 0x01, 0xFC, 0x03,
    0xE0, 0x00, 0x00, 0x7F, 0x03, 0xFE, 0x1F, 0xFC, 0x7D, 0xFB, 0xC1, 0xEF, 0x07, 0xBC, 0x1E, 0xF0,
    0x7B, 0xC1, 0xEF, 0x07, 0xBC, 0x1E, 0xF0, 0x7B, 0xC1, 0xEF, 0x07, 0xBF, 0x7E, 0x7F, 0xF0, 0xFF,
    0xC1, 0xFC, 0x00, 0x1D, 0xC0, 0x7F, 0x01, 0xFC, 0x03, 0xE0, 0x00, 0x00, 0x7F, 0x03, 0xFE, 0x1F,
    0xFC, 0xFD, 0xFB, 0xC1, 0xEF, 0x07, 0xBC, 0x0E, 0xF0, 0x7B, 0xC1, 0xEF, 0xDF, 0x9F, 0xFC, 0x3F,
    0xE0, 0x7F, 0x00, 0x00, 0x00, 0x3F, 0xC1, 0xEE, 0x07, 0x78, 0x00, 0x00, 0x00, 0x01, 0xFC, 0x0F,
    0xF8, 0x7F, 0xF1, 0xF7, 0xEF, 0x07, 0xBC, 0x1E, 0xF0, 0x7B, 0xC1, 0xEF, 0x07, 0xBC, 0x1E, 0xF0,
    0x7B, 0xC1, 0xEF, 0x07, 0xBC, 0x1E, 0xFD, 0xF9, 0xFF, 0xC3, 0xFF, 0x07, 0xF0, 0x00, 0x00, 0x3F,
    0xC1, 0xEE, 0x07, 0x78, 0x00, 0x00, 0x00, 0x01, 0xFC, 0x0F, 0xF8, 0x7F, 0xF3, 0xF7, 0xEF, 0x07,
    0xBC, 0x1E, 0xF0, 0x3B, 0xC1, 0xEF, 0x07, 0xBF, 0x7E, 0x7F, 0xF0, 0xFF, 0x81, 0xFC, 0x00, 0x0F,
    0xFE, 0x7F, 0xFD, 0xFF, 0xFB, 0xEF, 0x07, 0x9E, 0x1E, 0x3C, 0x3C, 0x78, 0x78, 0xF0, 0xF1, 0xFF,
    0xE3, 0xFF, 0xC7, 0xFF, 0x8F, 0x0F, 0x1E, 0x0F, 0x3C, 0x1F, 0x78, 0x3F, 0xFF, 0x3F, 0xFE, 0x1F,
    0xFC, 0x1F, 0xC0, 0xFF, 0xC7, 0xFF, 0xBF, 0xFE, 0xF7, 0xBB, 0xDF, 0xFF, 0x7F, 0xFD, 0xFF, 0xF7,
    0x83, 0xFF, 0xC7, 0xFF, 0x8F, 0xFC, 0x1F, 0xE0, 0x00, 0x00, 0x0F, 0x00, 0x78, 0x01, 0xC0, 0x00,
    0x00, 0x00, 0x0F, 0xFE, 0x3F, 0xFC, 0xFF, 0xFB, 0xE3, 0xEF, 0x87, 0xBE, 0x1E, 0xF8, 0x7B, 0xE3,
    0xEF, 0xFF, 0x3F, 0xFC, 0xFF, 0xFB, 0xE3, 0xEF, 0x87, 0xBE, 0x1E, 0xF8, 0x7B, 0xE1, 0xEF, 0x87,
    0xBE, 0x1E, 0x00, 0x00, 0x07, 0x80, 0x3C, 0x00, 0xE0, 0x00, 0x00, 0x00, 0x0F, 0xDF, 0x3F, 0xFE,
    0xFF, 0xF8, 0xFF, 0xF3, 0xC3, 0xCF, 0x0E, 0x3C, 0x00, 0xF0, 0x03, 0xC0, 0x0F, 0x00, 0xFF, 0x83,
    0xFE, 0x0F, 0xF8, 0x00, 0xFF, 0xE3, 0xFF, 0xCF, 0xFF, 0xBE, 0x3E, 0xF8, 0x7B, 0xE1, 0xEF, 0x87,
    0xBE, 0x3E, 0xFF, 0xF3, 0xFF, 0xCF, 0xFF, 0xBE, 0x3E, 0xF8, 0x7B, 0xE1, 0xEF, 0x87, 0xBE, 0x1E,
    0xF8, 0x7B, 0xE1, 0xE0, 0x00, 0x00, 0x00, 0x07, 0x80, 0x3E, 0x00, 0xF8, 0x01, 0xE0, 0x03, 0x80,
    0x1E, 0x00, 0x78, 0x00, 0xFD, 0xF3, 0xFF, 0xEF, 0xFF, 0x8F, 0xFF, 0x3C, 0x3C, 0xF0, 0xE3, 0xC0,
    0x0F, 0x00, 0x3C, 0x00, 0xF0, 0x0F, 0xF8, 0x3F, 0xE0, 0xFF, 0x80, 0x00, 0x00, 0x00, 0x0F, 0x00,
    0x3E, 0x00, 0xF8, 0x03, 0xE0, 0x03, 0x80, 0x3E, 0x00, 0xF0, 0x00, 0x00, 0x00, 0xF7, 0x81, 0xFC,
    0x07, 0xE0, 0x00, 0x00, 0x00, 0x0F, 0xFE, 0x3F, 0xFC, 0xFF, 0xFB, 0xE3, 0xEF, 0x87, 0xBE, 0x1E,
    0xF8, 0x7B, 0xE3, 0xEF, 0xFF, 0x3F, 0xFC, 0xFF, 0xFB, 0xE3, 0xEF, 0x87, 0xBE, 0x1E, 0xF8, 0x7B,
    0xE1, 0xEF, 0x87, 0xBE, 0x1E, 0x00, 0x00, 0x7B, 0xC0, 0xFE, 0x03, 0xF0, 0x00, 0x00, 0x00, 0x0F,
    0xDF, 0x3F, 0xFE, 0xFF, 0xF8, 0xFF, 0xF3, 0xC3, 0xCF, 0x0E, 0x3C, 0x00, 0xF0, 0x03, 0xC0, 0x0F,
    0x00, 0xFF, 0x83, 0xFE, 0x0F, 0xF8, 0x00, 0x00, 0x00, 0x03, 0xC0, 0x07, 0x00, 0x1E, 0x00, 0x00,
    0x00, 0x00, 0x03, 0xF8, 0x0F, 0xFC, 0x3F, 0xF8, 0xFD, 0xF9, 0xE0, 0xF3, 0xC1, 0xE7, 0xE1, 0xC7,
    0xFC, 0x0F, 0xFE, 0x07, 0xFE, 0x01, 0xFC, 0xF0, 0x7D, 0xE0, 0xFB, 0xC1, 0xF7, 0xE7, 0xC7, 0xFF,
    0x87, 0xFE, 0x07, 0xF8, 0x00, 0x00, 0x78, 0x07, 0x00, 0xF0, 0x00, 0x00, 0x00, 0x3F, 0x87, 0xFC,
    0x7F, 0xEF, 0xBE, 0x79, 0x87, 0xF8, 0x3F, 0xE0, 0xFE, 0x71, 0xEF, 0x9E, 0xFF, 0xE7, 0xFE, 0x3F,
    0x80, 0x00, 0x00, 0x0F, 0xC0, 0x3F, 0x80, 0xF7, 0x80, 0x00, 0x00, 0x00, 0x03, 0xF8, 0x0F, 0xFC,
    0x3F, 0xF8, 0xFD, 0xF9, 0xE0, 0xF3, 0xC1, 0xE7, 0xE1, 0xC7, 0xFC, 0x0F, 0xFE, 0x07, 0xFE, 0x01,
    0xFC, 0xF0, 0x7D, 0xE0, 0xFB, 0xC1, 0xF7, 0xE7, 0xC7, 0xFF, 0x87, 0xFE, 0x07, 0xF8, 0x00, 0x01,
    0xF8, 0x3F, 0x87, 0xBC, 0x00, 0x00, 0x00, 0x3F, 0x87, 0xFC, 0x7F, 0xEF, 0xBE, 0x79, 0x87, 0xF8,
    0x3F, 0xE0, 0xFE, 0x71, 0xEF, 0x9E, 0xFF, 0xE7, 0xFE, 0x3F, 0x80, 0x0F, 0xE0, 0x3F, 0xF0, 0xFF,
    0xE3, 0xF7, 0xE7, 0x83, 0xCF, 0x07, 0x9F, 0x87, 0x1F, 0xF0, 0x3F, 0xF8, 0x1F, 0xF8, 0x07, 0xF3,
    0xC1, 0xF7, 0x83, 0xEF, 0x07, 0xDF, 0x9F, 0x1F, 0xFE, 0x3F, 0xF8, 0x1F, 0xE0, 0x1F, 0x00, 0x3F,
    0x00, 0x3E, 0x00, 0x7C, 0x00, 0xF0, 0x00, 0x3F, 0x87, 0xFC, 0x7F, 0xEF, 0xBE, 0x79, 0x87, 0xF8,
    0x3F, 0xE0, 0xFE, 0x71, 0xEF, 0x9E, 0xFF, 0xE7, 0xFE, 0x3F, 0x81, 0xF8, 0x1F, 0x80, 0xF8, 0x0F,
    0x80, 0xF8, 0x00, 0x00, 0x3D, 0xE0, 0x3F, 0x80, 0x3F, 0x00, 0x00, 0x00, 0x00, 0x03, 0xF8, 0x0F,
    0xFC, 0x3F, 0xF8, 0xFD, 0xF9, 0xE0, 0xF3, 0xC1, 0xE7, 0xE1, 0xC7, 0xFC, 0x0F, 0xFE, 0x07, 0xFE,
    0x01, 0xFC, 0xF0, 0x7D, 0xE0, 0xFB, 0xC1, 0xF7, 0xE7, 0xC7, 0xFF, 0x87, 0xFE, 0x07, 0xF8, 0x00,
    0x07, 0xBC, 0x3F, 0x81, 0xF8, 0x00, 0x00, 0x00, 0x3F, 0x87, 0xFC, 0x7F, 0xEF, 0xBE, 0x79, 0x87,
    0xF8, 0x3F, 0xE0, 0xFE, 0x71, 0xEF, 0x9E, 0xFF, 0xE7, 0xFE, 0x3F, 0x80, 0xFF, 0xFF, 0xFF, 0xFF,
    0xFE, 0x0F, 0x00, 0x78, 0x03, 0xC0, 0x1E, 0x00, 0xF0, 0x07, 0x80, 0x3C, 0x01, 0xE0, 0x0F, 0x00,
    0x78, 0x03, 0xC0, 0x1E, 0x00, 0xF0, 0x07, 0x80, 0x3C, 0x03, 0xE0, 0x1F, 0x80, 0x7C, 0x03, 0xE0,
    0x1F, 0x00, 0x0F, 0x00, 0xF0, 0x0F, 0x00, 0xF0, 0x0F, 0x0F, 0xFF, 0xFF, 0xFF, 0xFF, 0x0F, 0x00,
    0xF0, 0x0F, 0x00, 0xF0, 0x0F, 0x00, 0xF0, 0x0F, 0x00, 0xFF, 0x0F, 0xF0, 0xFF, 0x03, 0xC0, 0x7E,
    0x03, 0x70, 0x3E, 0x03, 0xE0, 0x00, 0x01, 0xEF, 0x07, 0xF0, 0x1F, 0x80, 0x00, 0x00, 0x03, 0xFF,
    0xFF, 0xFF, 0xFF, 0xF8, 0x3C, 0x01, 0xE0, 0x0F, 0x00, 0x78, 0x03, 0xC0, 0x1E, 0x00, 0xF0, 0x07,
    0x80, 0x3C, 0x01, 0xE0, 0x0F, 0x00, 0x78, 0x03, 0xC0, 0x1E, 0x00, 0xF0, 0x1E, 0xF0, 0xF7, 0xC7,
    0xBE, 0x3D, 0xF1, 0xE3, 0xFF, 0x9F, 0xFF, 0xFF, 0xFE, 0x1E, 0x00, 0xF0, 0x07, 0x80, 0x3C, 0x01,
    0xE0, 0x0F, 0x00, 0x7C, 0x03, 0xFF, 0x1F, 0xF8, 0x7F, 0xC0, 0xFF, 0xFF, 0xFF, 0xFF, 0xFE, 0x0F,
    0x00, 0x78, 0x03, 0xC0, 0x1E, 0x0F, 0xFE, 0x7F, 0xF3, 0xFF, 0x81, 0xE0, 0x0F, 0x00, 0x78, 0x03,
    0xC0, 0x1E, 0x00, 0xF0, 0x07, 0x80, 0x3C, 0x00, 0x0F, 0x00, 0xF0, 0x0F, 0x00, 0xF0, 0x0F, 0x0F,
    0xFF, 0xFF, 0xFF, 0xFF, 0x0F, 0x00, 0xF0, 0x7F, 0xE7, 0xFE, 0x7F, 0xE0, 0xF0, 0x0F, 0x00, 0xFF,
    0x0F, 0xF0, 0xFF, 0x1F, 0xF1, 0xFF, 0x8F, 0xF8, 0x77, 0x81, 0x00, 0x78, 0x3F, 0xC1, 0xFE, 0x0F,
    0xF0, 0x7F, 0x83, 0xFC, 0x1F, 0xE0, 0xFF, 0x07, 0xF8, 0x3F, 0xC1, 0xFE, 0x0F, 0xF0, 0x7F, 0x83,
    0xFC, 0x1F, 0xFB, 0xF7, 0xFF, 0x1F, 0xF8, 0x7F, 0x00, 0x1F, 0xF1, 0xFF, 0x8F, 0xF8, 0x77, 0x81,
    0x00, 0x38, 0x3D, 0xC1, 0xEE, 0x0F, 0x70, 0x7B, 0x83, 0xDC, 0x1E, 0xE0, 0xF7, 0x87, 0xBC, 0x3D,
    0xF7, 0xEF, 0xFF, 0x3F, 0xF8, 0xFB, 0xC0, 0x00, 0x00, 0xFF, 0x07, 0xF8, 0x3F, 0xC0, 0x00, 0x00,
    0x03, 0xC1, 0xFE, 0x0F, 0xF0, 0x7F, 0x83, 0xFC, 0x1F, 0xE0, 0xFF, 0x07, 0xF8, 0x3F, 0xC1, 0xFE,
    0x0F, 0xF0, 0x7F, 0x83, 0xFC, 0x1F, 0xE0, 0xFF, 0xDF, 0xBF, 0xF8, 0xFF, 0xC3, 0xF8, 0x00, 0x00,
    0xFF, 0x07, 0xF8, 0x3F, 0xC0, 0x00, 0x00, 0x01, 0xC1, 0xEE, 0x0F, 0x70, 0x7B, 0x83, 0xDC, 0x1E,
    0xE0, 0xF7, 0x07, 0xBC, 0x3D, 0xE1, 0xEF, 0xBF, 0x7F, 0xF9, 0xFF, 0xC7, 0xDE, 0x1D, 0xC0, 0xFE,
    0x07, 0xF0, 0x1F, 0x00, 0x00, 0x78, 0x3F, 0xC1, 0xFE, 0x0F, 0xF0, 0x7F, 0x83, 0xFC, 0x1F, 0xE0,
    0xFF, 0x07, 0xF8, 0x3F, 0xC1, 0xFE, 0x0F, 0xF0, 0x7F, 0x83, 0xFC, 0x1F, 0xFB, 0xF7, 0xFF, 0x1F,
    0xF8, 0x7F, 0x00, 0x1D, 0xC0, 0xFE, 0x07, 0xF0, 0x1F, 0x00, 0x00, 0x38, 0x3D, 0xC1, 0xEE, 0x0F,
    0x70, 0x7B, 0x83, 0xDC, 0x1E, 0xE0, 0xF7, 0x87, 0xBC, 0x3D, 0xF7, 0xEF, 0xFF, 0x3F, 0xF8, 0xFB,
    0xC0, 0x07, 0x80, 0x7C, 0x03, 0x70, 0x1B, 0x80, 0xF8, 0x03, 0xC0, 0x00, 0x1E, 0x0F, 0xF0, 0x7F,
    0x83, 0xFC, 0x1F, 0xE0, 0xFF, 0x07, 0xF8, 0x3F, 0xC1, 0xFE, 0x0F, 0xF0, 0x7F, 0x83, 0xFC, 0x1F,
    0xE0, 0xFF, 0x07, 0xFE, 0xFD, 0xFF, 0xC7, 0xFE, 0x1F, 0xC0, 0x07, 0x80, 0x7C, 0x03, 0x70, 0x1B,
    0x80, 0xF8, 0x03, 0xC0, 0x00, 0x0E, 0x0F, 0x70, 0x7B, 0x83, 0xDC, 0x1E, 0xE0, 0xF7, 0x07, 0xB8,
    0x3D, 0xE1, 0xEF, 0x0F, 0x7D, 0xFB, 0xFF, 0xCF, 0xFE, 0x3E, 0xF0, 0x00, 0x00, 0x7F, 0x87, 0xB8,
    0x3B, 0xC0, 0x00, 0x00, 0x03, 0xC1, 0xFE, 0x0F, 0xF0, 0x7F, 0x83, 0xFC, 0x1F, 0xE0, 0xFF, 0x07,
    0xF8, 0x3F, 0xC1, 0xFE, 0x0F, 0xF0, 0x7F, 0x83, 0xFC, 0x1F, 0xE0, 0xFF, 0xDF, 0xBF, 0xF8, 0xFF,
    0xC3, 0xF8, 0x00, 0x00, 0x7F, 0x87, 0xB8, 0x3B, 0xC0, 0x00, 0x00, 0x01, 0xC1, 0xEE, 0x0F, 0x70,
    0x7B, 0x83, 0xDC, 0x1E, 0xE0, 0xF7, 0x07, 0xBC, 0x3D, 0xE1, 0xEF, 0xBF, 0x7F, 0xF9, 0xFF, 0xC7,
    0xDE, 0xF0, 0x7F, 0x83, 0xFC, 0x1F, 0xE0, 0xFF, 0x07, 0xF8, 0x3F, 0xC1, 0xFE, 0x0F, 0xF0, 0x7F,
    0x83, 0xFC, 0x1F, 0xE0, 0xFF, 0x07, 0xF8, 0x3F, 0xF3, 0xEF, 0xFE, 0x3F, 0xF0, 0xFF, 0x01, 0xC0,
    0x0E, 0x00, 0x7C, 0x03, 0xE0, 0x06, 0x00, 0x70, 0x7B, 0x83, 0xDC, 0x1E, 0xE0, 0xF7, 0x07, 0xB8,
    0x3D, 0xC1, 0xEF, 0x0F, 0x78, 0x7B, 0xEF, 0xDF, 0xFE, 0x7F, 0xF1, 0xF7, 0x80, 0x70, 0x03, 0xC0,
    0x1F, 0x00, 0x78, 0x00, 0x00, 0x07, 0xE0, 0x0F, 0xE0, 0x1E, 0xF0, 0x00, 0x00, 0x00, 0x00, 0xF7,
    0xEE, 0xF7, 0xEE, 0xFF, 0xEE, 0xFF, 0xEE, 0xFF, 0xEE, 0xFF, 0xEE, 0xFF, 0xEE, 0xFF, 0xEE, 0xFE,
    0xFE, 0xFE, 0xFE, 0xFE, 0xFE, 0xFE, 0xFE, 0xFE, 0xFE, 0xFE, 0xFE, 0xFE, 0xFE, 0xFE, 0xFE, 0xFE,
    0xFE, 0xFE, 0xFE, 0x00, 0x00, 0x0F, 0xC0, 0x3F, 0x80, 0xF7, 0x80, 0x00, 0x00, 0x00, 0x3D, 0xFB,
    0xFB, 0xF7, 0xF7, 0xEF, 0xFF, 0xFF, 0xFF, 0xFF, 0xFF, 0xFF, 0xEF, 0xFF, 0xDF, 0xDF, 0xBF, 0xBF,
    0x7F, 0x7E, 0xFE, 0xFD, 0xFD, 0xFB, 0xF8, 0x00, 0x00, 0x07, 0xE0, 0x0F, 0xE0, 0x1E, 0xF0, 0x00,
    0x00, 0x00, 0x00, 0xF0, 0x1E, 0xF8, 0x3E, 0x78, 0x3C, 0x7C, 0x3C, 0x3C, 0x7C, 0x3C, 0x78, 0x1E,
    0xF8, 0x1E, 0xF0, 0x1F, 0xF0, 0x0F, 0xE0, 0x0F, 0xE0, 0x07, 0xE0, 0x03, 0xC0, 0x03, 0xC0, 0x03,
    0xC0, 0x03, 0xC0, 0x03, 0xC0, 0x03, 0xC0, 0x00, 0x00, 0x7E, 0x07, 0xF0, 0x7B, 0xC0, 0x00, 0x00,
    0x01, 0xC1, 0xEE, 0x0F, 0x70, 0x7B, 0x83, 0xDC, 0x1E, 0xE0, 0xF7, 0x07, 0xBC, 0x3D, 0xE1, 0xEF,
    0xBF, 0x7F, 0xF9, 0xFF, 0xC7, 0xDE, 0x00, 0xF0, 0x07, 0x8F, 0xFC, 0x7F, 0xE3, 0xFE, 0x1E, 0x78,
    0x3E, 0xF8, 0x3E, 0xF8, 0x3E, 0xF8, 0x1E, 0x78, 0x00, 0x00, 0xF0, 0x1E, 0xF8, 0x3E, 0x78, 0x3C,
    0x7C, 0x3C, 0x3C, 0x7C, 0x3C, 0x78, 0x1E, 0xF8, 0x1E, 0xF0, 0x1F, 0xF0, 0x0F, 0xE0, 0x0F, 0xE0,
    0x07, 0xE0, 0x03, 0xC0, 0x03, 0xC0, 0x03, 0xC0, 0x03, 0xC0, 0x03, 0xC0, 0x03, 0xC0, 0x00, 0x00,
    0x0F, 0x00, 0x38, 0x01, 0xE0, 0x00, 0x00, 0x00, 0x0F, 0xFF, 0xBF, 0xFE, 0xFF, 0xF8, 0x00, 0xE0,
    0x07, 0x80, 0x7E, 0x03, 0xF0, 0x1F, 0x80, 0xFC, 0x07, 0xE0, 0x3F, 0x01, 0xF8, 0x0F, 0xC0, 0x3C,
    0x00, 0xE0, 0x03, 0xFF, 0xEF, 0xFF, 0xBF, 0xFE, 0x00, 0x00, 0x78, 0x07, 0x00, 0xF0, 0x00, 0x00,
    0x00, 0xFF, 0xEF, 0xFE, 0xFF, 0xE0, 0x1E, 0x03, 0xE0, 0xFE, 0x3F, 0x8F, 0xF0, 0xFC, 0x0F, 0x00,
    0xFF, 0xEF, 0xFE, 0xFF, 0xE0, 0x07, 0x80, 0x3E, 0x00, 0xF8, 0x03, 0xE0, 0x07, 0x80, 0x00, 0x0F,
    0xFF, 0xBF, 0xFE, 0xFF, 0xF8, 0x00, 0xE0, 0x07, 0x80, 0x7E, 0x03, 0xF0, 0x1F, 0x80, 0xFC, 0x07,
    0xE0, 0x3F, 0x01, 0xF8, 0x0F, 0xC0, 0x3C, 0x00, 0xE0, 0x03, 0xFF, 0xEF, 0xFF, 0xBF, 0xFE, 0x0F,
    0x01, 0xF0, 0x1F, 0x01, 0xF0, 0x0F, 0x00, 0x00, 0xFF, 0xEF, 0xFE, 0xFF, 0xE0, 0x1E, 0x03, 0xE0,
    0xFE, 0x3F, 0x8F, 0xF0, 0xFC, 0x0F, 0x00, 0xFF, 0xEF, 0xFE, 0xFF, 0xE0, 0x00, 0x00, 0xF7, 0x81,
    0xFC, 0x03, 0xF0, 0x00, 0x00, 0x00, 0x0F, 0xFF, 0xBF, 0xFE, 0xFF, 0xF8, 0x00, 0xE0, 0x07, 0x80,
    0x7E, 0x03, 0xF0, 0x1F, 0x80, 0xFC, 0x07, 0xE0, 0x3F, 0x01, 0xF8, 0x0F, 0xC0, 0x3C, 0x00, 0xE0,
    0x03, 0xFF, 0xEF, 0xFF, 0xBF, 0xFE, 0x00, 0x07, 0xBC, 0x3F, 0x81, 0xF8, 0x00, 0x00, 0x00, 0xFF,
    0xEF, 0xFE, 0xFF, 0xE0, 0x1E, 0x03, 0xE0, 0xFE, 0x3F, 0x8F, 0xF0, 0xFC, 0x0F, 0x00, 0xFF, 0xEF,
    0xFE, 0xFF, 0xE0, 0x3F, 0xCF, 0xF7, 0xFD, 0xE0, 0x78, 0x3E, 0x0F, 0x83, 0xE0, 0x78, 0x1E, 0x07,
    0x81, 0xE0, 0x78, 0x1E, 0x07, 0x81, 0xE0, 0x78, 0x1E, 0x00, 0x3F, 0x9E, 0x7F, 0xDE, 0x7F, 0xFF,
    0xFB, 0xFF, 0xF1, 0xE7, 0xF1, 0xFE, 0xF1, 0xFE, 0xF1, 0xE0, 0xF1, 0xE0, 0xF1, 0xE0, 0xF1, 0xE0,
    0xF1, 0xE0, 0xF1, 0xE0, 0xF1, 0xE0, 0xFB, 0xE0, 0x7F, 0xC0, 0x7F, 0xC0, 0x3F, 0x80, 0x1F, 0x9E,
    0x7F, 0xFD, 0xFF, 0xFB, 0xDF, 0xFF, 0x1E, 0x7E, 0x3F, 0xFC, 0x7F, 0xF8, 0xF0, 0xF1, 0xE0, 0xF7,
    0x81, 0xFF, 0x01, 0xFC, 0x01, 0xF0, 0x00, 0xF3, 0xDE, 0xF3, 0xFE, 0xF3, 0xFF, 0xF3, 0xDF, 0xF3,
    0xC7, 0xF3, 0xFE, 0xF3, 0xFE, 0xF3, 0xC0, 0xF3, 0xC0, 0xF3, 0xC0, 0xF3, 0xC0, 0xF3, 0xC0, 0xF3,
    0xC0, 0xF3, 0xC0, 0xFB, 0xC0, 0x7F, 0xC0, 0x7F, 0x80, 0x3F, 0x00, 0xF1, 0xDE, 0xF1, 0xFE, 0xF1,
    0xFF, 0xF1, 0xDF, 0xF1, 0xC7, 0xF1, 0xFE, 0xF1, 0xFE, 0xF1, 0xC0, 0xF3, 0xC0, 0xF3, 0xC0, 0xFF,
    0xC0, 0x7F, 0xC0, 0x7F, 0xC0, 0x00, 0x00, 0x3D, 0xE0, 0x3F, 0x80, 0x3F, 0x00, 0x00, 0x00, 0x00,
    0x03, 0xF8, 0x07, 0xF0, 0x0F, 0xF0, 0x3D, 0xE0, 0x7B, 0xC0, 0xF7, 0x81, 0xE7, 0x87, 0xCF, 0x0F,
    0x1E, 0x1E, 0x3C, 0x3C, 0x7C, 0x7F, 0xF9, 0xFF, 0xF3, 0xFF, 0xE7, 0x83, 0xCF, 0x03, 0xFE, 0x07,
    0xF8, 0x0F, 0x00, 0x00, 0xF7, 0x01, 0xFC, 0x07, 0xE0, 0x00, 0x00, 0x00, 0x03, 0xF7, 0x9F, 0xFE,
    0x7F, 0xFB, 0xF7, 0xEF, 0x0F, 0xBC, 0x1E, 0xF0, 0x7B, 0xC1, 0xEF, 0x0F, 0xBF, 0x7E, 0x7F, 0xFD,
    0xFF, 0xF1, 0xF3, 0xC0, 0x00, 0x01, 0xEF, 0x07, 0xF0, 0x1F, 0x80, 0x00, 0x00, 0x03, 0xFF, 0xFF,
    0xFF, 0xFF, 0xF8, 0x3C, 0x01, 0xE0, 0x0F, 0x00, 0x78, 0x03, 0xC0, 0x1E, 0x00, 0xF0, 0x07, 0x80,
    0x3C, 0x01, 0xE0, 0x0F, 0x00, 0x78, 0x7F, 0xFF, 0xFF, 0xFF, 0xFF, 0x00, 0x07, 0xBC, 0x3F, 0x83,
    0xF0, 0x00, 0x00, 0x00, 0xFF, 0x0F, 0xF0, 0xFF, 0x00, 0xF0, 0x0F, 0x00, 0xF0, 0x0F, 0x00, 0xF0,
    0x0F, 0x00, 0xF0, 0xFF, 0xFF, 0xFF, 0xFF, 0xF0, 0x00, 0x00, 0xF7, 0x81, 0xFC, 0x03, 0xF0, 0x00,
    0x00, 0x00, 0x01, 0xFC, 0x0F, 0xF8, 0x7F, 0xF1, 0xF7, 0xEF, 0x07, 0xBC, 0x1E, 0xF0, 0x7B, 0xC1,
    0xEF, 0x07, 0xBC, 0x1E, 0xF0, 0x7B, 0xC1, 0xEF, 0x07, 0xBC, 0x1E, 0xFD, 0xF9, 0xFF, 0xC3, 0xFF,
    0x07, 0xF0, 0x00, 0x00, 0xF7, 0x81, 0xFC, 0x03, 0xF0, 0x00, 0x00, 0x00, 0x01, 0xFC, 0x0F, 0xF8,
    0x7F, 0xF3, 0xF7, 0xEF, 0x07, 0xBC, 0x1E, 0xF0, 0x3B, 0xC1, 0xEF, 0x07, 0xBF, 0x7E, 0x7F, 0xF0,
    0xFF, 0x81, 0xFC, 0x00, 0x00, 0x01, 0xEF, 0x07, 0xF0, 0x1F, 0x80, 0x00, 0x00, 0x03, 0xC1, 0xFE,
    0x0F, 0xF0, 0x7F, 0x83, 0xFC, 0x1F, 0xE0, 0xFF, 0x07, 0xF8, 0x3F, 0xC1, 0xFE, 0x0F, 0xF0, 0x7F,
    0x83, 0xFC, 0x1F, 0xE0, 0xFF, 0xDF, 0xBF, 0xF8, 0xFF, 0xC3, 0xF8, 0x00, 0x01, 0xEF, 0x07, 0xF0,
    0x1F, 0x80, 0x00, 0x00, 0x01, 0xC1, 0xEE, 0x0F, 0x70, 0x7B, 0x83, 0xDC, 0x1E, 0xE0, 0xF7, 0x07,
    0xBC, 0x3D, 0xE1, 0xEF, 0xBF, 0x7F, 0xF9, 0xFF, 0xC7, 0xDE, 0x00, 0x00, 0xFF, 0x07, 0xF8, 0x3F,
    0xC0, 0x00, 0x1E, 0x79, 0xF7, 0xCF, 0xBE, 0x7D, 0xF1, 0xE7, 0x80, 0x01, 0xE0, 0xFF, 0x07, 0xF8,
    0x3F, 0xC1, 0xFE, 0x0F, 0xF0, 0x7F, 0x83, 0xFC, 0x1F, 0xE0, 0xFF, 0x07, 0xF8, 0x3F, 0xC1, 0xFE,
    0x0F, 0xF0, 0x7F, 0xEF, 0xDF, 0xFC, 0x7F, 0xE1, 0xFC, 0x00, 0x00, 0x00, 0xFF, 0x07, 0xF8, 0x3F,
    0xC0, 0x00, 0x1E, 0x79, 0xF7, 0xCF, 0xBE, 0x7D, 0xF1, 0xE7, 0x80, 0x00, 0xE0, 0xF7, 0x07, 0xB8,
    0x3D, 0xC1, 0xEE, 0x0F, 0x70, 0x7B, 0x83, 0xDE, 0x1E, 0xF0, 0xF7, 0xDF, 0xBF, 0xFC, 0xFF, 0xE3,
    0xEF, 0x00, 0x00, 0x07, 0x80, 0x38, 0x03, 0xC0, 0x00, 0x1E, 0x79, 0xF7, 0xCF, 0xBE, 0x7D, 0xF1,
    0xE7, 0x80, 0x01, 0xE0, 0xFF, 0x07, 0xF8, 0x3F, 0xC1, 0xFE, 0x0F, 0xF0, 0x7F, 0x83, 0xFC, 0x1F,
    0xE0, 0xFF, 0x07, 0xF8, 0x3F, 0xC1, 0xFE, 0x0F, 0xF0, 0x7F, 0xEF, 0xDF, 0xFC, 0x7F, 0xE1, 0xFC,
    0x00, 0x00, 0x00, 0x1E, 0x00, 0xE0, 0x0F, 0x00, 0x00, 0x1E, 0x79, 0xF7, 0xCF, 0xBE, 0x7D, 0xF1,
    0xE7, 0x80, 0x00, 0xE0, 0xF7, 0x07, 0xB8, 0x3D, 0xC1, 0xEE, 0x0F, 0x70, 0x7B, 0x83, 0xDE, 0x1E,
    0xF0, 0xF7, 0xDF, 0xBF, 0xFC, 0xFF, 0xE3, 0xEF, 0x00, 0x01, 0xEF, 0x07, 0xF0, 0x1F, 0x80, 0x00,
    0x1E, 0x79, 0xF7, 0xCF, 0xBE, 0x7D, 0xF1, 0xE7, 0x80, 0x01, 0xE0, 0xFF, 0x07, 0xF8, 0x3F, 0xC1,
    0xFE, 0x0F, 0xF0, 0x7F, 0x83, 0xFC, 0x1F, 0xE0, 0xFF, 0x07, 0xF8, 0x3F, 0xC1, 0xFE, 0x0F, 0xF0,
    0x7F, 0xEF, 0xDF, 0xFC, 0x7F, 0xE1, 0xFC, 0x00, 0x00, 0x01, 0xEF, 0x07, 0xF0, 0x1F, 0x80, 0x00,
    0x1E, 0x79, 0xF7, 0xCF, 0xBE, 0x7D, 0xF1, 0xE7, 0x80, 0x00, 0xE0, 0xF7, 0x07, 0xB8, 0x3D, 0xC1,
    0xEE, 0x0F, 0x70, 0x7B, 0x83, 0xDE, 0x1E, 0xF0, 0xF7, 0xDF, 0xBF, 0xFC, 0xFF, 0xE3, 0xEF, 0x00,
    0x00, 0xF0, 0x03, 0xC0, 0x0E, 0x03, 0xCF, 0x3E, 0xF9, 0xF7, 0xCF, 0xBE, 0x3C, 0xF0, 0x00, 0x3C,
    0x1F, 0xE0, 0xFF, 0x07, 0xF8, 0x3F, 0xC1, 0xFE, 0x0F, 0xF0, 0x7F, 0x83, 0xFC, 0x1F, 0xE0, 0xFF,
    0x07, 0xF8, 0x3F, 0xC1, 0xFE, 0x0F, 0xFD, 0xFB, 0xFF, 0x8F, 0xFC, 0x3F, 0x80, 0x00, 0x00, 0xF0,
    0x03, 0xC0, 0x0E, 0x00, 0x00, 0x1E, 0x79, 0xF7, 0xCF, 0xBE, 0x7D, 0xF1, 0xE7, 0x80, 0x00, 0xE0,
    0xF7, 0x07, 0xB8, 0x3D, 0xC1, 0xEE, 0x0F, 0x70, 0x7B, 0x83, 0xDE, 0x1E, 0xF0, 0xF7, 0xDF, 0xBF,
    0xFC, 0xFF, 0xE3, 0xEF, 0x00, 0x01, 0xEF, 0x07, 0xF0, 0x1F, 0x80, 0x00, 0x00, 0x00, 0x7F, 0x07,
    0xFC, 0x7F, 0xF7, 0xEF, 0xFC, 0x1F, 0xE0, 0xFF, 0x07, 0xF8, 0x03, 0xC0, 0x1E, 0xFF, 0xF7, 0xFF,
    0xBF, 0xFC, 0x1F, 0xE0, 0xFF, 0xDF, 0xBF, 0xFC, 0xFF, 0xE3, 0xF7, 0x00, 0x03, 0xDE, 0x0F, 0xE0,
    0x3F, 0x00, 0x00, 0x00, 0x00, 0x7F, 0xEF, 0xFF, 0x7F, 0xFF, 0xEF, 0xFC, 0x1F, 0xE0, 0xFF, 0x07,
    0xF8, 0x3F, 0xC1, 0xFF, 0xBF, 0x7F, 0xFB, 0xFF, 0xCF, 0xFE, 0x00, 0xF0, 0x07, 0x9F, 0xFC, 0xFF,
    0xE7, 0xFF, 0x1F, 0xC0, 0xFF, 0x87, 0xFF, 0x1F, 0x7E, 0xF0, 0x7B, 0xC1, 0xEF, 0x07, 0xBC, 0x1E,
    0xF0, 0x7B, 0xC1, 0xEF, 0x07, 0xBC, 0x1E, 0xF0, 0x7B, 0xC1, 0xEF, 0x8F, 0x9F, 0xFC, 0x3F, 0xF0,
    0x7F, 0x80, 0x70, 0x01, 0xC0, 0x07, 0xC0, 0x1F, 0x00, 0x18, 0x00, 0x1F, 0xC0, 0xFF, 0x87, 0xFF,
    0x3F, 0x7E, 0xF0, 0x7B, 0xC1, 0xEF, 0x03, 0xBC, 0x1E, 0xF0, 0x7B, 0xE3, 0xE7, 0xFF, 0x0F, 0xFC,
    0x1F, 0xC0, 0x1C, 0x00, 0x70, 0x01, 0xF0, 0x07, 0xC0, 0x06, 0x00, 0x0F, 0xE0, 0x3F, 0xF0, 0xFF,
    0xE3, 0xF7, 0xE7, 0x83, 0xCF, 0x07, 0x9F, 0x87, 0x1F, 0xF0, 0x3F, 0xF8, 0x1F, 0xF8, 0x07, 0xF3,
    0xC1, 0xF7, 0x83, 0xEF, 0x07, 0xDF, 0x9F, 0x1F, 0xFE, 0x1F, 0xF8, 0x1F, 0xE0, 0x00, 0x00, 0x00,
    0x00, 0x3C, 0x00, 0xF8, 0x01, 0xF0, 0x01, 0xE0, 0x00, 0xC0, 0x07, 0x80, 0x0F, 0x00, 0x3F, 0x87,
    0xFC, 0x7F, 0xEF, 0xBE, 0x79, 0x87, 0xF8, 0x3F, 0xE0, 0xFE, 0x71, 0xEF, 0x9E, 0xFF, 0xE7, 0xFE,
    0x3F, 0x80, 0x00, 0x00, 0x00, 0xF0, 0x1F, 0x01, 0xF0, 0x0F, 0x00, 0x70, 0x0F, 0x00, 0xF0, 0xFF,
    0xFF, 0xFF, 0xFF, 0xFE, 0x0F, 0x00, 0x78, 0x03, 0xC0, 0x1E, 0x00, 0xF0, 0x07, 0x80, 0x3C, 0x01,
    0xE0, 0x0F, 0x00, 0x78, 0x03, 0xC0, 0x1E, 0x00, 0xF0, 0x07, 0x80, 0x3C, 0x00, 0x00, 0x00, 0x00,
    0x78, 0x07, 0xC0, 0x3E, 0x00, 0xF0, 0x03, 0x80, 0x3C, 0x01, 0xE0, 0x0F, 0x00, 0xF0, 0x0F, 0x00,
    0xF0, 0x0F, 0x0F, 0xFF, 0xFF, 0xFF, 0xFF, 0x0F, 0x00, 0xF0, 0x0F, 0x00, 0xF0, 0x0F, 0x00, 0xF0,
    0x0F, 0x00, 0xFF, 0x0F, 0xF0, 0xFF, 0x00, 0x00, 0x00, 0x0F, 0x00, 0xF0, 0x0F, 0x00, 0xF8, 0x03,
    0x00, 0xF0, 0x0F, 0x00, 0x07, 0x9E, 0x70, 0x03, 0xDD, 0xE0, 0x00, 0x1F, 0x1F, 0xDE, 0xF0, 0x3D,
    0xCF, 0xFB, 0xFE, 0x7F, 0xC2, 0x00, 0x00, 0xFF, 0xFF, 0xFF, 0xEF, 0xFF, 0xFB, 0xE0, 0x7F, 0xFF,
    0xF7, 0x80, 0x79, 0xDF, 0x7F, 0xEF, 0xFD, 0xF7, 0x9C, 0x79, 0xFF, 0xFF, 0xF8, 0x7B, 0xFF, 0xFF,
    0xFD, 0xE0, 0x00, 0x1F, 0xE7, 0x73, 0xFC, 0x00, 0x7B, 0xDF, 0xC7, 0xC0, 0x77, 0xB9, 0xCF, 0x7F,
    0xEE, 0x79, 0xF7, 0xDF, 0x1F, 0xFF, 0x80, 0x7F, 0xFF, 0xF7, 0x80, 0xF7, 0xFF, 0xF3, 0xFF, 0xC0,
    0x03, 0xEF, 0xFF, 0x1D, 0xF7, 0x80, 0xE7, 0x3D, 0xFF, 0x80, 0xEF, 0xFF, 0xFB, 0xE0, 0x00, 0xFF,
    0xFF, 0xFF, 0x0F, 0xE0, 0x1F, 0xC0, 0x3F, 0xC0, 0xF7, 0x81, 0xEF, 0x03, 0xDE, 0x07, 0x9E, 0x1F,
    0x3C, 0x3C, 0x78, 0x78, 0xF0, 0xF1, 0xF1, 0xFF, 0xE7, 0xFF, 0xCF, 0xFF, 0x9E, 0x0F, 0x3C, 0x0F,
    0xF8, 0x1F, 0xE0, 0x3C, 0x00, 0x00, 0x1E, 0x00, 0x7C, 0x00, 0xF8, 0x01, 0xF0, 0x01, 0xE0, 0x3F,
    0x79, 0xFF, 0xE7, 0xFF, 0xBF, 0x7E, 0xF0, 0xFB, 0xC1, 0xEF, 0x07, 0xBC, 0x1E, 0xF0, 0xFB, 0xF7,
    0xE7, 0xFF, 0xDF, 0xFF, 0x1F, 0x3C, 0x00, 0x00, 0xF0, 0x03, 0xE0, 0x1F, 0x80, 0x3E, 0x00, 0xF0,
    0x00, 0x01, 0xE0, 0x03, 0xE0, 0x0F, 0xC0, 0x1F, 0x80, 0x3E, 0x00, 0x00, 0x03, 0xF8, 0x07, 0xF0,
    0x0F, 0xF0, 0x3D, 0xE0, 0x7B, 0xC0, 0xF7, 0x81, 0xE7, 0x87, 0xCF, 0x0F, 0x1E, 0x1E, 0x3C, 0x3C,
    0x7C, 0x7F, 0xF9, 0xFF, 0xF3, 0xFF, 0xE7, 0x83, 0xCF, 0x03, 0xFE, 0x07, 0xF8, 0x0F, 0x07, 0xC0,
    0x1F, 0x80, 0xFE, 0x01, 0xF0, 0x07, 0x80, 0x00, 0x03, 0xF7, 0x9F, 0xFE, 0x7F, 0xFB, 0xF7, 0xEF,
    0x0F, 0xBC, 0x1E, 0xF0, 0x7B, 0xC1, 0xEF, 0x0F, 0xBF, 0x7E, 0x7F, 0xFD, 0xFF, 0xF1, 0xF3, 0xC0,
    0x00, 0x00, 0x00, 0x0F, 0x00, 0x1E, 0x07, 0xFC, 0x0F, 0xE0, 0x1E, 0xF0, 0x00, 0x00, 0x00, 0x00,
    0x0F, 0xE0, 0x0F, 0xE0, 0x0F, 0xF0, 0x1E, 0xF0, 0x1E, 0xF0, 0x1E, 0xF0, 0x1E, 0x78, 0x3E, 0x78,
    0x3C, 0x78, 0x3C, 0x78, 0x3C, 0x7C, 0x3F, 0xFC, 0x7F, 0xFC, 0x7F, 0xFC, 0x78, 0x3C, 0x78, 0x1E,
    0xF8, 0x1E, 0xF0, 0x1E, 0x00, 0x00, 0x00, 0x78, 0x00, 0xE0, 0xFF, 0xC1, 0xFC, 0x07, 0xB8, 0x00,
    0x00, 0x00, 0x00, 0x3F, 0x78, 0xFF, 0xF1, 0xFF, 0xE7, 0xEF, 0xCF, 0x0F, 0x9E, 0x0F, 0x3C, 0x1E,
    0x78, 0x3C, 0xF0, 0xF9, 0xFB, 0xF1, 0xFF, 0xF3, 0xFF, 0xE1, 0xF3, 0xC0, 0x00, 0x00, 0xF0, 0x00,
    0x78, 0x00, 0x3B, 0xF0, 0x07, 0xF0, 0x0F, 0x78, 0x00, 0x00, 0x00, 0x00, 0x07, 0xF0, 0x07, 0xF0,
    0x07, 0xF8, 0x0F, 0x78, 0x0F, 0x78, 0x0F, 0x78, 0x0F, 0x3C, 0x1F, 0x3C, 0x1E, 0x3C, 0x1E, 0x3C,
    0x1E, 0x3E, 0x1F, 0xFE, 0x3F, 0xFE, 0x3F, 0xFE, 0x3C, 0x1E, 0x3C, 0x0F, 0x7C, 0x0F, 0x78, 0x0F,
    0x00, 0x00, 0xF0, 0x00, 0x78, 0x00, 0x3B, 0xF0, 0x07, 0xF0, 0x07, 0x78, 0x00, 0x00, 0x00, 0x00,
    0x0F, 0xDE, 0x1F, 0xFE, 0x1F, 0xFE, 0x3F, 0x7E, 0x3C, 0x3E, 0x3C, 0x1E, 0x3C, 0x1E, 0x3C, 0x1E,
    0x3C, 0x3E, 0x3F, 0x7E, 0x1F, 0xFF, 0x1F, 0xFF, 0x07, 0xCF, 0x00, 0x1F, 0x00, 0x07, 0xC0, 0x07,
    0xE0, 0x03, 0xE0, 0x7F, 0xE0, 0x7F, 0x00, 0x7B, 0xC0, 0x00, 0x00, 0x00, 0x00, 0x07, 0xF0, 0x03,
    0xF8, 0x01, 0xFE, 0x01, 0xEF, 0x00, 0xF7, 0x80, 0x7B, 0xC0, 0x3C, 0xF0, 0x3E, 0x78, 0x1E, 0x3C,
    0x0F, 0x1E, 0x07, 0x8F, 0x83, 0xFF, 0xC3, 0xFF, 0xE1, 0xFF, 0xF0, 0xF0, 0x78, 0x78, 0x1E, 0x7C,
    0x0F, 0x3C, 0x07, 0x80, 0x00, 0x3C, 0x00, 0x7C, 0x01, 0xF8, 0x03, 0xF1, 0xFF, 0xC3, 0xF8, 0x0F,
    0x70, 0x00, 0x00, 0x00, 0x00, 0x7E, 0xF1, 0xFF, 0xE3, 0xFF, 0xCF, 0xDF, 0x9E, 0x1F, 0x3C, 0x1E,
    0x78, 0x3C, 0xF0, 0x79, 0xE1, 0xF3, 0xF7, 0xE3, 0xFF, 0xE7, 0xFF, 0xC3, 0xE7, 0x80, 0x0F, 0xF8,
    0x3F, 0xF0, 0x7F, 0xC0, 0xEF, 0x00, 0x80, 0x00, 0xFC, 0x03, 0xF8, 0x0F, 0x78, 0x00, 0x00, 0x1F,
    0xC0, 0x3F, 0x80, 0x7F, 0x81, 0xEF, 0x03, 0xDE, 0x07, 0xBC, 0x0F, 0x3C, 0x3E, 0x78, 0x78, 0xF0,
    0xF1, 0xE1, 0xE3, 0xE3, 0xFF, 0xCF, 0xFF, 0x9F, 0xFF, 0x3C, 0x1E, 0x78, 0x1F, 0xF0, 0x3F, 0xC0,
    0x78, 0x1E, 0xE0, 0xFF, 0x87, 0xFC, 0x1F, 0xF0, 0x30, 0x00, 0x7E, 0x01, 0xFC, 0x0F, 0x70, 0x00,
    0x00, 0x00, 0x03, 0xF7, 0x9F, 0xFE, 0x7F, 0xFB, 0xF7, 0xEF, 0x0F, 0xBC, 0x1E, 0xF0, 0x7B, 0xC1,
    0xEF, 0x0F, 0xBF, 0x7E, 0x7F, 0xFD, 0xFF, 0xF1, 0xF3, 0xC0, 0x00, 0x00, 0x0F, 0xC0, 0x3F, 0x80,
    0xF7, 0x80, 0x00, 0x00, 0x00, 0x03, 0xF8, 0x07, 0xF0, 0x0F, 0xF0, 0x3D, 0xE0, 0x7B, 0xC0, 0xF7,
    0x81, 0xE7, 0x87, 0xCF, 0x0F, 0x1E, 0x1E, 0x3C, 0x3C, 0x7C, 0x7F, 0xF9, 0xFF, 0xF3, 0xFF, 0xE7,
    0x83, 0xCF, 0x03, 0xFE, 0x07, 0xF8, 0x0F, 0x00, 0x00, 0x07, 0x80, 0x1F, 0x00, 0x3E, 0x00, 0x7C,
    0x00, 0x78, 0x00, 0x00, 0x00, 0x7E, 0x01, 0xFC, 0x0F, 0x70, 0x00, 0x00, 0x00, 0x03, 0xF7, 0x9F,
    0xFE, 0x7F, 0xFB, 0xF7, 0xEF, 0x0F, 0xBC, 0x1E, 0xF0, 0x7B, 0xC1, 0xEF, 0x0F, 0xBF, 0x7E, 0x7F,
    0xFD, 0xFF, 0xF1, 0xF3, 0xC0, 0x00, 0x0F, 0x00, 0x3E, 0x01, 0xF8, 0x03, 0xE0, 0x0F, 0x00, 0x00,
    0x00, 0x03, 0xC0, 0x07, 0x00, 0x1E, 0x00, 0x00, 0x00, 0x00, 0x03, 0xB8, 0x07, 0xF0, 0x0F, 0xE0,
    0x0F, 0x80, 0x3F, 0x80, 0x7F, 0x00, 0xFF, 0x03, 0xDE, 0x07, 0xBC, 0x0F, 0x78, 0x1E, 0x78, 0x7C,
    0xF0, 0xF1, 0xE1, 0xE3, 0xC3, 0xC7, 0xC7, 0xFF, 0x9F, 0xFF, 0x3F, 0xFE, 0x78, 0x3C, 0xF0, 0x3F,
    0xE0, 0x7F, 0x80, 0xF0, 0x00, 0x00, 0x0F, 0x00, 0x78, 0x01, 0xC0, 0x00, 0x00, 0x00, 0x01, 0x9C,
    0x07, 0xF0, 0x1F, 0x80, 0x3E, 0x00, 0x00, 0x0F, 0xDE, 0x7F, 0xF9, 0xFF, 0xEF, 0xDF, 0xBC, 0x3E,
    0xF0, 0x7B, 0xC1, 0xEF, 0x07, 0xBC, 0x3E, 0xFD, 0xF9, 0xFF, 0xF7, 0xFF, 0xC7, 0xCF, 0x00, 0x00,
    0x1E, 0x00, 0x1E, 0x00, 0x1C, 0x00, 0x00, 0x00, 0x00, 0x03, 0xB8, 0x07, 0xF0, 0x0F, 0xE0, 0x0F,
    0x80, 0x3F, 0x80, 0x7F, 0x00, 0xFF, 0x03, 0xDE, 0x07, 0xBC, 0x0F, 0x78, 0x1E, 0x78, 0x7C, 0xF0,
    0xF1, 0xE1, 0xE3, 0xC3, 0xC7, 0xC7, 0xFF, 0x9F, 0xFF, 0x3F, 0xFE, 0x78, 0x3C, 0xF0, 0x3F, 0xE0,
    0x7F, 0x80, 0xF0, 0x00, 0x00, 0x78, 0x01, 0xE0, 0x03, 0xC0, 0x00, 0x00, 0x00, 0x01, 0x9C, 0x07,
    0xF0, 0x1F, 0x80, 0x3E, 0x00, 0x00, 0x0F, 0xDE, 0x7F, 0xF9, 0xFF, 0xEF, 0xDF, 0xBC, 0x3E, 0xF0,
    0x7B, 0xC1, 0xEF, 0x07, 0xBC, 0x3E, 0xFD, 0xF9, 0xFF, 0xF7, 0xFF, 0xC7, 0xCF, 0x01, 0xE0, 0x03,
    0xE0, 0x0F, 0xC0, 0x1F, 0x80, 0x3E, 0x00, 0x00, 0x03, 0xB8, 0x07, 0xF0, 0x0F, 0xE0, 0x0F, 0x80,
    0x3F, 0x80, 0x7F, 0x00, 0xFF, 0x03, 0xDE, 0x07, 0xBC, 0x0F, 0x78, 0x1E, 0x78, 0x7C, 0xF0, 0xF1,
    0xE1, 0xE3, 0xC3, 0xC7, 0xC7, 0xFF, 0x9F, 0xFF, 0x3F, 0xFE, 0x78, 0x3C, 0xF0, 0x3F, 0xE0, 0x7F,
    0x80, 0xF0, 0x07, 0xC0, 0x1F, 0x80, 0xFE, 0x01, 0xF0, 0x07, 0x80, 0x00, 0x01, 0x9C, 0x07, 0xF0,
    0x1F, 0x80, 0x3E, 0x00, 0x00, 0x0F, 0xDE, 0x7F, 0xF9, 0xFF, 0xEF, 0xDF, 0xBC, 0x3E, 0xF0, 0x7B,
    0xC1, 0xEF, 0x07, 0xBC, 0x3E, 0xFD, 0xF9, 0xFF, 0xF7, 0xFF, 0xC7, 0xCF, 0x0F, 0xF8, 0x3F, 0xF0,
    0x7F, 0xC0, 0xEF, 0x00, 0x80, 0x01, 0xDC, 0x03, 0xF8, 0x07, 0xF0, 0x07, 0xC0, 0x1F, 0xC0, 0x3F,
    0x80, 0x7F, 0x81, 0xEF, 0x03, 0xDE, 0x07, 0xBC, 0x0F, 0x3C, 0x3E, 0x78, 0x78, 0xF0, 0xF1, 0xE1,
    0xE3, 0xE3, 0xFF, 0xCF, 0xFF, 0x9F, 0xFF, 0x3C, 0x1E, 0x78, 0x1F, 0xF0, 0x3F, 0xC0, 0x78, 0x1E,
    0xE0, 0xFF, 0x87, 0xFC, 0x1F, 0xF0, 0x30, 0x00, 0x67, 0x01, 0xFC, 0x07, 0xE0, 0x0F, 0x80, 0x00,
    0x03, 0xF7, 0x9F, 0xFE, 0x7F, 0xFB, 0xF7, 0xEF, 0x0F, 0xBC, 0x1E, 0xF0, 0x7B, 0xC1, 0xEF, 0x0F,
    0xBF, 0x7E, 0x7F, 0xFD, 0xFF, 0xF1, 0xF3, 0xC0, 0x0E, 0xE0, 0x1F, 0xC0, 0x3F, 0x80, 0x3E, 0x00,
    0x00, 0x01, 0xFC, 0x03, 0xF8, 0x07, 0xF8, 0x1E, 0xF0, 0x3D, 0xE0, 0x7B, 0xC0, 0xF3, 0xC3, 0xE7,
    0x87, 0x8F, 0x0F, 0x1E, 0x1E, 0x3E, 0x3F, 0xFC, 0xFF, 0xF9, 0xFF, 0xF3, 0xC1, 0xE7, 0x81, 0xFF,
    0x03, 0xFC, 0x07, 0x80, 0x00, 0x03, 0xC0, 0x0F, 0x80, 0x1F, 0x00, 0x3E, 0x00, 0x3C, 0x00, 0x19,
    0xC0, 0x7F, 0x01, 0xF8, 0x03, 0xE0, 0x00, 0x00, 0xFD, 0xE7, 0xFF, 0x9F, 0xFE, 0xFD, 0xFB, 0xC3,
    0xEF, 0x07, 0xBC, 0x1E, 0xF0, 0x7B, 0xC3, 0xEF, 0xDF, 0x9F, 0xFF, 0x7F, 0xFC, 0x7C, 0xF0, 0x00,
    0x03, 0xC0, 0x0F, 0x80, 0x7E, 0x00, 0xF8, 0x03, 0xC0, 0xFF, 0xEF, 0xFE, 0xFF, 0xEF, 0x00, 0xF0,
    0x0F, 0x00, 0xF0, 0x0F, 0x00, 0xFF, 0xEF, 0xFE, 0xFF, 0xEF, 0x00, 0xF0, 0x0F, 0x00, 0xF0, 0x0F,
    0xFF, 0xFF, 0xFF, 0xFF, 0x00, 0x00, 0xF0, 0x1F, 0x01, 0xF0, 0x1F, 0x00, 0xF0, 0x1F, 0xC1, 0xFF,
    0x1F, 0xFC, 0xFB, 0xFF, 0x07, 0xFF, 0xFF, 0xFF, 0xFF, 0xFF, 0xF0, 0x03, 0xE7, 0x9F, 0xFC, 0x7F,
    0xE1, 0xFC, 0x00, 0x00, 0x1E, 0x01, 0xF0, 0x0F, 0x80, 0x7C, 0x01, 0xE0, 0x07, 0x80, 0x7C, 0x0F,
    0xC0, 0xFC, 0x0F, 0x80, 0x00, 0xFF, 0xEF, 0xFE, 0xFF, 0xEF, 0x00, 0xF0, 0x0F, 0x00, 0xF0, 0x0F,
    0x00, 0xFF, 0xEF, 0xFE, 0xFF, 0xEF, 0x00, 0xF0, 0x0F, 0x00, 0xF0, 0x0F, 0xFF, 0xFF, 0xFF, 0xFF,
    0x03, 0xC0, 0x1F, 0x01, 0xF8, 0x0F, 0xC0, 0x7C, 0x00, 0x00, 0x7F, 0x07, 0xFC, 0x7F, 0xF3, 0xEF,
    0xFC, 0x1F, 0xFF, 0xFF, 0xFF, 0xFF, 0xFF, 0xC0, 0x0F, 0x9E, 0x7F, 0xF1, 0xFF, 0x87, 0xF0, 0x3F,
    0xE7, 0xFE, 0x7F, 0xC7, 0x78, 0x20, 0x0F, 0xFE, 0xFF, 0xEF, 0xFE, 0xF0, 0x0F, 0x00, 0xF0, 0x0F,
    0x00, 0xF0, 0x0F, 0xFE, 0xFF, 0xEF, 0xFE, 0xF0, 0x0F, 0x00, 0xF0, 0x0F, 0x00, 0xFF, 0xFF, 0xFF,
    0xFF, 0xF0, 0x1F, 0xF1, 0xFF, 0x8F, 0xF8, 0x77, 0x81, 0x00, 0x0F, 0xE0, 0xFF, 0x8F, 0xFE, 0x7D,
    0xFF, 0x83, 0xFF, 0xFF, 0xFF, 0xFF, 0xFF, 0xF8, 0x01, 0xF3, 0xCF, 0xFE, 0x3F, 0xF0, 0xFE, 0x00,
    0x00, 0x00, 0x00, 0xF0, 0x07, 0x87, 0xFC, 0x3F, 0x81, 0xEF, 0x00, 0x00, 0x00, 0x00, 0xFF, 0xE3,
    0xFF, 0x8F, 0xFE, 0x3C, 0x00, 0xF0, 0x03, 0xC0, 0x0F, 0x00, 0x3C, 0x00, 0xFF, 0xE3, 0xFF, 0x8F,
    0xFE, 0x3C, 0x00, 0xF0, 0x03, 0xC0, 0x0F, 0x00, 0x3F, 0xFC, 0xFF, 0xF3, 0xFF, 0xC0, 0x00, 0x00,
    0x00, 0x3C, 0x00, 0xF0, 0x7F, 0xC1, 0xFC, 0x07, 0xBC, 0x00, 0x00, 0x00, 0x00, 0x1F, 0xC0, 0x7F,
    0xC1, 0xFF, 0xC3, 0xEF, 0xCF, 0x07, 0x9F, 0xFF, 0x3F, 0xFE, 0x7F, 0xFC, 0xF0, 0x00, 0xF9, 0xE1,
    0xFF, 0xC1, 0xFF, 0x81, 0xFC, 0x00, 0x00, 0x01, 0xE0, 0x01, 0xE0, 0x01, 0xDF, 0x80, 0x7F, 0x01,
    0xEF, 0x00, 0x00, 0x00, 0x00, 0x1F, 0xFC, 0x3F, 0xF8, 0x7F, 0xF0, 0xF0, 0x01, 0xE0, 0x03, 0xC0,
    0x07, 0x80, 0x0F, 0x00, 0x1F, 0xFC, 0x3F, 0xF8, 0x7F, 0xF0, 0xF0, 0x01, 0xE0, 0x03, 0xC0, 0x07,
    0x80, 0x0F, 0xFF, 0x1F, 0xFE, 0x3F, 0xFC, 0x00, 0x01, 0xE0, 0x01, 0xE0, 0x01, 0xDF, 0x80, 0x7F,
    0x01, 0xEF, 0x00, 0x00, 0x00, 0x00, 0x07, 0xF0, 0x1F, 0xF0, 0x7F, 0xF0, 0xFB, 0xF3, 0xC1, 0xE7,
    0xFF, 0xCF, 0xFF, 0x9F, 0xFF, 0x3C, 0x00, 0x3E, 0x78, 0x7F, 0xF0, 0x7F, 0xE0, 0x7F, 0x00, 0x00,
    0x7C, 0x00, 0x7C, 0x01, 0xF8, 0x03, 0xE1, 0xFF, 0x87, 0xF0, 0x1E, 0xF0, 0x00, 0x00, 0x00, 0x01,
    0xFF, 0xC3, 0xFF, 0x87, 0xFF, 0x0F, 0x00, 0x1E, 0x00, 0x3C, 0x00, 0x78, 0x00, 0xF0, 0x01, 0xFF,
    0xC3, 0xFF, 0x87, 0xFF, 0x0F, 0x00, 0x1E, 0x00, 0x3C, 0x00, 0x78, 0x00, 0xFF, 0xF1, 0xFF, 0xE3,
    0xFF, 0xC0, 0x00, 0x3E, 0x00, 0x1F, 0x00, 0x3F, 0x00, 0x3E, 0x0F, 0xFC, 0x1F, 0xC0, 0x3D, 0xE0,
    0x00, 0x00, 0x00, 0x00, 0x1F, 0xC0, 0x3F, 0xE0, 0x7F, 0xF0, 0x7D, 0xF8, 0xF0, 0x78, 0xFF, 0xF8,
    0xFF, 0xF8, 0xFF, 0xF8, 0xF0, 0x00, 0x7C, 0xF0, 0x7F, 0xF0, 0x3F, 0xF0, 0x1F, 0xC0, 0x3F, 0xE7,
    0xFE, 0x7F, 0xC7, 0x78, 0x20, 0x01, 0xF8, 0x3F, 0x87, 0xBC, 0x00, 0x0F, 0xFE, 0xFF, 0xEF, 0xFE,
    0xF0, 0x0F, 0x00, 0xF0, 0x0F, 0x00, 0xF0, 0x0F, 0xFE, 0xFF, 0xEF, 0xFE, 0xF0, 0x0F, 0x00, 0xF0,
    0x0F, 0x00, 0xFF, 0xFF, 0xFF, 0xFF, 0xF0, 0x1F, 0xF1, 0xFF, 0x8F, 0xF8, 0x77, 0x81, 0x00, 0x07,
    0xE0, 0x7F, 0x07, 0xBC, 0x00, 0x00, 0x00, 0x07, 0xF0, 0x7F, 0xC7, 0xFF, 0x3E, 0xFF, 0xC1, 0xFF,
    0xFF, 0xFF, 0xFF, 0xFF, 0xFC, 0x00, 0xF9, 0xE7, 0xFF, 0x1F, 0xF8, 0x7F, 0x00, 0x00, 0x01, 0xF8,
    0x3F, 0x87, 0xBC, 0x00, 0x00, 0x00, 0xFF, 0xEF, 0xFE, 0xFF, 0xEF, 0x00, 0xF0, 0x0F, 0x00, 0xF0,
    0x0F, 0x00, 0xFF, 0xEF, 0xFE, 0xFF, 0xEF, 0x00, 0xF0, 0x0F, 0x00, 0xF0, 0x0F, 0xFF, 0xFF, 0xFF,
    0xFF, 0x00, 0x00, 0xF0, 0x1F, 0x01, 0xF0, 0x1F, 0x00, 0xF0, 0x00, 0x00, 0x7E, 0x07, 0xF0, 0x7B,
    0xC0, 0x00, 0x00, 0x00, 0x7F, 0x07, 0xFC, 0x7F, 0xF3, 0xEF, 0xFC, 0x1F, 0xFF, 0xFF, 0xFF, 0xFF,
    0xFF, 0xC0, 0x0F, 0x9E, 0x7F, 0xF1, 0xFF, 0x87, 0xF0, 0x00, 0x00, 0x78, 0x07, 0xC0, 0x3E, 0x01,
    0xF0, 0x07, 0x80, 0x03, 0xC0, 0x1F, 0x01, 0xF8, 0x0F, 0xC0, 0x7C, 0x00, 0x03, 0xFF, 0xFF, 0xFF,
    0xFF, 0xF8, 0x3C, 0x01, 0xE0, 0x0F, 0x00, 0x78, 0x03, 0xC0, 0x1E, 0x00, 0xF0, 0x07, 0x80, 0x3C,
    0x01, 0xE0, 0x0F, 0x00, 0x78, 0x7F, 0xFF, 0xFF, 0xFF, 0xFF, 0x07, 0x80, 0x7C, 0x0F, 0xC0, 0xFC,
    0x0F, 0x00, 0x00, 0xFF, 0x0F, 0xF0, 0xFF, 0x00, 0xF0, 0x0F, 0x00, 0xF0, 0x0F, 0x00, 0xF0, 0x0F,
    0x00, 0xF0, 0xFF, 0xFF, 0xFF, 0xFF, 0xF0, 0xFF, 0xFF, 0xFF, 0xFF, 0xFE, 0x0F, 0x00, 0x78, 0x03,
    0xC0, 0x1E, 0x00, 0xF0, 0x07, 0x80, 0x3C, 0x01, 0xE0, 0x0F, 0x00, 0x78, 0x03, 0xC0, 0x1E, 0x1F,
    0xFF, 0xFF, 0xFF, 0xFF, 0xC0, 0x00, 0x0F, 0x00, 0xF8, 0x07, 0xC0, 0x3E, 0x00, 0xF0, 0x0F, 0x01,
    0xF0, 0x1F, 0x81, 0xF0, 0x0F, 0x00, 0x00, 0xFF, 0x0F, 0xF0, 0xFF, 0x00, 0xF0, 0x0F, 0x00, 0xF0,
    0x0F, 0x00, 0xF0, 0x0F, 0x00, 0xF0, 0xFF, 0xFF, 0xFF, 0xFF, 0xF0, 0x00, 0x0F, 0x01, 0xF0, 0x1F,
    0x81, 0xF0, 0x0F, 0x00, 0x1F, 0xC0, 0xFF, 0x87, 0xFF, 0x1F, 0x7E, 0xF0, 0x7B, 0xC1, 0xEF, 0x07,
    0xBC, 0x1E, 0xF0, 0x7B, 0xC1, 0xEF, 0x07, 0xBC, 0x1E, 0xF0, 0x7B, 0xC1, 0xEF, 0xDF, 0x9F, 0xFC,
    0x3F, 0xF0, 0x7F, 0x00, 0x00, 0x01, 0xE0, 0x0F, 0x80, 0x3E, 0x00, 0xF8, 0x01, 0xE0, 0x1F, 0xC0,
    0xFF, 0x87, 0xFF, 0x3F, 0x7E, 0xF0, 0x7B, 0xC1, 0xEF, 0x03, 0xBC, 0x1E, 0xF0, 0x7B, 0xF7, 0xE7,
    0xFF, 0x0F, 0xF8, 0x1F, 0xC0, 0x00, 0x00, 0x78, 0x03, 0xE0, 0x0F, 0x80, 0x3E, 0x00, 0x78, 0x00,
    0x03, 0xC0, 0x0F, 0x80, 0x7E, 0x01, 0xF8, 0x07, 0xC0, 0x00, 0x01, 0xFC, 0x0F, 0xF8, 0x7F, 0xF1,
    0xF7, 0xEF, 0x07, 0xBC, 0x1E, 0xF0, 0x7B, 0xC1, 0xEF, 0x07, 0xBC, 0x1E, 0xF0, 0x7B, 0xC1, 0xEF,
    0x07, 0xBC, 0x1E, 0xFD, 0xF9, 0xFF, 0xC3, 0xFF, 0x07, 0xF0, 0x03, 0xC0, 0x0F, 0x80, 0x7E, 0x01,
    0xF8, 0x07, 0xC0, 0x00, 0x01, 0xFC, 0x0F, 0xF8, 0x7F, 0xF3, 0xF7, 0xEF, 0x07, 0xBC, 0x1E, 0xF0,
    0x3B, 0xC1, 0xEF, 0x07, 0xBF, 0x7E, 0x7F, 0xF0, 0xFF, 0x81, 0xFC, 0x00, 0x00, 0x00, 0x00, 0x3C,
    0x00, 0xF0, 0x7F, 0xC1, 0xFC, 0x07, 0xBC, 0x00, 0x00, 0x00, 0x00, 0x1F, 0xC0, 0x7F, 0xC1, 0xFF,
    0xC3, 0xEF, 0xCF, 0x07, 0x9E, 0x0F, 0x3C, 0x1E, 0x78, 0x3C, 0xF0, 0x79, 0xE0, 0xF3, 0xC1, 0xE7,
    0x83, 0xCF, 0x07, 0x9E, 0x0F, 0x3F, 0x7E, 0x3F, 0xF8, 0x3F, 0xF0, 0x3F, 0x80, 0x00, 0x00, 0x00,
    0x3C, 0x00, 0xF0, 0x7F, 0xC1, 0xFC, 0x07, 0xBC, 0x00, 0x00, 0x00, 0x00, 0x1F, 0xC0, 0x7F, 0xC1,
    0xFF, 0xC7, 0xEF, 0xCF, 0x07, 0x9E, 0x0F, 0x3C, 0x0E, 0x78, 0x3C, 0xF0, 0x79, 0xFB, 0xF1, 0xFF,
    0xC1, 0xFF, 0x01, 0xFC, 0x00, 0x00, 0x00, 0xF0, 0x00, 0x78, 0x00, 0x3B, 0xF0, 0x07, 0xF0, 0x0F,
    0x78, 0x00, 0x00, 0x00, 0x00, 0x07, 0xF0, 0x0F, 0xF8, 0x1F, 0xFC, 0x1F, 0x7E, 0x3C, 0x1E, 0x3C,
    0x1E, 0x3C, 0x1E, 0x3C, 0x1E, 0x3C, 0x1E, 0x3C, 0x1E, 0x3C, 0x1E, 0x3C, 0x1E, 0x3C, 0x1E, 0x3C,
    0x1E, 0x3F, 0x7E, 0x1F, 0xFC, 0x0F, 0xFC, 0x07, 0xF0, 0x00, 0x00, 0xF0, 0x00, 0x78, 0x00, 0x3B,
    0xF0, 0x07, 0xF0, 0x0F, 0x78, 0x00, 0x00, 0x00, 0x00, 0x07, 0xF0, 0x0F, 0xF8, 0x1F, 0xFC, 0x3F,
    0x7E, 0x3C, 0x1E, 0x3C, 0x1E, 0x3C, 0x0E, 0x3C, 0x1E, 0x3C, 0x1E, 0x3F, 0x7E, 0x1F, 0xFC, 0x0F,
    0xF8, 0x07, 0xF0, 0x00, 0x3E, 0x00, 0x1F, 0x00, 0x3F, 0x00, 0x3E, 0x0F, 0xFC, 0x1F, 0xC0, 0x3D,
    0xE0, 0x00, 0x00, 0x00, 0x00, 0x1F, 0xC0, 0x3F, 0xE0, 0x7F, 0xF0, 0x7D, 0xF8, 0xF0, 0x78, 0xF0,
    0x78, 0xF0, 0x78, 0xF0, 0x78, 0xF0, 0x78, 0xF0, 0x78, 0xF0, 0x78, 0xF0, 0x78, 0xF0, 0x78, 0xF0,
    0x78, 0xFD, 0xF8, 0x7F, 0xF0, 0x3F, 0xF0, 0x1F, 0xC0, 0x00, 0x3E, 0x00, 0x1F, 0x00, 0x3F, 0x00,
    0x3E, 0x0F, 0xFC, 0x1F, 0xC0, 0x3D, 0xE0, 0x00, 0x00, 0x00, 0x00, 0x1F, 0xC0, 0x3F, 0xE0, 0x7F,
    0xF0, 0xFD, 0xF8, 0xF0, 0x78, 0xF0, 0x78, 0xF0, 0x38, 0xF0, 0x78, 0xF0, 0x78, 0xFD, 0xF8, 0x7F,
    0xF0, 0x3F, 0xE0, 0x1F, 0xC0, 0x1F, 0xF0, 0xFF, 0xC3, 0xFE, 0x0E, 0xF0, 0x10, 0x00, 0x3F, 0x01,
    0xFC, 0x0F, 0x78, 0x00, 0x00, 0x7F, 0x03, 0xFE, 0x1F, 0xFC, 0x7D, 0xFB, 0xC1, 0xEF, 0x07, 0xBC,
    0x1E, 0xF0, 0x7B, 0xC1, 0xEF, 0x07, 0xBC, 0x1E, 0xF0, 0x7B, 0xC1, 0xEF, 0x07, 0xBF, 0x7E, 0x7F,
    0xF0, 0xFF, 0xC1, 0xFC, 0x00, 0x1F, 0xF0, 0xFF, 0xC3, 0xFE, 0x0E, 0xF0, 0x10, 0x00, 0x3F, 0x01,
    0xFC, 0x0F, 0x78, 0x00, 0x00, 0x00, 0x01, 0xFC, 0x0F, 0xF8, 0x7F, 0xF3, 0xF7, 0xEF, 0x07, 0xBC,
    0x1E, 0xF0, 0x3B, 0xC1, 0xEF, 0x07, 0xBF, 0x7E, 0x7F, 0xF0, 0xFF, 0x81, 0xFC, 0x00, 0x00, 0x00,
    0x3F, 0x01, 0xFC, 0x0F, 0x78, 0x00, 0x00, 0x00, 0x01, 0xFC, 0x0F, 0xF8, 0x7F, 0xF1, 0xF7, 0xEF,
    0x07, 0xBC, 0x1E, 0xF0, 0x7B, 0xC1, 0xEF, 0x07, 0xBC, 0x1E, 0xF0, 0x7B, 0xC1, 0xEF, 0x07, 0xBC,
    0x1E, 0xFD, 0xF9, 0xFF, 0xC3, 0xFF, 0x07, 0xF0, 0x00, 0x00, 0x1E, 0x00, 0xF8, 0x03, 0xE0, 0x0F,
    0x80, 0x1E, 0x00, 0x00, 0x00, 0x3F, 0x01, 0xFC, 0x0F, 0x78, 0x00, 0x00, 0x00, 0x01, 0xFC, 0x0F,
    0xF8, 0x7F, 0xF3, 0xF7, 0xEF, 0x07, 0xBC, 0x1E, 0xF0, 0x3B, 0xC1, 0xEF, 0x07, 0xBF, 0x7E, 0x7F,
    0xF0, 0xFF, 0x81, 0xFC, 0x00, 0x00, 0x07, 0x80, 0x3E, 0x00, 0xF8, 0x03, 0xE0, 0x07, 0x80, 0x00,
    0x00, 0x07, 0x80, 0x0F, 0x00, 0x0E, 0x00, 0x00, 0x00, 0x00, 0x00, 0x3F, 0x9E, 0x7F, 0xDE, 0x7F,
    0xFF, 0xFB, 0xFF, 0xF1, 0xE7, 0xF1, 0xFE, 0xF1, 0xFE, 0xF1, 0xE0, 0xF1, 0xE0, 0xF1, 0xE0, 0xF1,
    0xE0, 0xF1, 0xE0, 0xF1, 0xE0, 0xF1, 0xE0, 0xFB, 0xE0, 0x7F, 0xC0, 0x7F, 0xC0, 0x3F, 0x80, 0x00,
    0x00, 0x0F, 0x00, 0x1C, 0x00, 0x78, 0x00, 0x00, 0x00, 0x00, 0x07, 0xE7, 0x9F, 0xFF, 0x7F, 0xFE,
    0xF7, 0xFF, 0xC7, 0x9F, 0x8F, 0xFF, 0x1F, 0xFE, 0x3C, 0x3C, 0x78, 0x3D, 0xE0, 0x7F, 0xC0, 0x7F,
    0x00, 0x7C, 0x00, 0x00, 0x00, 0x3C, 0x00, 0x1C, 0x00, 0x1E, 0x00, 0x00, 0x00, 0x00, 0x00, 0x3F,
    0x9E, 0x7F, 0xDE, 0x7F, 0xFF, 0xFB, 0xFF, 0xF1, 0xE7, 0xF1, 0xFE, 0xF1, 0xFE, 0xF1, 0xE0, 0xF1,
    0xE0, 0xF1, 0xE0, 0xF1, 0xE0, 0xF1, 0xE0, 0xF1, 0xE0, 0xF1, 0xE0, 0xFB, 0xE0, 0x7F, 0xC0, 0x7F,
    0xC0, 0x3F, 0x80, 0x00, 0x00, 0x78, 0x00, 0x78, 0x00, 0x70, 0x00, 0x00, 0x00, 0x00, 0x07, 0xE7,
    0x9F, 0xFF, 0x7F, 0xFE, 0xF7, 0xFF, 0xC7, 0x9F, 0x8F, 0xFF, 0x1F, 0xFE, 0x3C, 0x3C, 0x78, 0x3D,
    0xE0, 0x7F, 0xC0, 0x7F, 0x00, 0x7C, 0x00, 0x07, 0x80, 0x07, 0xC0, 0x0F, 0xC0, 0x0F, 0xC0, 0x0F,
    0x80, 0x00, 0x00, 0x3F, 0x9E, 0x7F, 0xDE, 0x7F, 0xFF, 0xFB, 0xFF, 0xF1, 0xE7, 0xF1, 0xFE, 0xF1,
    0xFE, 0xF1, 0xE0, 0xF1, 0xE0, 0xF1, 0xE0, 0xF1, 0xE0, 0xF1, 0xE0, 0xF1, 0xE0, 0xF1, 0xE0, 0xFB,
    0xE0, 0x7F, 0xC0, 0x7F, 0xC0, 0x3F, 0x80, 0x07, 0x80, 0x0F, 0x80, 0x3F, 0x00, 0x7E, 0x00, 0xF8,
    0x00, 0x00, 0x07, 0xE7, 0x9F, 0xFF, 0x7F, 0xFE, 0xF7, 0xFF, 0xC7, 0x9F, 0x8F, 0xFF, 0x1F, 0xFE,
    0x3C, 0x3C, 0x78, 0x3D, 0xE0, 0x7F, 0xC0, 0x7F, 0x00, 0x7C, 0x00, 0x3F, 0xC0, 0x7F, 0xC0, 0x7F,
    0xC0, 0x7F, 0x80, 0x20, 0x00, 0x3F, 0x9E, 0x7F, 0xDE, 0x7F, 0xFF, 0xFB, 0xFF, 0xF1, 0xE7, 0xF1,
    0xFE, 0xF1, 0xFE, 0xF1, 0xE0, 0xF1, 0xE0, 0xF1, 0xE0, 0xF1, 0xE0, 0xF1, 0xE0, 0xF1, 0xE0, 0xF1,
    0xE0, 0xFB, 0xE0, 0x7F, 0xC0, 0x7F, 0xC0, 0x3F, 0x80, 0x3F, 0xE0, 0xFF, 0xC1, 0xFF, 0x03, 0xFC,
    0x02, 0x00, 0x03, 0xF3, 0xCF, 0xFF, 0xBF, 0xFF, 0x7B, 0xFF, 0xE3, 0xCF, 0xC7, 0xFF, 0x8F, 0xFF,
    0x1E, 0x1E, 0x3C, 0x1E, 0xF0, 0x3F, 0xE0, 0x3F, 0x80, 0x3E, 0x00, 0x3F, 0x9E, 0x7F, 0xDE, 0x7F,
    0xFF, 0xFB, 0xFF, 0xF1, 0xE7, 0xF1, 0xFE, 0xF1, 0xFE, 0xF1, 0xE0, 0xF1, 0xE0, 0xF1, 0xE0, 0xF1,
    0xE0, 0xF1, 0xE0, 0xF1, 0xE0, 0xF1, 0xE0, 0xFB, 0xE0, 0x7F, 0xC0, 0x7F, 0xC0, 0x3F, 0x80, 0x00,
    0x00, 0x0E, 0x00, 0x1F, 0x00, 0x1F, 0x00, 0x1F, 0x00, 0x0E, 0x00, 0x1F, 0x9E, 0x7F, 0xFD, 0xFF,
    0xFB, 0xDF, 0xFF, 0x1E, 0x7E, 0x3F, 0xFC, 0x7F, 0xF8, 0xF0, 0xF1, 0xE0, 0xF7, 0x81, 0xFF, 0x01,
    0xFC, 0x01, 0xF0, 0x00, 0x00, 0x03, 0x80, 0x0F, 0x80, 0x1F, 0x00, 0x3E, 0x00, 0x38, 0x00, 0xF0,
    0x7F, 0x83, 0xFC, 0x1F, 0xE0, 0xFF, 0x07, 0xF8, 0x3F, 0xC1, 0xFE, 0x0F, 0xF0, 0x7F, 0x83, 0xFC,
    0x1F, 0xE0, 0xFF, 0x07, 0xF8, 0x3F, 0xF7, 0xEF, 0xFE, 0x3F, 0xF0, 0xFE, 0x00, 0x00, 0x0F, 0x00,
    0xF8, 0x07, 0xC0, 0x3E, 0x00, 0xF0, 0x70, 0x7B, 0x83, 0xDC, 0x1E, 0xE0, 0xF7, 0x07, 0xB8, 0x3D,
    0xC1, 0xEF, 0x0F, 0x78, 0x7B, 0xEF, 0xDF, 0xFE, 0x7F, 0xF1, 0xF7, 0x80, 0x00, 0x1E, 0x01, 0xF0,
    0x0F, 0x80, 0x7C, 0x01, 0xE0, 0x03, 0xC0, 0x1F, 0x01, 0xF8, 0x0F, 0xC0, 0x7C, 0x00, 0x03, 0xC1,
    0xFE, 0x0F, 0xF0, 0x7F, 0x83, 0xFC, 0x1F, 0xE0, 0xFF, 0x07, 0xF8, 0x3F, 0xC1, 0xFE, 0x0F, 0xF0,
    0x7F, 0x83, 0xFC, 0x1F, 0xE0, 0xFF, 0xDF, 0xBF, 0xF8, 0xFF, 0xC3, 0xF8, 0x03, 0xC0, 0x1F, 0x01,
    0xF8, 0x0F, 0xC0, 0x7C, 0x00, 0x01, 0xC1, 0xEE, 0x0F, 0x70, 0x7B, 0x83, 0xDC, 0x1E, 0xE0, 0xF7,
    0x07, 0xBC, 0x3D, 0xE1, 0xEF, 0xBF, 0x7F, 0xF9, 0xFF, 0xC7, 0xDE, 0x00, 0x00, 0x07, 0x80, 0x0F,
    0x00, 0x0E, 0x00, 0x00, 0x00, 0x00, 0x00, 0xF3, 0xDE, 0xF3, 0xFE, 0xF3, 0xFF, 0xF3, 0xDF, 0xF3,
    0xC7, 0xF3, 0xFE, 0xF3, 0xFE, 0xF3, 0xC0, 0xF3, 0xC0, 0xF3, 0xC0, 0xF3, 0xC0, 0xF3, 0xC0, 0xF3,
    0xC0, 0xF3, 0xC0, 0xFB, 0xC0, 0x7F, 0xC0, 0x7F, 0x80, 0x3F, 0x00, 0x00, 0x00, 0x07, 0x80, 0x0F,
    0x00, 0x0E, 0x00, 0x00, 0x00, 0x00, 0x00, 0xF1, 0xDE, 0xF1, 0xFE, 0xF1, 0xFF, 0xF1, 0xDF, 0xF1,
    0xC7, 0xF1, 0xFE, 0xF1, 0xFE, 0xF1, 0xC0, 0xF3, 0xC0, 0xF3, 0xC0, 0xFF, 0xC0, 0x7F, 0xC0, 0x7F,
    0xC0, 0x00, 0x00, 0x3C, 0x00, 0x3C, 0x00, 0x1E, 0x00, 0x00, 0x00, 0x00, 0x00, 0xF3, 0xDE, 0xF3,
    0xFE, 0xF3, 0xFF, 0xF3, 0xDF, 0xF3, 0xC7, 0xF3, 0xFE, 0xF3, 0xFE, 0xF3, 0xC0, 0xF3, 0xC0, 0xF3,
    0xC0, 0xF3, 0xC0, 0xF3, 0xC0, 0xF3, 0xC0, 0xF3, 0xC0, 0xFB, 0xC0, 0x7F, 0xC0, 0x7F, 0x80, 0x3F,
    0x00, 0x00, 0x00, 0x3C, 0x00, 0x1C, 0x00, 0x1E, 0x00, 0x00, 0x00, 0x00, 0x00, 0xF1, 0xDE, 0xF1,
    0xFE, 0xF1, 0xFF, 0xF1, 0xDF, 0xF1, 0xC7, 0xF1, 0xFE, 0xF1, 0xFE, 0xF1, 0xC0, 0xF3, 0xC0, 0xF3,
    0xC0, 0xFF, 0xC0, 0x7F, 0xC0, 0x7F, 0xC0, 0x0F, 0x80, 0x07, 0xC0, 0x0F, 0xC0, 0x0F, 0x80, 0x0F,
    0x00, 0x00, 0x00, 0xF3, 0xDE, 0xF3, 0xFE, 0xF3, 0xFF, 0xF3, 0xDF, 0xF3, 0xC7, 0xF3, 0xFE, 0xF3,
    0xFE, 0xF3, 0xC0, 0xF3, 0xC0, 0xF3, 0xC0, 0xF3, 0xC0, 0xF3, 0xC0, 0xF3, 0xC0, 0xF3, 0xC0, 0xFB,
    0xC0, 0x7F, 0xC0, 0x7F, 0x80, 0x3F, 0x00, 0x0F, 0x80, 0x07, 0xC0, 0x0F, 0xC0, 0x0F, 0xC0, 0x0F,
    0x00, 0x00, 0x00, 0xF1, 0xDE, 0xF1, 0xFE, 0xF1, 0xFF, 0xF1, 0xDF, 0xF1, 0xC7, 0xF1, 0xFE, 0xF1,
    0xFE, 0xF1, 0xC0, 0xF3, 0xC0, 0xF3, 0xC0, 0xFF, 0xC0, 0x7F, 0xC0, 0x7F, 0xC0, 0x3D, 0xC0, 0x7F,
    0xC0, 0xFF, 0x80, 0xFF, 0x80, 0x20, 0x00, 0xF3, 0xDE, 0xF3, 0xFE, 0xF3, 0xFF, 0xF3, 0xDF, 0xF3,
    0xC7, 0xF3, 0xFE, 0xF3, 0xFE, 0xF3, 0xC0, 0xF3, 0xC0, 0xF3, 0xC0, 0xF3, 0xC0, 0xF3, 0xC0, 0xF3,
    0xC0, 0xF3, 0xC0, 0xFB, 0xC0, 0x7F, 0xC0, 0x7F, 0x80, 0x3F, 0x00, 0x3D, 0xC0, 0x7F, 0xC0, 0xFF,
    0xC0, 0xFF, 0x80, 0x20, 0x00, 0xF1, 0xDE, 0xF1, 0xFE, 0xF1, 0xFF, 0xF1, 0xDF, 0xF1, 0xC7, 0xF1,
    0xFE, 0xF1, 0xFE, 0xF1, 0xC0, 0xF3, 0xC0, 0xF3, 0xC0, 0xFF, 0xC0, 0x7F, 0xC0, 0x7F, 0xC0, 0xF3,
    0xDE, 0xF3, 0xFE, 0xF3, 0xFF, 0xF3, 0xDF, 0xF3, 0xC7, 0xF3, 0xFE, 0xF3, 0xFE, 0xF3, 0xC0, 0xF3,
    0xC0, 0xF3, 0xC0, 0xF3, 0xC0, 0xF3, 0xC0, 0xF3, 0xC0, 0xF3, 0xC0, 0xFB, 0xC0, 0x7F, 0xC0, 0x7F,
    0x80, 0x3F, 0x00, 0x00, 0x00, 0x1E, 0x00, 0x1F, 0x00, 0x3F, 0x00, 0x1F, 0x00, 0x1E, 0x00, 0xF1,
    0xDE, 0xF1, 0xFE, 0xF1, 0xFF, 0xF1, 0xDF, 0xF1, 0xC7, 0xF1, 0xFE, 0xF1, 0xFE, 0xF1, 0xC0, 0xF3,
    0xC0, 0xF3, 0xC0, 0xFF, 0xC0, 0x7F, 0xC0, 0x7F, 0xC0, 0x00, 0x00, 0x1E, 0x00, 0x1F, 0x00, 0x1F,
    0x00, 0x1F, 0x00, 0x1E, 0x00, 0x00, 0x00, 0x0F, 0x00, 0x07, 0x80, 0x03, 0x80, 0x00, 0x00, 0x00,
    0x00, 0xF0, 0x1E, 0xF8, 0x3E, 0x78, 0x3C, 0x7C, 0x3C, 0x3C, 0x7C, 0x3C, 0x78, 0x1E, 0xF8, 0x1E,
    0xF0, 0x1F, 0xF0, 0x0F, 0xE0, 0x0F, 0xE0, 0x07, 0xE0, 0x03, 0xC0, 0x03, 0xC0, 0x03, 0xC0, 0x03,
    0xC0, 0x03, 0xC0, 0x03, 0xC0, 0x00, 0x00, 0xF0, 0x03, 0xC0, 0x0E, 0x00, 0x00, 0x00, 0x01, 0xC1,
    0xEE, 0x0F, 0x70, 0x7B, 0x83, 0xDC, 0x1E, 0xE0, 0xF7, 0x07, 0xBC, 0x3D, 0xE1, 0xEF, 0xBF, 0x7F,
    0xF9, 0xFF, 0xC7, 0xDE, 0x00, 0xF0, 0x07, 0x8F, 0xFC, 0x7F, 0xE3, 0xFE, 0xF0, 0x1E, 0xF8, 0x3E,
    0x78, 0x3C, 0x7C, 0x3C, 0x3C, 0x7C, 0x3C, 0x78, 0x1E, 0xF8, 0x1E, 0xF0, 0x1F, 0xF0, 0x0F, 0xE0,
    0x0F, 0xE0, 0x07, 0xE0, 0x03, 0xC0, 0x03, 0xC0, 0x03, 0xC0, 0x03, 0xC0, 0x03, 0xC0, 0x03, 0xC0,
    0x00, 0x00, 0x03, 0xC0, 0x07, 0xC0, 0x07, 0xC0, 0x07, 0xC0, 0x03, 0xC0, 0x70, 0x7B, 0x83, 0xDC,
    0x1E, 0xE0, 0xF7, 0x07, 0xB8, 0x3D, 0xC1, 0xEF, 0x0F, 0x78, 0x7B, 0xEF, 0xDF, 0xFE, 0x7F, 0xF1,
    0xF7, 0x80, 0x3D, 0xE1, 0xFF, 0xFF, 0xFF, 0xFF, 0xFF, 0x9E, 0x00, 0x01, 0xE0, 0x01, 0xF0, 0x03,
    0xF0, 0x03, 0xF0, 0x03, 0xE0, 0x00, 0x00, 0xF0, 0x1E, 0xF8, 0x3E, 0x78, 0x3C, 0x7C, 0x3C, 0x3C,
    0x7C, 0x3C, 0x78, 0x1E, 0xF8, 0x1E, 0xF0, 0x1F, 0xF0, 0x0F, 0xE0, 0x0F, 0xE0, 0x07, 0xE0, 0x03,
    0xC0, 0x03, 0xC0, 0x03, 0xC0, 0x03, 0xC0, 0x03, 0xC0, 0x03, 0xC0, 0x03, 0xC0, 0x1F, 0x01, 0xF8,
    0x0F, 0xC0, 0x7C, 0x00, 0x01, 0xC1, 0xEE, 0x0F, 0x70, 0x7B, 0x83, 0xDC, 0x1E, 0xE0, 0xF7, 0x07,
    0xBC, 0x3D, 0xE1, 0xEF, 0xBF, 0x7F, 0xF9, 0xFF, 0xC7, 0xDE, 0x00, 0xF0, 0x07, 0x8F, 0xFC, 0x7F,
    0xE3, 0xFE, 0x0F, 0xF8, 0x1F, 0xF8, 0x1F, 0xF0, 0x1D, 0xE0, 0x08, 0x00, 0xF0, 0x1E, 0xF8, 0x3E,
    0x78, 0x3C, 0x7C, 0x3C, 0x3C, 0x7C, 0x3C, 0x78, 0x1E, 0xF8, 0x1E, 0xF0, 0x1F, 0xF0, 0x0F, 0xE0,
    0x0F, 0xE0, 0x07, 0xE0, 0x03, 0xC0, 0x03, 0xC0, 0x03, 0xC0, 0x03, 0xC0, 0x03, 0xC0, 0x03, 0xC0,
    0x1F, 0xF1, 0xFF, 0x8F, 0xF8, 0x77, 0x81, 0x00, 0x38, 0x3D, 0xC1, 0xEE, 0x0F, 0x70, 0x7B, 0x83,
    0xDC, 0x1E, 0xE0, 0xF7, 0x87, 0xBC, 0x3D, 0xF7, 0xEF, 0xFF, 0x3F, 0xF8, 0xFB, 0xC0, 0x1E, 0x00,
    0xF1, 0xFF, 0x8F, 0xFC, 0x7F, 0xC0, 0x00, 0x07, 0xFF, 0xFF, 0xFF, 0xFF, 0xF0, 0x00, 0x00, 0xFF,
    0xFF, 0xFF, 0xFF, 0xFF, 0xFF, 0x73, 0xCE, 0x3E, 0xFB, 0xEF, 0x9E, 0x7B, 0xEF, 0xBE, 0x79, 0xE7,
    0x80, 0x7B, 0xEF, 0xBE, 0x78, 0x67, 0x9E, 0x7B, 0xDF, 0x7B, 0x8E, 0x7D, 0xEF, 0xBF, 0xFF, 0xFE,
    0xFB, 0xCE, 0x79, 0xDF, 0x7F, 0xFF, 0xFF, 0xF7, 0xDE, 0xF3, 0xDE, 0x78, 0x79, 0xDF, 0x7F, 0xFF,
    0xFF, 0xF7, 0xDE, 0x39, 0xDE, 0x7B, 0xCE, 0x1C, 0x0E, 0x07, 0x1F, 0xFF, 0xFF, 0xFC, 0x70, 0x38,
    0x1C, 0x0E, 0x07, 0x03, 0x81, 0xC0, 0x1C, 0x0E, 0x07, 0x1F, 0xFF, 0xFF, 0xFC, 0x71, 0xFF, 0xFF,
    0xFF, 0xC7, 0x03, 0x81, 0xC0, 0x7C, 0xFE, 0xFE, 0xFF, 0xFE, 0xFE, 0x7C, 0x7B, 0xFD, 0xFF, 0xFF,
    0xFF, 0xFF, 0xFF, 0xF7, 0xBF, 0xC0, 0x3E, 0x00, 0xFE, 0x03, 0xFC, 0x07, 0x38, 0x0F, 0x70, 0x0F,
    0xE7, 0x1F, 0x9E, 0x04, 0xFC, 0x07, 0xE0, 0x3F, 0x00, 0xFF, 0x77, 0xFF, 0xFF, 0x3F, 0xE8, 0x7F,
    0xC0, 0xFF, 0x81, 0xFF, 0x03, 0xFE, 0x03, 0xF8, 0x7B, 0xEF, 0xFE, 0x79, 0xC6, 0x18, 0x79, 0xFF,
    0x7F, 0xFF, 0xFD, 0xF7, 0x9C, 0xE3, 0x18, 0xE3, 0x1C, 0x02, 0x0C, 0x7B, 0xFF, 0xFF, 0x38, 0x78,
    0xFD, 0xFC, 0xF8, 0x70, 0x60, 0x81, 0xC3, 0xC7, 0xEF, 0xE7, 0xC3, 0x8F, 0x7F, 0xFF, 0xE7, 0x8C,
    0x00, 0x00, 0x18, 0x01, 0xE0, 0x1F, 0x81, 0xF8, 0x1F, 0x81, 0xF8, 0x0F, 0x80, 0x38, 0x00, 0x00,
    0x00, 0x3C, 0xF9, 0xBB, 0x76, 0xED, 0xDF, 0xBE, 0x3C, 0x3C, 0x3C, 0x00, 0x78, 0x78, 0x18, 0x18,
    0x18, 0xFE, 0xFE, 0x3C, 0x79, 0xF3, 0x6E, 0xDF, 0xFF, 0x86, 0xFB, 0xEF, 0xBF, 0xDF, 0xF7, 0x80,
    0x7B, 0xED, 0xBE, 0xFB, 0x7F, 0x9E, 0xFF, 0xF1, 0xCE, 0x39, 0xC6, 0x00, 0x7B, 0xEF, 0xBE, 0xFB,
    0x7F, 0xFE, 0x7B, 0xEF, 0xFF, 0xFF, 0x7F, 0xBE, 0x1E, 0x7D, 0xE3, 0x86, 0x0C, 0x18, 0x30, 0x60,
    0xC1, 0xC1, 0xF1, 0xE0, 0x70, 0xF8, 0xF0, 0x70, 0xE1, 0xC3, 0x87, 0x0E, 0x1C, 0x73, 0xE7, 0x80,
    0xFE, 0xFE, 0xE6, 0xE7, 0xE7, 0xE7, 0xE7, 0x3C, 0xF9, 0xBB, 0x76, 0xED, 0xDF, 0xBE, 0x78, 0xF1,
    0xE2, 0xC1, 0x8F, 0xDF, 0x80, 0x7B, 0xFD, 0xDE, 0xF3, 0xFF, 0xC0, 0xFB, 0xE3, 0x8E, 0xDF, 0xFF,
    0x80, 0x3C, 0x79, 0xF3, 0x6E, 0xDF, 0xFF, 0x86, 0xFB, 0xEF, 0xBF, 0xDF, 0xF7, 0x80, 0x7B, 0xED,
    0xBE, 0xFB, 0x7F, 0x9E, 0xFF, 0xF1, 0xCE, 0x39, 0xC6, 0x00, 0x7B, 0xEF, 0xBE, 0xFB, 0x7F, 0xFE,
    0x7B, 0xEF, 0xFF, 0xFF, 0x7F, 0xBE, 0x1E, 0x7D, 0xE3, 0x86, 0x0C, 0x18, 0x30, 0x60, 0xC1, 0xC1,
    0xF1, 0xE0, 0x70, 0xF8, 0xF0, 0x70, 0xE1, 0xC3, 0x87, 0x0E, 0x1C, 0x73, 0xE7, 0x80, 0x7C, 0xFE,
    0xFE, 0xFE, 0xEE, 0xFE, 0x7C, 0x00, 0x00, 0x1F, 0x01, 0xF8, 0x3F, 0xC3, 0xFF, 0x3F, 0xF9, 0xFF,
    0xFF, 0xFF, 0xFF, 0x87, 0xFC, 0x3F, 0xED, 0xFF, 0xF7, 0xFF, 0xBF, 0xF8, 0xFF, 0x83, 0xF8, 0x3F,
    0x00, 0xF0, 0x00, 0x00, 0x01, 0xF0, 0x7F, 0x1F, 0xF3, 0xDE, 0x73, 0xFF, 0x87, 0xF0, 0xFE, 0x1F,
    0xC0, 0xE0, 0x7F, 0xFF, 0xFF, 0xFF, 0xC0, 0x3E, 0xF3, 0xFF, 0x9F, 0xFC, 0xFF, 0xEF, 0xFF, 0xFF,
    0xFF, 0xFF, 0xFF, 0xFF, 0xFF, 0xFF, 0xFF, 0xDF, 0xFC, 0xF7, 0xE7, 0xBF, 0x00, 0x3F, 0xC1, 0xFE,
    0x0F, 0xF8, 0xFF, 0xEF, 0xFF, 0xFF, 0xFC, 0xFF, 0x87, 0xFC, 0x3F, 0xC1, 0xC0, 0x0E, 0x00, 0x70,
    0x03, 0x80, 0x00, 0x07, 0xE1, 0xFC, 0x3F, 0x9E, 0xE7, 0xFD, 0xFF, 0xBF, 0xF7, 0x9E, 0xF3, 0xDE,
    0x7B, 0xFF, 0x3F, 0xE3, 0xFC, 0x3F, 0x0F, 0xF1, 0xFE, 0x07, 0xF0, 0x3F, 0xF0, 0xFF, 0xF7, 0xFD,
    0xFF, 0xF9, 0xDF, 0xF0, 0x3F, 0xE0, 0x7F, 0xCF, 0xFF, 0x9E, 0x7E, 0xF8, 0x7F, 0xF0, 0x7F, 0xC0,
    0x7F, 0x00, 0x3F, 0xC1, 0xFF, 0x0F, 0xF8, 0xFF, 0xEF, 0xFF, 0xFF, 0xFD, 0xFF, 0xDF, 0xFF, 0xFF,
    0xF9, 0xC0, 0x0E, 0x00, 0x70, 0x03, 0x80, 0x00, 0x0E, 0x03, 0xE0, 0xFE, 0x3F, 0xE7, 0xFC, 0xFF,
    0x9F, 0x83, 0xFF, 0x7F, 0xEF, 0xFD, 0xFF, 0xBF, 0xF7, 0xFE, 0x7F, 0xC7, 0xB0, 0x70, 0x1C, 0x07,
    0x87, 0xF3, 0xFE, 0xFF, 0xBF, 0xFF, 0xFF, 0xF0, 0xFC, 0x3F, 0xFF, 0xFF, 0xFE, 0xFF, 0x9F, 0xC1,
    0xE0, 0x70, 0x7F, 0xFF, 0xFF, 0xFF, 0xBF, 0xFF, 0xFF, 0xFF, 0xDF, 0xE7, 0xF8, 0xFF, 0x80, 0xF0,
    0x0E, 0x01, 0xC0, 0x38, 0x08, 0x00, 0x38, 0x00, 0xF8, 0x03, 0xE0, 0x0F, 0x80, 0x1F, 0xFF, 0xFF,
    0xFF, 0xFF, 0xFF, 0xF8, 0x00, 0xF8, 0x00, 0xF8, 0x00, 0xF0, 0x00, 0xC0, 0x00, 0x1F, 0xC0, 0xFF,
    0x87, 0xFF, 0x3F, 0xFE, 0xF7, 0x79, 0x9C, 0xC0, 0x70, 0x01, 0xC0, 0x07, 0x00, 0x1C, 0x00, 0x70,
    0x01, 0xC0, 0x07, 0x00, 0x1C, 0x00, 0x00, 0x30, 0x00, 0xF0, 0x01, 0xF0, 0x01, 0xF0, 0x01, 0xFF,
    0xFF, 0xFF, 0xFF, 0xFF, 0xFF, 0x00, 0x1E, 0x00, 0x7C, 0x01, 0xF0, 0x03, 0xC0, 0x03, 0x00, 0x07,
    0x00, 0x1C, 0x00, 0x70, 0x01, 0xC0, 0x07, 0x00, 0x1C, 0x00, 0x70, 0x01, 0xC0, 0x67, 0x33, 0xDD,
    0xEF, 0xFF, 0x9F, 0xFC, 0x3F, 0xE0, 0x7F, 0x00, 0x18, 0x30, 0x78, 0xF1, 0xF1, 0xF7, 0xC1, 0xFF,
    0x01, 0xFF, 0xFF, 0xFF, 0xFF, 0xFF, 0xFF, 0xF0, 0x1F, 0xF0, 0x7D, 0xF1, 0xF1, 0xE3, 0xC1, 0x83,
    0x00, 0x0F, 0xC0, 0x7F, 0x83, 0xFF, 0x1F, 0xFE, 0xFF, 0xF9, 0xDC, 0xC2, 0x70, 0x01, 0xC0, 0x07,
    0x01, 0x9C, 0xCF, 0x77, 0xBF, 0xFE, 0x7F, 0xF0, 0xFF, 0x81, 0xFC, 0x00, 0x1F, 0xC0, 0xFF, 0x07,
    0xFC, 0x3F, 0x00, 0xFE, 0x03, 0xFC, 0x0F, 0xF8, 0x3D, 0xF0, 0xF3, 0xE0, 0x07, 0xC0, 0x0F, 0x80,
    0x1E, 0x00, 0x30, 0x0F, 0xC0, 0x3F, 0x80, 0xFF, 0x00, 0x7E, 0x03, 0xF8, 0x1F, 0xE0, 0xFB, 0x87,
    0xCE, 0x3E, 0x39, 0xF0, 0x0F, 0x80, 0x1C, 0x00, 0x20, 0x00, 0x20, 0x01, 0xC0, 0x0F, 0x80, 0x1F,
    0x00, 0x3E, 0x38, 0x7C, 0xE0, 0xFB, 0x81, 0xFE, 0x03, 0xF8, 0x07, 0xE0, 0xFF, 0x83, 0xFC, 0x0F,
    0xE0, 0x00, 0x30, 0x01, 0xE0, 0x0F, 0x80, 0x7C, 0xF3, 0xE3, 0xDF, 0x0F, 0xF8, 0x3F, 0xC0, 0xFE,
    0x03, 0xF0, 0x07, 0xFC, 0x0F, 0xF0, 0x1F, 0xC0, 0x18, 0x00, 0x7C, 0x03, 0xFC, 0x0F, 0xF8, 0x03,
    0xF0, 0x03, 0xC1, 0xFF, 0x8F, 0xFE, 0x7F, 0xFB, 0xE3, 0xEF, 0x07, 0xBC, 0x1E, 0xF0, 0x7B, 0xC1,
    0xEF, 0x07, 0xBE, 0x3E, 0x7F, 0xF0, 0xFF, 0x81, 0xFC, 0x00, 0x0F, 0xE0, 0x1F, 0xC0, 0x3F, 0xC0,
    0xF7, 0x81, 0xEF, 0x03, 0xDE, 0x07, 0x9E, 0x1F, 0x3C, 0x3C, 0x78, 0x78, 0xF0, 0xF1, 0xF1, 0xE1,
    0xE7, 0x83, 0xCF, 0x07, 0x9F, 0xFF, 0x3F, 0xFF, 0xFF, 0xFF, 0xFF, 0xFC, 0x7F, 0xF7, 0xFF, 0xFF,
    0xFF, 0xFF, 0xFF, 0x07, 0xF8, 0x3F, 0xC1, 0xFE, 0x0F, 0xF0, 0x7F, 0x83, 0xFC, 0x1F, 0xE0, 0xFF,
    0x07, 0xF8, 0x3F, 0xC1, 0xFE, 0x0F, 0xF0, 0x7F, 0x83, 0xFC, 0x1E, 0x7F, 0xF7, 0xFF, 0xFF, 0xFF,
    0xFF, 0xFF, 0x00, 0x7E, 0x03, 0xFC, 0x07, 0xF8, 0x0F, 0xC0, 0x1E, 0x03, 0xF0, 0x7F, 0x8F, 0xF0,
    0x7E, 0x03, 0xFF, 0xDF, 0xFF, 0xFF, 0xFF, 0xFF, 0xC0, 0xFF, 0xFF, 0xFF, 0xFF, 0x80, 0x00, 0x18,
    0x00, 0x3C, 0x00, 0xF0, 0x01, 0xE0, 0x07, 0x80, 0x0F, 0x00, 0x3C, 0x00, 0x78, 0x01, 0xF0, 0x03,
    0xC0, 0x0F, 0x80, 0x1E, 0x00, 0x7C, 0x00, 0xF0, 0x01, 0xE0, 0x07, 0x80, 0x0F, 0x00, 0x3C, 0x00,
    0x78, 0x01, 0xE0, 0x03, 0xC0, 0x0F, 0x00, 0x1E, 0x00, 0x38, 0x00, 0x00, 0x00, 0x3C, 0xFF, 0xFF,
    0xF7, 0xEF, 0x80, 0x00, 0x1E, 0x00, 0x3C, 0x00, 0x78, 0x00, 0xE0, 0x03, 0xC0, 0x07, 0x80, 0x0F,
    0x00, 0x1E, 0x00, 0x3C, 0x00, 0xF0, 0x01, 0xE0, 0x03, 0xCF, 0xC7, 0x9F, 0xCF, 0x3F, 0x9C, 0x0F,
    0x78, 0x1E, 0xF0, 0x1D, 0xE0, 0x3F, 0xC0, 0x7F, 0x00, 0xFE, 0x01, 0xFC, 0x00, 0x3E, 0xF8, 0xFF,
    0xF9, 0xFF, 0xFB, 0x9E, 0xF7, 0x3D, 0xEF, 0xFF, 0xDF, 0xFF, 0x1F, 0x7C, 0x0F, 0x87, 0xE1, 0xF8,
    0x78, 0x1E, 0x07, 0x81, 0xE0, 0x78, 0x1E, 0x07, 0x81, 0xE0, 0x78, 0x1E, 0x07, 0x81, 0xE0, 0x78,
    0x1E, 0x07, 0x81, 0xE3, 0xF8, 0xFC, 0x3F, 0x00, 0x1E, 0x33, 0xFB, 0xFF, 0xFE, 0xFF, 0xE6, 0x3E,
    0x00, 0x00, 0x78, 0xCF, 0xEF, 0xFF, 0xFB, 0xFF, 0x98, 0xF8, 0x02, 0x00, 0xF0, 0x1E, 0x7F, 0xFF,
    0xFF, 0xFF, 0xC3, 0xC7, 0xFF, 0xFF, 0xFF, 0xFC, 0xF0, 0x1E, 0x00, 0xC0, 0x00, 0x00, 0x3C, 0x7F,
    0xFF, 0xFF, 0xFD, 0xF8, 0x3C, 0x07, 0xF8, 0xFF, 0xEF, 0xFC, 0x1F, 0x80, 0x3F, 0xFF, 0xFF, 0xFF,
    0xF8, 0x00, 0x1E, 0x03, 0xFC, 0x7F, 0xF7, 0xFE, 0x0F, 0xC0, 0x78, 0xFF, 0xFF, 0xFF, 0xFB, 0xF0,
    0x60, 0x0F, 0xFF, 0xFF, 0xFF, 0xF8, 0x00, 0x3C, 0x1F, 0xF8, 0x7F, 0xF8, 0xFF, 0xE1, 0xE3, 0xC3,
    0xC0, 0x3F, 0xFF, 0x7F, 0xFE, 0xFF, 0xFC, 0x3C, 0x78, 0x78, 0xF0, 0xF1, 0xE1, 0xE3, 0xC3, 0xC7,
    0x87, 0x8F, 0x0F, 0x1E, 0x1E, 0x3C, 0x3C, 0x78, 0x78, 0xF0, 0x0F, 0xFC, 0x7F, 0xF1, 0xFF, 0xC7,
    0x8F, 0x1E, 0x3F, 0xFF, 0xFF, 0xFF, 0xFF, 0xFF, 0x1E, 0x3C, 0x78, 0xF1, 0xE3, 0xC7, 0x8F, 0x1E,
    0x3C, 0x78, 0xF1, 0xE3, 0xC7, 0x8F, 0x1E, 0x3C, 0x78, 0xF0,
};

static const EpdGlyph space_mono_12_boldGlyphs[] = {
    { 0, 0, 0, 0, 0, 0, 0 }, // U+0000
    { 0, 0, 0, 0, 0, 0, 0 }, // U+0001
    { 0, 0, 0, 0, 0, 0, 0 }, // U+0002
    { 0, 0, 0, 0, 0, 0, 0 }, // U+0003
    { 0, 0, 0, 0, 0, 0, 0 }, // U+0004
    { 0, 0, 0, 0, 0, 0, 0 }, // U+0005
    { 0, 0, 0, 0, 0, 0, 0 }, // U+0006
    { 0, 0, 0, 0, 0, 0, 0 }, // U+0007
    { 0, 0, 0, 0, 0, 0, 0 }, // U+0008
    { 0, 0, 0, 0, 0, 0, 0 }, // U+0009
    { 0, 0, 0, 0, 0, 0, 0 }, // U+000A
    { 0, 0, 0, 0, 0, 0, 0 }, // U+000B
    { 0, 0, 0, 0, 0, 0, 0 }, // U+000C
    { 0, 0, 0, 0, 0, 0, 0 }, // U+000D
    { 0, 0, 0, 0, 0, 0, 0 }, // U+000E
    { 0, 0, 0, 0, 0, 0, 0 }, // U+000F
    { 0, 0, 0, 0, 0, 0, 0 }, // U+0010
    { 0, 0, 0, 0, 0, 0, 0 }, // U+0011
    { 0, 0, 0, 0, 0, 0, 0 }, // U+0012
    { 0, 0, 0, 0, 0, 0, 0 }, // U+0013
    { 0, 0, 0, 0, 0, 0, 0 }, // U+0014
    { 0, 0, 0, 0, 0, 0, 0 }, // U+0015
    { 0, 0, 0, 0, 0, 0, 0 }, // U+0016
    { 0, 0, 0, 0, 0, 0, 0 }, // U+0017
    { 0, 0, 0, 0, 0, 0, 0 }, // U+0018
    { 0, 0, 0, 0, 0, 0, 0 }, // U+0019
    { 0, 0, 0, 0, 0, 0, 0 }, // U+001A
    { 0, 0, 0, 0, 0, 0, 0 }, // U+001B
    { 0, 0, 0, 0, 0, 0, 0 }, // U+001C
    { 0, 0, 0, 0, 0, 0, 0 }, // U+001D
    { 0, 0, 0, 0, 0, 0, 0 }, // U+001E
    { 0, 0, 0, 0, 0, 0, 0 }, // U+001F
    { 0, 0, 245, 0, 0, 0, 0 }, // U+0020
    { 6, 18, 245, 5, 18, 14, 0 }, // !
    { 11, 8, 245, 2, 18, 11, 14 }, // "
    { 13, 13, 245, 1, 15, 22, 25 }, // #
    { 11, 16, 245, 2, 17, 22, 47 }, // $
    { 15, 18, 245, 0, 18, 34, 69 }, // %
    { 14, 18, 245, 1, 18, 32, 103 }, // &
    { 5, 8, 245, 5, 18, 5, 135 }, // '
    { 11, 26, 245, 4, 22, 36, 140 }, // (
    { 11, 26, 245, 1, 22, 36, 176 }, // )
    { 13, 13, 245, 1, 16, 22, 212 }, // *
    { 11, 11, 245, 2, 15, 16, 234 }, // +
    { 6, 8, 245, 5, 5, 6, 250 }, // ,
    { 9, 4, 245, 3, 10, 5, 256 }, // -
    { 6, 5, 245, 5, 5, 4, 261 }, // .
    { 11, 25, 245, 2, 21, 35, 265 }, // /
    { 14, 18, 245, 1, 18, 32, 300 }, // 0
    { 14, 18, 245, 1, 18, 32, 332 }, // 1
    { 14, 18, 245, 1, 18, 32, 364 }, // 2
    { 13, 18, 245, 1, 18, 30, 396 }, // 3
    { 15, 18, 245, 0, 18, 34, 426 }, // 4
    { 14, 18, 245, 1, 18, 32, 460 }, // 5
    { 13, 18, 245, 1, 18, 30, 492 }, // 6
    { 13, 18, 245, 1, 18, 30, 522 }, // 7
    { 14, 18, 245, 1, 18, 32, 552 }, // 8
    { 13, 18, 245, 1, 18, 30, 584 }, // 9
    { 6, 13, 245, 5, 13, 10, 614 }, // :
    { 6, 16, 245, 5, 13, 12, 624 }, // ;
    { 11, 12, 245, 2, 15, 17, 636 }, // <
    { 11, 9, 245, 2, 13, 13, 653 }, // =
    { 11, 12, 245, 2, 15, 17, 666 }, // >
    { 13, 18, 245, 1, 18, 30, 683 }, // ?
    { 15, 17, 245, 0, 17, 32, 713 }, // @
    { 15, 18, 245, 0, 18, 34, 745 }, // A
    { 13, 18, 245, 1, 18, 30, 779 }, // B
    { 14, 18, 245, 1, 18, 32, 809 }, // C
    { 13, 18, 245, 1, 18, 30, 841 }, // D
    { 12, 18, 245, 2, 18, 27, 871 }, // E
    { 12, 18, 245, 2, 18, 27, 898 }, // F
    { 13, 18, 245, 1, 18, 30, 925 }, // G
    { 13, 18, 245, 1, 18, 30, 955 }, // H
    { 13, 18, 245, 1, 18, 30, 985 }, // I
    { 14, 18, 245, 1, 18, 32, 1015 }, // J
    { 14, 18, 245, 1, 18, 32, 1047 }, // K
    { 12, 18, 245, 2, 18, 27, 1079 }, // L
    { 15, 18, 245, 0, 18, 34, 1106 }, // M
    { 13, 18, 245, 1, 18, 30, 1140 }, // N
    { 14, 18, 245, 1, 18, 32, 1170 }, // O
    { 13, 18, 245, 1, 18, 30, 1202 }, // P
    { 14, 23, 245, 1, 18, 41, 1232 }, // Q
    { 14, 18, 245, 1, 18, 32, 1273 }, // R
    { 15, 18, 245, 0, 18, 34, 1305 }, // S
    { 13, 18, 245, 1, 18, 30, 1339 }, // T
    { 13, 18, 245, 1, 18, 30, 1369 }, // U
    { 15, 18, 245, 0, 18, 34, 1399 }, // V
    { 16, 18, 245, 0, 18, 36, 1433 }, // W
    { 15, 18, 245, 0, 18, 34, 1469 }, // X
    { 16, 18, 245, 0, 18, 36, 1503 }, // Y
    { 14, 18, 245, 1, 18, 32, 1539 }, // Z
    { 7, 26, 245, 5, 22, 23, 1571 }, // [
    { 11, 25, 245, 2, 21, 35, 1594 }, // <backslash>
    { 7, 26, 245, 3, 22, 23, 1629 }, // ]
    { 13, 8, 245, 1, 18, 13, 1652 }, // ^
    { 13, 4, 245, 1, 0, 7, 1665 }, // _
    { 5, 4, 245, 5, 19, 3, 1672 }, // `
    { 14, 13, 245, 1, 13, 23, 1675 }, // a
    { 14, 18, 245, 1, 18, 32, 1698 }, // b
    { 14, 13, 245, 1, 13, 23, 1730 }, // c
    { 13, 18, 245, 1, 18, 30, 1753 }, // d
    { 13, 13, 245, 1, 13, 22, 1783 }, // e
    { 13, 18, 245, 1, 18, 30, 1805 }, // f
    { 13, 18, 245, 1, 13, 30, 1835 }, // g
    { 12, 18, 245, 2, 18, 27, 1865 }, // h
    { 12, 19, 245, 2, 19, 29, 1892 }, // i
    { 10, 24, 245, 2, 19, 30, 1921 }, // j
    { 12, 18, 245, 2, 18, 27, 1951 }, // k
    { 13, 18, 245, 1, 18, 30, 1978 }, // l
    { 15, 13, 245, 0, 13, 25, 2008 }, // m
    { 13, 13, 245, 1, 13, 22, 2033 }, // n
    { 14, 13, 245, 1, 13, 23, 2055 }, // o
    { 14, 18, 245, 1, 13, 32, 2078 }, // p
    { 13, 18, 245, 1, 13, 30, 2110 }, // q
    { 14, 13, 245, 1, 13, 23, 2140 }, // r
    { 12, 13, 245, 2, 13, 20, 2163 }, // s
    { 12, 18, 245, 1, 18, 27, 2183 }, // t
    { 13, 13, 245, 1, 13, 22, 2210 }, // u
    { 14, 13, 245, 1, 13, 23, 2232 }, // v
    { 15, 13, 245, 0, 13, 25, 2255 }, // w
    { 13, 13, 245, 1, 13, 22, 2280 }, // x
    { 13, 18, 245, 1, 13, 30, 2302 }, // y
    { 12, 13, 245, 2, 13, 20, 2332 }, // z
    { 9, 26, 245, 4, 22, 30, 2352 }, // {
    { 4, 26, 245, 6, 22, 13, 2382 }, // |
    { 9, 26, 245, 3, 22, 30, 2395 }, // }
    { 15, 7, 245, 0, 11, 14, 2425 }, // ~
    { 0, 0, 0, 0, 0, 0, 2439 }, // U+007F
    { 0, 0, 0, 0, 0, 0, 2439 }, // U+0080
    { 0, 0, 0, 0, 0, 0, 2439 }, // U+0081
    { 0, 0, 0, 0, 0, 0, 2439 }, // U+0082
    { 0, 0, 0, 0, 0, 0, 2439 }, // U+0083
    { 0, 0, 0, 0, 0, 0, 2439 }, // U+0084
    { 0, 0, 0, 0, 0, 0, 2439 }, // U+0085
    { 0, 0, 0, 0, 0, 0, 2439 }, // U+0086
    { 0, 0, 0, 0, 0, 0, 2439 }, // U+0087
    { 0, 0, 0, 0, 0, 0, 2439 }, // U+0088
    { 0, 0, 0, 0, 0, 0, 2439 }, // U+0089
    { 0, 0, 0, 0, 0, 0, 2439 }, // U+008A
    { 0, 0, 0, 0, 0, 0, 2439 }, // U+008B
    { 0, 0, 0, 0, 0, 0, 2439 }, // U+008C
    { 0, 0, 0, 0, 0, 0, 2439 }, // U+008D
    { 0, 0, 0, 0, 0, 0, 2439 }, // U+008E
    { 0, 0, 0, 0, 0, 0, 2439 }, // U+008F
    { 0, 0, 0, 0, 0, 0, 2439 }, // U+0090
    { 0, 0, 0, 0, 0, 0, 2439 }, // U+0091
    { 0, 0, 0, 0, 0, 0, 2439 }, // U+0092
    { 0, 0, 0, 0, 0, 0, 2439 }, // U+0093
    { 0, 0, 0, 0, 0, 0, 2439 }, // U+0094
    { 0, 0, 0, 0, 0, 0, 2439 }, // U+0095
    { 0, 0, 0, 0, 0, 0, 2439 }, // U+0096
    { 0, 0, 0, 0, 0, 0, 2439 }, // U+0097
    { 0, 0, 0, 0, 0, 0, 2439 }, // U+0098
    { 0, 0, 0, 0, 0, 0, 2439 }, // U+0099
    { 0, 0, 0, 0, 0, 0, 2439 }, // U+009A
    { 0, 0, 0, 0, 0, 0, 2439 }, // U+009B
    { 0, 0, 0, 0, 0, 0, 2439 }, // U+009C
    { 0, 0, 0, 0, 0, 0, 2439 }, // U+009D
    { 0, 0, 0, 0, 0, 0, 2439 }, // U+009E
    { 0, 0, 0, 0, 0, 0, 2439 }, // U+009F
    { 0, 0, 245, 0, 0, 0, 2439 }, // U+00A0
    { 6, 18, 245, 5, 13, 14, 2439 }, // U+00A1
    { 13, 16, 245, 1, 17, 26, 2453 }, // U+00A2
    { 11, 14, 245, 2, 17, 20, 2479 }, // U+00A3
    { 15, 15, 245, 0, 17, 29, 2499 }, // U+00A4
    { 12, 13, 245, 2, 16, 20, 2528 }, // U+00A5
    { 4, 26, 245, 6, 22, 13, 2548 }, // U+00A6
    { 8, 13, 245, 4, 18, 13, 2561 }, // U+00A7
    { 11, 5, 245, 2, 19, 7, 2574 }, // U+00A8
    { 15, 14, 245, 0, 21, 27, 2581 }, // U+00A9
    { 9, 8, 245, 3, 18, 9, 2608 }, // U+00AA
    { 14, 13, 245, 1, 13, 23, 2617 }, // U+00AB
    { 11, 8, 245, 2, 11, 11, 2640 }, // U+00AC
    { 0, 0, 0, 0, 0, 0, 2651 }, // U+00AD
    { 15, 14, 245, 0, 21, 27, 2651 }, // U+00AE
    { 9, 4, 245, 3, 19, 5, 2678 }, // U+00AF
    { 9, 9, 245, 3, 19, 11, 2683 }, // U+00B0
    { 11, 14, 245, 2, 14, 20, 2694 }, // U+00B1
    { 6, 7, 245, 5, 17, 6, 2714 }, // U+00B2
    { 6, 7, 245, 5, 17, 6, 2720 }, // U+00B3
    { 5, 4, 245, 7, 19, 3, 2726 }, // U+00B4
    { 13, 18, 245, 1, 13, 30, 2729 }, // U+00B5
    { 11, 14, 245, 2, 18, 20, 2759 }, // U+00B6
    { 6, 5, 245, 5, 12, 4, 2779 }, // U+00B7
    { 6, 7, 245, 5, 2, 6, 2783 }, // U+00B8
    { 7, 7, 245, 4, 17, 7, 2789 }, // U+00B9
    { 9, 8, 245, 3, 18, 9, 2796 }, // U+00BA
    { 14, 13, 245, 1, 13, 23, 2805 }, // U+00BB
    { 14, 17, 245, 1, 17, 30, 2828 }, // U+00BC
    { 14, 17, 245, 1, 17, 30, 2858 }, // U+00BD
    { 14, 17, 245, 1, 17, 30, 2888 }, // U+00BE
    { 13, 18, 245, 1, 13, 30, 2918 }, // U+00BF
    { 15, 24, 245, 0, 24, 45, 2948 }, // U+00C0
    { 15, 24, 245, 0, 24, 45, 2993 }, // U+00C1
    { 15, 24, 245, 0, 24, 45, 3038 }, // U+00C2
    { 15, 23, 245, 0, 23, 44, 3083 }, // U+00C3
    { 15, 24, 245, 0, 24, 45, 3127 }, // U+00C4
    { 15, 25, 245, 0, 25, 47, 3172 }, // U+00C5
    { 15, 18, 245, 0, 18, 34, 3219 }, // U+00C6
    { 14, 23, 245, 1, 18, 41, 3253 }, // U+00C7
    { 12, 24, 245, 2, 24, 36, 3294 }, // U+00C8
    { 12, 24, 245, 2, 24, 36, 3330 }, // U+00C9
    { 12, 24, 245, 2, 24, 36, 3366 }, // U+00CA
    { 12, 24, 245, 2, 24, 36, 3402 }, // U+00CB
    { 13, 24, 245, 1, 24, 39, 3438 }, // U+00CC
    { 13, 24, 245, 1, 24, 39, 3477 }, // U+00CD
    { 13, 24, 245, 1, 24, 39, 3516 }, // U+00CE
    { 13, 24, 245, 1, 24, 39, 3555 }, // U+00CF
    { 13, 18, 245, 1, 18, 30, 3594 }, // U+00D0
    { 13, 23, 245, 1, 23, 38, 3624 }, // U+00D1
    { 14, 24, 245, 1, 24, 42, 3662 }, // U+00D2
    { 14, 24, 245, 1, 24, 42, 3704 }, // U+00D3
    { 14, 24, 245, 1, 24, 42, 3746 }, // U+00D4
    { 14, 23, 245, 1, 23, 41, 3788 }, // U+00D5
    { 14, 24, 245, 1, 24, 42, 3829 }, // U+00D6
    { 11, 12, 245, 2, 15, 17, 3871 }, // U+00D7
    { 14, 23, 245, 1, 20, 41, 3888 }, // U+00D8
    { 13, 24, 245, 1, 24, 39, 3929 }, // U+00D9
    { 13, 24, 245, 1, 24, 39, 3968 }, // U+00DA
    { 13, 24, 245, 1, 24, 39, 4007 }, // U+00DB
    { 13, 24, 245, 1, 24, 39, 4046 }, // U+00DC
    { 16, 24, 245, 0, 24, 48, 4085 }, // U+00DD
    { 13, 18, 245, 1, 18, 30, 4133 }, // U+00DE
    { 15, 18, 245, 0, 18, 34, 4163 }, // U+00DF
    { 14, 19, 245, 1, 19, 34, 4197 }, // U+00E0
    { 14, 19, 245, 1, 19, 34, 4231 }, // U+00E1
    { 14, 19, 245, 1, 19, 34, 4265 }, // U+00E2
    { 14, 18, 245, 1, 18, 32, 4299 }, // U+00E3
    { 14, 19, 245, 1, 19, 34, 4331 }, // U+00E4
    { 14, 20, 245, 1, 20, 35, 4365 }, // U+00E5
    { 13, 13, 245, 1, 13, 22, 4400 }, // U+00E6
    { 14, 18, 245, 1, 13, 32, 4422 }, // U+00E7
    { 13, 19, 245, 1, 19, 31, 4454 }, // U+00E8
    { 13, 19, 245, 1, 19, 31, 4485 }, // U+00E9
    { 13, 19, 245, 1, 19, 31, 4516 }, // U+00EA
    { 13, 19, 245, 1, 19, 31, 4547 }, // U+00EB
    { 12, 19, 245, 2, 19, 29, 4578 }, // U+00EC
    { 12, 19, 245, 2, 19, 29, 4607 }, // U+00ED
    { 12, 19, 245, 2, 19, 29, 4636 }, // U+00EE
    { 12, 19, 245, 2, 19, 29, 4665 }, // U+00EF
    { 14, 20, 245, 1, 20, 35, 4694 }, // U+00F0
    { 13, 18, 245, 1, 18, 30, 4729 }, // U+00F1
    { 14, 19, 245, 1, 19, 34, 4759 }, // U+00F2
    { 14, 19, 245, 1, 19, 34, 4793 }, // U+00F3
    { 14, 19, 245, 1, 19, 34, 4827 }, // U+00F4
    { 14, 18, 245, 1, 18, 32, 4861 }, // U+00F5
    { 14, 19, 245, 1, 19, 34, 4893 }, // U+00F6
    { 11, 14, 245, 2, 16, 20, 4927 }, // U+00F7
    { 14, 17, 245, 1, 15, 30, 4947 }, // U+00F8
    { 13, 19, 245, 1, 19, 31, 4977 }, // U+00F9
    { 13, 19, 245, 1, 19, 31, 5008 }, // U+00FA
    { 13, 19, 245, 1, 19, 31, 5039 }, // U+00FB
    { 13, 19, 245, 1, 19, 31, 5070 }, // U+00FC
    { 13, 24, 245, 1, 19, 39, 5101 }, // U+00FD
    { 14, 23, 245, 1, 18, 41, 5140 }, // U+00FE
    { 13, 24, 245, 1, 19, 39, 5181 }, // U+00FF
    { 15, 24, 245, 0, 24, 45, 5220 }, // U+0100
    { 14, 19, 245, 1, 19, 34, 5265 }, // U+0101
    { 15, 23, 245, 0, 23, 44, 5299 }, // U+0102
    { 14, 18, 245, 1, 18, 32, 5343 }, // U+0103
    { 15, 23, 245, 0, 18, 44, 5375 }, // U+0104
    { 14, 17, 245, 1, 13, 30, 5419 }, // U+0105
    { 14, 24, 245, 1, 24, 42, 5449 }, // U+0106
    { 14, 19, 245, 1, 19, 34, 5491 }, // U+0107
    { 14, 24, 245, 1, 24, 42, 5525 }, // U+0108
    { 14, 19, 245, 1, 19, 34, 5567 }, // U+0109
    { 14, 24, 245, 1, 24, 42, 5601 }, // U+010A
    { 14, 19, 245, 1, 19, 34, 5643 }, // U+010B
    { 14, 24, 245, 1, 24, 42, 5677 }, // U+010C
    { 14, 19, 245, 1, 19, 34, 5719 }, // U+010D
    { 13, 24, 245, 1, 24, 39, 5753 }, // U+010E
    { 15, 18, 245, 0, 18, 34, 5792 }, // U+010F
    { 13, 18, 245, 1, 18, 30, 5826 }, // U+0110
    { 16, 18, 245, 0, 18, 36, 5856 }, // U+0111
    { 12, 24, 245, 2, 24, 36, 5892 }, // U+0112
    { 13, 19, 245, 1, 19, 31, 5928 }, // U+0113
    { 12, 23, 245, 2, 23, 35, 5959 }, // U+0114
    { 13, 18, 245, 1, 18, 30, 5994 }, // U+0115
    { 12, 24, 245, 2, 24, 36, 6024 }, // U+0116
    { 13, 19, 245, 1, 19, 31, 6060 }, // U+0117
    { 13, 23, 245, 2, 18, 38, 6091 }, // U+0118
    { 13, 18, 245, 1, 13, 30, 6129 }, // U+0119
    { 12, 24, 245, 2, 24, 36, 6159 }, // U+011A
    { 13, 19, 245, 1, 19, 31, 6195 }, // U+011B
    { 13, 24, 245, 1, 24, 39, 6226 }, // U+011C
    { 13, 24, 245, 1, 19, 39, 6265 }, // U+011D
    { 13, 23, 245, 1, 23, 38, 6304 }, // U+011E
    { 13, 23, 245, 1, 18, 38, 6342 }, // U+011F
    { 13, 24, 245, 1, 24, 39, 6380 }, // U+0120
    { 13, 24, 245, 1, 19, 39, 6419 }, // U+0121
    { 13, 27, 245, 1, 18, 44, 6458 }, // U+0122
    { 13, 28, 245, 1, 23, 46, 6502 }, // U+0123
    { 13, 24, 245, 1, 24, 39, 6548 }, // U+0124
    { 12, 24, 245, 2, 24, 36, 6587 }, // U+0125
    { 15, 18, 245, 0, 18, 34, 6623 }, // U+0126
    { 14, 18, 245, 0, 18, 32, 6657 }, // U+0127
    { 13, 23, 245, 1, 23, 38, 6689 }, // U+0128
    { 12, 18, 245, 2, 18, 27, 6727 }, // U+0129
    { 13, 24, 245, 1, 24, 39, 6754 }, // U+012A
    { 12, 19, 245, 2, 19, 29, 6793 }, // U+012B
    { 13, 23, 245, 1, 23, 38, 6822 }, // U+012C
    { 12, 18, 245, 2, 18, 27, 6860 }, // U+012D
    { 14, 23, 245, 1, 18, 41, 6887 }, // U+012E
    { 13, 24, 245, 2, 19, 39, 6928 }, // U+012F
    { 13, 24, 245, 1, 24, 39, 6967 }, // U+0130
    { 12, 13, 245, 2, 13, 20, 7006 }, // U+0131
    { 14, 18, 245, 1, 18, 32, 7026 }, // U+0132
    { 14, 24, 245, 1, 19, 42, 7058 }, // U+0133
    { 15, 24, 245, 1, 24, 45, 7100 }, // U+0134
    { 10, 24, 245, 2, 19, 30, 7145 }, // U+0135
    { 14, 27, 245, 1, 18, 48, 7175 }, // U+0136
    { 12, 27, 245, 2, 18, 41, 7223 }, // U+0137
    { 12, 13, 245, 2, 13, 20, 7264 }, // U+0138
    { 12, 24, 245, 2, 24, 36, 7284 }, // U+0139
    { 13, 24, 245, 1, 24, 39, 7320 }, // U+013A
    { 12, 27, 245, 2, 18, 41, 7359 }, // U+013B
    { 13, 27, 245, 1, 18, 44, 7400 }, // U+013C
    { 12, 18, 245, 2, 18, 27, 7444 }, // U+013D
    { 14, 18, 245, 1, 18, 32, 7471 }, // U+013E
    { 14, 18, 245, 0, 18, 32, 7503 }, // U+0141
    { 13, 18, 245, 1, 18, 30, 7535 }, // U+0142
    { 13, 24, 245, 1, 24, 39, 7565 }, // U+0143
    { 13, 19, 245, 1, 19, 31, 7604 }, // U+0144
    { 13, 27, 245, 1, 18, 44, 7635 }, // U+0145
    { 13, 22, 245, 1, 13, 36, 7679 }, // U+0146
    { 13, 24, 245, 1, 24, 39, 7715 }, // U+0147
    { 13, 19, 245, 1, 19, 31, 7754 }, // U+0148
    { 13, 20, 245, 1, 20, 33, 7785 }, // U+0149
    { 13, 23, 245, 1, 18, 38, 7818 }, // U+014A
    { 13, 18, 245, 1, 13, 30, 7856 }, // U+014B
    { 14, 24, 245, 1, 24, 42, 7886 }, // U+014C
    { 14, 19, 245, 1, 19, 34, 7928 }, // U+014D
    { 14, 23, 245, 1, 23, 41, 7962 }, // U+014E
    { 14, 18, 245, 1, 18, 32, 8003 }, // U+014F
    { 14, 24, 245, 1, 24, 42, 8035 }, // U+0150
    { 14, 19, 245, 1, 19, 34, 8077 }, // U+0151
    { 15, 18, 245, 0, 18, 34, 8111 }, // U+0152
    { 14, 13, 245, 1, 13, 23, 8145 }, // U+0153
    { 14, 24, 245, 1, 24, 42, 8168 }, // U+0154
    { 14, 19, 245, 1, 19, 34, 8210 }, // U+0155
    { 14, 27, 245, 1, 18, 48, 8244 }, // U+0156
    { 14, 22, 245, 1, 13, 39, 8292 }, // U+0157
    { 14, 24, 245, 1, 24, 42, 8331 }, // U+0158
    { 14, 19, 245, 1, 19, 34, 8373 }, // U+0159
    { 15, 24, 245, 0, 24, 45, 8407 }, // U+015A
    { 12, 19, 245, 2, 19, 29, 8452 }, // U+015B
    { 15, 24, 245, 0, 24, 45, 8481 }, // U+015C
    { 12, 19, 245, 2, 19, 29, 8526 }, // U+015D
    { 15, 23, 245, 0, 18, 44, 8555 }, // U+015E
    { 12, 18, 245, 2, 13, 27, 8599 }, // U+015F
    { 15, 24, 245, 0, 24, 45, 8626 }, // U+0160
    { 12, 19, 245, 2, 19, 29, 8671 }, // U+0161
    { 13, 23, 245, 1, 18, 38, 8700 }, // U+0162
    { 12, 23, 245, 1, 18, 35, 8738 }, // U+0163
    { 13, 24, 245, 1, 24, 39, 8773 }, // U+0164
    { 13, 18, 245, 1, 18, 30, 8812 }, // U+0165
    { 13, 18, 245, 1, 18, 30, 8842 }, // U+0166
    { 12, 18, 245, 1, 18, 27, 8872 }, // U+0167
    { 13, 23, 245, 1, 23, 38, 8899 }, // U+0168
    { 13, 18, 245, 1, 18, 30, 8937 }, // U+0169
    { 13, 24, 245, 1, 24, 39, 8967 }, // U+016A
    { 13, 19, 245, 1, 19, 31, 9006 }, // U+016B
    { 13, 23, 245, 1, 23, 38, 9037 }, // U+016C
    { 13, 18, 245, 1, 18, 30, 9075 }, // U+016D
    { 13, 25, 245, 1, 25, 41, 9105 }, // U+016E
    { 13, 20, 245, 1, 20, 33, 9146 }, // U+016F
    { 13, 24, 245, 1, 24, 39, 9179 }, // U+0170
    { 13, 19, 245, 1, 19, 31, 9218 }, // U+0171
    { 13, 23, 245, 1, 18, 38, 9249 }, // U+0172
    { 13, 17, 245, 1, 13, 28, 9287 }, // U+0173
    { 16, 24, 245, 0, 24, 48, 9315 }, // U+0174
    { 15, 19, 245, 0, 19, 36, 9363 }, // U+0175
    { 16, 24, 245, 0, 24, 48, 9399 }, // U+0176
    { 13, 24, 245, 1, 19, 39, 9447 }, // U+0177
    { 16, 24, 245, 0, 24, 48, 9486 }, // U+0178
    { 14, 24, 245, 1, 24, 42, 9534 }, // U+0179
    { 12, 19, 245, 2, 19, 29, 9576 }, // U+017A
    { 14, 24, 245, 1, 24, 42, 9605 }, // U+017B
    { 12, 19, 245, 2, 19, 29, 9647 }, // U+017C
    { 14, 24, 245, 1, 24, 42, 9676 }, // U+017D
    { 12, 19, 245, 2, 19, 29, 9718 }, // U+017E
    { 10, 18, 245, 4, 18, 23, 9747 }, // U+017F
    { 16, 18, 245, 0, 18, 36, 9770 }, // U+01A0
    { 15, 13, 245, 0, 13, 25, 9806 }, // U+01A1
    { 16, 18, 245, 0, 18, 36, 9831 }, // U+01AF
    { 16, 13, 245, 0, 13, 26, 9867 }, // U+01B0
    { 15, 24, 245, 0, 24, 45, 9893 }, // U+01CD
    { 14, 19, 245, 1, 19, 34, 9938 }, // U+01CE
    { 13, 24, 245, 1, 24, 39, 9972 }, // U+01CF
    { 12, 19, 245, 2, 19, 29, 10011 }, // U+01D0
    { 14, 24, 245, 1, 24, 42, 10040 }, // U+01D1
    { 14, 19, 245, 1, 19, 34, 10082 }, // U+01D2
    { 13, 24, 245, 1, 24, 39, 10116 }, // U+01D3
    { 13, 19, 245, 1, 19, 31, 10155 }, // U+01D4
    { 13, 29, 245, 1, 29, 48, 10186 }, // U+01D5
    { 13, 24, 245, 1, 24, 39, 10234 }, // U+01D6
    { 13, 29, 245, 1, 29, 48, 10273 }, // U+01D7
    { 13, 24, 245, 1, 24, 39, 10321 }, // U+01D8
    { 13, 29, 245, 1, 29, 48, 10360 }, // U+01D9
    { 13, 24, 245, 1, 24, 39, 10408 }, // U+01DA
    { 13, 28, 245, 1, 28, 46, 10447 }, // U+01DB
    { 13, 24, 245, 1, 24, 39, 10493 }, // U+01DC
    { 13, 24, 245, 1, 24, 39, 10532 }, // U+01E6
    { 13, 24, 245, 1, 19, 39, 10571 }, // U+01E7
    { 14, 23, 245, 1, 18, 41, 10610 }, // U+01EA
    { 14, 18, 245, 1, 13, 32, 10651 }, // U+01EB
    { 15, 27, 245, 0, 18, 51, 10683 }, // U+0218
    { 12, 22, 245, 2, 13, 33, 10734 }, // U+0219
    { 13, 27, 245, 1, 18, 44, 10767 }, // U+021A
    { 12, 27, 245, 1, 18, 41, 10811 }, // U+021B
    { 5, 4, 0, 1, 19, 3, 10852 }, // U+0300
    { 5, 4, 0, 3, 19, 3, 10855 }, // U+0301
    { 9, 4, 0, 1, 19, 5, 10858 }, // U+0302
    { 11, 5, 0, 1, 18, 7, 10863 }, // U+0303
    { 8, 4, 0, 1, 19, 4, 10870 }, // U+0304
    { 7, 4, 0, 1, 18, 4, 10874 }, // U+0306
    { 5, 5, 0, 1, 19, 4, 10878 }, // U+0307
    { 11, 5, 0, 1, 19, 7, 10882 }, // U+0308
    { 6, 5, 0, 1, 19, 4, 10889 }, // U+0309
    { 6, 6, 0, 1, 20, 5, 10893 }, // U+030A
    { 10, 4, 0, 1, 19, 5, 10898 }, // U+030B
    { 9, 4, 0, 1, 19, 5, 10903 }, // U+030C
    { 5, 8, 0, 1, 23, 5, 10908 }, // U+0312
    { 6, 7, 0, 1, 17, 6, 10913 }, // U+031B
    { 5, 5, 0, 1, -1, 4, 10919 }, // U+0323
    { 5, 7, 0, 5, -2, 5, 10923 }, // U+0326
    { 6, 7, 0, 1, 2, 6, 10928 }, // U+0327
    { 5, 5, 0, 1, 1, 4, 10934 }, // U+0328
    { 7, 4, 0, 1, -1, 4, 10938 }, // U+032E
    { 8, 4, 0, 1, 0, 4, 10942 }, // U+0331
    { 0, 0, 0, 0, 0, 0, 10946 }, // U+034F
    { 15, 24, 245, 0, 18, 45, 10946 }, // U+1EA0
    { 14, 19, 245, 1, 13, 34, 10991 }, // U+1EA1
    { 15, 24, 245, 0, 24, 45, 11025 }, // U+1EA2
    { 14, 19, 245, 1, 19, 34, 11070 }, // U+1EA3
    { 16, 26, 245, 0, 26, 52, 11104 }, // U+1EA4
    { 15, 21, 245, 1, 21, 40, 11156 }, // U+1EA5
    { 16, 26, 245, -1, 26, 52, 11196 }, // U+1EA6
    { 16, 21, 245, -1, 21, 42, 11248 }, // U+1EA7
    { 17, 27, 245, 0, 27, 58, 11290 }, // U+1EA8
    { 15, 22, 245, 1, 22, 42, 11348 }, // U+1EA9
    { 15, 27, 245, 0, 27, 51, 11390 }, // U+1EAA
    { 14, 23, 245, 1, 23, 41, 11441 }, // U+1EAB
    { 15, 30, 245, 0, 24, 57, 11482 }, // U+1EAC
    { 14, 25, 245, 1, 19, 44, 11539 }, // U+1EAD
    { 15, 28, 245, 0, 28, 53, 11583 }, // U+1EAE
    { 14, 24, 245, 1, 24, 42, 11636 }, // U+1EAF
    { 15, 28, 245, 0, 28, 53, 11678 }, // U+1EB0
    { 14, 24, 245, 1, 24, 42, 11731 }, // U+1EB1
    { 15, 28, 245, 0, 28, 53, 11773 }, // U+1EB2
    { 14, 24, 245, 1, 24, 42, 11826 }, // U+1EB3
    { 15, 27, 245, 0, 27, 51, 11868 }, // U+1EB4
    { 14, 23, 245, 1, 23, 41, 11919 }, // U+1EB5
    { 15, 29, 245, 0, 23, 55, 11960 }, // U+1EB6
    { 14, 24, 245, 1, 18, 42, 12015 }, // U+1EB7
    { 12, 24, 245, 2, 18, 36, 12057 }, // U+1EB8
    { 13, 19, 245, 1, 13, 31, 12093 }, // U+1EB9
    { 12, 24, 245, 2, 24, 36, 12124 }, // U+1EBA
    { 13, 19, 245, 1, 19, 31, 12160 }, // U+1EBB
    { 12, 23, 245, 2, 23, 35, 12191 }, // U+1EBC
    { 13, 18, 245, 1, 18, 30, 12226 }, // U+1EBD
    { 14, 26, 245, 2, 26, 46, 12256 }, // U+1EBE
    { 15, 21, 245, 1, 21, 40, 12302 }, // U+1EBF
    { 15, 26, 245, -1, 26, 49, 12342 }, // U+1EC0
    { 15, 21, 245, -1, 21, 40, 12391 }, // U+1EC1
    { 15, 27, 245, 2, 27, 51, 12431 }, // U+1EC2
    { 16, 22, 245, 1, 22, 44, 12482 }, // U+1EC3
    { 12, 27, 245, 2, 27, 41, 12526 }, // U+1EC4
    { 13, 23, 245, 1, 23, 38, 12567 }, // U+1EC5
    { 12, 30, 245, 2, 24, 45, 12605 }, // U+1EC6
    { 13, 25, 245, 1, 19, 41, 12650 }, // U+1EC7
    { 13, 24, 245, 1, 24, 39, 12691 }, // U+1EC8
    { 12, 19, 245, 2, 19, 29, 12730 }, // U+1EC9
    { 13, 24, 245, 1, 18, 39, 12759 }, // U+1ECA
    { 12, 25, 245, 2, 19, 38, 12798 }, // U+1ECB
    { 14, 24, 245, 1, 18, 42, 12836 }, // U+1ECC
    { 14, 19, 245, 1, 13, 34, 12878 }, // U+1ECD
    { 14, 24, 245, 1, 24, 42, 12912 }, // U+1ECE
    { 14, 19, 245, 1, 19, 34, 12954 }, // U+1ECF
    { 15, 26, 245, 1, 26, 49, 12988 }, // U+1ED0
    { 15, 21, 245, 1, 21, 40, 13037 }, // U+1ED1
    { 16, 26, 245, -1, 26, 52, 13077 }, // U+1ED2
    { 16, 21, 245, -1, 21, 42, 13129 }, // U+1ED3
    { 16, 27, 245, 1, 27, 54, 13171 }, // U+1ED4
    { 16, 22, 245, 1, 22, 44, 13225 }, // U+1ED5
    { 14, 27, 245, 1, 27, 48, 13269 }, // U+1ED6
    { 14, 23, 245, 1, 23, 41, 13317 }, // U+1ED7
    { 14, 30, 245, 1, 24, 53, 13358 }, // U+1ED8
    { 14, 25, 245, 1, 19, 44, 13411 }, // U+1ED9
    { 16, 24, 245, 0, 24, 48, 13455 }, // U+1EDA
    { 15, 19, 245, 0, 19, 36, 13503 }, // U+1EDB
    { 16, 24, 245, 0, 24, 48, 13539 }, // U+1EDC
    { 15, 19, 245, 0, 19, 36, 13587 }, // U+1EDD
    { 16, 24, 245, 0, 24, 48, 13623 }, // U+1EDE
    { 15, 19, 245, 0, 19, 36, 13671 }, // U+1EDF
    { 16, 23, 245, 0, 23, 46, 13707 }, // U+1EE0
    { 15, 18, 245, 0, 18, 34, 13753 }, // U+1EE1
    { 16, 24, 245, 0, 18, 48, 13787 }, // U+1EE2
    { 15, 19, 245, 0, 13, 36, 13835 }, // U+1EE3
    { 13, 24, 245, 1, 18, 39, 13871 }, // U+1EE4
    { 13, 19, 245, 1, 13, 31, 13910 }, // U+1EE5
    { 13, 24, 245, 1, 24, 39, 13941 }, // U+1EE6
    { 13, 19, 245, 1, 19, 31, 13980 }, // U+1EE7
    { 16, 24, 245, 0, 24, 48, 14011 }, // U+1EE8
    { 16, 19, 245, 0, 19, 38, 14059 }, // U+1EE9
    { 16, 24, 245, 0, 24, 48, 14097 }, // U+1EEA
    { 16, 19, 245, 0, 19, 38, 14145 }, // U+1EEB
    { 16, 24, 245, 0, 24, 48, 14183 }, // U+1EEC
    { 16, 19, 245, 0, 19, 38, 14231 }, // U+1EED
    { 16, 23, 245, 0, 23, 46, 14269 }, // U+1EEE
    { 16, 18, 245, 0, 18, 36, 14315 }, // U+1EEF
    { 16, 24, 245, 0, 18, 48, 14351 }, // U+1EF0
    { 16, 19, 245, 0, 13, 38, 14399 }, // U+1EF1
    { 16, 24, 245, 0, 24, 48, 14437 }, // U+1EF2
    { 13, 24, 245, 1, 19, 39, 14485 }, // U+1EF3
    { 16, 24, 245, 0, 18, 48, 14524 }, // U+1EF4
    { 13, 19, 245, 1, 13, 31, 14572 }, // U+1EF5
    { 16, 24, 245, 0, 24, 48, 14603 }, // U+1EF6
    { 13, 24, 245, 1, 19, 39, 14651 }, // U+1EF7
    { 16, 23, 245, 0, 23, 46, 14690 }, // U+1EF8
    { 13, 23, 245, 1, 18, 38, 14736 }, // U+1EF9
    { 0, 0, 0, 0, 0, 0, 14774 }, // U+200B
    { 0, 0, 0, 0, 0, 0, 14774 }, // U+200C
    { 0, 0, 0, 0, 0, 0, 14774 }, // U+200D
    { 0, 0, 0, 0, 0, 0, 14774 }, // U+200E
    { 0, 0, 0, 0, 0, 0, 14774 }, // U+200F
    { 13, 4, 245, 1, 10, 7, 14774 }, // U+2013
    { 16, 4, 245, 0, 10, 8, 14781 }, // U+2014
    { 6, 8, 245, 5, 18, 6, 14789 }, // U+2018
    { 6, 7, 245, 5, 18, 6, 14795 }, // U+2019
    { 6, 8, 245, 5, 5, 6, 14801 }, // U+201A
    { 11, 8, 245, 2, 18, 11, 14807 }, // U+201C
    { 11, 7, 245, 2, 18, 10, 14818 }, // U+201D
    { 11, 8, 245, 2, 5, 11, 14828 }, // U+201E
    { 9, 13, 245, 3, 18, 15, 14839 }, // U+2020
    { 9, 13, 245, 3, 18, 15, 14854 }, // U+2021
    { 8, 7, 245, 4, 13, 7, 14869 }, // U+2022
    { 15, 5, 245, 0, 5, 10, 14876 }, // U+2026
    { 0, 0, 0, 0, 0, 0, 14886 }, // U+202A
    { 0, 0, 0, 0, 0, 0, 14886 }, // U+202B
    { 0, 0, 0, 0, 0, 0, 14886 }, // U+202C
    { 0, 0, 0, 0, 0, 0, 14886 }, // U+202D
    { 0, 0, 0, 0, 0, 0, 14886 }, // U+202E
    { 15, 18, 245, 0, 18, 34, 14886 }, // U+2030
    { 6, 8, 245, 5, 18, 6, 14920 }, // U+2032
    { 11, 8, 245, 2, 18, 11, 14926 }, // U+2033
    { 7, 13, 245, 4, 13, 12, 14937 }, // U+2039
    { 7, 13, 245, 4, 13, 12, 14949 }, // U+203A
    { 14, 9, 245, 1, 13, 16, 14961 }, // U+2044
    { 0, 0, 0, 0, 0, 0, 14977 }, // U+2060
    { 0, 0, 0, 0, 0, 0, 14977 }, // U+2061
    { 0, 0, 0, 0, 0, 0, 14977 }, // U+2062
    { 0, 0, 0, 0, 0, 0, 14977 }, // U+2063
    { 0, 0, 0, 0, 0, 0, 14977 }, // U+2064
    { 0, 0, 0, 0, 0, 0, 14977 }, // U+2066
    { 0, 0, 0, 0, 0, 0, 14977 }, // U+2067
    { 0, 0, 0, 0, 0, 0, 14977 }, // U+2068
    { 0, 0, 0, 0, 0, 0, 14977 }, // U+2069
    { 0, 0, 0, 0, 0, 0, 14977 }, // U+206A
    { 0, 0, 0, 0, 0, 0, 14977 }, // U+206B
    { 0, 0, 0, 0, 0, 0, 14977 }, // U+206C
    { 0, 0, 0, 0, 0, 0, 14977 }, // U+206D
    { 0, 0, 0, 0, 0, 0, 14977 }, // U+206E
    { 0, 0, 0, 0, 0, 0, 14977 }, // U+206F
    { 7, 8, 245, 4, 18, 7, 14977 }, // U+2070
    { 8, 11, 245, 4, 21, 11, 14984 }, // U+2071
    { 7, 8, 245, 4, 18, 7, 14995 }, // U+2074
    { 6, 7, 245, 5, 17, 6, 15002 }, // U+2075
    { 6, 8, 245, 5, 18, 6, 15008 }, // U+2076
    { 6, 7, 245, 5, 17, 6, 15014 }, // U+2077
    { 6, 8, 245, 5, 18, 6, 15020 }, // U+2078
    { 6, 8, 245, 5, 18, 6, 15026 }, // U+2079
    { 7, 13, 245, 4, 21, 12, 15032 }, // U+207D
    { 7, 13, 245, 4, 21, 12, 15044 }, // U+207E
    { 8, 7, 245, 4, 17, 7, 15056 }, // U+207F
    { 7, 8, 245, 4, 3, 7, 15063 }, // U+2080
    { 7, 7, 245, 4, 2, 7, 15070 }, // U+2081
    { 6, 7, 245, 5, 2, 6, 15077 }, // U+2082
    { 6, 7, 245, 5, 2, 6, 15083 }, // U+2083
    { 7, 8, 245, 4, 3, 7, 15089 }, // U+2084
    { 6, 7, 245, 5, 2, 6, 15096 }, // U+2085
    { 6, 8, 245, 5, 3, 6, 15102 }, // U+2086
    { 6, 7, 245, 5, 2, 6, 15108 }, // U+2087
    { 6, 8, 245, 5, 3, 6, 15114 }, // U+2088
    { 6, 8, 245, 5, 3, 6, 15120 }, // U+2089
    { 7, 13, 245, 4, 5, 12, 15126 }, // U+208D
    { 7, 13, 245, 4, 5, 12, 15138 }, // U+208E
    { 8, 7, 245, 4, 2, 7, 15150 }, // U+2094
    { 13, 18, 245, 1, 18, 30, 15157 }, // U+20A1
    { 11, 14, 245, 2, 17, 20, 15187 }, // U+20A4
    { 13, 13, 245, 1, 16, 22, 15207 }, // U+20A6
    { 13, 13, 245, 1, 15, 22, 15229 }, // U+20A7
    { 11, 16, 245, 2, 15, 22, 15251 }, // U+20AB
    { 15, 13, 245, 0, 15, 25, 15273 }, // U+20AC
    { 13, 13, 245, 1, 15, 22, 15298 }, // U+20B1
    { 11, 16, 245, 2, 17, 22, 15320 }, // U+20B2
    { 10, 16, 245, 3, 17, 20, 15342 }, // U+20B5
    { 11, 13, 245, 2, 16, 18, 15362 }, // U+20B9
    { 15, 13, 245, 0, 15, 25, 15380 }, // U+2190
    { 14, 14, 245, 1, 16, 25, 15405 }, // U+2191
    { 15, 13, 245, 0, 15, 25, 15430 }, // U+2192
    { 14, 14, 245, 1, 16, 25, 15455 }, // U+2193
    { 15, 13, 245, 0, 15, 25, 15480 }, // U+2194
    { 14, 15, 245, 1, 16, 27, 15505 }, // U+2195
    { 14, 13, 245, 1, 16, 23, 15532 }, // U+2196
    { 14, 13, 245, 1, 16, 23, 15555 }, // U+2197
    { 14, 13, 245, 1, 16, 23, 15578 }, // U+2198
    { 14, 13, 245, 1, 16, 23, 15601 }, // U+2199
    { 14, 19, 245, 1, 19, 34, 15624 }, // U+2202
    { 15, 18, 245, 0, 18, 34, 15658 }, // U+2206
    { 13, 19, 245, 1, 18, 31, 15692 }, // U+220F
    { 13, 18, 245, 1, 18, 30, 15723 }, // U+2211
    { 11, 3, 245, 2, 10, 5, 15753 }, // U+2212
    { 15, 25, 245, 0, 21, 47, 15758 }, // U+2215
    { 7, 6, 245, 4, 12, 6, 15805 }, // U+2219
    { 15, 22, 245, 0, 22, 42, 15811 }, // U+221A
    { 15, 8, 245, 0, 13, 15, 15853 }, // U+221E
    { 10, 22, 245, 3, 17, 28, 15868 }, // U+222B
    { 13, 11, 245, 1, 14, 18, 15896 }, // U+2248
    { 11, 13, 245, 2, 15, 18, 15914 }, // U+2260
    { 11, 15, 245, 2, 15, 21, 15932 }, // U+2264
    { 11, 15, 245, 2, 15, 21, 15953 }, // U+2265
    { 15, 19, 245, 0, 19, 36, 15974 }, // U+FB01
    { 14, 18, 245, 0, 18, 32, 16010 }, // U+FB02
};

static const EpdUnicodeInterval space_mono_12_boldIntervals[] = {
    { 0x0, 0x13E, 0x0 },
    { 0x141, 0x17F, 0x13F },
    { 0x1A0, 0x1A1, 0x17E },
    { 0x1AF, 0x1B0, 0x180 },
    { 0x1CD, 0x1DC, 0x182 },
    { 0x1E6, 0x1E7, 0x192 },
    { 0x1EA, 0x1EB, 0x194 },
    { 0x218, 0x21B, 0x196 },
    { 0x300, 0x304, 0x19A },
    { 0x306, 0x30C, 0x19F },
    { 0x312, 0x312, 0x1A6 },
    { 0x31B, 0x31B, 0x1A7 },
    { 0x323, 0x323, 0x1A8 },
    { 0x326, 0x328, 0x1A9 },
    { 0x32E, 0x32E, 0x1AC },
    { 0x331, 0x331, 0x1AD },
    { 0x34F, 0x34F, 0x1AE },
    { 0x1EA0, 0x1EF9, 0x1AF },
    { 0x200B, 0x200F, 0x209 },
    { 0x2013, 0x2014, 0x20E },
    { 0x2018, 0x201A, 0x210 },
    { 0x201C, 0x201E, 0x213 },
    { 0x2020, 0x2022, 0x216 },
    { 0x2026, 0x2026, 0x219 },
    { 0x202A, 0x202E, 0x21A },
    { 0x2030, 0x2030, 0x21F },
    { 0x2032, 0x2033, 0x220 },
    { 0x2039, 0x203A, 0x222 },
    { 0x2044, 0x2044, 0x224 },
    { 0x2060, 0x2064, 0x225 },
    { 0x2066, 0x2071, 0x22A },
    { 0x2074, 0x2079, 0x236 },
    { 0x207D, 0x2089, 0x23C },
    { 0x208D, 0x208E, 0x249 },
    { 0x2094, 0x2094, 0x24B },
    { 0x20A1, 0x20A1, 0x24C },
    { 0x20A4, 0x20A4, 0x24D },
    { 0x20A6, 0x20A7, 0x24E },
    { 0x20AB, 0x20AC, 0x250 },
    { 0x20B1, 0x20B2, 0x252 },
    { 0x20B5, 0x20B5, 0x254 },
    { 0x20B9, 0x20B9, 0x255 },
    { 0x2190, 0x2199, 0x256 },
    { 0x2202, 0x2202, 0x260 },
    { 0x2206, 0x2206, 0x261 },
    { 0x220F, 0x220F, 0x262 },
    { 0x2211, 0x2212, 0x263 },
    { 0x2215, 0x2215, 0x265 },
    { 0x2219, 0x221A, 0x266 },
    { 0x221E, 0x221E, 0x268 },
    { 0x222B, 0x222B, 0x269 },
    { 0x2248, 0x2248, 0x26A },
    { 0x2260, 0x2260, 0x26B },
    { 0x2264, 0x2265, 0x26C },
    { 0xFB01, 0xFB02, 0x26E },
};

static constexpr EpdFontData space_mono_12_bold = {
    space_mono_12_boldBitmaps,
    space_mono_12_boldGlyphs,
    space_mono_12_boldIntervals,
    55,
    37,
    28,
    -10,
    false,
    nullptr,
    0,
    nullptr,
    nullptr,
    nullptr,
    nullptr,
    0,
    0,
    0,
    0,
    nullptr,
    0,
};
