/**
 * generated by fontconvert.py
 * name: space_mono_12_regular
 * size: 12
 * mode: 1-bit
 * Command used: /workspace/crossplant/lib/EpdFont/scripts/fontconvert.py space_mono_12_regular 12 source/SpaceMono/SpaceMono-Regular.ttf
 */
#pragma once
#include "EpdFontData.h"

static const uint8_t space_mono_12_regularBitmaps[14779] = {
    0x73, 0x9C, 0xE7, 0x39, 0xCE, 0x73, 0x9C, 0xE7, 0x00, 0x0E, 0x7B, 0x80, 0x77, 0xFB, 0xFD, 0xEC,
    0x66, 0x33, 0x18, 0x1C, 0xC0, 0xE6, 0x07, 0x31, 0xFF, 0xFF, 0xFF, 0x8E, 0x60, 0x73, 0x03, 0x98,
    0xFF, 0xFF, 0xFF, 0xC7, 0x30, 0x39, 0x81, 0xCC, 0x00, 0x0E, 0x03, 0xC1, 0xFE, 0x3F, 0xEE, 0xFD,
    0xDD, 0xDF, 0x83, 0xFC, 0x1F, 0xDD, 0xDF, 0xBB, 0xF7, 0x77, 0xFE, 0x7F, 0x87, 0xC0, 0x70, 0x3C,
    0x01, 0xF8, 0x0E, 0x70, 0x30, 0xC0, 0xC3, 0x03, 0x9C, 0x67, 0xE7, 0x8F, 0x7C, 0x07, 0xC0, 0x3C,
    0x03, 0xDF, 0x3C, 0xFE, 0x43, 0xB8, 0x1C, 0x60, 0x71, 0x80, 0xCE, 0x03, 0xF8, 0x07, 0xC0, 0x3F,
    0x81, 0xFE, 0x0F, 0x80, 0x38, 0x00, 0xE0, 0x03, 0x81, 0x8E, 0x06, 0x1E, 0x18, 0x3F, 0xFC, 0xFF,
    0xF7, 0x86, 0x38, 0x18, 0xE0, 0x63, 0x81, 0x8E, 0x06, 0x3E, 0x18, 0x7F, 0xE0, 0xFF, 0x80, 0x73,
    0xDE, 0x63, 0x18, 0x03, 0xE1, 0xFC, 0x7E, 0x0E, 0x03, 0x80, 0xE0, 0x1C, 0x03, 0x80, 0x60, 0x0C,
    0x01, 0x80, 0x30, 0x06, 0x00, 0xC0, 0x18, 0x03, 0x00, 0x60, 0x0C, 0x01, 0xC0, 0x38, 0x07, 0x00,
    0x70, 0x0F, 0x00, 0xF8, 0x0F, 0xE0, 0x7C, 0xF8, 0x1F, 0xC0, 0xFC, 0x03, 0xC0, 0x38, 0x03, 0x80,
    0x70, 0x07, 0x00, 0xE0, 0x1C, 0x03, 0x80, 0x70, 0x0E, 0x01, 0xC0, 0x38, 0x07, 0x00, 0xE0, 0x1C,
    0x03, 0x80, 0xE0, 0x1C, 0x07, 0x01, 0xE0, 0xF8, 0xFE, 0x1F, 0x00, 0x07, 0x01, 0xB9, 0x1D, 0xDC,
    0x7F, 0xE1, 0xFE, 0x07, 0xE3, 0xFF, 0xFF, 0xFF, 0x1F, 0xC1, 0xFF, 0x1F, 0xFC, 0x6E, 0xC0, 0x70,
    0x00, 0x0E, 0x01, 0xC0, 0x38, 0x07, 0x00, 0xE1, 0xFF, 0xFF, 0xF8, 0x70, 0x0E, 0x01, 0xC0, 0x38,
    0x00, 0x73, 0xDE, 0x37, 0xB8, 0x7F, 0xBF, 0xC0, 0x73, 0xDC, 0x00, 0x00, 0x60, 0x38, 0x0E, 0x03,
    0x80, 0xC0, 0x70, 0x1C, 0x06, 0x03, 0x80, 0xE0, 0x30, 0x1C, 0x07, 0x01, 0x80, 0xE0, 0x38, 0x0C,
    0x07, 0x01, 0xC0, 0x60, 0x38, 0x0E, 0x03, 0x00, 0x1F, 0xC1, 0xFF, 0x1E, 0x3C, 0xE0, 0xFE, 0x03,
    0xF0, 0x1F, 0x80, 0xFC, 0xE7, 0xE7, 0xBF, 0x39, 0xF8, 0x0F, 0xC0, 0x7E, 0x03, 0xF0, 0x1D, 0xC1,
    0xEF, 0x1E, 0x3F, 0xE0, 0xFE, 0x00, 0x1F, 0x00, 0xF8, 0x0F, 0xC0, 0x7E, 0x07, 0x70, 0x3B, 0x81,
    0x9C, 0x1C, 0xE0, 0x07, 0x00, 0x38, 0x01, 0xC0, 0x0E, 0x00, 0x70, 0x03, 0x80, 0x1C, 0x00, 0xE0,
    0xFF, 0xFF, 0xFF, 0xC0, 0x1F, 0xC1, 0xFF, 0x9E, 0x3C, 0xE0, 0x7E, 0x03, 0xF0, 0x1F, 0x80, 0xFC,
    0x07, 0x00, 0xF0, 0x3F, 0x87, 0xF8, 0x7F, 0x07, 0x80, 0x38, 0x03, 0x80, 0x1C, 0x00, 0xFF, 0xFF,
    0xFF, 0xC0, 0xFF, 0xFF, 0xFF, 0xC0, 0x0E, 0x01, 0xE0, 0x3E, 0x03, 0xC0, 0x1C, 0x00, 0xFC, 0x07,
    0xF0, 0x03, 0xD0, 0x0F, 0xC0, 0x7E, 0x03, 0xF0, 0x1D, 0xC0, 0xEF, 0x1E, 0x3F, 0xF0, 0xFE, 0x00,
    0x03, 0xE0, 0x1F, 0x80, 0x7E, 0x03, 0xB8, 0x0E, 0xE0, 0x73, 0x81, 0xCE, 0x0E, 0x38, 0x38, 0xE1,
    0xC3, 0x87, 0x0E, 0x38, 0x38, 0xE0, 0xE3, 0xFF, 0xFF, 0xFF, 0x80, 0x38, 0x00, 0xE0, 0x03, 0x80,
    0x7F, 0xF1, 0xFF, 0xC6, 0x00, 0x18, 0x00, 0x60, 0x01, 0x80, 0x06, 0xFE, 0x1F, 0xFC, 0x7C, 0x79,
    0xC0, 0xE0, 0x03, 0xB8, 0x06, 0xE0, 0x1B, 0x80, 0xE7, 0x03, 0x9E, 0x3C, 0x3F, 0xF0, 0x7F, 0x00,
    0x1F, 0xC1, 0xFF, 0x1E, 0x3C, 0xE0, 0xFE, 0x03, 0xF0, 0x1B, 0xBF, 0x1F, 0xFE, 0xF8, 0xF7, 0x83,
    0xF8, 0x0F, 0xC0, 0x7E, 0x03, 0xF0, 0x1D, 0xC0, 0xEF, 0x1E, 0x3F, 0xE0, 0xFE, 0x00, 0xFF, 0xFF,
    0xFF, 0xC0, 0x0E, 0x00, 0xF0, 0x07, 0x00, 0x70, 0x03, 0x80, 0x38, 0x03, 0x80, 0x1C, 0x01, 0xC0,
    0x1E, 0x00, 0xE0, 0x0E, 0x00, 0xF0, 0x07, 0x00, 0x38, 0x01, 0x80, 0x00, 0x1F, 0xC1, 0xFF, 0x9E,
    0x3C, 0xE0, 0x77, 0x03, 0xB8, 0x39, 0xE3, 0xC7, 0xFC, 0x3F, 0xE3, 0xE7, 0x9C, 0x0F, 0xC0, 0x7E,
    0x03, 0xF0, 0x1F, 0xC0, 0xEF, 0x1E, 0x3F, 0xF0, 0xFE, 0x00, 0x1F, 0xC1, 0xFF, 0x1E, 0x3C, 0xE0,
    0xFE, 0x03, 0xF0, 0x1F, 0x80, 0xFC, 0x07, 0x70, 0x7B, 0xE7, 0xCF, 0xFE, 0x3F, 0x76, 0x03, 0xB0,
    0x1D, 0xC1, 0xEF, 0x1E, 0x3F, 0xE0, 0xFE, 0x00, 0x73, 0xDC, 0x00, 0x00, 0x00, 0x00, 0x1C, 0xF7,
    0x00, 0x73, 0xDC, 0x00, 0x00, 0x00, 0x00, 0x1C, 0xF7, 0x8D, 0xEE, 0x00, 0x00, 0x1C, 0x1F, 0x9F,
    0xEF, 0xE1, 0xE0, 0x38, 0x07, 0xE0, 0xFF, 0x83, 0xFC, 0x0F, 0x80, 0x30, 0xFF, 0xFF, 0xFC, 0x00,
    0x00, 0x0F, 0xFF, 0xFF, 0xC0, 0x00, 0x1E, 0x03, 0xF8, 0x3F, 0xE0, 0xFE, 0x03, 0xC0, 0x18, 0x1F,
    0x1F, 0xFF, 0xE3, 0xE0, 0x60, 0x00, 0x1F, 0xC1, 0xFF, 0x1E, 0x3C, 0xE0, 0xF6, 0x03, 0xF0, 0x1D,
    0x80, 0xE0, 0x0E, 0x07, 0xF0, 0x3F, 0x01, 0xC0, 0x0C, 0x00, 0x60, 0x03, 0x00, 0x00, 0x01, 0xE0,
    0x0F, 0x00, 0x78, 0x00, 0x3F, 0xF0, 0x7F, 0xF0, 0x00, 0xF0, 0xF6, 0xE3, 0xFE, 0xCF, 0x7D, 0x9C,
    0x7B, 0x30, 0x76, 0x60, 0xEC, 0xC1, 0xD9, 0x83, 0xB3, 0x87, 0x67, 0x9E, 0xC7, 0xFF, 0x87, 0xDF,
    0x00, 0x07, 0xC0, 0x0F, 0x80, 0x1B, 0x80, 0x77, 0x00, 0xEE, 0x01, 0xCE, 0x07, 0x1C, 0x0E, 0x38,
    0x1C, 0x70, 0x78, 0x70, 0xE0, 0xE1, 0xC1, 0xC3, 0xFF, 0xCF, 0xFF, 0x9C, 0x07, 0x38, 0x07, 0xE0,
    0x0F, 0xC0, 0x1C, 0xFF, 0xE7, 0xFF, 0x8C, 0x1E, 0x60, 0x73, 0x03, 0x98, 0x1C, 0xC0, 0xE6, 0x0E,
    0x3F, 0xE1, 0xFF, 0x0C, 0x3C, 0x60, 0x73, 0x03, 0x98, 0x1C, 0xC0, 0xE6, 0x0F, 0xFF, 0xF7, 0xFF,
    0x00, 0x1F, 0xC1, 0xFF, 0x1E, 0x3C, 0xE0, 0x77, 0x03, 0xF0, 0x1F, 0x80, 0x7C, 0x00, 0xE0, 0x07,
    0x00, 0x38, 0x01, 0xC0, 0x3E, 0x03, 0xB0, 0x1D, 0xC0, 0xEF, 0x1E, 0x3F, 0xE0, 0xFE, 0x00, 0xFF,
    0xC7, 0xFF, 0x8E, 0x3C, 0x70, 0x73, 0x83, 0x9C, 0x1C, 0xE0, 0xE7, 0x07, 0x38, 0x39, 0xC1, 0xCE,
    0x0E, 0x70, 0x73, 0x83, 0x9C, 0x1C, 0xE0, 0xE7, 0x1E, 0xFF, 0xF7, 0xFE, 0x00, 0xFF, 0xEF, 0xFE,
    0xE0, 0x0E, 0x00, 0xE0, 0x0E, 0x00, 0xE0, 0x0E, 0x00, 0xFF, 0xEF, 0xFE, 0xE0, 0x0E, 0x00, 0xE0,
    0x0E, 0x00, 0xE0, 0x0E, 0x00, 0xFF, 0xEF, 0xFE, 0xFF, 0xFF, 0xFE, 0xE0, 0x0E, 0x00, 0xE0, 0x0E,
    0x00, 0xE0, 0x0E, 0x00, 0xFF, 0xEF, 0xFE, 0xE0, 0x0E, 0x00, 0xE0, 0x0E, 0x00, 0xE0, 0x0E, 0x00,
    0xE0, 0x0E, 0x00, 0x1F, 0xC1, 0xFF, 0x1E, 0x3C, 0xE0, 0xFE, 0x03, 0xF0, 0x1F, 0x80, 0xFC, 0x00,
    0xE0, 0x07, 0x3F, 0xF9, 0xFF, 0xC0, 0x7E, 0x03, 0xF0, 0x1D, 0xC1, 0xEF, 0x1F, 0x3F, 0xF8, 0xFD,
    0xC0, 0xE0, 0x3F, 0x01, 0xF8, 0x0F, 0xC0, 0x7E, 0x03, 0xF0, 0x1F, 0x80, 0xFC, 0x07, 0xFF, 0xFF,
    0xFF, 0xF8, 0x0F, 0xC0, 0x7E, 0x03, 0xF0, 0x1F, 0x80, 0xFC, 0x07, 0xE0, 0x3F, 0x01, 0xC0, 0xFF,
    0xFF, 0xFF, 0x0E, 0x00, 0xE0, 0x0E, 0x00, 0xE0, 0x0E, 0x00, 0xE0, 0x0E, 0x00, 0xE0, 0x0E, 0x00,
    0xE0, 0x0E, 0x00, 0xE0, 0x0E, 0x00, 0xE0, 0xFF, 0xFF, 0xFF, 0x01, 0xFC, 0x07, 0xE0, 0x07, 0x00,
    0x1C, 0x00, 0x70, 0x01, 0xC0, 0x07, 0x00, 0x1C, 0x00, 0x70, 0x01, 0xC0, 0x07, 0x38, 0x1C, 0xE0,
    0x71, 0x81, 0xC7, 0x07, 0x1E, 0x38, 0x3F, 0xE0, 0x7F, 0x00, 0xE0, 0x77, 0x07, 0xB8, 0x79, 0xC7,
    0x8E, 0x78, 0x73, 0x83, 0xB8, 0x1F, 0xC0, 0xFC, 0x07, 0xE0, 0x3F, 0x81, 0xDC, 0x0E, 0x70, 0x73,
    0xC3, 0x8F, 0x1C, 0x3C, 0xE0, 0xF7, 0x03, 0xC0, 0xE0, 0x0E, 0x00, 0xE0, 0x0E, 0x00, 0xE0, 0x0E,
    0x00, 0xE0, 0x0E, 0x00, 0xE0, 0x0E, 0x00, 0xE0, 0x0E, 0x00, 0xE0, 0x0E, 0x00, 0xE0, 0x0E, 0x00,
    0xFF, 0xFF, 0xFF, 0xF8, 0x7F, 0xE1, 0xFF, 0x8F, 0xFE, 0x3F, 0xF8, 0xFF, 0x63, 0xFD, 0x8F, 0xF7,
    0x37, 0xDC, 0xDF, 0x77, 0x7D, 0xDD, 0xF7, 0x77, 0xCD, 0xDF, 0x37, 0x7C, 0xF9, 0xF3, 0xE7, 0xCF,
    0x9F, 0x3E, 0x70, 0xFC, 0x3F, 0xE1, 0xFF, 0x0F, 0xD8, 0x7E, 0xE3, 0xF7, 0x1F, 0xB8, 0xFC, 0xE7,
    0xE7, 0x3F, 0x39, 0xF8, 0xEF, 0xC7, 0x7E, 0x3B, 0xF0, 0xDF, 0x87, 0xFC, 0x3F, 0xE1, 0xFF, 0x07,
    0xC0, 0x1F, 0xC1, 0xFF, 0x1E, 0x3C, 0xE0, 0xFE, 0x03, 0xF0, 0x1F, 0x80, 0xFC, 0x07, 0xE0, 0x3F,
    0x01, 0xF8, 0x0F, 0xC0, 0x7E, 0x03, 0xF0, 0x1D, 0xC1, 0xEF, 0x1E, 0x3F, 0xE0, 0xFE, 0x00, 0xFF,
    0xCF, 0xFE, 0xE0, 0xEE, 0x07, 0xE0, 0x7E, 0x07, 0xE0, 0x7E, 0x07, 0xE1, 0xEF, 0xFE, 0xFF, 0x8E,
    0x00, 0xE0, 0x0E, 0x00, 0xE0, 0x0E, 0x00, 0xE0, 0x0E, 0x00, 0x1F, 0xC1, 0xFF, 0x1E, 0x3C, 0xE0,
    0xEE, 0x03, 0xF0, 0x1F, 0x80, 0xFC, 0x07, 0xE0, 0x3F, 0x01, 0xF8, 0x0F, 0xC0, 0x7E, 0x03, 0xF0,
    0x1D, 0xC0, 0xEF, 0x0E, 0x3F, 0xF0, 0xFF, 0x01, 0xE0, 0x0E, 0x00, 0x7E, 0x01, 0xF0, 0xFF, 0xCF,
    0xFE, 0xE0, 0xEE, 0x07, 0xE0, 0x7E, 0x07, 0xE0, 0x7E, 0x07, 0xE1, 0xEF, 0xFC, 0xFF, 0xEE, 0x0E,
    0xE0, 0x7E, 0x07, 0xE0, 0x7E, 0x07, 0xE0, 0x7E, 0x07, 0x1F, 0xC0, 0xFF, 0xC7, 0x8F, 0x1C, 0x0E,
    0x60, 0x39, 0x80, 0xE7, 0x01, 0x9F, 0xC0, 0x3F, 0xE0, 0x3F, 0xC0, 0x0F, 0xB8, 0x0E, 0xE0, 0x1B,
    0x80, 0xEF, 0x03, 0x9E, 0x1E, 0x3F, 0xF0, 0x7F, 0x80, 0xFF, 0xFF, 0xFF, 0xC1, 0xC0, 0x0E, 0x00,
    0x70, 0x03, 0x80, 0x1C, 0x00, 0xE0, 0x07, 0x00, 0x38, 0x01, 0xC0, 0x0E, 0x00, 0x70, 0x03, 0x80,
    0x1C, 0x00, 0xE0, 0x07, 0x00, 0x38, 0x00, 0xE0, 0x3F, 0x01, 0xF8, 0x0F, 0xC0, 0x7E, 0x03, 0xF0,
    0x1F, 0x80, 0xFC, 0x07, 0xE0, 0x3F, 0x01, 0xF8, 0x0F, 0xC0, 0x7E, 0x03, 0xF0, 0x1D, 0xC1, 0xEF,
    0x1E, 0x3F, 0xE0, 0xFE, 0x00, 0xE0, 0x0E, 0xE0, 0x1D, 0xC0, 0x73, 0x80, 0xE3, 0x81, 0xC7, 0x03,
    0x0E, 0x0E, 0x1C, 0x1C, 0x1C, 0x38, 0x38, 0xE0, 0x71, 0xC0, 0xE3, 0x80, 0xE7, 0x01, 0xDC, 0x03,
    0xB8, 0x03, 0x70, 0x07, 0xC0, 0x0F, 0x80, 0xE7, 0xC6, 0xE7, 0xC6, 0xE7, 0xC6, 0xE7, 0xCE, 0xE7,
    0xCE, 0xE6, 0xCE, 0x66, 0xEE, 0x66, 0xEE, 0x66, 0xEE, 0x6E, 0xEC, 0x7E, 0xEC, 0x7E, 0xEC, 0x7E,
    0x6C, 0x7E, 0x7C, 0x7E, 0x7C, 0x7C, 0x7C, 0x3C, 0x7C, 0x3C, 0x7C, 0xE0, 0x39, 0xC0, 0xE7, 0x07,
    0x0E, 0x1C, 0x38, 0xE0, 0x73, 0x81, 0xDC, 0x07, 0xF0, 0x0F, 0x80, 0x3E, 0x00, 0xFC, 0x07, 0x70,
    0x1C, 0xE0, 0xE3, 0x83, 0x87, 0x1C, 0x1C, 0x70, 0x3B, 0x80, 0xE0, 0x70, 0x0E, 0xE0, 0x39, 0xE0,
    0x71, 0xC1, 0xC3, 0x83, 0x83, 0x8E, 0x07, 0x1C, 0x07, 0x38, 0x0E, 0xE0, 0x0F, 0xC0, 0x1F, 0x00,
    0x1E, 0x00, 0x38, 0x00, 0x70, 0x00, 0xE0, 0x01, 0xC0, 0x03, 0x80, 0x07, 0x00, 0x7F, 0xFB, 0xFF,
    0xC0, 0x0E, 0x00, 0xF0, 0x07, 0x00, 0x70, 0x07, 0x00, 0x78, 0x07, 0x80, 0x78, 0x03, 0x80, 0x38,
    0x03, 0x80, 0x3C, 0x03, 0xC0, 0x1C, 0x00, 0xFF, 0xFF, 0xFF, 0xC0, 0x7F, 0xF9, 0xCE, 0x73, 0x9C,
    0xE7, 0x39, 0xCE, 0x73, 0x9C, 0xE7, 0x39, 0xCE, 0x73, 0x9C, 0xFB, 0xC0, 0x00, 0x30, 0x0E, 0x03,
    0x80, 0x60, 0x1C, 0x07, 0x00, 0xC0, 0x38, 0x0E, 0x01, 0x80, 0x70, 0x1C, 0x03, 0x00, 0xE0, 0x38,
    0x06, 0x01, 0xC0, 0x70, 0x0C, 0x03, 0x80, 0xE0, 0x18, 0x06, 0xF7, 0xCE, 0x73, 0x9C, 0xE7, 0x39,
    0xCE, 0x73, 0x9C, 0xE7, 0x39, 0xCE, 0x73, 0x9C, 0xE7, 0xFF, 0xC0, 0x0F, 0x80, 0x7E, 0x07, 0x70,
    0x39, 0xC3, 0x8E, 0x3C, 0x39, 0xC1, 0xCC, 0x07, 0xFF, 0xFF, 0xFF, 0xC0, 0x73, 0x8E, 0x1F, 0xB8,
    0xFF, 0xE7, 0x9F, 0xB8, 0x1E, 0xE0, 0x7B, 0x80, 0xEE, 0x03, 0xB8, 0x0E, 0xE0, 0x7B, 0x81, 0xE7,
    0x8F, 0x8F, 0xFF, 0x1F, 0xBC, 0xE0, 0x07, 0x00, 0x38, 0x01, 0xC0, 0x0E, 0x00, 0x77, 0xE3, 0xFF,
    0xDF, 0x9E, 0xF0, 0x3F, 0x01, 0xF8, 0x07, 0xC0, 0x3E, 0x01, 0xF0, 0x1F, 0xC0, 0xFF, 0x1E, 0xFF,
    0xF7, 0x7E, 0x00, 0x0F, 0xC1, 0xFF, 0x1E, 0x3C, 0xE0, 0x7E, 0x03, 0xF0, 0x03, 0x80, 0x1C, 0x00,
    0xE0, 0x3B, 0x81, 0xDE, 0x3C, 0x7F, 0xC1, 0xFC, 0x00, 0x00, 0x38, 0x01, 0xC0, 0x0E, 0x00, 0x70,
    0x03, 0x8F, 0xDC, 0xFF, 0xEF, 0x1F, 0x70, 0x7F, 0x01, 0xF8, 0x0F, 0xC0, 0x7E, 0x03, 0xF0, 0x1D,
    0xC1, 0xEF, 0x1F, 0x3F, 0xF8, 0xFD, 0xC0, 0x1F, 0xC1, 0xFF, 0x1E, 0x3C, 0xE0, 0x7E, 0x03, 0xFF,
    0xFF, 0xFF, 0xFC, 0x00, 0x60, 0x33, 0x81, 0xDE, 0x3C, 0x7F, 0xC1, 0xFC, 0x00, 0x0F, 0xE1, 0xFC,
    0x70, 0x0E, 0x01, 0xC1, 0xFF, 0xFF, 0xF8, 0xE0, 0x1C, 0x03, 0x80, 0x70, 0x0E, 0x01, 0xC0, 0x38,
    0x07, 0x00, 0xE0, 0x1C, 0x03, 0x80, 0x1F, 0xB9, 0xFF, 0xDE, 0x3E, 0xE0, 0xFE, 0x03, 0xF0, 0x1F,
    0x80, 0xFC, 0x07, 0xE0, 0x3F, 0x83, 0xDE, 0x3E, 0x7F, 0xF1, 0xFB, 0x80, 0x1C, 0x00, 0xE0, 0x07,
    0x3F, 0xF9, 0xFF, 0x80, 0xE0, 0x0E, 0x00, 0xE0, 0x0E, 0x00, 0xE0, 0x0E, 0xF8, 0xFF, 0xCF, 0x9E,
    0xE0, 0xEE, 0x06, 0xE0, 0x6E, 0x07, 0xE0, 0x7E, 0x07, 0xE0, 0x7E, 0x07, 0xE0, 0x7E, 0x07, 0x0E,
    0x01, 0xE0, 0x3C, 0x07, 0x00, 0x00, 0xFC, 0x1F, 0x80, 0x70, 0x0E, 0x01, 0xC0, 0x38, 0x07, 0x00,
    0xE0, 0x1C, 0x03, 0x80, 0x70, 0xFF, 0xFF, 0xFC, 0x03, 0x81, 0xE0, 0x78, 0x0E, 0x00, 0x1F, 0xE7,
    0xF8, 0x0E, 0x03, 0x80, 0xE0, 0x38, 0x0E, 0x03, 0x80, 0xE0, 0x38, 0x0E, 0x03, 0x80, 0xE0, 0x38,
    0x0E, 0x03, 0x9F, 0xE7, 0xF0, 0xE0, 0x1C, 0x03, 0x80, 0x70, 0x0E, 0x01, 0xC3, 0xB8, 0xE7, 0x3C,
    0xEF, 0x1D, 0xC3, 0xF0, 0x7C, 0x0F, 0xC1, 0xFC, 0x3B, 0xC7, 0x3C, 0xE3, 0xDC, 0x3C, 0xFE, 0x0F,
    0xE0, 0x0E, 0x00, 0xE0, 0x0E, 0x00, 0xE0, 0x0E, 0x00, 0xE0, 0x0E, 0x00, 0xE0, 0x0E, 0x00, 0xE0,
    0x0E, 0x00, 0xE0, 0x0E, 0x00, 0xE0, 0xFF, 0xEF, 0xFF, 0xFE, 0xF3, 0xFF, 0xEE, 0x7B, 0xB9, 0xC6,
    0xE7, 0x1B, 0x9C, 0x6E, 0x71, 0xB9, 0xC6, 0xE7, 0x1B, 0x9C, 0x6E, 0x71, 0xB9, 0xC6, 0xE7, 0x18,
    0xEF, 0x8F, 0xFC, 0xF9, 0xEE, 0x0E, 0xE0, 0x6E, 0x06, 0xE0, 0x7E, 0x07, 0xE0, 0x7E, 0x07, 0xE0,
    0x7E, 0x07, 0xE0, 0x70, 0x1F, 0xC1, 0xFF, 0x1E, 0x3C, 0xE0, 0xFE, 0x03, 0xF0, 0x1F, 0x80, 0xFC,
    0x07, 0xE0, 0x3B, 0x81, 0xDE, 0x3C, 0x7F, 0xC1, 0xFC, 0x00, 0xEF, 0xC7, 0xFF, 0xBF, 0x3D, 0xE0,
    0x7E, 0x03, 0xF0, 0x0F, 0x80, 0x7C, 0x03, 0xE0, 0x3F, 0x81, 0xFE, 0x3D, 0xFF, 0xEE, 0xFC, 0x70,
    0x03, 0x80, 0x1C, 0x00, 0xE0, 0x07, 0x00, 0x00, 0x1F, 0xB9, 0xFF, 0xDE, 0x3E, 0xE0, 0xFE, 0x03,
    0xF0, 0x1F, 0x80, 0xFC, 0x07, 0xE0, 0x3B, 0x83, 0xDE, 0x3E, 0x7F, 0xF1, 0xFB, 0x80, 0x1C, 0x00,
    0xE0, 0x07, 0x00, 0x38, 0x01, 0xC0, 0xFB, 0xE7, 0xFF, 0x87, 0x9E, 0x38, 0x71, 0xC3, 0x8C, 0x00,
    0x60, 0x03, 0x00, 0x18, 0x00, 0xC0, 0x06, 0x01, 0xFE, 0x0F, 0xF8, 0x00, 0x3F, 0x8F, 0xF9, 0xC7,
    0x70, 0x77, 0x0C, 0xFE, 0x0F, 0xF0, 0x1F, 0xE0, 0xFC, 0x1F, 0xC7, 0xBF, 0xE3, 0xF8, 0x0E, 0x00,
    0xE0, 0x0E, 0x00, 0xE0, 0x0E, 0x0F, 0xFF, 0xFF, 0xF0, 0xE0, 0x0E, 0x00, 0xE0, 0x0E, 0x00, 0xE0,
    0x0E, 0x00, 0xE0, 0x0E, 0x00, 0xE0, 0x0F, 0xE0, 0x7E, 0xC0, 0x78, 0x0F, 0x01, 0xE0, 0x3C, 0x07,
    0x80, 0xF0, 0x1E, 0x03, 0xC0, 0xFC, 0x1F, 0xC7, 0xBF, 0xB3, 0xE6, 0xE0, 0x3F, 0x81, 0xDC, 0x1C,
    0xE0, 0xE7, 0x07, 0x1C, 0x70, 0xE3, 0x87, 0x1C, 0x1C, 0xC0, 0xEE, 0x07, 0x70, 0x1F, 0x00, 0xF8,
    0x00, 0xE7, 0xCF, 0xCF, 0x9F, 0x9F, 0x3B, 0x3E, 0x76, 0x6C, 0xEE, 0xD9, 0x9D, 0xBB, 0x3B, 0x7E,
    0x7E, 0xFC, 0x7D, 0xF8, 0xF9, 0xF1, 0xF3, 0xE3, 0xC7, 0x80, 0x70, 0x73, 0x83, 0x8E, 0x38, 0x39,
    0xC1, 0xDC, 0x07, 0xE0, 0x3E, 0x01, 0xF0, 0x1D, 0xC0, 0xE7, 0x0E, 0x38, 0xE0, 0xE7, 0x07, 0x80,
    0xE0, 0x7E, 0x07, 0xE0, 0x7E, 0x07, 0xE0, 0x7E, 0x07, 0xE0, 0x7E, 0x07, 0xE0, 0x7E, 0x0F, 0xF1,
    0xF7, 0xFF, 0x3F, 0x70, 0x07, 0x00, 0x70, 0x06, 0x3F, 0xE3, 0xFE, 0xFF, 0xEF, 0xFE, 0x00, 0xE0,
    0x1E, 0x03, 0xC0, 0x78, 0x0E, 0x03, 0xC0, 0x78, 0x0F, 0x00, 0xE0, 0x0F, 0xFE, 0xFF, 0xE0, 0x3E,
    0x7C, 0xC1, 0x83, 0x06, 0x0C, 0x18, 0x30, 0x60, 0xC3, 0x8F, 0x1C, 0x3C, 0x18, 0x30, 0x60, 0xC1,
    0x83, 0x06, 0x0C, 0x18, 0x3E, 0x7C, 0xFF, 0xFF, 0xFF, 0xFF, 0xFF, 0xFF, 0xFF, 0xFF, 0xFF, 0xFC,
    0xF1, 0xF0, 0xE1, 0xC3, 0x87, 0x0E, 0x1C, 0x38, 0x70, 0xE1, 0xC3, 0xE3, 0xCF, 0x9C, 0x38, 0x70,
    0xE1, 0xC3, 0x87, 0x0E, 0x1C, 0xF9, 0xE0, 0x1E, 0x39, 0xFB, 0xFF, 0xFC, 0xC7, 0x80, 0x73, 0xDE,
    0xE0, 0x39, 0xCE, 0x73, 0x9C, 0xE7, 0x39, 0xCE, 0x73, 0x80, 0x03, 0x00, 0x3C, 0x07, 0xF8, 0x7F,
    0xE7, 0xB7, 0x39, 0x9F, 0x8C, 0xFC, 0x60, 0xE3, 0x07, 0x19, 0xD8, 0xCE, 0xE6, 0xF3, 0xFF, 0x0F,
    0xF0, 0x1E, 0x00, 0x60, 0x0F, 0x83, 0xF8, 0xE7, 0x9C, 0x73, 0x8E, 0x70, 0x3F, 0x87, 0xF0, 0x38,
    0x07, 0x00, 0xE0, 0x7F, 0xFF, 0xFE, 0x00, 0x03, 0xBF, 0x6F, 0xFF, 0x9F, 0x3C, 0x70, 0x73, 0x80,
    0xEE, 0x03, 0xB8, 0x06, 0xE0, 0x3B, 0x80, 0xE7, 0x07, 0x9E, 0x3C, 0xFF, 0xFB, 0xFF, 0xE4, 0x00,
    0x00, 0xE0, 0xEC, 0x1D, 0xC7, 0x1C, 0xE3, 0xB8, 0x3F, 0x1F, 0xF3, 0xFE, 0x0E, 0x0F, 0xF9, 0xFF,
    0x07, 0x00, 0xE0, 0xFF, 0xFF, 0xFF, 0xFF, 0xF0, 0x3F, 0xFF, 0xFF, 0xFF, 0xFC, 0x7C, 0x7E, 0xEE,
    0xE6, 0x7C, 0xFE, 0xE6, 0x7E, 0x3E, 0xC6, 0xE6, 0xFE, 0x7C, 0x73, 0xFB, 0xFD, 0xEE, 0x70, 0x00,
    0x00, 0xFE, 0x0F, 0xF8, 0xFF, 0xE6, 0xFB, 0xE6, 0x6F, 0x30, 0x79, 0x9B, 0xCD, 0x9B, 0x7C, 0xDC,
    0x8C, 0x7B, 0xC1, 0xFC, 0x01, 0x00, 0x3F, 0xBF, 0xD8, 0xEC, 0x76, 0x3B, 0x1D, 0xFE, 0x7F, 0x00,
    0x00, 0x30, 0xC3, 0x9E, 0x7D, 0xE7, 0xFE, 0x39, 0xC1, 0x8C, 0x0C, 0x70, 0x7B, 0xC3, 0xEF, 0x07,
    0xBE, 0x1C, 0x70, 0x21, 0x80, 0xFF, 0xFF, 0xFC, 0x01, 0x80, 0x30, 0x0F, 0xC1, 0xE7, 0x1C, 0x0C,
    0xDF, 0x6C, 0xDD, 0xE6, 0xCF, 0x3E, 0x79, 0xB3, 0xCD, 0x9B, 0x6D, 0x9F, 0x3C, 0x79, 0xC0, 0xFC,
    0x00, 0xFF, 0xFC, 0x7C, 0xFE, 0xEE, 0xC7, 0xE6, 0xFE, 0x7C, 0x0E, 0x01, 0xC0, 0x38, 0x07, 0x0F,
    0xFF, 0xFF, 0xC3, 0x80, 0x70, 0x0E, 0x01, 0xC0, 0x38, 0x00, 0x0F, 0xFF, 0xFF, 0xC0, 0x01, 0xEF,
    0xB7, 0x7B, 0xCF, 0xBF, 0x03, 0xEF, 0x8C, 0x3B, 0x7F, 0x9E, 0x3B, 0x98, 0xE0, 0x7E, 0x07, 0xE0,
    0x7E, 0x07, 0xE0, 0x7E, 0x07, 0xE0, 0x7E, 0x07, 0xE0, 0x7E, 0x0F, 0xF1, 0xFF, 0xFF, 0xFF, 0x7E,
    0x00, 0xE0, 0x0E, 0x00, 0xE0, 0x0E, 0x00, 0x7F, 0xFF, 0xFF, 0xFB, 0xFF, 0xFF, 0xFD, 0xFE, 0x3F,
    0x1F, 0x8F, 0xC7, 0xE3, 0xF0, 0x73, 0xDE, 0xE0, 0x63, 0xE0, 0xFF, 0x78, 0x01, 0xCF, 0x3C, 0xF0,
    0xCF, 0xBF, 0x3E, 0x3F, 0x98, 0xCC, 0x76, 0x3B, 0x19, 0xFC, 0x7C, 0x00, 0x03, 0x18, 0x1C, 0xE0,
    0xFF, 0xC3, 0xEF, 0x07, 0x3C, 0x18, 0x60, 0xC7, 0x1E, 0x79, 0xEF, 0x9E, 0xF0, 0xE7, 0x04, 0x20,
    0x00, 0x00, 0x03, 0x80, 0x3C, 0x01, 0xE0, 0x0F, 0x00, 0x18, 0x01, 0xE0, 0xFF, 0x9E, 0x03, 0xC0,
    0x78, 0x0F, 0x1D, 0xE1, 0xEC, 0x0F, 0x00, 0xD8, 0x06, 0xC0, 0x3F, 0x01, 0xF8, 0x01, 0x80, 0x00,
    0x03, 0x80, 0x3C, 0x01, 0xE0, 0x0F, 0x00, 0x18, 0x01, 0xE0, 0xFF, 0x9E, 0x03, 0xC0, 0x78, 0x0F,
    0x01, 0xE1, 0xFC, 0x0F, 0x80, 0xEC, 0x01, 0xE0, 0x1E, 0x00, 0xF8, 0x07, 0xC0, 0x00, 0x07, 0xC0,
    0x1E, 0x00, 0x70, 0x03, 0x80, 0x6E, 0x03, 0xE0, 0xEF, 0x1E, 0x03, 0xC0, 0x78, 0x0F, 0x1D, 0xE1,
    0xEC, 0x0F, 0x00, 0xD8, 0x06, 0xC0, 0x3F, 0x01, 0xF8, 0x01, 0x80, 0x03, 0x80, 0x3C, 0x01, 0xE0,
    0x07, 0x00, 0x00, 0x01, 0xC0, 0x0E, 0x03, 0xF0, 0x3F, 0x03, 0xC0, 0x1C, 0x05, 0xC0, 0x7E, 0x03,
    0xB0, 0x1D, 0xC1, 0xCF, 0x1E, 0x3F, 0xE0, 0xFE, 0x00, 0x07, 0x00, 0x0E, 0x00, 0x0E, 0x00, 0x00,
    0x00, 0x00, 0x00, 0xF8, 0x01, 0xF0, 0x03, 0x70, 0x0E, 0xE0, 0x1D, 0xC0, 0x39, 0xC0, 0xE3, 0x81,
    0xC7, 0x03, 0x8E, 0x0F, 0x0E, 0x1C, 0x1C, 0x38, 0x38, 0x7F, 0xF9, 0xFF, 0xF3, 0x80, 0xE7, 0x00,
    0xFC, 0x01, 0xF8, 0x03, 0x80, 0x00, 0xE0, 0x03, 0x80, 0x07, 0x00, 0x00, 0x00, 0x00, 0x00, 0xF8,
    0x01, 0xF0, 0x03, 0x70, 0x0E, 0xE0, 0x1D, 0xC0, 0x39, 0xC0, 0xE3, 0x81, 0xC7, 0x03, 0x8E, 0x0F,
    0x0E, 0x1C, 0x1C, 0x38, 0x38, 0x7F, 0xF9, 0xFF, 0xF3, 0x80, 0xE7, 0x00, 0xFC, 0x01, 0xF8, 0x03,
    0x80, 0x07, 0xC0, 0x0F, 0xC0, 0x3B, 0x80, 0x00, 0x00, 0x00, 0x00, 0xF8, 0x01, 0xF0, 0x03, 0x70,
    0x0E, 0xE0, 0x1D, 0xC0, 0x39, 0xC0, 0xE3, 0x81, 0xC7, 0x03, 0x8E, 0x0F, 0x0E, 0x1C, 0x1C, 0x38,
    0x38, 0x7F, 0xF9, 0xFF, 0xF3, 0x80, 0xE7, 0x00, 0xFC, 0x01, 0xF8, 0x03, 0x80, 0x07, 0x20, 0x1F,
    0xE0, 0x7F, 0xC0, 0x4F, 0x00, 0x00, 0x00, 0xF8, 0x01, 0xF0, 0x03, 0x70, 0x0E, 0xE0, 0x1D, 0xC0,
    0x39, 0xC0, 0xE3, 0x81, 0xC7, 0x03, 0x8E, 0x0F, 0x0E, 0x1C, 0x1C, 0x38, 0x38, 0x7F, 0xF9, 0xFF,
    0xF3, 0x80, 0xE7, 0x00, 0xFC, 0x01, 0xF8, 0x03, 0x80, 0x0E, 0x70, 0x3D, 0xE0, 0x7B, 0xC0, 0x73,
    0x80, 0x00, 0x00, 0x00, 0x01, 0xF0, 0x03, 0xE0, 0x06, 0xE0, 0x1D, 0xC0, 0x3B, 0x80, 0x73, 0x81,
    0xC7, 0x03, 0x8E, 0x07, 0x1C, 0x1E, 0x1C, 0x38, 0x38, 0x70, 0x70, 0xFF, 0xF3, 0xFF, 0xE7, 0x01,
    0xCE, 0x01, 0xF8, 0x03, 0xF0, 0x07, 0x03, 0xC0, 0x0F, 0x80, 0x1B, 0x80, 0x3E, 0x00, 0x3C, 0x00,
    0x00, 0x00, 0x00, 0x03, 0xE0, 0x07, 0xC0, 0x0D, 0xC0, 0x3B, 0x80, 0x77, 0x00, 0xE7, 0x03, 0x8E,
    0x07, 0x1C, 0x0E, 0x38, 0x3C, 0x38, 0x70, 0x70, 0xE0, 0xE1, 0xFF, 0xE7, 0xFF, 0xCE, 0x03, 0x9C,
    0x03, 0xF0, 0x07, 0xE0, 0x0E, 0x07, 0xFC, 0x1F, 0xF0, 0x7C, 0x03, 0xF0, 0x0F, 0xC0, 0x3F, 0x01,
    0xDC, 0x07, 0x70, 0x1D, 0xFC, 0xF7, 0xF3, 0x9C, 0x0E, 0x70, 0x3F, 0xC1, 0xFF, 0x07, 0x1C, 0x1C,
    0x70, 0xE1, 0xFF, 0x87, 0xF0, 0x1F, 0xC1, 0xFF, 0x1E, 0x3C, 0xE0, 0x77, 0x03, 0xF0, 0x1F, 0x80,
    0x7C, 0x00, 0xE0, 0x07, 0x00, 0x38, 0x01, 0xC0, 0x3E, 0x03, 0xB0, 0x1D, 0xC0, 0xEF, 0x1E, 0x3F,
    0xE0, 0xFE, 0x01, 0x80, 0x0F, 0x00, 0x6C, 0x03, 0x60, 0x1E, 0x00, 0x1C, 0x01, 0xC0, 0x0E, 0x00,
    0x00, 0x00, 0x0F, 0xFE, 0xFF, 0xEE, 0x00, 0xE0, 0x0E, 0x00, 0xE0, 0x0E, 0x00, 0xE0, 0x0F, 0xFE,
    0xFF, 0xEE, 0x00, 0xE0, 0x0E, 0x00, 0xE0, 0x0E, 0x00, 0xE0, 0x0F, 0xFE, 0xFF, 0xE0, 0x03, 0x80,
    0x70, 0x07, 0x00, 0x00, 0x00, 0x0F, 0xFE, 0xFF, 0xEE, 0x00, 0xE0, 0x0E, 0x00, 0xE0, 0x0E, 0x00,
    0xE0, 0x0F, 0xFE, 0xFF, 0xEE, 0x00, 0xE0, 0x0E, 0x00, 0xE0, 0x0E, 0x00, 0xE0, 0x0F, 0xFE, 0xFF,
    0xE0, 0x1F, 0x01, 0xF8, 0x3B, 0x80, 0x00, 0x00, 0x0F, 0xFE, 0xFF, 0xEE, 0x00, 0xE0, 0x0E, 0x00,
    0xE0, 0x0E, 0x00, 0xE0, 0x0F, 0xFE, 0xFF, 0xEE, 0x00, 0xE0, 0x0E, 0x00, 0xE0, 0x0E, 0x00, 0xE0,
    0x0F, 0xFE, 0xFF, 0xE0, 0x39, 0xC7, 0xBC, 0x7B, 0xC3, 0x9C, 0x00, 0x00, 0x00, 0xFF, 0xEF, 0xFE,
    0xE0, 0x0E, 0x00, 0xE0, 0x0E, 0x00, 0xE0, 0x0E, 0x00, 0xFF, 0xEF, 0xFE, 0xE0, 0x0E, 0x00, 0xE0,
    0x0E, 0x00, 0xE0, 0x0E, 0x00, 0xFF, 0xEF, 0xFE, 0x1C, 0x01, 0xC0, 0x0E, 0x00, 0x00, 0x00, 0x0F,
    0xFF, 0xFF, 0xF0, 0xE0, 0x0E, 0x00, 0xE0, 0x0E, 0x00, 0xE0, 0x0E, 0x00, 0xE0, 0x0E, 0x00, 0xE0,
    0x0E, 0x00, 0xE0, 0x0E, 0x00, 0xE0, 0x0E, 0x0F, 0xFF, 0xFF, 0xF0, 0x03, 0x80, 0x70, 0x07, 0x00,
    0x00, 0x00, 0x0F, 0xFF, 0xFF, 0xF0, 0xE0, 0x0E, 0x00, 0xE0, 0x0E, 0x00, 0xE0, 0x0E, 0x00, 0xE0,
    0x0E, 0x00, 0xE0, 0x0E, 0x00, 0xE0, 0x0E, 0x00, 0xE0, 0x0E, 0x0F, 0xFF, 0xFF, 0xF0, 0x1F, 0x01,
    0xF8, 0x3B, 0x80, 0x00, 0x00, 0x0F, 0xFF, 0xFF, 0xF0, 0xE0, 0x0E, 0x00, 0xE0, 0x0E, 0x00, 0xE0,
    0x0E, 0x00, 0xE0, 0x0E, 0x00, 0xE0, 0x0E, 0x00, 0xE0, 0x0E, 0x00, 0xE0, 0x0E, 0x0F, 0xFF, 0xFF,
    0xF0, 0x39, 0xC7, 0xBC, 0x7B, 0xC3, 0x9C, 0x00, 0x00, 0x00, 0xFF, 0xFF, 0xFF, 0x0E, 0x00, 0xE0,
    0x0E, 0x00, 0xE0, 0x0E, 0x00, 0xE0, 0x0E, 0x00, 0xE0, 0x0E, 0x00, 0xE0, 0x0E, 0x00, 0xE0, 0x0E,
    0x00, 0xE0, 0xFF, 0xFF, 0xFF, 0xFF, 0xC7, 0xFF, 0x8E, 0x3C, 0x70, 0x73, 0x83, 0x9C, 0x1C, 0xE0,
    0xE7, 0x07, 0xFE, 0x3F, 0xF9, 0xCE, 0x0E, 0x70, 0x73, 0x83, 0x9C, 0x1C, 0xE0, 0xE7, 0x1E, 0xFF,
    0xF7, 0xFE, 0x00, 0x0E, 0x20, 0xFB, 0x87, 0xF8, 0x33, 0x80, 0x00, 0x7E, 0x1F, 0xF0, 0xFF, 0x87,
    0xEC, 0x3F, 0x71, 0xFB, 0x8F, 0xDC, 0x7E, 0x73, 0xF3, 0x9F, 0x9C, 0xFC, 0x77, 0xE3, 0xBF, 0x1D,
    0xF8, 0x6F, 0xC3, 0xFE, 0x1F, 0xF0, 0xFF, 0x83, 0xE0, 0x0E, 0x00, 0x70, 0x01, 0xC0, 0x00, 0x00,
    0x00, 0x0F, 0xE0, 0xFF, 0x8F, 0x1E, 0x70, 0x7F, 0x01, 0xF8, 0x0F, 0xC0, 0x7E, 0x03, 0xF0, 0x1F,
    0x80, 0xFC, 0x07, 0xE0, 0x3F, 0x01, 0xF8, 0x0E, 0xE0, 0xF7, 0x8F, 0x1F, 0xF0, 0x7F, 0x00, 0x01,
    0xC0, 0x1C, 0x00, 0xE0, 0x00, 0x00, 0x00, 0x0F, 0xE0, 0xFF, 0x8F, 0x1E, 0x70, 0x7F, 0x01, 0xF8,
    0x0F, 0xC0, 0x7E, 0x03, 0xF0, 0x1F, 0x80, 0xFC, 0x07, 0xE0, 0x3F, 0x01, 0xF8, 0x0E, 0xE0, 0xF7,
    0x8F, 0x1F, 0xF0, 0x7F, 0x00, 0x0F, 0x80, 0x7E, 0x07, 0x70, 0x00, 0x00, 0x00, 0x0F, 0xE0, 0xFF,
    0x8F, 0x1E, 0x70, 0x7F, 0x01, 0xF8, 0x0F, 0xC0, 0x7E, 0x03, 0xF0, 0x1F, 0x80, 0xFC, 0x07, 0xE0,
    0x3F, 0x01, 0xF8, 0x0E, 0xE0, 0xF7, 0x8F, 0x1F, 0xF0, 0x7F, 0x00, 0x0E, 0x40, 0xFF, 0x0F, 0xF8,
    0x27, 0x80, 0x00, 0x0F, 0xE0, 0xFF, 0x8F, 0x1E, 0x70, 0x7F, 0x01, 0xF8, 0x0F, 0xC0, 0x7E, 0x03,
    0xF0, 0x1F, 0x80, 0xFC, 0x07, 0xE0, 0x3F, 0x01, 0xF8, 0x0E, 0xE0, 0xF7, 0x8F, 0x1F, 0xF0, 0x7F,
    0x00, 0x1C, 0xE1, 0xEF, 0x0F, 0x78, 0x39, 0xC0, 0x00, 0x00, 0x00, 0x7F, 0x07, 0xFC, 0x78, 0xF3,
    0x83, 0xF8, 0x0F, 0xC0, 0x7E, 0x03, 0xF0, 0x1F, 0x80, 0xFC, 0x07, 0xE0, 0x3F, 0x01, 0xF8, 0x0F,
    0xC0, 0x77, 0x07, 0xBC, 0x78, 0xFF, 0x83, 0xF8, 0x60, 0x4E, 0x1D, 0xE7, 0x1F, 0xC1, 0xF0, 0x1E,
    0x07, 0xE1, 0xDE, 0x71, 0xEC, 0x1C, 0x00, 0x00, 0x00, 0x40, 0x07, 0x07, 0xF8, 0x7F, 0xC7, 0x9F,
    0x38, 0xFF, 0x87, 0xFC, 0x37, 0xE3, 0xBF, 0x1D, 0xF8, 0xCF, 0xCE, 0x7E, 0x73, 0xF3, 0x1F, 0xB8,
    0xFD, 0xC7, 0x7C, 0x7B, 0xE7, 0x8F, 0xF8, 0x3F, 0x83, 0x80, 0x1C, 0x00, 0x0E, 0x00, 0x70, 0x01,
    0xC0, 0x00, 0x00, 0x00, 0x70, 0x1F, 0x80, 0xFC, 0x07, 0xE0, 0x3F, 0x01, 0xF8, 0x0F, 0xC0, 0x7E,
    0x03, 0xF0, 0x1F, 0x80, 0xFC, 0x07, 0xE0, 0x3F, 0x01, 0xF8, 0x0E, 0xE0, 0xF7, 0x8F, 0x1F, 0xF0,
    0x7F, 0x00, 0x01, 0xC0, 0x1C, 0x00, 0xE0, 0x00, 0x00, 0x00, 0x70, 0x1F, 0x80, 0xFC, 0x07, 0xE0,
    0x3F, 0x01, 0xF8, 0x0F, 0xC0, 0x7E, 0x03, 0xF0, 0x1F, 0x80, 0xFC, 0x07, 0xE0, 0x3F, 0x01, 0xF8,
    0x0E, 0xE0, 0xF7, 0x8F, 0x1F, 0xF0, 0x7F, 0x00, 0x0F, 0x80, 0x7E, 0x07, 0x70, 0x00, 0x00, 0x00,
    0x70, 0x1F, 0x80, 0xFC, 0x07, 0xE0, 0x3F, 0x01, 0xF8, 0x0F, 0xC0, 0x7E, 0x03, 0xF0, 0x1F, 0x80,
    0xFC, 0x07, 0xE0, 0x3F, 0x01, 0xF8, 0x0E, 0xE0, 0xF7, 0x8F, 0x1F, 0xF0, 0x7F, 0x00, 0x1C, 0xE1,
    0xEF, 0x0F, 0x78, 0x39, 0xC0, 0x00, 0x00, 0x03, 0x80, 0xFC, 0x07, 0xE0, 0x3F, 0x01, 0xF8, 0x0F,
    0xC0, 0x7E, 0x03, 0xF0, 0x1F, 0x80, 0xFC, 0x07, 0xE0, 0x3F, 0x01, 0xF8, 0x0F, 0xC0, 0x77, 0x07,
    0xBC, 0x78, 0xFF, 0x83, 0xF8, 0x00, 0xE0, 0x03, 0x80, 0x06, 0x00, 0x00, 0x00, 0x00, 0x0E, 0x01,
    0xDC, 0x07, 0x3C, 0x0E, 0x38, 0x38, 0x70, 0x70, 0x71, 0xC0, 0xE3, 0x80, 0xE7, 0x01, 0xDC, 0x01,
    0xF8, 0x03, 0xE0, 0x03, 0xC0, 0x07, 0x00, 0x0E, 0x00, 0x1C, 0x00, 0x38, 0x00, 0x70, 0x00, 0xE0,
    0x00, 0xE0, 0x0E, 0x00, 0xE0, 0x0E, 0x00, 0xFF, 0xCF, 0xFE, 0xE0, 0xFE, 0x07, 0xE0, 0x7E, 0x07,
    0xE0, 0x7E, 0x0F, 0xFF, 0xEF, 0xFC, 0xE0, 0x0E, 0x00, 0xE0, 0x0E, 0x00, 0x0F, 0xE0, 0x3F, 0xE0,
    0x71, 0xC1, 0xC1, 0xC3, 0x83, 0x8F, 0x07, 0x1E, 0x7C, 0x1C, 0xF8, 0x39, 0xC0, 0x73, 0xE0, 0xE7,
    0xE1, 0xC1, 0xE3, 0x80, 0xC7, 0x01, 0x8F, 0xC3, 0x1F, 0x8E, 0x3B, 0xFC, 0x73, 0xE0, 0x1C, 0x00,
    0x38, 0x00, 0x60, 0x00, 0x00, 0x00, 0x00, 0x7E, 0xE3, 0xFF, 0x9E, 0x7E, 0xE0, 0x7B, 0x81, 0xEE,
    0x03, 0xB8, 0x0E, 0xE0, 0x3B, 0x81, 0xEE, 0x07, 0x9E, 0x3E, 0x3F, 0xFC, 0x7E, 0xF0, 0x03, 0x80,
    0x0E, 0x00, 0x70, 0x00, 0x00, 0x00, 0x00, 0x7E, 0xE3, 0xFF, 0x9E, 0x7E, 0xE0, 0x7B, 0x81, 0xEE,
    0x03, 0xB8, 0x0E, 0xE0, 0x3B, 0x81, 0xEE, 0x07, 0x9E, 0x3E, 0x3F, 0xFC, 0x7E, 0xF0, 0x0F, 0x80,
    0x7E, 0x01, 0x9C, 0x00, 0x00, 0x00, 0x00, 0x7E, 0xE3, 0xFF, 0x9E, 0x7E, 0xE0, 0x7B, 0x81, 0xEE,
    0x03, 0xB8, 0x0E, 0xE0, 0x3B, 0x81, 0xEE, 0x07, 0x9E, 0x3E, 0x3F, 0xFC, 0x7E, 0xF0, 0x1E, 0x40,
    0xFB, 0x83, 0xFC, 0x04, 0xE0, 0x00, 0x00, 0x7E, 0xE3, 0xFF, 0x9E, 0x7E, 0xE0, 0x7B, 0x81, 0xEE,
    0x03, 0xB8, 0x0E, 0xE0, 0x3B, 0x81, 0xEE, 0x07, 0x9E, 0x3E, 0x3F, 0xFC, 0x7E, 0xF0, 0x39, 0xC0,
    0xF7, 0x83, 0xDE, 0x0E, 0x70, 0x00, 0x00, 0x00, 0x01, 0xFB, 0x8F, 0xFE, 0x79, 0xFB, 0x81, 0xEE,
    0x07, 0xB8, 0x0E, 0xE0, 0x3B, 0x80, 0xEE, 0x07, 0xB8, 0x1E, 0x78, 0xF8, 0xFF, 0xF1, 0xFB, 0xC0,
    0x0F, 0x00, 0x3E, 0x01, 0xD8, 0x03, 0xE0, 0x0F, 0x00, 0x00, 0x00, 0x00, 0x07, 0xEE, 0x3F, 0xF9,
    0xE7, 0xEE, 0x07, 0xB8, 0x1E, 0xE0, 0x3B, 0x80, 0xEE, 0x03, 0xB8, 0x1E, 0xE0, 0x79, 0xE3, 0xE3,
    0xFF, 0xC7, 0xEF, 0x1F, 0xC1, 0xFF, 0x1D, 0xFC, 0xEE, 0x62, 0x73, 0x9F, 0xFD, 0xFF, 0xEE, 0xE0,
    0xE7, 0x37, 0x39, 0xDD, 0xFC, 0xFF, 0xC3, 0xFC, 0x00, 0x0F, 0xC1, 0xFF, 0x1E, 0x3C, 0xE0, 0x7E,
    0x03, 0xF0, 0x03, 0x80, 0x1C, 0x00, 0xE0, 0x3B, 0x81, 0xDE, 0x3C, 0x7F, 0xC1, 0xFC, 0x03, 0x00,
    0x1F, 0x00, 0xD8, 0x06, 0xC0, 0x3C, 0x00, 0x0E, 0x00, 0x70, 0x01, 0xC0, 0x00, 0x00, 0x00, 0x0F,
    0xE0, 0xFF, 0x8F, 0x1E, 0x70, 0x3F, 0x01, 0xFF, 0xFF, 0xFF, 0xFE, 0x00, 0x30, 0x19, 0xC0, 0xEF,
    0x1E, 0x3F, 0xE0, 0xFE, 0x00, 0x01, 0xC0, 0x1C, 0x00, 0xE0, 0x00, 0x00, 0x00, 0x0F, 0xE0, 0xFF,
    0x8F, 0x1E, 0x70, 0x3F, 0x01, 0xFF, 0xFF, 0xFF, 0xFE, 0x00, 0x30, 0x19, 0xC0, 0xEF, 0x1E, 0x3F,
    0xE0, 0xFE, 0x00, 0x0F, 0x80, 0x7E, 0x07, 0x70, 0x00, 0x00, 0x00, 0x0F, 0xE0, 0xFF, 0x8F, 0x1E,
    0x70, 0x3F, 0x01, 0xFF, 0xFF, 0xFF, 0xFE, 0x00, 0x30, 0x19, 0xC0, 0xEF, 0x1E, 0x3F, 0xE0, 0xFE,
    0x00, 0x1C, 0xE1, 0xEF, 0x0F, 0x78, 0x39, 0xC0, 0x00, 0x00, 0x00, 0x7F, 0x07, 0xFC, 0x78, 0xF3,
    0x81, 0xF8, 0x0F, 0xFF, 0xFF, 0xFF, 0xF0, 0x01, 0x80, 0xCE, 0x07, 0x78, 0xF1, 0xFF, 0x07, 0xF0,
    0x38, 0x03, 0x80, 0x30, 0x00, 0x00, 0x00, 0xFC, 0x1F, 0x80, 0x70, 0x0E, 0x01, 0xC0, 0x38, 0x07,
    0x00, 0xE0, 0x1C, 0x03, 0x80, 0x70, 0xFF, 0xFF, 0xFC, 0x07, 0x00, 0xE0, 0x38, 0x00, 0x00, 0x00,
    0xFC, 0x1F, 0x80, 0x70, 0x0E, 0x01, 0xC0, 0x38, 0x07, 0x00, 0xE0, 0x1C, 0x03, 0x80, 0x70, 0xFF,
    0xFF, 0xFC, 0x1F, 0x07, 0xE0, 0xCE, 0x00, 0x00, 0x00, 0xFC, 0x1F, 0x80, 0x70, 0x0E, 0x01, 0xC0,
    0x38, 0x07, 0x00, 0xE0, 0x1C, 0x03, 0x80, 0x70, 0xFF, 0xFF, 0xFC, 0x73, 0x8F, 0x79, 0xEF, 0x39,
    0xC0, 0x00, 0x00, 0x1F, 0x83, 0xF0, 0x0E, 0x01, 0xC0, 0x38, 0x07, 0x00, 0xE0, 0x1C, 0x03, 0x80,
    0x70, 0x0E, 0x1F, 0xFF, 0xFF, 0x80, 0x01, 0x00, 0xFC, 0x07, 0xE0, 0x0F, 0x80, 0x7E, 0x00, 0x78,
    0x7F, 0xC7, 0xFF, 0x78, 0xFB, 0x83, 0xF8, 0x0F, 0xC0, 0x7E, 0x03, 0xF0, 0x1F, 0x80, 0xEE, 0x0F,
    0x78, 0xF1, 0xFF, 0x07, 0xF0, 0x1C, 0x43, 0xEE, 0x3F, 0xC3, 0x38, 0x00, 0x0E, 0xF8, 0xFF, 0xCF,
    0x9E, 0xE0, 0xEE, 0x06, 0xE0, 0x6E, 0x07, 0xE0, 0x7E, 0x07, 0xE0, 0x7E, 0x07, 0xE0, 0x7E, 0x07,
    0x0E, 0x00, 0x70, 0x01, 0xC0, 0x00, 0x00, 0x00, 0x0F, 0xE0, 0xFF, 0x8F, 0x1E, 0x70, 0x7F, 0x01,
    0xF8, 0x0F, 0xC0, 0x7E, 0x03, 0xF0, 0x1D, 0xC0, 0xEF, 0x1E, 0x3F, 0xE0, 0xFE, 0x00, 0x01, 0xC0,
    0x1C, 0x00, 0xE0, 0x00, 0x00, 0x00, 0x0F, 0xE0, 0xFF, 0x8F, 0x1E, 0x70, 0x7F, 0x01, 0xF8, 0x0F,
    0xC0, 0x7E, 0x03, 0xF0, 0x1D, 0xC0, 0xEF, 0x1E, 0x3F, 0xE0, 0xFE, 0x00, 0x0F, 0x80, 0x7E, 0x07,
    0x70, 0x00, 0x00, 0x00, 0x0F, 0xE0, 0xFF, 0x8F, 0x1E, 0x70, 0x7F, 0x01, 0xF8, 0x0F, 0xC0, 0x7E,
    0x03, 0xF0, 0x1D, 0xC0, 0xEF, 0x1E, 0x3F, 0xE0, 0xFE, 0x00, 0x0E, 0x40, 0xFF, 0x0F, 0xF8, 0x27,
    0x80, 0x00, 0x0F, 0xE0, 0xFF, 0x8F, 0x1E, 0x70, 0x7F, 0x01, 0xF8, 0x0F, 0xC0, 0x7E, 0x03, 0xF0,
    0x1D, 0xC0, 0xEF, 0x1E, 0x3F, 0xE0, 0xFE, 0x00, 0x1C, 0xE1, 0xEF, 0x0F, 0x78, 0x39, 0xC0, 0x00,
    0x00, 0x00, 0x7F, 0x07, 0xFC, 0x78, 0xF3, 0x83, 0xF8, 0x0F, 0xC0, 0x7E, 0x03, 0xF0, 0x1F, 0x80,
    0xEE, 0x07, 0x78, 0xF1, 0xFF, 0x07, 0xF0, 0x0E, 0x01, 0xE0, 0x3C, 0x07, 0x00, 0x01, 0xFF, 0xFF,
    0xF8, 0x00, 0x0E, 0x01, 0xE0, 0x3C, 0x07, 0x00, 0x00, 0x00, 0x06, 0x07, 0xF0, 0x7F, 0xC7, 0x9F,
    0x39, 0xFF, 0x8E, 0xFC, 0x67, 0xE7, 0x3F, 0x39, 0xF9, 0x8E, 0xFC, 0x77, 0xEF, 0x1F, 0xF0, 0x7F,
    0x03, 0x80, 0x08, 0x00, 0x38, 0x03, 0x80, 0x30, 0x00, 0x00, 0x01, 0x80, 0xF0, 0x1E, 0x03, 0xC0,
    0x78, 0x0F, 0x01, 0xE0, 0x3C, 0x07, 0x81, 0xF8, 0x3F, 0x8F, 0x7F, 0x67, 0xCC, 0x03, 0x80, 0xE0,
    0x18, 0x00, 0x00, 0x01, 0x80, 0xF0, 0x1E, 0x03, 0xC0, 0x78, 0x0F, 0x01, 0xE0, 0x3C, 0x07, 0x81,
    0xF8, 0x3F, 0x8F, 0x7F, 0x67, 0xCC, 0x1F, 0x07, 0xE0, 0xEE, 0x00, 0x00, 0x01, 0x80, 0xF0, 0x1E,
    0x03, 0xC0, 0x78, 0x0F, 0x01, 0xE0, 0x3C, 0x07, 0x81, 0xF8, 0x3F, 0x8F, 0x7F, 0x67, 0xCC, 0x73,
    0x8F, 0x79, 0xEF, 0x39, 0xC0, 0x00, 0x00, 0x30, 0x1E, 0x03, 0xC0, 0x78, 0x0F, 0x01, 0xE0, 0x3C,
    0x07, 0x80, 0xF0, 0x3F, 0x07, 0xF1, 0xEF, 0xEC, 0xF9, 0x80, 0x03, 0x80, 0x70, 0x06, 0x00, 0x00,
    0x00, 0x0E, 0x07, 0xE0, 0x7E, 0x07, 0xE0, 0x7E, 0x07, 0xE0, 0x7E, 0x07, 0xE0, 0x7E, 0x07, 0xE0,
    0xFF, 0x1F, 0x7F, 0xF3, 0xF7, 0x00, 0x70, 0x07, 0x00, 0x63, 0xFE, 0x3F, 0xE0, 0xE0, 0x07, 0x00,
    0x38, 0x01, 0xC0, 0x0E, 0x00, 0x77, 0xE3, 0xFF, 0xDF, 0x9E, 0xF0, 0x3F, 0x01, 0xF8, 0x07, 0xC0,
    0x3E, 0x01, 0xF0, 0x1F, 0xC0, 0xFF, 0x1E, 0xFF, 0xF7, 0x7E, 0x38, 0x01, 0xC0, 0x0E, 0x00, 0x70,
    0x03, 0x80, 0x00, 0x73, 0x87, 0xBC, 0x7B, 0xC7, 0x38, 0x00, 0x00, 0x00, 0xE0, 0x7E, 0x07, 0xE0,
    0x7E, 0x07, 0xE0, 0x7E, 0x07, 0xE0, 0x7E, 0x07, 0xE0, 0x7E, 0x0F, 0xF1, 0xF7, 0xFF, 0x3F, 0x70,
    0x07, 0x00, 0x70, 0x06, 0x3F, 0xE3, 0xFE, 0x0F, 0xE0, 0x1F, 0xC0, 0x00, 0x00, 0x00, 0x00, 0x7C,
    0x00, 0xF8, 0x01, 0xB8, 0x07, 0x70, 0x0E, 0xE0, 0x1C, 0xE0, 0x71, 0xC0, 0xE3, 0x81, 0xC7, 0x07,
    0x87, 0x0E, 0x0E, 0x1C, 0x1C, 0x3F, 0xFC, 0xFF, 0xF9, 0xC0, 0x73, 0x80, 0x7E, 0x00, 0xFC, 0x01,
    0xC0, 0x1F, 0xC0, 0x7F, 0x00, 0x00, 0x00, 0x00, 0x1F, 0xB8, 0xFF, 0xE7, 0x9F, 0xB8, 0x1E, 0xE0,
    0x7B, 0x80, 0xEE, 0x03, 0xB8, 0x0E, 0xE0, 0x7B, 0x81, 0xE7, 0x8F, 0x8F, 0xFF, 0x1F, 0xBC, 0x06,
    0xE0, 0x0F, 0x80, 0x0F, 0x00, 0x00, 0x00, 0x00, 0x00, 0xF8, 0x01, 0xF0, 0x03, 0x70, 0x0E, 0xE0,
    0x1D, 0xC0, 0x39, 0xC0, 0xE3, 0x81, 0xC7, 0x03, 0x8E, 0x0F, 0x0E, 0x1C, 0x1C, 0x38, 0x38, 0x7F,
    0xF9, 0xFF, 0xF3, 0x80, 0xE7, 0x00, 0xFC, 0x01, 0xF8, 0x03, 0x80, 0x1D, 0x80, 0x7E, 0x00, 0xF0,
    0x00, 0x00, 0x00, 0x00, 0x7E, 0xE3, 0xFF, 0x9E, 0x7E, 0xE0, 0x7B, 0x81, 0xEE, 0x03, 0xB8, 0x0E,
    0xE0, 0x3B, 0x81, 0xEE, 0x07, 0x9E, 0x3E, 0x3F, 0xFC, 0x7E, 0xF0, 0x07, 0xC0, 0x07, 0xC0, 0x06,
    0xE0, 0x0E, 0xE0, 0x0E, 0xE0, 0x0E, 0x70, 0x1C, 0x70, 0x1C, 0x70, 0x1C, 0x70, 0x3C, 0x38, 0x38,
    0x38, 0x38, 0x38, 0x3F, 0xFC, 0x7F, 0xFC, 0x70, 0x1C, 0x70, 0x0E, 0xE0, 0x0E, 0xE0, 0x0E, 0x00,
    0x0E, 0x00, 0x0C, 0x00, 0x0F, 0x00, 0x0F, 0x1F, 0xB8, 0xFF, 0xE7, 0x9F, 0xB8, 0x1E, 0xE0, 0x7B,
    0x80, 0xEE, 0x03, 0xB8, 0x0E, 0xE0, 0x7B, 0x81, 0xE7, 0x8F, 0x8F, 0xFF, 0x1F, 0xBC, 0x00, 0xC0,
    0x03, 0x00, 0x0F, 0x00, 0x1C, 0x01, 0xC0, 0x1C, 0x00, 0xE0, 0x00, 0x00, 0x00, 0x0F, 0xE0, 0xFF,
    0x8F, 0x1E, 0x70, 0x3B, 0x81, 0xF8, 0x0F, 0xC0, 0x3E, 0x00, 0x70, 0x03, 0x80, 0x1C, 0x00, 0xE0,
    0x1F, 0x01, 0xD8, 0x0E, 0xE0, 0x77, 0x8F, 0x1F, 0xF0, 0x7F, 0x00, 0x01, 0xC0, 0x1C, 0x00, 0xE0,
    0x00, 0x00, 0x00, 0x07, 0xE0, 0xFF, 0x8F, 0x1E, 0x70, 0x3F, 0x01, 0xF8, 0x01, 0xC0, 0x0E, 0x00,
    0x70, 0x1D, 0xC0, 0xEF, 0x1E, 0x3F, 0xE0, 0xFE, 0x00, 0x0F, 0x80, 0x7E, 0x07, 0x70, 0x00, 0x00,
    0x00, 0x0F, 0xE0, 0xFF, 0x8F, 0x1E, 0x70, 0x3B, 0x81, 0xF8, 0x0F, 0xC0, 0x3E, 0x00, 0x70, 0x03,
    0x80, 0x1C, 0x00, 0xE0, 0x1F, 0x01, 0xD8, 0x0E, 0xE0, 0x77, 0x8F, 0x1F, 0xF0, 0x7F, 0x00, 0x0F,
    0x80, 0x7E, 0x07, 0x70, 0x00, 0x00, 0x00, 0x07, 0xE0, 0xFF, 0x8F, 0x1E, 0x70, 0x3F, 0x01, 0xF8,
    0x01, 0xC0, 0x0E, 0x00, 0x70, 0x1D, 0xC0, 0xEF, 0x1E, 0x3F, 0xE0, 0xFE, 0x00, 0x07, 0x00, 0x3C,
    0x01, 0xE0, 0x0E, 0x00, 0x00, 0x00, 0x00, 0x7F, 0x07, 0xFC, 0x78, 0xF3, 0x81, 0xDC, 0x0F, 0xC0,
    0x7E, 0x01, 0xF0, 0x03, 0x80, 0x1C, 0x00, 0xE0, 0x07, 0x00, 0xF8, 0x0E, 0xC0, 0x77, 0x03, 0xBC,
    0x78, 0xFF, 0x83, 0xF8, 0x07, 0x00, 0x3C, 0x01, 0xE0, 0x0E, 0x00, 0x00, 0x00, 0x00, 0x3F, 0x07,
    0xFC, 0x78, 0xF3, 0x81, 0xF8, 0x0F, 0xC0, 0x0E, 0x00, 0x70, 0x03, 0x80, 0xEE, 0x07, 0x78, 0xF1,
    0xFF, 0x07, 0xF0, 0x08, 0x40, 0xEE, 0x03, 0xF0, 0x1F, 0x00, 0x00, 0x0F, 0xE0, 0xFF, 0x8F, 0x1E,
    0x70, 0x3B, 0x81, 0xF8, 0x0F, 0xC0, 0x3E, 0x00, 0x70, 0x03, 0x80, 0x1C, 0x00, 0xE0, 0x1F, 0x01,
    0xD8, 0x0E, 0xE0, 0x77, 0x8F, 0x1F, 0xF0, 0x7F, 0x00, 0x08, 0x40, 0xEE, 0x03, 0xF0, 0x1F, 0x00,
    0x00, 0x07, 0xE0, 0xFF, 0x8F, 0x1E, 0x70, 0x3F, 0x01, 0xF8, 0x01, 0xC0, 0x0E, 0x00, 0x70, 0x1D,
    0xC0, 0xEF, 0x1E, 0x3F, 0xE0, 0xFE, 0x00, 0x08, 0x40, 0xEE, 0x03, 0xF0, 0x1F, 0x00, 0x00, 0x7F,
    0xE3, 0xFF, 0xC7, 0x1E, 0x38, 0x39, 0xC1, 0xCE, 0x0E, 0x70, 0x73, 0x83, 0x9C, 0x1C, 0xE0, 0xE7,
    0x07, 0x38, 0x39, 0xC1, 0xCE, 0x0E, 0x70, 0x73, 0x8F, 0x7F, 0xFB, 0xFF, 0x00, 0x00, 0xEE, 0x01,
    0xFC, 0x03, 0xF8, 0x07, 0x70, 0x0E, 0x63, 0xFF, 0xCF, 0xFF, 0xB8, 0xF0, 0x70, 0xE1, 0xC1, 0xC3,
    0x83, 0x87, 0x07, 0x0E, 0x0E, 0x1C, 0x1C, 0x1C, 0x38, 0x38, 0xF0, 0x3F, 0xE0, 0x3F, 0xC0, 0xFF,
    0xC7, 0xFF, 0x8E, 0x3C, 0x70, 0x73, 0x83, 0x9C, 0x1C, 0xE0, 0xE7, 0x07, 0xFE, 0x3F, 0xF9, 0xCE,
    0x0E, 0x70, 0x73, 0x83, 0x9C, 0x1C, 0xE0, 0xE7, 0x1E, 0xFF, 0xF7, 0xFE, 0x00, 0x00, 0x38, 0x07,
    0xFC, 0x0F, 0xF8, 0x01, 0xC0, 0x03, 0x83, 0xF7, 0x0F, 0xFE, 0x3C, 0x7C, 0x70, 0x79, 0xC0, 0x73,
    0x80, 0xE7, 0x01, 0xCE, 0x03, 0x9C, 0x07, 0x1C, 0x1E, 0x3C, 0x7C, 0x3F, 0xF8, 0x3F, 0x70, 0x3F,
    0x83, 0xF8, 0x00, 0x00, 0x00, 0xFF, 0xEF, 0xFE, 0xE0, 0x0E, 0x00, 0xE0, 0x0E, 0x00, 0xE0, 0x0E,
    0x00, 0xFF, 0xEF, 0xFE, 0xE0, 0x0E, 0x00, 0xE0, 0x0E, 0x00, 0xE0, 0x0E, 0x00, 0xFF, 0xEF, 0xFE,
    0x1F, 0xC0, 0xFE, 0x00, 0x00, 0x00, 0x01, 0xFC, 0x1F, 0xF1, 0xE3, 0xCE, 0x07, 0xE0, 0x3F, 0xFF,
    0xFF, 0xFF, 0xC0, 0x06, 0x03, 0x38, 0x1D, 0xE3, 0xC7, 0xFC, 0x1F, 0xC0, 0x1B, 0x81, 0xF0, 0x0F,
    0x00, 0x00, 0x00, 0x0F, 0xFE, 0xFF, 0xEE, 0x00, 0xE0, 0x0E, 0x00, 0xE0, 0x0E, 0x00, 0xE0, 0x0F,
    0xFE, 0xFF, 0xEE, 0x00, 0xE0, 0x0E, 0x00, 0xE0, 0x0E, 0x00, 0xE0, 0x0F, 0xFE, 0xFF, 0xE0, 0x0D,
    0xC0, 0x7C, 0x01, 0xE0, 0x00, 0x00, 0x00, 0x0F, 0xE0, 0xFF, 0x8F, 0x1E, 0x70, 0x3F, 0x01, 0xFF,
    0xFF, 0xFF, 0xFE, 0x00, 0x30, 0x19, 0xC0, 0xEF, 0x1E, 0x3F, 0xE0, 0xFE, 0x00, 0x0E, 0x00, 0xF0,
    0x0F, 0x00, 0xE0, 0x00, 0x00, 0x00, 0xFF, 0xEF, 0xFE, 0xE0, 0x0E, 0x00, 0xE0, 0x0E, 0x00, 0xE0,
    0x0E, 0x00, 0xFF, 0xEF, 0xFE, 0xE0, 0x0E, 0x00, 0xE0, 0x0E, 0x00, 0xE0, 0x0E, 0x00, 0xFF, 0xEF,
    0xFE, 0x07, 0x00, 0x3C, 0x01, 0xE0, 0x0E, 0x00, 0x00, 0x00, 0x00, 0x7F, 0x07, 0xFC, 0x78, 0xF3,
    0x81, 0xF8, 0x0F, 0xFF, 0xFF, 0xFF, 0xF0, 0x01, 0x80, 0xCE, 0x07, 0x78, 0xF1, 0xFF, 0x07, 0xF0,
    0xFF, 0xE7, 0xFF, 0x38, 0x01, 0xC0, 0x0E, 0x00, 0x70, 0x03, 0x80, 0x1C, 0x00, 0xFF, 0xE7, 0xFF,
    0x38, 0x01, 0xC0, 0x0E, 0x00, 0x70, 0x03, 0x80, 0x1C, 0x00, 0xFF, 0xE7, 0xFF, 0x00, 0x18, 0x00,
    0xC0, 0x07, 0x80, 0x3C, 0x1F, 0xC1, 0xFF, 0x1E, 0x3C, 0xE0, 0x7E, 0x03, 0xFF, 0xFF, 0xFF, 0xFC,
    0x00, 0xE0, 0x23, 0x81, 0xDE, 0x1C, 0x7F, 0xC1, 0xFC, 0x03, 0x80, 0x1C, 0x00, 0xF0, 0x03, 0x80,
    0x10, 0x83, 0xB8, 0x1F, 0x81, 0xF0, 0x00, 0x0F, 0xFE, 0xFF, 0xEE, 0x00, 0xE0, 0x0E, 0x00, 0xE0,
    0x0E, 0x00, 0xE0, 0x0F, 0xFE, 0xFF, 0xEE, 0x00, 0xE0, 0x0E, 0x00, 0xE0, 0x0E, 0x00, 0xE0, 0x0F,
    0xFE, 0xFF, 0xE0, 0x08, 0x40, 0xEE, 0x03, 0xF0, 0x1F, 0x00, 0x00, 0x0F, 0xE0, 0xFF, 0x8F, 0x1E,
    0x70, 0x3F, 0x01, 0xFF, 0xFF, 0xFF, 0xFE, 0x00, 0x30, 0x19, 0xC0, 0xEF, 0x1E, 0x3F, 0xE0, 0xFE,
    0x00, 0x0F, 0x80, 0x7E, 0x07, 0x70, 0x00, 0x00, 0x00, 0x0F, 0xE0, 0xFF, 0x8F, 0x1E, 0x70, 0x7F,
    0x01, 0xF8, 0x0F, 0xC0, 0x7E, 0x00, 0x70, 0x03, 0x9F, 0xFC, 0xFF, 0xE0, 0x3F, 0x01, 0xF8, 0x0E,
    0xE0, 0xF7, 0x8F, 0x9F, 0xFC, 0x7E, 0xE0, 0x0F, 0x80, 0xFC, 0x07, 0x70, 0x00, 0x00, 0x00, 0x0F,
    0xDC, 0xFF, 0xEF, 0x1F, 0x70, 0x7F, 0x01, 0xF8, 0x0F, 0xC0, 0x7E, 0x03, 0xF0, 0x1F, 0xC1, 0xEF,
    0x1F, 0x3F, 0xF8, 0xFD, 0xC0, 0x0E, 0x00, 0x70, 0x03, 0x9F, 0xFC, 0xFF, 0xC0, 0x0D, 0xC0, 0x7C,
    0x01, 0xE0, 0x00, 0x00, 0x00, 0x0F, 0xE0, 0xFF, 0x8F, 0x1E, 0x70, 0x7F, 0x01, 0xF8, 0x0F, 0xC0,
    0x7E, 0x00, 0x70, 0x03, 0x9F, 0xFC, 0xFF, 0xE0, 0x3F, 0x01, 0xF8, 0x0E, 0xE0, 0xF7, 0x8F, 0x9F,
    0xFC, 0x7E, 0xE0, 0x1D, 0x80, 0x7C, 0x03, 0xE0, 0x00, 0x00, 0x00, 0x0F, 0xDC, 0xFF, 0xEF, 0x1F,
    0x70, 0x7F, 0x01, 0xF8, 0x0F, 0xC0, 0x7E, 0x03, 0xF0, 0x1F, 0xC1, 0xEF, 0x1F, 0x3F, 0xF8, 0xFD,
    0xC0, 0x0E, 0x00, 0x70, 0x03, 0x9F, 0xFC, 0xFF, 0xC0, 0x07, 0x00, 0x3C, 0x01, 0xE0, 0x0E, 0x00,
    0x00, 0x00, 0x00, 0x7F, 0x07, 0xFC, 0x78, 0xF3, 0x83, 0xF8, 0x0F, 0xC0, 0x7E, 0x03, 0xF0, 0x03,
    0x80, 0x1C, 0xFF, 0xE7, 0xFF, 0x01, 0xF8, 0x0F, 0xC0, 0x77, 0x07, 0xBC, 0x7C, 0xFF, 0xE3, 0xF7,
    0x07, 0x00, 0x78, 0x03, 0xC0, 0x0E, 0x00, 0x00, 0x00, 0x00, 0x7E, 0xE7, 0xFF, 0x78, 0xFB, 0x83,
    0xF8, 0x0F, 0xC0, 0x7E, 0x03, 0xF0, 0x1F, 0x80, 0xFE, 0x0F, 0x78, 0xF9, 0xFF, 0xC7, 0xEE, 0x00,
    0x70, 0x03, 0x80, 0x1C, 0xFF, 0xE7, 0xFE, 0x1F, 0xC1, 0xFF, 0x1E, 0x3C, 0xE0, 0xFE, 0x03, 0xF0,
    0x1F, 0x80, 0xFC, 0x00, 0xE0, 0x07, 0x3F, 0xF9, 0xFF, 0xC0, 0x7E, 0x03, 0xF0, 0x1D, 0xC1, 0xEF,
    0x1F, 0x3F, 0xF8, 0xFD, 0xC0, 0x00, 0x0E, 0x00, 0x78, 0x03, 0xC0, 0x1E, 0x00, 0xF0, 0x07, 0x00,
    0x07, 0x00, 0x78, 0x03, 0x00, 0x1E, 0x00, 0xF0, 0x07, 0x80, 0x1C, 0x00, 0x00, 0x00, 0x00, 0xFD,
    0xCF, 0xFE, 0xF1, 0xF7, 0x07, 0xF0, 0x1F, 0x80, 0xFC, 0x07, 0xE0, 0x3F, 0x01, 0xFC, 0x1E, 0xF1,
    0xF3, 0xFF, 0x8F, 0xDC, 0x00, 0xE0, 0x07, 0x00, 0x39, 0xFF, 0xCF, 0xFC, 0x0F, 0x80, 0x7E, 0x07,
    0x70, 0x00, 0x00, 0x00, 0x70, 0x1F, 0x80, 0xFC, 0x07, 0xE0, 0x3F, 0x01, 0xF8, 0x0F, 0xC0, 0x7E,
    0x03, 0xFF, 0xFF, 0xFF, 0xFC, 0x07, 0xE0, 0x3F, 0x01, 0xF8, 0x0F, 0xC0, 0x7E, 0x03, 0xF0, 0x1F,
    0x80, 0xE0, 0x7C, 0x07, 0xE0, 0xEE, 0x00, 0x00, 0x00, 0x0E, 0x00, 0xE0, 0x0E, 0x00, 0xE0, 0x0E,
    0x00, 0xEF, 0x8F, 0xFC, 0xF9, 0xEE, 0x0E, 0xE0, 0x6E, 0x06, 0xE0, 0x7E, 0x07, 0xE0, 0x7E, 0x07,
    0xE0, 0x7E, 0x07, 0xE0, 0x70, 0x70, 0x1C, 0xE0, 0x39, 0xC0, 0x77, 0xFF, 0xFF, 0xFF, 0xEE, 0x03,
    0x9C, 0x07, 0x38, 0x0E, 0x7F, 0xFC, 0xFF, 0xF9, 0xC0, 0x73, 0x80, 0xE7, 0x01, 0xCE, 0x03, 0x9C,
    0x07, 0x38, 0x0E, 0x70, 0x1C, 0xE0, 0x38, 0x38, 0x00, 0xE0, 0x0F, 0xF8, 0x3F, 0xE0, 0x38, 0x00,
    0xEF, 0x83, 0xFF, 0x0F, 0x9E, 0x38, 0x38, 0xE0, 0x63, 0x81, 0x8E, 0x07, 0x38, 0x1C, 0xE0, 0x73,
    0x81, 0xCE, 0x07, 0x38, 0x1C, 0xE0, 0x70, 0x1C, 0x83, 0xFC, 0x7F, 0xC2, 0x78, 0x00, 0x0F, 0xFF,
    0xFF, 0xF0, 0xE0, 0x0E, 0x00, 0xE0, 0x0E, 0x00, 0xE0, 0x0E, 0x00, 0xE0, 0x0E, 0x00, 0xE0, 0x0E,
    0x00, 0xE0, 0x0E, 0x00, 0xE0, 0x0E, 0x0F, 0xFF, 0xFF, 0xF0, 0x3C, 0x8F, 0xB9, 0xFE, 0x13, 0x80,
    0x00, 0xFC, 0x1F, 0x80, 0x70, 0x0E, 0x01, 0xC0, 0x38, 0x07, 0x00, 0xE0, 0x1C, 0x03, 0x80, 0x70,
    0xFF, 0xFF, 0xFC, 0x3F, 0x83, 0xF8, 0x00, 0x00, 0x00, 0xFF, 0xFF, 0xFF, 0x0E, 0x00, 0xE0, 0x0E,
    0x00, 0xE0, 0x0E, 0x00, 0xE0, 0x0E, 0x00, 0xE0, 0x0E, 0x00, 0xE0, 0x0E, 0x00, 0xE0, 0x0E, 0x00,
    0xE0, 0xFF, 0xFF, 0xFF, 0xFF, 0x1F, 0xE0, 0x00, 0x00, 0x07, 0xE0, 0xFC, 0x03, 0x80, 0x70, 0x0E,
    0x01, 0xC0, 0x38, 0x07, 0x00, 0xE0, 0x1C, 0x03, 0x87, 0xFF, 0xFF, 0xE0, 0x1B, 0x81, 0xF8, 0x0F,
    0x00, 0x00, 0x00, 0x0F, 0xFF, 0xFF, 0xF0, 0xE0, 0x0E, 0x00, 0xE0, 0x0E, 0x00, 0xE0, 0x0E, 0x00,
    0xE0, 0x0E, 0x00, 0xE0, 0x0E, 0x00, 0xE0, 0x0E, 0x00, 0xE0, 0x0E, 0x0F, 0xFF, 0xFF, 0xF0, 0x3B,
    0x07, 0xE0, 0x78, 0x00, 0x00, 0x00, 0xFC, 0x1F, 0x80, 0x70, 0x0E, 0x01, 0xC0, 0x38, 0x07, 0x00,
    0xE0, 0x1C, 0x03, 0x80, 0x70, 0xFF, 0xFF, 0xFC, 0xFF, 0xF7, 0xFF, 0x83, 0x80, 0x1C, 0x00, 0xE0,
    0x07, 0x00, 0x38, 0x01, 0xC0, 0x0E, 0x00, 0x70, 0x03, 0x80, 0x1C, 0x00, 0xE0, 0x07, 0x00, 0x38,
    0x01, 0xC0, 0xFF, 0xF7, 0xFF, 0x80, 0x18, 0x00, 0xC0, 0x07, 0x80, 0x3C, 0x0E, 0x00, 0x78, 0x03,
    0xC0, 0x1C, 0x00, 0x00, 0x3F, 0x01, 0xF8, 0x01, 0xC0, 0x0E, 0x00, 0x70, 0x03, 0x80, 0x1C, 0x00,
    0xE0, 0x07, 0x00, 0x38, 0x01, 0xC0, 0xFF, 0xE7, 0xFF, 0x00, 0x18, 0x01, 0xC0, 0x0F, 0x00, 0x38,
    0x0E, 0x00, 0xF0, 0x0F, 0x00, 0xE0, 0x00, 0x00, 0x00, 0xFF, 0xFF, 0xFF, 0x0E, 0x00, 0xE0, 0x0E,
    0x00, 0xE0, 0x0E, 0x00, 0xE0, 0x0E, 0x00, 0xE0, 0x0E, 0x00, 0xE0, 0x0E, 0x00, 0xE0, 0x0E, 0x00,
    0xE0, 0xFF, 0xFF, 0xFF, 0x7E, 0x0F, 0xC0, 0x38, 0x07, 0x00, 0xE0, 0x1C, 0x03, 0x80, 0x70, 0x0E,
    0x01, 0xC0, 0x38, 0x7F, 0xFF, 0xFE, 0xE1, 0xFF, 0x87, 0xEE, 0x07, 0x38, 0x1C, 0xE0, 0x73, 0x81,
    0xCE, 0x07, 0x38, 0x1C, 0xE0, 0x70, 0x01, 0xC0, 0x07, 0x38, 0x1C, 0xE0, 0x71, 0x81, 0xC7, 0x07,
    0x1E, 0x38, 0x3F, 0xE0, 0x7F, 0x00, 0x70, 0x3F, 0x83, 0xFC, 0x1E, 0xE0, 0x70, 0x00, 0x38, 0x1D,
    0xC0, 0xEE, 0x07, 0x70, 0x3B, 0x81, 0xDC, 0x0E, 0xE0, 0x77, 0x03, 0xB8, 0x1D, 0xC1, 0xEF, 0x1F,
    0x3F, 0xF8, 0xFD, 0xC0, 0x0E, 0x00, 0x70, 0x03, 0x07, 0xF8, 0x3F, 0xC0, 0x00, 0xF8, 0x07, 0xE0,
    0x1D, 0xC0, 0x00, 0x00, 0x00, 0x07, 0xF0, 0x1F, 0x80, 0x1C, 0x00, 0x70, 0x01, 0xC0, 0x07, 0x00,
    0x1C, 0x00, 0x70, 0x01, 0xC0, 0x07, 0x00, 0x1C, 0xE0, 0x73, 0x81, 0xC6, 0x07, 0x1C, 0x1C, 0x78,
    0xE0, 0xFF, 0x81, 0xFC, 0x00, 0x1F, 0x07, 0xE3, 0xB8, 0x00, 0x00, 0x1F, 0xE7, 0xF8, 0x0E, 0x03,
    0x80, 0xE0, 0x38, 0x0E, 0x03, 0x80, 0xE0, 0x38, 0x0E, 0x03, 0x80, 0xE0, 0x38, 0x0E, 0x03, 0x9F,
    0xE7, 0xF0, 0xE0, 0x77, 0x07, 0xB8, 0x79, 0xC7, 0x8E, 0x78, 0x73, 0x83, 0xB8, 0x1F, 0xC0, 0xFC,
    0x07, 0xE0, 0x3F, 0x81, 0xDC, 0x0E, 0x70, 0x73, 0xC3, 0x8F, 0x1C, 0x3C, 0xE0, 0xF7, 0x03, 0xC0,
    0x00, 0x1E, 0x00, 0xF0, 0x07, 0x80, 0x3C, 0x01, 0xE0, 0x0F, 0x00, 0xE0, 0x1C, 0x03, 0x80, 0x70,
    0x0E, 0x01, 0xC3, 0xB8, 0xE7, 0x3C, 0xEF, 0x1D, 0xC3, 0xF0, 0x7C, 0x0F, 0xC1, 0xFC, 0x3B, 0xC7,
    0x3C, 0xE3, 0xDC, 0x3C, 0x00, 0x0E, 0x01, 0xE0, 0x3C, 0x07, 0x80, 0xF0, 0x1C, 0x00, 0xE1, 0xDC,
    0x73, 0x9E, 0x77, 0x8E, 0xE1, 0xF8, 0x3E, 0x07, 0xE0, 0xFE, 0x1D, 0xE3, 0x9E, 0x71, 0xEE, 0x1E,
    0x70, 0x07, 0x00, 0xE0, 0x00, 0x00, 0x00, 0x0E, 0x00, 0xE0, 0x0E, 0x00, 0xE0, 0x0E, 0x00, 0xE0,
    0x0E, 0x00, 0xE0, 0x0E, 0x00, 0xE0, 0x0E, 0x00, 0xE0, 0x0E, 0x00, 0xE0, 0x0E, 0x00, 0xE0, 0x0F,
    0xFF, 0xFF, 0xF0, 0x03, 0x80, 0x70, 0x06, 0x00, 0x00, 0x00, 0x0F, 0xE0, 0xFE, 0x00, 0xE0, 0x0E,
    0x00, 0xE0, 0x0E, 0x00, 0xE0, 0x0E, 0x00, 0xE0, 0x0E, 0x00, 0xE0, 0x0E, 0x00, 0xE0, 0x0E, 0x00,
    0xE0, 0x0E, 0x0F, 0xFE, 0xFF, 0xF0, 0xE0, 0x0E, 0x00, 0xE0, 0x0E, 0x00, 0xE0, 0x0E, 0x00, 0xE0,
    0x0E, 0x00, 0xE0, 0x0E, 0x00, 0xE0, 0x0E, 0x00, 0xE0, 0x0E, 0x00, 0xE0, 0x0E, 0x00, 0xFF, 0xFF,
    0xFF, 0x00, 0x00, 0xE0, 0x0F, 0x00, 0xF0, 0x0F, 0x00, 0xF0, 0x0E, 0x00, 0xFE, 0x0F, 0xE0, 0x0E,
    0x00, 0xE0, 0x0E, 0x00, 0xE0, 0x0E, 0x00, 0xE0, 0x0E, 0x00, 0xE0, 0x0E, 0x00, 0xE0, 0x0E, 0x00,
    0xE0, 0x0E, 0x00, 0xE0, 0xFF, 0xEF, 0xFF, 0x00, 0x00, 0xE0, 0x0F, 0x00, 0xF0, 0x0F, 0x00, 0xF0,
    0x0E, 0x00, 0xE0, 0xEE, 0x0F, 0xE0, 0xFE, 0x0F, 0xE0, 0x3E, 0x0F, 0xE0, 0xEE, 0x00, 0xE0, 0x0E,
    0x00, 0xE0, 0x0E, 0x00, 0xE0, 0x0E, 0x00, 0xE0, 0x0E, 0x00, 0xFF, 0xFF, 0xFF, 0xFE, 0xEF, 0xFE,
    0x0F, 0xF0, 0xEF, 0x0E, 0x70, 0xEE, 0x0E, 0xE0, 0xE0, 0x0E, 0x00, 0xE0, 0x0E, 0x00, 0xE0, 0x0E,
    0x00, 0xE0, 0x0E, 0x00, 0xE0, 0xFF, 0xEF, 0xFF, 0x18, 0x00, 0x60, 0x01, 0x80, 0x06, 0x00, 0x18,
    0x00, 0x60, 0x01, 0x80, 0x07, 0x80, 0x1F, 0x01, 0xF8, 0x0F, 0x80, 0x1E, 0x00, 0x18, 0x00, 0x60,
    0x01, 0x80, 0x06, 0x00, 0x1F, 0xFC, 0x7F, 0xF0, 0xFE, 0x0F, 0xE0, 0x0E, 0x00, 0xE0, 0x0E, 0x00,
    0xE0, 0x0E, 0x00, 0xF8, 0x0F, 0x83, 0xF0, 0x3E, 0x01, 0xE0, 0x0E, 0x00, 0xE0, 0x0E, 0x00, 0xE0,
    0xFF, 0xEF, 0xFF, 0x01, 0xC0, 0x0E, 0x00, 0xE0, 0x00, 0x00, 0x00, 0x7E, 0x1F, 0xF0, 0xFF, 0x87,
    0xEC, 0x3F, 0x71, 0xFB, 0x8F, 0xDC, 0x7E, 0x73, 0xF3, 0x9F, 0x9C, 0xFC, 0x77, 0xE3, 0xBF, 0x1D,
    0xF8, 0x6F, 0xC3, 0xFE, 0x1F, 0xF0, 0xFF, 0x83, 0xE0, 0x03, 0x80, 0x38, 0x07, 0x00, 0x00, 0x00,
    0x0E, 0xF8, 0xFF, 0xCF, 0x9E, 0xE0, 0xEE, 0x06, 0xE0, 0x6E, 0x07, 0xE0, 0x7E, 0x07, 0xE0, 0x7E,
    0x07, 0xE0, 0x7E, 0x07, 0xFC, 0x3F, 0xE1, 0xFF, 0x0F, 0xD8, 0x7E, 0xE3, 0xF7, 0x1F, 0xB8, 0xFC,
    0xE7, 0xE7, 0x3F, 0x39, 0xF8, 0xEF, 0xC7, 0x7E, 0x3B, 0xF0, 0xDF, 0x87, 0xFC, 0x3F, 0xE1, 0xFF,
    0x07, 0xC0, 0x00, 0x0E, 0x00, 0x78, 0x03, 0xC0, 0x1E, 0x00, 0xF0, 0x07, 0x00, 0xEF, 0x8F, 0xFC,
    0xF9, 0xEE, 0x0E, 0xE0, 0x6E, 0x06, 0xE0, 0x7E, 0x07, 0xE0, 0x7E, 0x07, 0xE0, 0x7E, 0x07, 0xE0,
    0x70, 0x00, 0x0E, 0x00, 0xF0, 0x0F, 0x00, 0xF0, 0x0F, 0x00, 0xE0, 0x08, 0x40, 0x67, 0x03, 0xF0,
    0x0F, 0x00, 0x00, 0x7E, 0x1F, 0xF0, 0xFF, 0x87, 0xEC, 0x3F, 0x71, 0xFB, 0x8F, 0xDC, 0x7E, 0x73,
    0xF3, 0x9F, 0x9C, 0xFC, 0x77, 0xE3, 0xBF, 0x1D, 0xF8, 0x6F, 0xC3, 0xFE, 0x1F, 0xF0, 0xFF, 0x83,
    0xE0, 0x10, 0x81, 0x9C, 0x1F, 0x80, 0xF0, 0x00, 0x0E, 0xF8, 0xFF, 0xCF, 0x9E, 0xE0, 0xEE, 0x06,
    0xE0, 0x6E, 0x07, 0xE0, 0x7E, 0x07, 0xE0, 0x7E, 0x07, 0xE0, 0x7E, 0x07, 0x70, 0x03, 0xC0, 0x1E,
    0x00, 0xF0, 0x07, 0x80, 0x38, 0x00, 0x00, 0x00, 0x00, 0x77, 0xC3, 0xFF, 0x1F, 0x3C, 0xE0, 0xE7,
    0x03, 0x38, 0x19, 0xC0, 0xEE, 0x07, 0x70, 0x3B, 0x81, 0xDC, 0x0E, 0xE0, 0x77, 0x03, 0x80, 0xFC,
    0x3F, 0xE1, 0xFF, 0x0F, 0xD8, 0x7E, 0xE3, 0xF7, 0x1F, 0xB8, 0xFC, 0xE7, 0xE7, 0x3F, 0x39, 0xF8,
    0xEF, 0xC7, 0x7E, 0x3B, 0xF0, 0xDF, 0x87, 0xFC, 0x3F, 0xE1, 0xFF, 0x07, 0xC0, 0x0E, 0x00, 0x70,
    0x03, 0x83, 0xFC, 0x1F, 0xC0, 0xEF, 0x8F, 0xFC, 0xF9, 0xEE, 0x0E, 0xE0, 0x6E, 0x06, 0xE0, 0x7E,
    0x07, 0xE0, 0x7E, 0x07, 0xE0, 0x7E, 0x07, 0xE0, 0x70, 0x07, 0x00, 0x70, 0x07, 0x03, 0xE0, 0x3E,
    0x1F, 0xC0, 0xFE, 0x00, 0x00, 0x00, 0x01, 0xFC, 0x1F, 0xF1, 0xE3, 0xCE, 0x0F, 0xE0, 0x3F, 0x01,
    0xF8, 0x0F, 0xC0, 0x7E, 0x03, 0xF0, 0x1F, 0x80, 0xFC, 0x07, 0xE0, 0x3F, 0x01, 0xDC, 0x1E, 0xF1,
    0xE3, 0xFE, 0x0F, 0xE0, 0x1F, 0xC0, 0xFE, 0x00, 0x00, 0x00, 0x01, 0xFC, 0x1F, 0xF1, 0xE3, 0xCE,
    0x0F, 0xE0, 0x3F, 0x01, 0xF8, 0x0F, 0xC0, 0x7E, 0x03, 0xB8, 0x1D, 0xE3, 0xC7, 0xFC, 0x1F, 0xC0,
    0x0D, 0xC0, 0x7C, 0x01, 0xE0, 0x00, 0x00, 0x00, 0x0F, 0xE0, 0xFF, 0x8F, 0x1E, 0x70, 0x7F, 0x01,
    0xF8, 0x0F, 0xC0, 0x7E, 0x03, 0xF0, 0x1F, 0x80, 0xFC, 0x07, 0xE0, 0x3F, 0x01, 0xF8, 0x0E, 0xE0,
    0xF7, 0x8F, 0x1F, 0xF0, 0x7F, 0x00, 0x0D, 0xC0, 0x7C, 0x01, 0xE0, 0x00, 0x00, 0x00, 0x0F, 0xE0,
    0xFF, 0x8F, 0x1E, 0x70, 0x7F, 0x01, 0xF8, 0x0F, 0xC0, 0x7E, 0x03, 0xF0, 0x1D, 0xC0, 0xEF, 0x1E,
    0x3F, 0xE0, 0xFE, 0x00, 0x07, 0xE0, 0x77, 0x03, 0x70, 0x00, 0x00, 0x00, 0x0F, 0xE0, 0xFF, 0x8F,
    0x1E, 0x70, 0x7F, 0x01, 0xF8, 0x0F, 0xC0, 0x7E, 0x03, 0xF0, 0x1F, 0x80, 0xFC, 0x07, 0xE0, 0x3F,
    0x01, 0xF8, 0x0E, 0xE0, 0xF7, 0x8F, 0x1F, 0xF0, 0x7F, 0x00, 0x07, 0xE0, 0x77, 0x03, 0x70, 0x00,
    0x00, 0x00, 0x0F, 0xE0, 0xFF, 0x8F, 0x1E, 0x70, 0x7F, 0x01, 0xF8, 0x0F, 0xC0, 0x7E, 0x03, 0xF0,
    0x1D, 0xC0, 0xEF, 0x1E, 0x3F, 0xE0, 0xFE, 0x00, 0x1F, 0xF9, 0xFF, 0xDE, 0xE0, 0xE7, 0x0E, 0x38,
    0x71, 0xC3, 0x8E, 0x1C, 0x70, 0xE3, 0xFF, 0x1F, 0xF8, 0xE1, 0xC7, 0x0E, 0x38, 0x71, 0xC1, 0xCE,
    0x0F, 0x70, 0x3F, 0xF8, 0xFF, 0xC0, 0x0F, 0xC1, 0xFF, 0x1F, 0xFC, 0xEE, 0x76, 0x73, 0xF3, 0xFF,
    0x9F, 0xFC, 0xE0, 0x67, 0x13, 0xB9, 0xDF, 0xDC, 0x7F, 0xE0, 0xFC, 0x00, 0x07, 0x00, 0x70, 0x0E,
    0x00, 0x00, 0x00, 0x0F, 0xFC, 0xFF, 0xEE, 0x0E, 0xE0, 0x7E, 0x07, 0xE0, 0x7E, 0x07, 0xE0, 0x7E,
    0x1E, 0xFF, 0xCF, 0xFE, 0xE0, 0xEE, 0x07, 0xE0, 0x7E, 0x07, 0xE0, 0x7E, 0x07, 0xE0, 0x70, 0x01,
    0xC0, 0x0E, 0x00, 0xE0, 0x00, 0x00, 0x00, 0x7D, 0xF3, 0xFF, 0xC3, 0xCF, 0x1C, 0x38, 0xE1, 0xC6,
    0x00, 0x30, 0x01, 0x80, 0x0C, 0x00, 0x60, 0x03, 0x00, 0xFF, 0x07, 0xFC, 0x00, 0xFF, 0xCF, 0xFE,
    0xE0, 0xEE, 0x07, 0xE0, 0x7E, 0x07, 0xE0, 0x7E, 0x07, 0xE1, 0xEF, 0xFC, 0xFF, 0xEE, 0x0E, 0xE0,
    0x7E, 0x07, 0xE0, 0x7E, 0x07, 0xE0, 0x7E, 0x07, 0x00, 0x00, 0xE0, 0x0F, 0x00, 0xF0, 0x0F, 0x00,
    0xF0, 0x0E, 0x00, 0xFB, 0xE7, 0xFF, 0x87, 0x9E, 0x38, 0x71, 0xC3, 0x8C, 0x00, 0x60, 0x03, 0x00,
    0x18, 0x00, 0xC0, 0x06, 0x01, 0xFE, 0x0F, 0xF8, 0x00, 0x00, 0xF0, 0x07, 0x80, 0x3C, 0x01, 0xE0,
    0x0F, 0x00, 0x78, 0x00, 0x21, 0x03, 0x38, 0x3F, 0x01, 0xE0, 0x00, 0x0F, 0xFC, 0xFF, 0xEE, 0x0E,
    0xE0, 0x7E, 0x07, 0xE0, 0x7E, 0x07, 0xE0, 0x7E, 0x1E, 0xFF, 0xCF, 0xFE, 0xE0, 0xEE, 0x07, 0xE0,
    0x7E, 0x07, 0xE0, 0x7E, 0x07, 0xE0, 0x70, 0x08, 0x40, 0xE7, 0x03, 0xF0, 0x0F, 0x00, 0x00, 0x7D,
    0xF3, 0xFF, 0xC3, 0xCF, 0x1C, 0x38, 0xE1, 0xC6, 0x00, 0x30, 0x01, 0x80, 0x0C, 0x00, 0x60, 0x03,
    0x00, 0xFF, 0x07, 0xFC, 0x00, 0x01, 0xC0, 0x0E, 0x00, 0x30, 0x00, 0x00, 0x00, 0x00, 0x7F, 0x03,
    0xFF, 0x1E, 0x3C, 0x70, 0x39, 0x80, 0xE6, 0x03, 0x9C, 0x06, 0x7F, 0x00, 0xFF, 0x80, 0xFF, 0x00,
    0x3E, 0xE0, 0x3B, 0x80, 0x6E, 0x03, 0xBC, 0x0E, 0x78, 0x78, 0xFF, 0xC1, 0xFE, 0x00, 0x03, 0x80,
    0xE0, 0x18, 0x00, 0x00, 0x00, 0x7F, 0x1F, 0xF3, 0x8E, 0xE0, 0xEE, 0x19, 0xFC, 0x1F, 0xE0, 0x3F,
    0xC1, 0xF8, 0x3F, 0x8F, 0x7F, 0xC7, 0xF0, 0x0F, 0x80, 0x3F, 0x01, 0xDC, 0x00, 0x00, 0x00, 0x00,
    0x7F, 0x03, 0xFF, 0x1E, 0x3C, 0x70, 0x39, 0x80, 0xE6, 0x03, 0x9C, 0x06, 0x7F, 0x00, 0xFF, 0x80,
    0xFF, 0x00, 0x3E, 0xE0, 0x3B, 0x80, 0x6E, 0x03, 0xBC, 0x0E, 0x78, 0x78, 0xFF, 0xC1, 0xFE, 0x00,
    0x1F, 0x07, 0xE0, 0xEE, 0x00, 0x00, 0x00, 0x7F, 0x1F, 0xF3, 0x8E, 0xE0, 0xEE, 0x19, 0xFC, 0x1F,
    0xE0, 0x3F, 0xC1, 0xF8, 0x3F, 0x8F, 0x7F, 0xC7, 0xF0, 0x1F, 0xC0, 0xFF, 0xC7, 0x8F, 0x1C, 0x0E,
    0x60, 0x39, 0x80, 0xE7, 0x01, 0x9F, 0xC0, 0x3F, 0xE0, 0x3F, 0xC0, 0x0F, 0xB8, 0x0E, 0xE0, 0x1B,
    0x80, 0xEF, 0x03, 0x9E, 0x1E, 0x3F, 0xF0, 0x7F, 0x80, 0x60, 0x01, 0xF0, 0x06, 0xC0, 0x1B, 0x00,
    0x7C, 0x00, 0x3F, 0x8F, 0xF9, 0xC7, 0x70, 0x77, 0x0C, 0xFE, 0x0F, 0xF0, 0x1F, 0xE0, 0xFC, 0x1F,
    0xC7, 0xBF, 0xE3, 0xF8, 0x18, 0x03, 0xE0, 0x6C, 0x0D, 0x81, 0xE0, 0x08, 0xC0, 0x77, 0x00, 0xF8,
    0x03, 0xE0, 0x00, 0x00, 0x7F, 0x03, 0xFF, 0x1E, 0x3C, 0x70, 0x39, 0x80, 0xE6, 0x03, 0x9C, 0x06,
    0x7F, 0x00, 0xFF, 0x80, 0xFF, 0x00, 0x3E, 0xE0, 0x3B, 0x80, 0x6E, 0x03, 0xBC, 0x0E, 0x78, 0x78,
    0xFF, 0xC1, 0xFE, 0x00, 0x21, 0x07, 0x70, 0xFC, 0x0F, 0x80, 0x00, 0x7F, 0x1F, 0xF3, 0x8E, 0xE0,
    0xEE, 0x19, 0xFC, 0x1F, 0xE0, 0x3F, 0xC1, 0xF8, 0x3F, 0x8F, 0x7F, 0xC7, 0xF0, 0xFF, 0xFF, 0xFF,
    0xC1, 0xC0, 0x0E, 0x00, 0x70, 0x03, 0x80, 0x1C, 0x00, 0xE0, 0x07, 0x00, 0x38, 0x01, 0xC0, 0x0E,
    0x00, 0x70, 0x03, 0x80, 0x1C, 0x00, 0xE0, 0x07, 0x00, 0x38, 0x00, 0xC0, 0x0F, 0x80, 0x7E, 0x03,
    0xF0, 0x0F, 0x00, 0x0E, 0x00, 0xE0, 0x0E, 0x00, 0xE0, 0x0E, 0x0F, 0xFF, 0xFF, 0xF0, 0xE0, 0x0E,
    0x00, 0xE0, 0x0E, 0x00, 0xE0, 0x0E, 0x00, 0xE0, 0x0E, 0x00, 0xE0, 0x0F, 0xE0, 0x7E, 0x03, 0x00,
    0x3E, 0x03, 0x60, 0x36, 0x03, 0xE0, 0x08, 0x40, 0xEE, 0x03, 0xF0, 0x1F, 0x00, 0x00, 0x7F, 0xFF,
    0xFF, 0xE0, 0xE0, 0x07, 0x00, 0x38, 0x01, 0xC0, 0x0E, 0x00, 0x70, 0x03, 0x80, 0x1C, 0x00, 0xE0,
    0x07, 0x00, 0x38, 0x01, 0xC0, 0x0E, 0x00, 0x70, 0x03, 0x80, 0x1C, 0x00, 0x0E, 0x70, 0x73, 0xC3,
    0x9E, 0x1C, 0xF0, 0xE1, 0xFF, 0xFF, 0xFF, 0xC1, 0xC0, 0x0E, 0x00, 0x70, 0x03, 0x80, 0x1C, 0x00,
    0xE0, 0x07, 0x00, 0x38, 0x01, 0xC0, 0x0F, 0xE0, 0x3F, 0x00, 0xFF, 0xFF, 0xFF, 0xC1, 0xC0, 0x0E,
    0x00, 0x70, 0x03, 0x80, 0x1C, 0x0F, 0xFE, 0x7F, 0xF0, 0x38, 0x01, 0xC0, 0x0E, 0x00, 0x70, 0x03,
    0x80, 0x1C, 0x00, 0xE0, 0x07, 0x00, 0x38, 0x00, 0x0E, 0x00, 0xE0, 0x0E, 0x00, 0xE0, 0x0E, 0x0F,
    0xFF, 0xFF, 0xF0, 0xE0, 0x0E, 0x07, 0xFE, 0x7F, 0xE0, 0xE0, 0x0E, 0x00, 0xE0, 0x0E, 0x00, 0xE0,
    0x0F, 0xE0, 0x7E, 0x0E, 0x40, 0xFF, 0x0F, 0xF8, 0x27, 0x80, 0x00, 0x70, 0x1F, 0x80, 0xFC, 0x07,
    0xE0, 0x3F, 0x01, 0xF8, 0x0F, 0xC0, 0x7E, 0x03, 0xF0, 0x1F, 0x80, 0xFC, 0x07, 0xE0, 0x3F, 0x01,
    0xF8, 0x0E, 0xE0, 0xF7, 0x8F, 0x1F, 0xF0, 0x7F, 0x00, 0x3C, 0x8F, 0xB9, 0xFE, 0x13, 0xC0, 0x01,
    0x80, 0xF0, 0x1E, 0x03, 0xC0, 0x78, 0x0F, 0x01, 0xE0, 0x3C, 0x07, 0x81, 0xF8, 0x3F, 0x8F, 0x7F,
    0x67, 0xCC, 0x1F, 0xC0, 0xFE, 0x00, 0x00, 0x00, 0x0E, 0x03, 0xF0, 0x1F, 0x80, 0xFC, 0x07, 0xE0,
    0x3F, 0x01, 0xF8, 0x0F, 0xC0, 0x7E, 0x03, 0xF0, 0x1F, 0x80, 0xFC, 0x07, 0xE0, 0x3F, 0x01, 0xDC,
    0x1E, 0xF1, 0xE3, 0xFE, 0x0F, 0xE0, 0x3F, 0x87, 0xF0, 0x00, 0x00, 0x0C, 0x07, 0x80, 0xF0, 0x1E,
    0x03, 0xC0, 0x78, 0x0F, 0x01, 0xE0, 0x3C, 0x0F, 0xC1, 0xFC, 0x7B, 0xFB, 0x3E, 0x60, 0x0D, 0xC0,
    0x7C, 0x01, 0xE0, 0x00, 0x00, 0x00, 0x70, 0x1F, 0x80, 0xFC, 0x07, 0xE0, 0x3F, 0x01, 0xF8, 0x0F,
    0xC0, 0x7E, 0x03, 0xF0, 0x1F, 0x80, 0xFC, 0x07, 0xE0, 0x3F, 0x01, 0xF8, 0x0E, 0xE0, 0xF7, 0x8F,
    0x1F, 0xF0, 0x7F, 0x00, 0x3B, 0x03, 0xE0, 0x7C, 0x00, 0x00, 0x01, 0x80, 0xF0, 0x1E, 0x03, 0xC0,
    0x78, 0x0F, 0x01, 0xE0, 0x3C, 0x07, 0x81, 0xF8, 0x3F, 0x8F, 0x7F, 0x67, 0xCC, 0x07, 0x80, 0x7C,
    0x03, 0x70, 0x1F, 0x00, 0x78, 0x00, 0x00, 0x00, 0x1C, 0x07, 0xE0, 0x3F, 0x01, 0xF8, 0x0F, 0xC0,
    0x7E, 0x03, 0xF0, 0x1F, 0x80, 0xFC, 0x07, 0xE0, 0x3F, 0x01, 0xF8, 0x0F, 0xC0, 0x7E, 0x03, 0xB8,
    0x3D, 0xE3, 0xC7, 0xFC, 0x1F, 0xC0, 0x1E, 0x03, 0xE0, 0x6C, 0x0F, 0x81, 0xE0, 0x00, 0x00, 0x06,
    0x03, 0xC0, 0x78, 0x0F, 0x01, 0xE0, 0x3C, 0x07, 0x80, 0xF0, 0x1E, 0x07, 0xE0, 0xFE, 0x3D, 0xFD,
    0x9F, 0x30, 0x07, 0xE0, 0x77, 0x03, 0x70, 0x00, 0x00, 0x00, 0x70, 0x1F, 0x80, 0xFC, 0x07, 0xE0,
    0x3F, 0x01, 0xF8, 0x0F, 0xC0, 0x7E, 0x03, 0xF0, 0x1F, 0x80, 0xFC, 0x07, 0xE0, 0x3F, 0x01, 0xF8,
    0x0E, 0xE0, 0xF7, 0x8F, 0x1F, 0xF0, 0x7F, 0x00, 0x0F, 0xC3, 0xB0, 0xEE, 0x00, 0x00, 0x01, 0x80,
    0xF0, 0x1E, 0x03, 0xC0, 0x78, 0x0F, 0x01, 0xE0, 0x3C, 0x07, 0x81, 0xF8, 0x3F, 0x8F, 0x7F, 0x67,
    0xCC, 0xE0, 0x3F, 0x01, 0xF8, 0x0F, 0xC0, 0x7E, 0x03, 0xF0, 0x1F, 0x80, 0xFC, 0x07, 0xE0, 0x3F,
    0x01, 0xF8, 0x0F, 0xC0, 0x7E, 0x03, 0xF0, 0x1D, 0xC0, 0xEF, 0x1E, 0x3F, 0xF0, 0xFE, 0x01, 0xC0,
    0x0E, 0x00, 0x78, 0x01, 0xC0, 0xC0, 0x6C, 0x06, 0xC0, 0x6C, 0x06, 0xC0, 0x6C, 0x06, 0xC0, 0x6C,
    0x06, 0xC0, 0xEE, 0x0E, 0xF1, 0xE7, 0xFE, 0x3E, 0xE0, 0x0C, 0x00, 0xC0, 0x0F, 0x00, 0xF0, 0x07,
    0xC0, 0x07, 0xE0, 0x0E, 0xE0, 0x00, 0x00, 0x00, 0x00, 0xE7, 0xC6, 0xE7, 0xC6, 0xE7, 0xC6, 0xE7,
    0xCE, 0xE7, 0xCE, 0xE6, 0xCE, 0x66, 0xEE, 0x66, 0xEE, 0x66, 0xEE, 0x6E, 0xEC, 0x7E, 0xEC, 0x7E,
    0xEC, 0x7E, 0x6C, 0x7E, 0x7C, 0x7E, 0x7C, 0x7C, 0x7C, 0x3C, 0x7C, 0x3C, 0x7C, 0x07, 0xC0, 0x1F,
    0x80, 0x3B, 0x80, 0x00, 0x00, 0x00, 0x1C, 0xF9, 0xF9, 0xF3, 0xF3, 0xE7, 0x67, 0xCE, 0xCD, 0x9D,
    0xDB, 0x33, 0xB7, 0x67, 0x6F, 0xCF, 0xDF, 0x8F, 0xBF, 0x1F, 0x3E, 0x3E, 0x7C, 0x78, 0xF0, 0x07,
    0xC0, 0x0F, 0xC0, 0x3B, 0x80, 0x00, 0x00, 0x00, 0x0E, 0x01, 0xDC, 0x07, 0x3C, 0x0E, 0x38, 0x38,
    0x70, 0x70, 0x71, 0xC0, 0xE3, 0x80, 0xE7, 0x01, 0xDC, 0x01, 0xF8, 0x03, 0xE0, 0x03, 0xC0, 0x07,
    0x00, 0x0E, 0x00, 0x1C, 0x00, 0x38, 0x00, 0x70, 0x00, 0xE0, 0x00, 0x1F, 0x03, 0xF0, 0x3B, 0x80,
    0x00, 0x00, 0x0E, 0x07, 0xE0, 0x7E, 0x07, 0xE0, 0x7E, 0x07, 0xE0, 0x7E, 0x07, 0xE0, 0x7E, 0x07,
    0xE0, 0xFF, 0x1F, 0x7F, 0xF3, 0xF7, 0x00, 0x70, 0x07, 0x00, 0x63, 0xFE, 0x3F, 0xE0, 0x1E, 0xF0,
    0x3D, 0xE0, 0x7B, 0xC0, 0xF7, 0x80, 0x00, 0x00, 0x00, 0x1C, 0x03, 0xB8, 0x0E, 0x78, 0x1C, 0x70,
    0x70, 0xE0, 0xE0, 0xE3, 0x81, 0xC7, 0x01, 0xCE, 0x03, 0xB8, 0x03, 0xF0, 0x07, 0xC0, 0x07, 0x80,
    0x0E, 0x00, 0x1C, 0x00, 0x38, 0x00, 0x70, 0x00, 0xE0, 0x01, 0xC0, 0x01, 0xC0, 0x1C, 0x00, 0xE0,
    0x00, 0x00, 0x00, 0x3F, 0xFD, 0xFF, 0xE0, 0x07, 0x00, 0x78, 0x03, 0x80, 0x38, 0x03, 0x80, 0x3C,
    0x03, 0xC0, 0x3C, 0x01, 0xC0, 0x1C, 0x01, 0xC0, 0x1E, 0x01, 0xE0, 0x0E, 0x00, 0x7F, 0xFF, 0xFF,
    0xE0, 0x03, 0x80, 0x70, 0x07, 0x00, 0x00, 0x00, 0x0F, 0xFE, 0xFF, 0xE0, 0x0E, 0x01, 0xE0, 0x3C,
    0x07, 0x80, 0xE0, 0x3C, 0x07, 0x80, 0xF0, 0x0E, 0x00, 0xFF, 0xEF, 0xFE, 0x07, 0x00, 0x3C, 0x01,
    0xE0, 0x0E, 0x00, 0x00, 0x00, 0x01, 0xFF, 0xEF, 0xFF, 0x00, 0x38, 0x03, 0xC0, 0x1C, 0x01, 0xC0,
    0x1C, 0x01, 0xE0, 0x1E, 0x01, 0xE0, 0x0E, 0x00, 0xE0, 0x0E, 0x00, 0xF0, 0x0F, 0x00, 0x70, 0x03,
    0xFF, 0xFF, 0xFF, 0x0E, 0x00, 0xF0, 0x0F, 0x00, 0xE0, 0x00, 0x00, 0x00, 0xFF, 0xEF, 0xFE, 0x00,
    0xE0, 0x1E, 0x03, 0xC0, 0x78, 0x0E, 0x03, 0xC0, 0x78, 0x0F, 0x00, 0xE0, 0x0F, 0xFE, 0xFF, 0xE0,
    0x08, 0x40, 0xEE, 0x03, 0xF0, 0x1F, 0x00, 0x00, 0x3F, 0xFD, 0xFF, 0xE0, 0x07, 0x00, 0x78, 0x03,
    0x80, 0x38, 0x03, 0x80, 0x3C, 0x03, 0xC0, 0x3C, 0x01, 0xC0, 0x1C, 0x01, 0xC0, 0x1E, 0x01, 0xE0,
    0x0E, 0x00, 0x7F, 0xFF, 0xFF, 0xE0, 0x10, 0x83, 0xB8, 0x1F, 0x81, 0xF0, 0x00, 0x0F, 0xFE, 0xFF,
    0xE0, 0x0E, 0x01, 0xE0, 0x3C, 0x07, 0x80, 0xE0, 0x3C, 0x07, 0x80, 0xF0, 0x0E, 0x00, 0xFF, 0xEF,
    0xFE, 0x3F, 0x9F, 0xCC, 0x06, 0x03, 0x07, 0x83, 0xC0, 0x60, 0x30, 0x18, 0x0C, 0x06, 0x03, 0x01,
    0x80, 0xC0, 0x60, 0x30, 0x18, 0x00, 0x1F, 0x8E, 0x7F, 0xBD, 0xE7, 0xFB, 0x87, 0xF7, 0x06, 0x6C,
    0x0F, 0xD8, 0x1F, 0xB0, 0x38, 0x60, 0x70, 0xC0, 0xE1, 0x81, 0xC3, 0x03, 0x86, 0x07, 0x0E, 0x0C,
    0x1C, 0x38, 0x3C, 0xF0, 0x3F, 0xC0, 0x3F, 0x00, 0x3F, 0x1C, 0xFF, 0x79, 0xC7, 0xFF, 0x07, 0xFE,
    0x0E, 0xF8, 0x1F, 0xB0, 0x3F, 0x60, 0x70, 0xE0, 0xE1, 0xC1, 0xC3, 0xC7, 0x03, 0xFE, 0x03, 0xF0,
    0x00, 0xC1, 0xDD, 0x83, 0xBF, 0x07, 0x7E, 0x0E, 0xFC, 0x1C, 0xF8, 0x3F, 0xF0, 0x7F, 0x60, 0xE0,
    0xC1, 0xC1, 0x83, 0x83, 0x07, 0x06, 0x0E, 0x0C, 0x1C, 0x1C, 0x38, 0x38, 0x70, 0x79, 0xE0, 0x7F,
    0x80, 0x7E, 0x00, 0xC1, 0xDD, 0x83, 0xFB, 0x07, 0xFE, 0x0E, 0xFC, 0x1C, 0xF8, 0x3F, 0xB0, 0x7F,
    0x60, 0xE0, 0xC1, 0xC1, 0xC3, 0x83, 0x8F, 0x07, 0xFE, 0x07, 0xFC, 0x00, 0x04, 0x20, 0x1D, 0xC0,
    0x1F, 0x80, 0x3E, 0x00, 0x00, 0x00, 0xF8, 0x01, 0xF0, 0x03, 0x70, 0x0E, 0xE0, 0x1D, 0xC0, 0x39,
    0xC0, 0xE3, 0x81, 0xC7, 0x03, 0x8E, 0x0F, 0x0E, 0x1C, 0x1C, 0x38, 0x38, 0x7F, 0xF9, 0xFF, 0xF3,
    0x80, 0xE7, 0x00, 0xFC, 0x01, 0xF8, 0x03, 0x80, 0x10, 0x80, 0x77, 0x01, 0xF8, 0x03, 0xC0, 0x00,
    0x00, 0x7E, 0xE3, 0xFF, 0x9E, 0x7E, 0xE0, 0x7B, 0x81, 0xEE, 0x03, 0xB8, 0x0E, 0xE0, 0x3B, 0x81,
    0xEE, 0x07, 0x9E, 0x3E, 0x3F, 0xFC, 0x7E, 0xF0, 0x10, 0x83, 0xB8, 0x1F, 0x81, 0xF0, 0x00, 0x0F,
    0xFF, 0xFF, 0xF0, 0xE0, 0x0E, 0x00, 0xE0, 0x0E, 0x00, 0xE0, 0x0E, 0x00, 0xE0, 0x0E, 0x00, 0xE0,
    0x0E, 0x00, 0xE0, 0x0E, 0x00, 0xE0, 0x0E, 0x0F, 0xFF, 0xFF, 0xF0, 0x21, 0x07, 0x70, 0xFC, 0x0F,
    0x00, 0x00, 0xFC, 0x1F, 0x80, 0x70, 0x0E, 0x01, 0xC0, 0x38, 0x07, 0x00, 0xE0, 0x1C, 0x03, 0x80,
    0x70, 0xFF, 0xFF, 0xFC, 0x08, 0x40, 0xEE, 0x03, 0xF0, 0x1F, 0x00, 0x00, 0x0F, 0xE0, 0xFF, 0x8F,
    0x1E, 0x70, 0x7F, 0x01, 0xF8, 0x0F, 0xC0, 0x7E, 0x03, 0xF0, 0x1F, 0x80, 0xFC, 0x07, 0xE0, 0x3F,
    0x01, 0xF8, 0x0E, 0xE0, 0xF7, 0x8F, 0x1F, 0xF0, 0x7F, 0x00, 0x08, 0x40, 0xEE, 0x03, 0xF0, 0x1F,
    0x00, 0x00, 0x0F, 0xE0, 0xFF, 0x8F, 0x1E, 0x70, 0x7F, 0x01, 0xF8, 0x0F, 0xC0, 0x7E, 0x03, 0xF0,
    0x1D, 0xC0, 0xEF, 0x1E, 0x3F, 0xE0, 0xFE, 0x00, 0x08, 0x40, 0xEE, 0x03, 0xF0, 0x1F, 0x00, 0x00,
    0x70, 0x1F, 0x80, 0xFC, 0x07, 0xE0, 0x3F, 0x01, 0xF8, 0x0F, 0xC0, 0x7E, 0x03, 0xF0, 0x1F, 0x80,
    0xFC, 0x07, 0xE0, 0x3F, 0x01, 0xF8, 0x0E, 0xE0, 0xF7, 0x8F, 0x1F, 0xF0, 0x7F, 0x00, 0x21, 0x07,
    0x70, 0xFC, 0x0F, 0x80, 0x01, 0x80, 0xF0, 0x1E, 0x03, 0xC0, 0x78, 0x0F, 0x01, 0xE0, 0x3C, 0x07,
    0x81, 0xF8, 0x3F, 0x8F, 0x7F, 0x67, 0xCC, 0x1F, 0xC0, 0xFE, 0x07, 0x38, 0x7B, 0xC3, 0xDE, 0x0E,
    0x70, 0x00, 0x1C, 0x07, 0xE0, 0x3F, 0x01, 0xF8, 0x0F, 0xC0, 0x7E, 0x03, 0xF0, 0x1F, 0x80, 0xFC,
    0x07, 0xE0, 0x3F, 0x01, 0xF8, 0x0F, 0xC0, 0x7E, 0x03, 0xB8, 0x3D, 0xE3, 0xC7, 0xFC, 0x1F, 0xC0,
    0x3F, 0x87, 0xF1, 0xCE, 0x3D, 0xE7, 0xBC, 0xE7, 0x00, 0x00, 0x00, 0xC0, 0x78, 0x0F, 0x01, 0xE0,
    0x3C, 0x07, 0x80, 0xF0, 0x1E, 0x03, 0xC0, 0xFC, 0x1F, 0xC7, 0xBF, 0xB3, 0xE6, 0x01, 0xC0, 0x1C,
    0x00, 0xC0, 0x39, 0xC3, 0xDE, 0x1E, 0xF0, 0x73, 0x80, 0x00, 0xE0, 0x3F, 0x01, 0xF8, 0x0F, 0xC0,
    0x7E, 0x03, 0xF0, 0x1F, 0x80, 0xFC, 0x07, 0xE0, 0x3F, 0x01, 0xF8, 0x0F, 0xC0, 0x7E, 0x03, 0xF0,
    0x1D, 0xC1, 0xEF, 0x1E, 0x3F, 0xE0, 0xFE, 0x00, 0x03, 0x80, 0xE0, 0x18, 0x39, 0xC7, 0xBC, 0xF7,
    0x9C, 0xE0, 0x00, 0x00, 0x18, 0x0F, 0x01, 0xE0, 0x3C, 0x07, 0x80, 0xF0, 0x1E, 0x03, 0xC0, 0x78,
    0x1F, 0x83, 0xF8, 0xF7, 0xF6, 0x7C, 0xC0, 0x08, 0x40, 0xEE, 0x03, 0xF0, 0x3F, 0xC3, 0xDE, 0x1E,
    0xF0, 0x73, 0x80, 0x00, 0xE0, 0x3F, 0x01, 0xF8, 0x0F, 0xC0, 0x7E, 0x03, 0xF0, 0x1F, 0x80, 0xFC,
    0x07, 0xE0, 0x3F, 0x01, 0xF8, 0x0F, 0xC0, 0x7E, 0x03, 0xF0, 0x1D, 0xC1, 0xEF, 0x1E, 0x3F, 0xE0,
    0xFE, 0x00, 0x21, 0x07, 0x70, 0xFC, 0x3F, 0xC7, 0xBC, 0xF7, 0x9C, 0xE0, 0x00, 0x00, 0x18, 0x0F,
    0x01, 0xE0, 0x3C, 0x07, 0x80, 0xF0, 0x1E, 0x03, 0xC0, 0x78, 0x1F, 0x83, 0xF8, 0xF7, 0xF6, 0x7C,
    0xC0, 0x0E, 0x00, 0x70, 0x07, 0xF8, 0x7B, 0xC3, 0xDE, 0x0E, 0x70, 0x00, 0x1C, 0x07, 0xE0, 0x3F,
    0x01, 0xF8, 0x0F, 0xC0, 0x7E, 0x03, 0xF0, 0x1F, 0x80, 0xFC, 0x07, 0xE0, 0x3F, 0x01, 0xF8, 0x0F,
    0xC0, 0x7E, 0x03, 0xB8, 0x3D, 0xE3, 0xC7, 0xFC, 0x1F, 0xC0, 0x38, 0x03, 0x80, 0x30, 0x39, 0xC7,
    0xBC, 0xF7, 0x9C, 0xE0, 0x00, 0x00, 0x18, 0x0F, 0x01, 0xE0, 0x3C, 0x07, 0x80, 0xF0, 0x1E, 0x03,
    0xC0, 0x78, 0x1F, 0x83, 0xF8, 0xF7, 0xF6, 0x7C, 0xC0, 0x08, 0x40, 0xEE, 0x03, 0xF0, 0x1F, 0x00,
    0x00, 0x0F, 0xE0, 0xFF, 0x8F, 0x1E, 0x70, 0x7F, 0x01, 0xF8, 0x0F, 0xC0, 0x7E, 0x00, 0x70, 0x03,
    0x9F, 0xFC, 0xFF, 0xE0, 0x3F, 0x01, 0xF8, 0x0E, 0xE0, 0xF7, 0x8F, 0x9F, 0xFC, 0x7E, 0xE0, 0x10,
    0x80, 0xEE, 0x07, 0xE0, 0x1F, 0x00, 0x00, 0x0F, 0xDC, 0xFF, 0xEF, 0x1F, 0x70, 0x7F, 0x01, 0xF8,
    0x0F, 0xC0, 0x7E, 0x03, 0xF0, 0x1F, 0xC1, 0xEF, 0x1F, 0x3F, 0xF8, 0xFD, 0xC0, 0x0E, 0x00, 0x70,
    0x03, 0x9F, 0xFC, 0xFF, 0xC0, 0x1F, 0xC1, 0xFF, 0x1E, 0x3C, 0xE0, 0xFE, 0x03, 0xF0, 0x1F, 0x80,
    0xFC, 0x07, 0xE0, 0x3F, 0x01, 0xF8, 0x0F, 0xC0, 0x7E, 0x03, 0xF0, 0x1D, 0xC1, 0xEF, 0x1E, 0x3F,
    0xF0, 0xFE, 0x01, 0xC0, 0x0E, 0x00, 0x78, 0x01, 0xC0, 0x1F, 0xC1, 0xFF, 0x1E, 0x3C, 0xE0, 0xFE,
    0x03, 0xF0, 0x1F, 0x80, 0xFC, 0x07, 0xE0, 0x3B, 0x81, 0xDE, 0x1C, 0x7F, 0xE1, 0xFC, 0x03, 0x80,
    0x1C, 0x00, 0xF0, 0x03, 0x80, 0x1F, 0xC0, 0xFF, 0xC7, 0x8F, 0x1C, 0x0E, 0x60, 0x39, 0x80, 0xE7,
    0x01, 0x9F, 0xC0, 0x3F, 0xE0, 0x3F, 0xC0, 0x0F, 0xB8, 0x0E, 0xE0, 0x1B, 0x80, 0xEF, 0x03, 0x9E,
    0x1E, 0x3F, 0xF0, 0x7F, 0x80, 0x00, 0x01, 0xE0, 0x07, 0x80, 0x1E, 0x00, 0x78, 0x01, 0xE0, 0x07,
    0x80, 0x3F, 0x8F, 0xF9, 0xC7, 0x70, 0x77, 0x0C, 0xFE, 0x0F, 0xF0, 0x1F, 0xE0, 0xFC, 0x1F, 0xC7,
    0xBF, 0xE3, 0xF8, 0x00, 0x03, 0x80, 0x78, 0x0F, 0x01, 0xE0, 0x3C, 0x07, 0x00, 0xFF, 0xFF, 0xFF,
    0xC1, 0xC0, 0x0E, 0x00, 0x70, 0x03, 0x80, 0x1C, 0x00, 0xE0, 0x07, 0x00, 0x38, 0x01, 0xC0, 0x0E,
    0x00, 0x70, 0x03, 0x80, 0x1C, 0x00, 0xE0, 0x07, 0x00, 0x38, 0x00, 0x00, 0x0E, 0x00, 0x78, 0x03,
    0xC0, 0x1E, 0x00, 0xF0, 0x07, 0x00, 0x0E, 0x00, 0xE0, 0x0E, 0x00, 0xE0, 0x0E, 0x0F, 0xFF, 0xFF,
    0xF0, 0xE0, 0x0E, 0x00, 0xE0, 0x0E, 0x00, 0xE0, 0x0E, 0x00, 0xE0, 0x0E, 0x00, 0xE0, 0x0F, 0xE0,
    0x7E, 0x00, 0x00, 0xF0, 0x0F, 0x00, 0xF0, 0x0F, 0x00, 0xF0, 0x0F, 0x00, 0xE3, 0x8C, 0x73, 0xB8,
    0x7C, 0x7E, 0xEE, 0x39, 0x3F, 0xFF, 0xE9, 0xE0, 0xFE, 0xFE, 0xDF, 0xF7, 0x80, 0x73, 0xDE, 0xE0,
    0xF7, 0xFB, 0xFD, 0xFE, 0xF0, 0x7B, 0x6F, 0xBE, 0xC0, 0x7B, 0xED, 0xFE, 0x78, 0x77, 0x7E, 0xEC,
    0x42, 0xEE, 0x7E, 0x7C, 0x77, 0xB1, 0xEF, 0x79, 0xC0, 0x3B, 0xDE, 0x7F, 0xFC, 0x73, 0xDE, 0xE0,
    0xFF, 0xFF, 0xFF, 0xC3, 0xE1, 0xB6, 0x78, 0x6E, 0xEF, 0x70, 0x6E, 0xF8, 0xF0, 0xFF, 0xFF, 0x07,
    0xC0, 0x0F, 0x80, 0x1B, 0x80, 0x77, 0x00, 0xEE, 0x01, 0xCE, 0x07, 0x1C, 0x0E, 0x38, 0x1C, 0x70,
    0x78, 0x70, 0xE0, 0xE1, 0xC1, 0xC3, 0xFF, 0xCF, 0xFF, 0x9C, 0x07, 0x38, 0x07, 0xE0, 0x0F, 0xC0,
    0x1C, 0x00, 0x00, 0x1C, 0x00, 0x3C, 0x00, 0x78, 0x00, 0xE0, 0x00, 0x1F, 0xB8, 0xFF, 0xE7, 0x9F,
    0xB8, 0x1E, 0xE0, 0x7B, 0x80, 0xEE, 0x03, 0xB8, 0x0E, 0xE0, 0x7B, 0x81, 0xE7, 0x8F, 0x8F, 0xFF,
    0x1F, 0xBC, 0x00, 0x00, 0xF0, 0x03, 0xC0, 0x0F, 0x00, 0x3C, 0x00, 0x01, 0xE0, 0x06, 0xC0, 0x0F,
    0x80, 0x1F, 0x00, 0x30, 0x00, 0x00, 0x01, 0xF0, 0x03, 0xE0, 0x06, 0xE0, 0x1D, 0xC0, 0x3B, 0x80,
    0x73, 0x81, 0xC7, 0x03, 0x8E, 0x07, 0x1C, 0x1E, 0x1C, 0x38, 0x38, 0x70, 0x70, 0xFF, 0xF3, 0xFF,
    0xE7, 0x01, 0xCE, 0x01, 0xF8, 0x03, 0xF0, 0x07, 0x07, 0x80, 0x1B, 0x00, 0x6C, 0x01, 0xE0, 0x06,
    0x00, 0x00, 0x01, 0xFB, 0x8F, 0xFE, 0x79, 0xFB, 0x81, 0xEE, 0x07, 0xB8, 0x0E, 0xE0, 0x3B, 0x80,
    0xEE, 0x07, 0xB8, 0x1E, 0x78, 0xF8, 0xFF, 0xF1, 0xFB, 0xC0, 0x00, 0x1C, 0x00, 0x38, 0x1F, 0xE0,
    0x3F, 0x00, 0xEE, 0x00, 0x00, 0x00, 0x00, 0x03, 0xE0, 0x07, 0xC0, 0x0D, 0xC0, 0x3B, 0x80, 0x77,
    0x00, 0xE7, 0x03, 0x8E, 0x07, 0x1C, 0x0E, 0x38, 0x3C, 0x38, 0x70, 0x70, 0xE0, 0xE1, 0xFF, 0xE7,
    0xFF, 0xCE, 0x03, 0x9C, 0x03, 0xF0, 0x07, 0xE0, 0x0E, 0x00, 0x38, 0x01, 0xC0, 0xFE, 0x07, 0xE0,
    0x19, 0xC0, 0x00, 0x00, 0x00, 0x07, 0xEE, 0x3F, 0xF9, 0xE7, 0xEE, 0x07, 0xB8, 0x1E, 0xE0, 0x3B,
    0x80, 0xEE, 0x03, 0xB8, 0x1E, 0xE0, 0x79, 0xE3, 0xE3, 0xFF, 0xC7, 0xEF, 0x70, 0x00, 0xE0, 0x00,
    0xFF, 0x00, 0x3F, 0x00, 0xEE, 0x00, 0x00, 0x00, 0x00, 0x03, 0xE0, 0x07, 0xC0, 0x0D, 0xC0, 0x3B,
    0x80, 0x77, 0x00, 0xE7, 0x03, 0x8E, 0x07, 0x1C, 0x0E, 0x38, 0x3C, 0x38, 0x70, 0x70, 0xE0, 0xE1,
    0xFF, 0xE7, 0xFF, 0xCE, 0x03, 0x9C, 0x03, 0xF0, 0x07, 0xE0, 0x0E, 0xE0, 0x00, 0xE0, 0x00, 0xDF,
    0x00, 0x7E, 0x00, 0xCE, 0x00, 0x00, 0x00, 0x00, 0x07, 0xEE, 0x1F, 0xFC, 0x79, 0xF9, 0xC0, 0xF3,
    0x81, 0xE7, 0x01, 0xCE, 0x03, 0x9C, 0x07, 0x38, 0x1E, 0x70, 0x3C, 0x78, 0xF8, 0x7F, 0xF8, 0x7E,
    0xF0, 0x00, 0x3E, 0x00, 0x6C, 0x00, 0xD8, 0x01, 0xF0, 0x7F, 0x00, 0xFC, 0x03, 0xB8, 0x00, 0x00,
    0x00, 0x00, 0x0F, 0x80, 0x1F, 0x00, 0x37, 0x00, 0xEE, 0x01, 0xDC, 0x03, 0x9C, 0x0E, 0x38, 0x1C,
    0x70, 0x38, 0xE0, 0xF0, 0xE1, 0xC1, 0xC3, 0x83, 0x87, 0xFF, 0x9F, 0xFF, 0x38, 0x0E, 0x70, 0x0F,
    0xC0, 0x1F, 0x80, 0x38, 0x00, 0x78, 0x01, 0xF0, 0x07, 0xC0, 0x3E, 0x0F, 0xE0, 0x7E, 0x01, 0x9C,
    0x00, 0x00, 0x00, 0x00, 0x7E, 0xE3, 0xFF, 0x9E, 0x7E, 0xE0, 0x7B, 0x81, 0xEE, 0x03, 0xB8, 0x0E,
    0xE0, 0x3B, 0x81, 0xEE, 0x07, 0x9E, 0x3E, 0x3F, 0xFC, 0x7E, 0xF0, 0x07, 0x20, 0x1F, 0xE0, 0x7F,
    0xC0, 0x4F, 0x00, 0x7C, 0x00, 0xFC, 0x03, 0xB8, 0x00, 0x00, 0x07, 0xC0, 0x0F, 0x80, 0x1B, 0x80,
    0x77, 0x00, 0xEE, 0x01, 0xCE, 0x07, 0x1C, 0x0E, 0x38, 0x1C, 0x70, 0x78, 0x70, 0xE0, 0xE1, 0xC1,
    0xC3, 0xFF, 0xCF, 0xFF, 0x9C, 0x07, 0x38, 0x07, 0xE0, 0x0F, 0xC0, 0x1C, 0x1E, 0x40, 0xFB, 0x83,
    0xFC, 0x04, 0xE0, 0x0F, 0x80, 0x7E, 0x01, 0x9C, 0x00, 0x00, 0x00, 0x00, 0x7E, 0xE3, 0xFF, 0x9E,
    0x7E, 0xE0, 0x7B, 0x81, 0xEE, 0x03, 0xB8, 0x0E, 0xE0, 0x3B, 0x81, 0xEE, 0x07, 0x9E, 0x3E, 0x3F,
    0xFC, 0x7E, 0xF0, 0x07, 0xC0, 0x0F, 0xC0, 0x3B, 0x80, 0x00, 0x00, 0x00, 0x00, 0xF8, 0x01, 0xF0,
    0x03, 0x70, 0x0E, 0xE0, 0x1D, 0xC0, 0x39, 0xC0, 0xE3, 0x81, 0xC7, 0x03, 0x8E, 0x0F, 0x0E, 0x1C,
    0x1C, 0x38, 0x38, 0x7F, 0xF9, 0xFF, 0xF3, 0x80, 0xE7, 0x00, 0xFC, 0x01, 0xF8, 0x03, 0x80, 0x00,
    0x03, 0x80, 0x07, 0x80, 0x0F, 0x00, 0x1C, 0x00, 0x0F, 0x80, 0x7E, 0x01, 0x9C, 0x00, 0x00, 0x00,
    0x00, 0x7E, 0xE3, 0xFF, 0x9E, 0x7E, 0xE0, 0x7B, 0x81, 0xEE, 0x03, 0xB8, 0x0E, 0xE0, 0x3B, 0x81,
    0xEE, 0x07, 0x9E, 0x3E, 0x3F, 0xFC, 0x7E, 0xF0, 0x00, 0x03, 0xC0, 0x0F, 0x00, 0x3C, 0x00, 0xF0,
    0x00, 0x00, 0xE0, 0x03, 0x80, 0x07, 0x00, 0x00, 0x00, 0x6E, 0x00, 0xF8, 0x00, 0xF0, 0x00, 0x00,
    0x07, 0xC0, 0x0F, 0x80, 0x1B, 0x80, 0x77, 0x00, 0xEE, 0x01, 0xCE, 0x07, 0x1C, 0x0E, 0x38, 0x1C,
    0x70, 0x78, 0x70, 0xE0, 0xE1, 0xC1, 0xC3, 0xFF, 0xCF, 0xFF, 0x9C, 0x07, 0x38, 0x07, 0xE0, 0x0F,
    0xC0, 0x1C, 0x01, 0xC0, 0x0E, 0x00, 0x70, 0x00, 0x00, 0x1D, 0x80, 0x7E, 0x00, 0xF0, 0x00, 0x00,
    0x00, 0x00, 0x7E, 0xE3, 0xFF, 0x9E, 0x7E, 0xE0, 0x7B, 0x81, 0xEE, 0x03, 0xB8, 0x0E, 0xE0, 0x3B,
    0x81, 0xEE, 0x07, 0x9E, 0x3E, 0x3F, 0xFC, 0x7E, 0xF0, 0x07, 0x00, 0x0E, 0x00, 0x0E, 0x00, 0x00,
    0x00, 0x6E, 0x00, 0xF8, 0x00, 0xF0, 0x00, 0x00, 0x07, 0xC0, 0x0F, 0x80, 0x1B, 0x80, 0x77, 0x00,
    0xEE, 0x01, 0xCE, 0x07, 0x1C, 0x0E, 0x38, 0x1C, 0x70, 0x78, 0x70, 0xE0, 0xE1, 0xC1, 0xC3, 0xFF,
    0xCF, 0xFF, 0x9C, 0x07, 0x38, 0x07, 0xE0, 0x0F, 0xC0, 0x1C, 0x1C, 0x00, 0x38, 0x00, 0x60, 0x00,
    0x00, 0x1D, 0x80, 0x7E, 0x00, 0xF0, 0x00, 0x00, 0x00, 0x00, 0x7E, 0xE3, 0xFF, 0x9E, 0x7E, 0xE0,
    0x7B, 0x81, 0xEE, 0x03, 0xB8, 0x0E, 0xE0, 0x3B, 0x81, 0xEE, 0x07, 0x9E, 0x3E, 0x3F, 0xFC, 0x7E,
    0xF0, 0x01, 0xE0, 0x06, 0xC0, 0x0F, 0x80, 0x1F, 0x00, 0x30, 0x00, 0xDC, 0x01, 0xF0, 0x01, 0xE0,
    0x00, 0x00, 0x0F, 0x80, 0x1F, 0x00, 0x37, 0x00, 0xEE, 0x01, 0xDC, 0x03, 0x9C, 0x0E, 0x38, 0x1C,
    0x70, 0x38, 0xE0, 0xF0, 0xE1, 0xC1, 0xC3, 0x83, 0x87, 0xFF, 0x9F, 0xFF, 0x38, 0x0E, 0x70, 0x0F,
    0xC0, 0x1F, 0x80, 0x38, 0x07, 0x80, 0x1B, 0x00, 0x6C, 0x01, 0xF0, 0x06, 0x00, 0x76, 0x01, 0xF8,
    0x03, 0xC0, 0x00, 0x00, 0x00, 0x01, 0xFB, 0x8F, 0xFE, 0x79, 0xFB, 0x81, 0xEE, 0x07, 0xB8, 0x0E,
    0xE0, 0x3B, 0x80, 0xEE, 0x07, 0xB8, 0x1E, 0x78, 0xF8, 0xFF, 0xF1, 0xFB, 0xC0, 0x07, 0x20, 0x1F,
    0xE0, 0x7F, 0xC0, 0x4F, 0x00, 0x6E, 0x00, 0xF8, 0x00, 0xF0, 0x00, 0x00, 0x07, 0xC0, 0x0F, 0x80,
    0x1B, 0x80, 0x77, 0x00, 0xEE, 0x01, 0xCE, 0x07, 0x1C, 0x0E, 0x38, 0x1C, 0x70, 0x78, 0x70, 0xE0,
    0xE1, 0xC1, 0xC3, 0xFF, 0xCF, 0xFF, 0x9C, 0x07, 0x38, 0x07, 0xE0, 0x0F, 0xC0, 0x1C, 0x1E, 0x40,
    0xFB, 0x83, 0xFC, 0x04, 0xE0, 0x1D, 0x80, 0x7E, 0x00, 0xF0, 0x00, 0x00, 0x00, 0x00, 0x7E, 0xE3,
    0xFF, 0x9E, 0x7E, 0xE0, 0x7B, 0x81, 0xEE, 0x03, 0xB8, 0x0E, 0xE0, 0x3B, 0x81, 0xEE, 0x07, 0x9E,
    0x3E, 0x3F, 0xFC, 0x7E, 0xF0, 0x06, 0xE0, 0x0F, 0x80, 0x0F, 0x00, 0x00, 0x00, 0x00, 0x00, 0xF8,
    0x01, 0xF0, 0x03, 0x70, 0x0E, 0xE0, 0x1D, 0xC0, 0x39, 0xC0, 0xE3, 0x81, 0xC7, 0x03, 0x8E, 0x0F,
    0x0E, 0x1C, 0x1C, 0x38, 0x38, 0x7F, 0xF9, 0xFF, 0xF3, 0x80, 0xE7, 0x00, 0xFC, 0x01, 0xF8, 0x03,
    0x80, 0x00, 0x03, 0x80, 0x07, 0x80, 0x0F, 0x00, 0x1C, 0x00, 0x1D, 0x80, 0x7E, 0x00, 0xF0, 0x00,
    0x00, 0x00, 0x00, 0x7E, 0xE3, 0xFF, 0x9E, 0x7E, 0xE0, 0x7B, 0x81, 0xEE, 0x03, 0xB8, 0x0E, 0xE0,
    0x3B, 0x81, 0xEE, 0x07, 0x9E, 0x3E, 0x3F, 0xFC, 0x7E, 0xF0, 0x00, 0x03, 0xC0, 0x0F, 0x00, 0x3C,
    0x00, 0xF0, 0x00, 0xFF, 0xEF, 0xFE, 0xE0, 0x0E, 0x00, 0xE0, 0x0E, 0x00, 0xE0, 0x0E, 0x00, 0xFF,
    0xEF, 0xFE, 0xE0, 0x0E, 0x00, 0xE0, 0x0E, 0x00, 0xE0, 0x0E, 0x00, 0xFF, 0xEF, 0xFE, 0x00, 0x00,
    0xE0, 0x0F, 0x00, 0xF0, 0x0E, 0x00, 0x1F, 0xC1, 0xFF, 0x1E, 0x3C, 0xE0, 0x7E, 0x03, 0xFF, 0xFF,
    0xFF, 0xFC, 0x00, 0x60, 0x33, 0x81, 0xDE, 0x3C, 0x7F, 0xC1, 0xFC, 0x00, 0x00, 0x1C, 0x00, 0xF0,
    0x07, 0x80, 0x38, 0x00, 0x07, 0x80, 0xD8, 0x0F, 0x80, 0xF8, 0x0C, 0x00, 0x00, 0xFF, 0xEF, 0xFE,
    0xE0, 0x0E, 0x00, 0xE0, 0x0E, 0x00, 0xE0, 0x0E, 0x00, 0xFF, 0xEF, 0xFE, 0xE0, 0x0E, 0x00, 0xE0,
    0x0E, 0x00, 0xE0, 0x0E, 0x00, 0xFF, 0xEF, 0xFE, 0x03, 0xC0, 0x36, 0x01, 0xF0, 0x0F, 0x80, 0x60,
    0x00, 0x00, 0x7F, 0x07, 0xFC, 0x78, 0xF3, 0x81, 0xF8, 0x0F, 0xFF, 0xFF, 0xFF, 0xF0, 0x01, 0x80,
    0xCE, 0x07, 0x78, 0xF1, 0xFF, 0x07, 0xF0, 0x1C, 0x83, 0xFC, 0x7F, 0xC2, 0x78, 0x00, 0x0F, 0xFE,
    0xFF, 0xEE, 0x00, 0xE0, 0x0E, 0x00, 0xE0, 0x0E, 0x00, 0xE0, 0x0F, 0xFE, 0xFF, 0xEE, 0x00, 0xE0,
    0x0E, 0x00, 0xE0, 0x0E, 0x00, 0xE0, 0x0F, 0xFE, 0xFF, 0xE0, 0x0E, 0x40, 0xFF, 0x0F, 0xF8, 0x27,
    0x80, 0x00, 0x0F, 0xE0, 0xFF, 0x8F, 0x1E, 0x70, 0x3F, 0x01, 0xFF, 0xFF, 0xFF, 0xFE, 0x00, 0x30,
    0x19, 0xC0, 0xEF, 0x1E, 0x3F, 0xE0, 0xFE, 0x00, 0x00, 0x70, 0x03, 0x87, 0xF8, 0x3F, 0x03, 0xB8,
    0x00, 0x00, 0x00, 0x1F, 0xFC, 0xFF, 0xE7, 0x00, 0x38, 0x01, 0xC0, 0x0E, 0x00, 0x70, 0x03, 0x80,
    0x1F, 0xFC, 0xFF, 0xE7, 0x00, 0x38, 0x01, 0xC0, 0x0E, 0x00, 0x70, 0x03, 0x80, 0x1F, 0xFC, 0xFF,
    0xE0, 0x00, 0x38, 0x00, 0xE0, 0xFF, 0x03, 0xF0, 0x1D, 0xC0, 0x00, 0x00, 0x00, 0x07, 0xF0, 0x3F,
    0xE1, 0xE3, 0xC7, 0x03, 0xB8, 0x0E, 0xFF, 0xFB, 0xFF, 0xEE, 0x00, 0x18, 0x0C, 0x70, 0x39, 0xE3,
    0xC3, 0xFE, 0x07, 0xF0, 0x70, 0x01, 0xC0, 0x03, 0xFC, 0x01, 0xF8, 0x0E, 0xE0, 0x00, 0x00, 0x00,
    0x0F, 0xFE, 0x3F, 0xF8, 0xE0, 0x03, 0x80, 0x0E, 0x00, 0x38, 0x00, 0xE0, 0x03, 0x80, 0x0F, 0xFE,
    0x3F, 0xF8, 0xE0, 0x03, 0x80, 0x0E, 0x00, 0x38, 0x00, 0xE0, 0x03, 0x80, 0x0F, 0xFE, 0x3F, 0xF8,
    0x70, 0x01, 0xC0, 0x03, 0xFC, 0x01, 0xF8, 0x0E, 0xE0, 0x00, 0x00, 0x00, 0x03, 0xF8, 0x1F, 0xF0,
    0xF1, 0xE3, 0x81, 0xDC, 0x07, 0x7F, 0xFD, 0xFF, 0xF7, 0x00, 0x0C, 0x06, 0x38, 0x1C, 0xF1, 0xE1,
    0xFF, 0x03, 0xF8, 0x00, 0xF8, 0x06, 0xC0, 0x36, 0x01, 0xF1, 0xFC, 0x0F, 0xC0, 0xEE, 0x00, 0x00,
    0x00, 0x07, 0xFF, 0x3F, 0xF9, 0xC0, 0x0E, 0x00, 0x70, 0x03, 0x80, 0x1C, 0x00, 0xE0, 0x07, 0xFF,
    0x3F, 0xF9, 0xC0, 0x0E, 0x00, 0x70, 0x03, 0x80, 0x1C, 0x00, 0xE0, 0x07, 0xFF, 0x3F, 0xF8, 0x00,
    0x7C, 0x01, 0xB0, 0x06, 0xC0, 0x1F, 0x0F, 0xE0, 0x3F, 0x01, 0xDC, 0x00, 0x00, 0x00, 0x00, 0x7F,
    0x03, 0xFE, 0x1E, 0x3C, 0x70, 0x3B, 0x80, 0xEF, 0xFF, 0xBF, 0xFE, 0xE0, 0x01, 0x80, 0xC7, 0x03,
    0x9E, 0x3C, 0x3F, 0xE0, 0x7F, 0x00, 0x1C, 0x83, 0xFC, 0x7F, 0xC2, 0x78, 0x1F, 0x01, 0xF8, 0x3B,
    0x80, 0x00, 0xFF, 0xEF, 0xFE, 0xE0, 0x0E, 0x00, 0xE0, 0x0E, 0x00, 0xE0, 0x0E, 0x00, 0xFF, 0xEF,
    0xFE, 0xE0, 0x0E, 0x00, 0xE0, 0x0E, 0x00, 0xE0, 0x0E, 0x00, 0xFF, 0xEF, 0xFE, 0x0E, 0x40, 0xFF,
    0x0F, 0xF8, 0x27, 0x80, 0xF8, 0x07, 0xE0, 0x77, 0x00, 0x00, 0x00, 0x00, 0xFE, 0x0F, 0xF8, 0xF1,
    0xE7, 0x03, 0xF0, 0x1F, 0xFF, 0xFF, 0xFF, 0xE0, 0x03, 0x01, 0x9C, 0x0E, 0xF1, 0xE3, 0xFE, 0x0F,
    0xE0, 0x1F, 0x01, 0xF8, 0x3B, 0x80, 0x00, 0x00, 0x0F, 0xFE, 0xFF, 0xEE, 0x00, 0xE0, 0x0E, 0x00,
    0xE0, 0x0E, 0x00, 0xE0, 0x0F, 0xFE, 0xFF, 0xEE, 0x00, 0xE0, 0x0E, 0x00, 0xE0, 0x0E, 0x00, 0xE0,
    0x0F, 0xFE, 0xFF, 0xE0, 0x00, 0x0E, 0x00, 0xF0, 0x0F, 0x00, 0xE0, 0x0F, 0x80, 0x7E, 0x07, 0x70,
    0x00, 0x00, 0x00, 0x0F, 0xE0, 0xFF, 0x8F, 0x1E, 0x70, 0x3F, 0x01, 0xFF, 0xFF, 0xFF, 0xFE, 0x00,
    0x30, 0x19, 0xC0, 0xEF, 0x1E, 0x3F, 0xE0, 0xFE, 0x00, 0x00, 0x0E, 0x00, 0x78, 0x03, 0xC0, 0x1C,
    0x00, 0x07, 0x80, 0xD8, 0x0F, 0x80, 0xF8, 0x0C, 0x00, 0x00, 0xFF, 0xFF, 0xFF, 0x0E, 0x00, 0xE0,
    0x0E, 0x00, 0xE0, 0x0E, 0x00, 0xE0, 0x0E, 0x00, 0xE0, 0x0E, 0x00, 0xE0, 0x0E, 0x00, 0xE0, 0x0E,
    0x00, 0xE0, 0xFF, 0xFF, 0xFF, 0x0F, 0x01, 0xB0, 0x36, 0x07, 0x80, 0xC0, 0x00, 0x1F, 0x83, 0xF0,
    0x0E, 0x01, 0xC0, 0x38, 0x07, 0x00, 0xE0, 0x1C, 0x03, 0x80, 0x70, 0x0E, 0x1F, 0xFF, 0xFF, 0x80,
    0xFF, 0xFF, 0xFF, 0x0E, 0x00, 0xE0, 0x0E, 0x00, 0xE0, 0x0E, 0x00, 0xE0, 0x0E, 0x00, 0xE0, 0x0E,
    0x00, 0xE0, 0x0E, 0x00, 0xE0, 0x0E, 0x00, 0xE0, 0xFF, 0xFF, 0xFF, 0x00, 0x00, 0xE0, 0x0F, 0x00,
    0xF0, 0x0E, 0x00, 0x0E, 0x01, 0xE0, 0x3C, 0x07, 0x00, 0x00, 0xFC, 0x1F, 0x80, 0x70, 0x0E, 0x01,
    0xC0, 0x38, 0x07, 0x00, 0xE0, 0x1C, 0x03, 0x80, 0x70, 0xFF, 0xFF, 0xFC, 0x00, 0x07, 0x00, 0xF0,
    0x1E, 0x03, 0x80, 0x1F, 0xC1, 0xFF, 0x1E, 0x3C, 0xE0, 0xFE, 0x03, 0xF0, 0x1F, 0x80, 0xFC, 0x07,
    0xE0, 0x3F, 0x01, 0xF8, 0x0F, 0xC0, 0x7E, 0x03, 0xF0, 0x1D, 0xC1, 0xEF, 0x1E, 0x3F, 0xE0, 0xFE,
    0x00, 0x00, 0x0E, 0x00, 0x78, 0x03, 0xC0, 0x1C, 0x00, 0x1F, 0xC1, 0xFF, 0x1E, 0x3C, 0xE0, 0xFE,
    0x03, 0xF0, 0x1F, 0x80, 0xFC, 0x07, 0xE0, 0x3B, 0x81, 0xDE, 0x3C, 0x7F, 0xC1, 0xFC, 0x00, 0x00,
    0x1C, 0x00, 0xF0, 0x07, 0x80, 0x38, 0x00, 0x03, 0xC0, 0x36, 0x01, 0xF0, 0x0F, 0x80, 0x60, 0x00,
    0x00, 0x7F, 0x07, 0xFC, 0x78, 0xF3, 0x83, 0xF8, 0x0F, 0xC0, 0x7E, 0x03, 0xF0, 0x1F, 0x80, 0xFC,
    0x07, 0xE0, 0x3F, 0x01, 0xF8, 0x0F, 0xC0, 0x77, 0x07, 0xBC, 0x78, 0xFF, 0x83, 0xF8, 0x03, 0xC0,
    0x36, 0x01, 0xF0, 0x0F, 0x80, 0x60, 0x00, 0x00, 0x7F, 0x07, 0xFC, 0x78, 0xF3, 0x83, 0xF8, 0x0F,
    0xC0, 0x7E, 0x03, 0xF0, 0x1F, 0x80, 0xEE, 0x07, 0x78, 0xF1, 0xFF, 0x07, 0xF0, 0x00, 0x38, 0x00,
    0xE0, 0xFF, 0x03, 0xF0, 0x1D, 0xC0, 0x00, 0x00, 0x00, 0x07, 0xF0, 0x3F, 0xE1, 0xE3, 0xC7, 0x07,
    0xB8, 0x0E, 0xE0, 0x3B, 0x80, 0xEE, 0x03, 0xB8, 0x0E, 0xE0, 0x3B, 0x80, 0xEE, 0x03, 0xB8, 0x0E,
    0xE0, 0x39, 0xC1, 0xE7, 0x8F, 0x0F, 0xF8, 0x1F, 0xC0, 0x00, 0x38, 0x00, 0xE0, 0xFF, 0x03, 0xF0,
    0x1D, 0xC0, 0x00, 0x00, 0x00, 0x07, 0xF0, 0x3F, 0xE1, 0xE3, 0xC7, 0x07, 0xB8, 0x0E, 0xE0, 0x3B,
    0x80, 0xEE, 0x03, 0xB8, 0x0E, 0x70, 0x39, 0xE3, 0xC3, 0xFE, 0x07, 0xF0, 0x70, 0x01, 0xC0, 0x03,
    0xFC, 0x01, 0xF8, 0x0E, 0xE0, 0x00, 0x00, 0x00, 0x03, 0xF8, 0x1F, 0xF0, 0xF1, 0xE3, 0x83, 0xDC,
    0x07, 0x70, 0x1D, 0xC0, 0x77, 0x01, 0xDC, 0x07, 0x70, 0x1D, 0xC0, 0x77, 0x01, 0xDC, 0x07, 0x70,
    0x1C, 0xE0, 0xF3, 0xC7, 0x87, 0xFC, 0x0F, 0xE0, 0x70, 0x01, 0xC0, 0x03, 0xFC, 0x01, 0xF8, 0x0E,
    0xE0, 0x00, 0x00, 0x00, 0x03, 0xF8, 0x1F, 0xF0, 0xF1, 0xE3, 0x83, 0xDC, 0x07, 0x70, 0x1D, 0xC0,
    0x77, 0x01, 0xDC, 0x07, 0x38, 0x1C, 0xF1, 0xE1, 0xFF, 0x03, 0xF8, 0x00, 0x7C, 0x01, 0xB0, 0x06,
    0xC0, 0x1F, 0x0F, 0xE0, 0x3F, 0x01, 0xDC, 0x00, 0x00, 0x00, 0x00, 0x7F, 0x03, 0xFE, 0x1E, 0x3C,
    0x70, 0x7B, 0x80, 0xEE, 0x03, 0xB8, 0x0E, 0xE0, 0x3B, 0x80, 0xEE, 0x03, 0xB8, 0x0E, 0xE0, 0x3B,
    0x80, 0xEE, 0x03, 0x9C, 0x1E, 0x78, 0xF0, 0xFF, 0x81, 0xFC, 0x00, 0x00, 0x7C, 0x01, 0xB0, 0x06,
    0xC0, 0x1F, 0x0F, 0xE0, 0x3F, 0x01, 0xDC, 0x00, 0x00, 0x00, 0x00, 0x7F, 0x03, 0xFE, 0x1E, 0x3C,
    0x70, 0x7B, 0x80, 0xEE, 0x03, 0xB8, 0x0E, 0xE0, 0x3B, 0x80, 0xE7, 0x03, 0x9E, 0x3C, 0x3F, 0xE0,
    0x7F, 0x00, 0x0E, 0x40, 0xFF, 0x0F, 0xF8, 0x27, 0x80, 0xF8, 0x07, 0xE0, 0x77, 0x00, 0x00, 0x1F,
    0xC1, 0xFF, 0x1E, 0x3C, 0xE0, 0xFE, 0x03, 0xF0, 0x1F, 0x80, 0xFC, 0x07, 0xE0, 0x3F, 0x01, 0xF8,
    0x0F, 0xC0, 0x7E, 0x03, 0xF0, 0x1D, 0xC1, 0xEF, 0x1E, 0x3F, 0xE0, 0xFE, 0x00, 0x0E, 0x40, 0xFF,
    0x0F, 0xF8, 0x27, 0x80, 0xF8, 0x07, 0xE0, 0x77, 0x00, 0x00, 0x00, 0x00, 0xFE, 0x0F, 0xF8, 0xF1,
    0xE7, 0x07, 0xF0, 0x1F, 0x80, 0xFC, 0x07, 0xE0, 0x3F, 0x01, 0xDC, 0x0E, 0xF1, 0xE3, 0xFE, 0x0F,
    0xE0, 0x0F, 0x80, 0x7E, 0x07, 0x70, 0x00, 0x00, 0x00, 0x0F, 0xE0, 0xFF, 0x8F, 0x1E, 0x70, 0x7F,
    0x01, 0xF8, 0x0F, 0xC0, 0x7E, 0x03, 0xF0, 0x1F, 0x80, 0xFC, 0x07, 0xE0, 0x3F, 0x01, 0xF8, 0x0E,
    0xE0, 0xF7, 0x8F, 0x1F, 0xF0, 0x7F, 0x00, 0x00, 0x07, 0x00, 0x3C, 0x01, 0xE0, 0x0E, 0x00, 0x0F,
    0x80, 0x7E, 0x07, 0x70, 0x00, 0x00, 0x00, 0x0F, 0xE0, 0xFF, 0x8F, 0x1E, 0x70, 0x7F, 0x01, 0xF8,
    0x0F, 0xC0, 0x7E, 0x03, 0xF0, 0x1D, 0xC0, 0xEF, 0x1E, 0x3F, 0xE0, 0xFE, 0x00, 0x00, 0x0E, 0x00,
    0x78, 0x03, 0xC0, 0x1C, 0x00, 0x03, 0x80, 0x07, 0x00, 0x1C, 0x00, 0x00, 0x00, 0x00, 0x03, 0xF1,
    0xCF, 0xF7, 0xBC, 0xFF, 0x70, 0xFE, 0xE0, 0xCD, 0x81, 0xFB, 0x03, 0xF6, 0x07, 0x0C, 0x0E, 0x18,
    0x1C, 0x30, 0x38, 0x60, 0x70, 0xC0, 0xE1, 0xC1, 0x83, 0x87, 0x07, 0x9E, 0x07, 0xF8, 0x07, 0xE0,
    0x00, 0x07, 0x00, 0x0E, 0x00, 0x38, 0x00, 0x00, 0x00, 0x00, 0x07, 0xE3, 0x9F, 0xEF, 0x38, 0xFF,
    0xE0, 0xFF, 0xC1, 0xDF, 0x03, 0xF6, 0x07, 0xEC, 0x0E, 0x1C, 0x1C, 0x38, 0x38, 0x78, 0xE0, 0x7F,
    0xC0, 0x7E, 0x00, 0x1C, 0x00, 0x1C, 0x00, 0x38, 0x00, 0x00, 0x00, 0x00, 0x03, 0xF1, 0xCF, 0xF7,
    0xBC, 0xFF, 0x70, 0xFE, 0xE0, 0xCD, 0x81, 0xFB, 0x03, 0xF6, 0x07, 0x0C, 0x0E, 0x18, 0x1C, 0x30,
    0x38, 0x60, 0x70, 0xC0, 0xE1, 0xC1, 0x83, 0x87, 0x07, 0x9E, 0x07, 0xF8, 0x07, 0xE0, 0x00, 0x38,
    0x00, 0x38, 0x00, 0x70, 0x00, 0x00, 0x00, 0x00, 0x07, 0xE3, 0x9F, 0xEF, 0x38, 0xFF, 0xE0, 0xFF,
    0xC1, 0xDF, 0x03, 0xF6, 0x07, 0xEC, 0x0E, 0x1C, 0x1C, 0x38, 0x38, 0x78, 0xE0, 0x7F, 0xC0, 0x7E,
    0x00, 0x07, 0x80, 0x0F, 0x80, 0x1F, 0x00, 0x7C, 0x00, 0x60, 0x00, 0x00, 0x07, 0xE3, 0x9F, 0xEF,
    0x79, 0xFE, 0xE1, 0xFD, 0xC1, 0x9B, 0x03, 0xF6, 0x07, 0xEC, 0x0E, 0x18, 0x1C, 0x30, 0x38, 0x60,
    0x70, 0xC0, 0xE1, 0x81, 0xC3, 0x83, 0x07, 0x0E, 0x0F, 0x3C, 0x0F, 0xF0, 0x0F, 0xC0, 0x0F, 0x00,
    0x1F, 0x00, 0x36, 0x00, 0x78, 0x00, 0xC0, 0x00, 0x00, 0x0F, 0xC7, 0x3F, 0xDE, 0x71, 0xFF, 0xC1,
    0xFF, 0x83, 0xBE, 0x07, 0xEC, 0x0F, 0xD8, 0x1C, 0x38, 0x38, 0x70, 0x70, 0xF1, 0xC0, 0xFF, 0x80,
    0xFC, 0x00, 0x1C, 0x40, 0x7D, 0x80, 0xFF, 0x01, 0x9C, 0x00, 0x00, 0x03, 0xF1, 0xCF, 0xF7, 0xBC,
    0xFF, 0x70, 0xFE, 0xE0, 0xCD, 0x81, 0xFB, 0x03, 0xF6, 0x07, 0x0C, 0x0E, 0x18, 0x1C, 0x30, 0x38,
    0x60, 0x70, 0xC0, 0xE1, 0xC1, 0x83, 0x87, 0x07, 0x9E, 0x07, 0xF8, 0x07, 0xE0, 0x00, 0x38, 0x80,
    0xFB, 0x81, 0xFE, 0x03, 0x38, 0x00, 0x00, 0x07, 0xE3, 0x9F, 0xEF, 0x38, 0xFF, 0xE0, 0xFF, 0xC1,
    0xDF, 0x03, 0xF6, 0x07, 0xEC, 0x0E, 0x1C, 0x1C, 0x38, 0x38, 0x78, 0xE0, 0x7F, 0xC0, 0x7E, 0x00,
    0x1F, 0x8E, 0x7F, 0xBD, 0xE7, 0xFB, 0x87, 0xF7, 0x06, 0x6C, 0x0F, 0xD8, 0x1F, 0xB0, 0x38, 0x60,
    0x70, 0xC0, 0xE1, 0x81, 0xC3, 0x03, 0x86, 0x07, 0x0E, 0x0C, 0x1C, 0x38, 0x3C, 0xF0, 0x3F, 0xC0,
    0x3F, 0x00, 0x00, 0x00, 0x38, 0x00, 0xF0, 0x01, 0xE0, 0x01, 0xC0, 0x00, 0x3F, 0x1C, 0xFF, 0x79,
    0xC7, 0xFF, 0x07, 0xFE, 0x0E, 0xF8, 0x1F, 0xB0, 0x3F, 0x60, 0x70, 0xE0, 0xE1, 0xC1, 0xC3, 0xC7,
    0x03, 0xFE, 0x03, 0xF0, 0x00, 0x00, 0x03, 0x80, 0x0F, 0x00, 0x1E, 0x00, 0x1C, 0x00, 0xE0, 0x3F,
    0x01, 0xF8, 0x0F, 0xC0, 0x7E, 0x03, 0xF0, 0x1F, 0x80, 0xFC, 0x07, 0xE0, 0x3F, 0x01, 0xF8, 0x0F,
    0xC0, 0x7E, 0x03, 0xF0, 0x1D, 0xC1, 0xEF, 0x1E, 0x3F, 0xE0, 0xFE, 0x00, 0x00, 0x0E, 0x00, 0x78,
    0x03, 0xC0, 0x1C, 0x00, 0xC0, 0x78, 0x0F, 0x01, 0xE0, 0x3C, 0x07, 0x80, 0xF0, 0x1E, 0x03, 0xC0,
    0xFC, 0x1F, 0xC7, 0xBF, 0xB3, 0xE6, 0x00, 0x03, 0x80, 0x78, 0x0F, 0x01, 0xC0, 0x03, 0xC0, 0x36,
    0x01, 0xF0, 0x0F, 0x80, 0x60, 0x00, 0x03, 0x80, 0xFC, 0x07, 0xE0, 0x3F, 0x01, 0xF8, 0x0F, 0xC0,
    0x7E, 0x03, 0xF0, 0x1F, 0x80, 0xFC, 0x07, 0xE0, 0x3F, 0x01, 0xF8, 0x0F, 0xC0, 0x77, 0x07, 0xBC,
    0x78, 0xFF, 0x83, 0xF8, 0x0F, 0x81, 0xB0, 0x36, 0x07, 0xC0, 0xC0, 0x00, 0x30, 0x1E, 0x03, 0xC0,
    0x78, 0x0F, 0x01, 0xE0, 0x3C, 0x07, 0x80, 0xF0, 0x3F, 0x07, 0xF1, 0xEF, 0xEC, 0xF9, 0x80, 0x07,
    0x00, 0x0C, 0x00, 0x38, 0x00, 0x00, 0x00, 0x00, 0x18, 0x3B, 0xB0, 0x77, 0xE0, 0xEF, 0xC1, 0xDF,
    0x83, 0x9F, 0x07, 0xFE, 0x0F, 0xEC, 0x1C, 0x18, 0x38, 0x30, 0x70, 0x60, 0xE0, 0xC1, 0xC1, 0x83,
    0x83, 0x87, 0x07, 0x0E, 0x0F, 0x3C, 0x0F, 0xF0, 0x0F, 0xC0, 0x00, 0x07, 0x00, 0x1C, 0x00, 0x30,
    0x00, 0x00, 0x00, 0x00, 0x18, 0x3B, 0xB0, 0x7F, 0x60, 0xFF, 0xC1, 0xDF, 0x83, 0x9F, 0x07, 0xF6,
    0x0F, 0xEC, 0x1C, 0x18, 0x38, 0x38, 0x70, 0x71, 0xE0, 0xFF, 0xC0, 0xFF, 0x80, 0x38, 0x00, 0x70,
    0x00, 0x70, 0x00, 0x00, 0x00, 0x00, 0x18, 0x3B, 0xB0, 0x77, 0xE0, 0xEF, 0xC1, 0xDF, 0x83, 0x9F,
    0x07, 0xFE, 0x0F, 0xEC, 0x1C, 0x18, 0x38, 0x30, 0x70, 0x60, 0xE0, 0xC1, 0xC1, 0x83, 0x83, 0x87,
    0x07, 0x0E, 0x0F, 0x3C, 0x0F, 0xF0, 0x0F, 0xC0, 0x00, 0x70, 0x00, 0x70, 0x00, 0x60, 0x00, 0x00,
    0x00, 0x00, 0x18, 0x3B, 0xB0, 0x7F, 0x60, 0xFF, 0xC1, 0xDF, 0x83, 0x9F, 0x07, 0xF6, 0x0F, 0xEC,
    0x1C, 0x18, 0x38, 0x38, 0x70, 0x71, 0xE0, 0xFF, 0xC0, 0xFF, 0x80, 0x0F, 0x00, 0x36, 0x00, 0x7E,
    0x00, 0xF8, 0x01, 0x80, 0x00, 0x00, 0x30, 0x77, 0x60, 0xEF, 0xC1, 0xDF, 0x83, 0xBF, 0x07, 0x3E,
    0x0F, 0xFC, 0x1F, 0xD8, 0x38, 0x30, 0x70, 0x60, 0xE0, 0xC1, 0xC1, 0x83, 0x83, 0x07, 0x07, 0x0E,
    0x0E, 0x1C, 0x1E, 0x78, 0x1F, 0xE0, 0x1F, 0x80, 0x1F, 0x00, 0x36, 0x00, 0x6C, 0x00, 0xF8, 0x01,
    0x80, 0x00, 0x00, 0x30, 0x77, 0x60, 0xFE, 0xC1, 0xFF, 0x83, 0xBF, 0x07, 0x3E, 0x0F, 0xEC, 0x1F,
    0xD8, 0x38, 0x30, 0x70, 0x70, 0xE0, 0xE3, 0xC1, 0xFF, 0x81, 0xFF, 0x00, 0x39, 0x00, 0xFB, 0x03,
    0xFE, 0x02, 0x78, 0x00, 0x00, 0x18, 0x3B, 0xB0, 0x77, 0xE0, 0xEF, 0xC1, 0xDF, 0x83, 0x9F, 0x07,
    0xFE, 0x0F, 0xEC, 0x1C, 0x18, 0x38, 0x30, 0x70, 0x60, 0xE0, 0xC1, 0xC1, 0x83, 0x83, 0x87, 0x07,
    0x0E, 0x0F, 0x3C, 0x0F, 0xF0, 0x0F, 0xC0, 0x00, 0x79, 0x01, 0xF7, 0x03, 0xFC, 0x02, 0x78, 0x00,
    0x00, 0x18, 0x3B, 0xB0, 0x7F, 0x60, 0xFF, 0xC1, 0xDF, 0x83, 0x9F, 0x07, 0xF6, 0x0F, 0xEC, 0x1C,
    0x18, 0x38, 0x38, 0x70, 0x71, 0xE0, 0xFF, 0xC0, 0xFF, 0x80, 0xC1, 0xDD, 0x83, 0xBF, 0x07, 0x7E,
    0x0E, 0xFC, 0x1C, 0xF8, 0x3F, 0xF0, 0x7F, 0x60, 0xE0, 0xC1, 0xC1, 0x83, 0x83, 0x07, 0x06, 0x0E,
    0x0C, 0x1C, 0x1C, 0x38, 0x38, 0x70, 0x79, 0xE0, 0x7F, 0x80, 0x7E, 0x00, 0x00, 0x00, 0xF0, 0x01,
    0xE0, 0x03, 0xC0, 0x07, 0x80, 0x00, 0xC1, 0xDD, 0x83, 0xFB, 0x07, 0xFE, 0x0E, 0xFC, 0x1C, 0xF8,
    0x3F, 0xB0, 0x7F, 0x60, 0xE0, 0xC1, 0xC1, 0xC3, 0x83, 0x8F, 0x07, 0xFE, 0x07, 0xFC, 0x00, 0x00,
    0x07, 0x00, 0x0F, 0x00, 0x1E, 0x00, 0x38, 0x00, 0x0F, 0x00, 0x0E, 0x00, 0x0E, 0x00, 0x00, 0x00,
    0x00, 0x0E, 0x01, 0xDC, 0x07, 0x3C, 0x0E, 0x38, 0x38, 0x70, 0x70, 0x71, 0xC0, 0xE3, 0x80, 0xE7,
    0x01, 0xDC, 0x01, 0xF8, 0x03, 0xE0, 0x03, 0xC0, 0x07, 0x00, 0x0E, 0x00, 0x1C, 0x00, 0x38, 0x00,
    0x70, 0x00, 0xE0, 0x00, 0x38, 0x01, 0xC0, 0x0C, 0x00, 0x00, 0x00, 0x0E, 0x07, 0xE0, 0x7E, 0x07,
    0xE0, 0x7E, 0x07, 0xE0, 0x7E, 0x07, 0xE0, 0x7E, 0x07, 0xE0, 0xFF, 0x1F, 0x7F, 0xF3, 0xF7, 0x00,
    0x70, 0x07, 0x00, 0x63, 0xFE, 0x3F, 0xE0, 0x70, 0x0E, 0xE0, 0x39, 0xE0, 0x71, 0xC1, 0xC3, 0x83,
    0x83, 0x8E, 0x07, 0x1C, 0x07, 0x38, 0x0E, 0xE0, 0x0F, 0xC0, 0x1F, 0x00, 0x1E, 0x00, 0x38, 0x00,
    0x70, 0x00, 0xE0, 0x01, 0xC0, 0x03, 0x80, 0x07, 0x00, 0x00, 0x00, 0x1C, 0x00, 0x3C, 0x00, 0x78,
    0x00, 0xE0, 0x00, 0xE0, 0x7E, 0x07, 0xE0, 0x7E, 0x07, 0xE0, 0x7E, 0x07, 0xE0, 0x7E, 0x07, 0xE0,
    0x7E, 0x0F, 0xF1, 0xF7, 0xFF, 0x3F, 0x70, 0x07, 0xF0, 0x7F, 0x06, 0xFF, 0xEF, 0xFE, 0x03, 0xE0,
    0x06, 0xC0, 0x0D, 0x80, 0x1F, 0x00, 0x30, 0x00, 0x00, 0x1C, 0x03, 0xB8, 0x0E, 0x78, 0x1C, 0x70,
    0x70, 0xE0, 0xE0, 0xE3, 0x81, 0xC7, 0x01, 0xCE, 0x03, 0xB8, 0x03, 0xF0, 0x07, 0xC0, 0x07, 0x80,
    0x0E, 0x00, 0x1C, 0x00, 0x38, 0x00, 0x70, 0x00, 0xE0, 0x01, 0xC0, 0x0F, 0x80, 0xD8, 0x0D, 0x80,
    0xF8, 0x0C, 0x00, 0x00, 0xE0, 0x7E, 0x07, 0xE0, 0x7E, 0x07, 0xE0, 0x7E, 0x07, 0xE0, 0x7E, 0x07,
    0xE0, 0x7E, 0x0F, 0xF1, 0xF7, 0xFF, 0x3F, 0x70, 0x07, 0x00, 0x70, 0x06, 0x3F, 0xE3, 0xFE, 0x07,
    0x20, 0x1F, 0xE0, 0x7F, 0xC0, 0x4F, 0x00, 0x00, 0x0E, 0x01, 0xDC, 0x07, 0x3C, 0x0E, 0x38, 0x38,
    0x70, 0x70, 0x71, 0xC0, 0xE3, 0x80, 0xE7, 0x01, 0xDC, 0x01, 0xF8, 0x03, 0xE0, 0x03, 0xC0, 0x07,
    0x00, 0x0E, 0x00, 0x1C, 0x00, 0x38, 0x00, 0x70, 0x00, 0xE0, 0x00, 0x3C, 0x87, 0xDC, 0x7F, 0x82,
    0x78, 0x00, 0x0E, 0x07, 0xE0, 0x7E, 0x07, 0xE0, 0x7E, 0x07, 0xE0, 0x7E, 0x07, 0xE0, 0x7E, 0x07,
    0xE0, 0xFF, 0x1F, 0x7F, 0xF3, 0xF7, 0x00, 0x70, 0x07, 0x00, 0x63, 0xFE, 0x3F, 0xE0, 0xFF, 0xFF,
    0xFF, 0xC0, 0xFF, 0xFF, 0xFF, 0xFC, 0x73, 0x98, 0xE7, 0xBD, 0xC0, 0x73, 0xDE, 0xF1, 0xBD, 0xC0,
    0x73, 0xDE, 0xF1, 0xBD, 0xC0, 0x77, 0xFB, 0xF1, 0x9E, 0xEF, 0x7F, 0xBD, 0xDC, 0x77, 0xFB, 0xFF,
    0xEF, 0xF3, 0x1B, 0xBD, 0xDC, 0x77, 0xFB, 0xFF, 0xEF, 0xF3, 0x1B, 0xBD, 0xDC, 0x1C, 0x0E, 0x07,
    0x0F, 0xF7, 0xF8, 0xE0, 0x70, 0x38, 0x1C, 0x0E, 0x07, 0x03, 0x81, 0xC0, 0x1C, 0x0E, 0x07, 0x0F,
    0xF7, 0xF8, 0xE0, 0x70, 0x38, 0x7F, 0xBF, 0xC7, 0x03, 0x81, 0xC0, 0x7C, 0xFF, 0xFF, 0xF7, 0xEF,
    0x80, 0x77, 0x7F, 0xBF, 0xDD, 0xDE, 0x7C, 0x03, 0xF8, 0x0E, 0x70, 0x31, 0xC0, 0xC7, 0x03, 0xBC,
    0x6F, 0xE7, 0x9F, 0x78, 0x07, 0x80, 0x7C, 0x07, 0xFF, 0xBC, 0xFE, 0xC7, 0xFC, 0x1F, 0xF0, 0x7F,
    0xC1, 0xFF, 0x03, 0xF8, 0x0F, 0xE0, 0xEF, 0xFE, 0xCC, 0x00, 0x77, 0xFF, 0xDD, 0xEE, 0x66, 0x73,
    0x30, 0x08, 0x00, 0x0C, 0x39, 0xF7, 0x9E, 0x30, 0x70, 0xF0, 0xF8, 0x78, 0x70, 0x20, 0x01, 0x83,
    0xC3, 0xC3, 0xE1, 0xC1, 0x87, 0x1E, 0x7B, 0xE7, 0x0C, 0x00, 0x00, 0x00, 0x01, 0xC0, 0x3C, 0x07,
    0x80, 0xF0, 0x1E, 0x03, 0xC0, 0x18, 0x00, 0x03, 0xEF, 0xB3, 0xFF, 0x3F, 0xBE, 0x18, 0x30, 0x00,
    0x07, 0x8F, 0x06, 0x0C, 0x18, 0xFD, 0xF8, 0x39, 0xE7, 0xB6, 0xDB, 0xFF, 0x86, 0x03, 0xEF, 0xBE,
    0xFF, 0x3F, 0xDE, 0x03, 0xEF, 0xBE, 0xFB, 0x6F, 0x9E, 0x03, 0xF7, 0xC6, 0x38, 0xC6, 0x18, 0x01,
    0xEF, 0xB6, 0x7B, 0xEF, 0xBE, 0x03, 0xEF, 0xB7, 0xFF, 0xFF, 0x9E, 0x00, 0xE7, 0xB8, 0xC3, 0x0C,
    0x30, 0xC3, 0x0C, 0x1C, 0x38, 0x20, 0x03, 0x8F, 0x06, 0x18, 0x20, 0x82, 0x08, 0x61, 0x9E, 0xF2,
    0x00, 0xFD, 0xFF, 0x9E, 0x3C, 0x78, 0xF1, 0x80, 0x03, 0xEF, 0xB3, 0xFF, 0x3F, 0xBE, 0x01, 0xCF,
    0x3C, 0xF0, 0xCF, 0xBF, 0x01, 0xEF, 0xB7, 0x7B, 0xCF, 0xBF, 0x03, 0xEF, 0x8C, 0x3B, 0x7F, 0x9E,
    0x39, 0xE7, 0xB6, 0xDB, 0xFF, 0x86, 0x03, 0xEF, 0xBE, 0xFF, 0x3F, 0xDE, 0x03, 0xEF, 0xBE, 0xFB,
    0x6F, 0x9E, 0x03, 0xF7, 0xC6, 0x38, 0xC6, 0x18, 0x01, 0xEF, 0xB6, 0x7B, 0xEF, 0xBE, 0x03, 0xEF,
    0xB7, 0xFF, 0xFF, 0x9E, 0x00, 0xE7, 0xB8, 0xC3, 0x0C, 0x30, 0xC3, 0x0C, 0x1C, 0x38, 0x20, 0x03,
    0x8F, 0x06, 0x18, 0x20, 0x82, 0x08, 0x61, 0x9E, 0xF2, 0x00, 0x7C, 0xFE, 0x46, 0xFE, 0xFE, 0xFE,
    0x7C, 0x07, 0xE0, 0x3F, 0x07, 0xF8, 0x7F, 0xE7, 0xFF, 0x7F, 0xFF, 0xBF, 0xFD, 0xF0, 0xEF, 0x87,
    0x7D, 0xBF, 0xEE, 0xFE, 0xF7, 0xFF, 0x1F, 0xF0, 0xFF, 0x07, 0xE0, 0x02, 0x00, 0x0F, 0x83, 0xF8,
    0xE7, 0x9C, 0x73, 0x8F, 0xFC, 0x3F, 0x81, 0xC0, 0xFE, 0x1F, 0xC0, 0xE0, 0x7F, 0xFF, 0xFE, 0x7D,
    0xC7, 0xDC, 0x7D, 0xC7, 0xDC, 0xFF, 0xFF, 0xFF, 0x7F, 0xCF, 0xFF, 0xFF, 0xF7, 0x7C, 0x77, 0xC7,
    0x7C, 0x77, 0xC2, 0x38, 0x7F, 0x87, 0xFC, 0x71, 0xCF, 0xFF, 0xFF, 0xF7, 0x1C, 0x7F, 0x87, 0xF0,
    0x70, 0x07, 0x00, 0x70, 0x07, 0x00, 0x70, 0x00, 0x01, 0xC0, 0xFC, 0x1F, 0x8F, 0xE7, 0xFC, 0xF7,
    0x98, 0x77, 0x0E, 0xE1, 0xCC, 0x39, 0xEF, 0x3F, 0xE3, 0xFC, 0x7F, 0x8F, 0xF0, 0x07, 0xF0, 0x1F,
    0xF0, 0x78, 0xF1, 0xC0, 0xE7, 0xF8, 0xEF, 0xF0, 0x0C, 0x00, 0x3F, 0xC0, 0x7F, 0x8E, 0x70, 0x38,
    0x78, 0xF0, 0x7F, 0xC0, 0x7F, 0x00, 0x7F, 0x87, 0xFC, 0x71, 0xCF, 0xFF, 0xFF, 0xF7, 0x1C, 0xFF,
    0xFF, 0xFF, 0x70, 0x07, 0x00, 0x70, 0x07, 0x00, 0x70, 0x00, 0x1C, 0x0E, 0x1F, 0xDF, 0xFF, 0xFF,
    0xEF, 0x77, 0xB8, 0xDF, 0xEF, 0xF7, 0x7F, 0xFF, 0xFB, 0xFC, 0xF6, 0x38, 0x1C, 0x07, 0x07, 0xF1,
    0xFE, 0xFF, 0xBF, 0x6F, 0xDB, 0xF0, 0xFC, 0x3F, 0x6F, 0xDB, 0xFE, 0x7F, 0x9F, 0xC1, 0xE0, 0x70,
    0xFF, 0xFF, 0xF0, 0x73, 0xFF, 0xFF, 0xC1, 0xCF, 0xE3, 0xF8, 0x07, 0x01, 0xC0, 0x70, 0x1C, 0x07,
    0x00, 0x0C, 0x00, 0x38, 0x00, 0xE0, 0x03, 0x80, 0x07, 0xFF, 0xEF, 0xFF, 0xDC, 0x00, 0x1C, 0x00,
    0x1C, 0x00, 0x18, 0x00, 0x00, 0x00, 0x0E, 0x03, 0xE0, 0xFE, 0x3F, 0xEE, 0xEE, 0x9C, 0x83, 0x80,
    0x70, 0x0E, 0x01, 0xC0, 0x38, 0x07, 0x00, 0xE0, 0x1C, 0x00, 0x00, 0x30, 0x00, 0xF0, 0x00, 0xF0,
    0x00, 0xF7, 0xFF, 0xEF, 0xFF, 0xC0, 0x07, 0x80, 0x1E, 0x00, 0x78, 0x00, 0xE0, 0x00, 0x00, 0x0E,
    0x01, 0xC0, 0x38, 0x07, 0x00, 0xE0, 0x1C, 0x03, 0x80, 0x70, 0x0E, 0x0D, 0xD9, 0xFF, 0xBF, 0xE3,
    0xF8, 0x3E, 0x00, 0x0C, 0x30, 0x38, 0xF0, 0xE0, 0xF3, 0x80, 0xF7, 0xFF, 0xEF, 0xFF, 0xDC, 0x07,
    0x9C, 0x1E, 0x1C, 0x78, 0x18, 0xE0, 0x00, 0x00, 0x0E, 0x03, 0xE0, 0xFE, 0x3F, 0xEE, 0xEE, 0x9C,
    0x83, 0x80, 0x70, 0x0E, 0x0D, 0xD9, 0xFF, 0xBF, 0xE3, 0xF8, 0x3E, 0x00, 0x7E, 0x0F, 0xF0, 0xF0,
    0x0F, 0x80, 0xFC, 0x0D, 0xE0, 0xCF, 0x0C, 0x78, 0x03, 0xC0, 0x1E, 0x00, 0xE0, 0x04, 0x0F, 0xC0,
    0xFE, 0x01, 0xE0, 0x3E, 0x07, 0xE0, 0xF6, 0x1E, 0x63, 0xC6, 0x78, 0x0F, 0x00, 0xE0, 0x04, 0x00,
    0xC0, 0x0E, 0x00, 0x70, 0x03, 0x80, 0x1C, 0x60, 0xE6, 0x07, 0x60, 0x3E, 0x01, 0xE0, 0xFE, 0x0F,
    0xC0, 0x00, 0x60, 0x0E, 0x01, 0xC0, 0x38, 0xC7, 0x0C, 0xE0, 0xDC, 0x0F, 0x80, 0xF0, 0x0F, 0xE0,
    0x7F, 0x00, 0x00, 0x00, 0xF0, 0x07, 0xE0, 0x0F, 0x80, 0x1E, 0x00, 0x38, 0x7F, 0xC7, 0xFF, 0x78,
    0x7B, 0x81, 0xF8, 0x0F, 0xC0, 0x7E, 0x03, 0xF0, 0x1F, 0x80, 0xEE, 0x07, 0x78, 0x71, 0xFF, 0x07,
    0xF0, 0x07, 0xC0, 0x0F, 0x80, 0x1B, 0x80, 0x77, 0x00, 0xEE, 0x01, 0xCE, 0x07, 0x1C, 0x0E, 0x38,
    0x1C, 0x30, 0x30, 0x70, 0xE0, 0xE1, 0xC1, 0xC3, 0x81, 0xCE, 0x03, 0x9C, 0x07, 0x38, 0x07, 0xFF,
    0xFF, 0xFF, 0xFC, 0xFF, 0xFF, 0xFF, 0xF8, 0x0F, 0xC0, 0x7E, 0x03, 0xF0, 0x1F, 0x80, 0xFC, 0x07,
    0xE0, 0x3F, 0x01, 0xF8, 0x0F, 0xC0, 0x7E, 0x03, 0xF0, 0x1F, 0x80, 0xFC, 0x07, 0xE0, 0x3B, 0x01,
    0xC0, 0xFF, 0xFF, 0xFF, 0xF8, 0x00, 0xE0, 0x03, 0x80, 0x0F, 0x00, 0x3C, 0x00, 0xF0, 0x03, 0x80,
    0x1C, 0x01, 0xE0, 0x1E, 0x01, 0xE0, 0x1E, 0x01, 0xC0, 0x1C, 0x00, 0xFF, 0xFF, 0xFF, 0xC0, 0xFF,
    0xFF, 0xFC, 0x00, 0x00, 0x01, 0xC0, 0x0E, 0x00, 0xE0, 0x07, 0x00, 0x70, 0x03, 0x80, 0x18, 0x01,
    0xC0, 0x0C, 0x00, 0xE0, 0x06, 0x00, 0x70, 0x03, 0x00, 0x38, 0x01, 0xC0, 0x1C, 0x00, 0xE0, 0x0E,
    0x00, 0x70, 0x07, 0x00, 0x38, 0x03, 0x80, 0x0C, 0x00, 0x7F, 0xFF, 0xF7, 0x80, 0x00, 0x1C, 0x00,
    0x70, 0x01, 0x80, 0x0E, 0x00, 0x38, 0x00, 0xE0, 0x03, 0x00, 0x1C, 0x00, 0x70, 0x01, 0xC0, 0x06,
    0x00, 0x38, 0xF8, 0xE3, 0xE3, 0x83, 0x8C, 0x0E, 0x70, 0x19, 0xC0, 0x77, 0x01, 0xD8, 0x07, 0xE0,
    0x0F, 0x80, 0x3E, 0x00, 0x7D, 0xF3, 0xFF, 0xF9, 0xCF, 0xCE, 0x3E, 0x73, 0xBF, 0xFD, 0xF7, 0xC0,
    0x0F, 0x8F, 0xC7, 0x03, 0x81, 0xC0, 0xE0, 0x70, 0x38, 0x1C, 0x0E, 0x07, 0x03, 0x81, 0xC0, 0xE0,
    0x70, 0x38, 0x1C, 0x0E, 0x07, 0x03, 0x81, 0xC7, 0xE3, 0xE0, 0x1C, 0x07, 0xE6, 0xFF, 0xEE, 0x7C,
    0x07, 0x83, 0xC6, 0x7E, 0xEF, 0xFE, 0x47, 0x80, 0x03, 0x00, 0x60, 0x1C, 0x7F, 0xFF, 0xFE, 0x1C,
    0x3F, 0xFF, 0xFF, 0x1C, 0x03, 0x80, 0x60, 0x00, 0x00, 0x00, 0x1C, 0x1F, 0x9F, 0xEF, 0xE1, 0xE0,
    0x38, 0x07, 0xE0, 0xFF, 0x83, 0xFC, 0x0F, 0x80, 0x30, 0x01, 0xFF, 0xFF, 0xF8, 0x00, 0x1E, 0x03,
    0xF8, 0x3F, 0xE0, 0xFE, 0x03, 0xC0, 0x18, 0x1F, 0x1F, 0xFF, 0xE3, 0xE0, 0x60, 0x00, 0x01, 0xFF,
    0xFF, 0xF8, 0x00, 0x70, 0xFF, 0x87, 0xFC, 0x30, 0xE1, 0x80, 0x7F, 0xFB, 0xFF, 0xC3, 0x0E, 0x18,
    0x70, 0xC3, 0x86, 0x1C, 0x30, 0xE1, 0x87, 0x0C, 0x38, 0x61, 0xC3, 0x0E, 0x18, 0x70, 0xC3, 0x80,
    0x1F, 0xF1, 0xFF, 0x1C, 0x71, 0x87, 0x18, 0x7F, 0xFF, 0xFF, 0xF1, 0x87, 0x18, 0x71, 0x87, 0x18,
    0x71, 0x87, 0x18, 0x71, 0x87, 0x18, 0x71, 0x87, 0x18, 0x71, 0x87,
};

static const EpdGlyph space_mono_12_regularGlyphs[] = {
    { 0, 0, 0, 0, 0, 0, 0 }, // U+0000
    { 0, 0, 0, 0, 0, 0, 0 }, // U+0001
    { 0, 0, 0, 0, 0, 0, 0 }, // U+0002
    { 0, 0, 0, 0, 0, 0, 0 }, // U+0003
    { 0, 0, 0, 0, 0, 0, 0 }, // U+0004
    { 0, 0, 0, 0, 0, 0, 0 }, // U+0005
    { 0, 0, 0, 0, 0, 0, 0 }, // U+0006
    { 0, 0, 0, 0, 0, 0, 0 }, // U+0007
    { 0, 0, 0, 0, 0, 0, 0 }, // U+0008
    { 0, 0, 0, 0, 0, 0, 0 }, // U+0009
    { 0, 0, 0, 0, 0, 0, 0 }, // U+000A
    { 0, 0, 0, 0, 0, 0, 0 }, // U+000B
    { 0, 0, 0, 0, 0, 0, 0 }, // U+000C
    { 0, 0, 0, 0, 0, 0, 0 }, // U+000D
    { 0, 0, 0, 0, 0, 0, 0 }, // U+000E
    { 0, 0, 0, 0, 0, 0, 0 }, // U+000F
    { 0, 0, 0, 0, 0, 0, 0 }, // U+0010
    { 0, 0, 0, 0, 0, 0, 0 }, // U+0011
    { 0, 0, 0, 0, 0, 0, 0 }, // U+0012
    { 0, 0, 0, 0, 0, 0, 0 }, // U+0013
    { 0, 0, 0, 0, 0, 0, 0 }, // U+0014
    { 0, 0, 0, 0, 0, 0, 0 }, // U+0015
    { 0, 0, 0, 0, 0, 0, 0 }, // U+0016
    { 0, 0, 0, 0, 0, 0, 0 }, // U+0017
    { 0, 0, 0, 0, 0, 0, 0 }, // U+0018
    { 0, 0, 0, 0, 0, 0, 0 }, // U+0019
    { 0, 0, 0, 0, 0, 0, 0 }, // U+001A
    { 0, 0, 0, 0, 0, 0, 0 }, // U+001B
    { 0, 0, 0, 0, 0, 0, 0 }, // U+001C
    { 0, 0, 0, 0, 0, 0, 0 }, // U+001D
    { 0, 0, 0, 0, 0, 0, 0 }, // U+001E
    { 0, 0, 0, 0, 0, 0, 0 }, // U+001F
    { 0, 0, 245, 0, 0, 0, 0 }, // U+0020
    { 5, 18, 245, 5, 18, 12, 0 }, // !
    { 9, 6, 245, 3, 18, 7, 12 }, // "
    { 13, 13, 245, 1, 16, 22, 19 }, // #
    { 11, 16, 245, 2, 17, 22, 41 }, // $
    { 14, 18, 245, 1, 18, 32, 63 }, // %
    { 14, 18, 245, 1, 18, 32, 95 }, // &
    { 5, 6, 245, 5, 18, 4, 127 }, // '
    { 11, 26, 245, 3, 22, 36, 131 }, // (
    { 11, 26, 245, 1, 22, 36, 167 }, // )
    { 13, 13, 245, 1, 16, 22, 203 }, // *
    { 11, 11, 245, 2, 15, 16, 225 }, // +
    { 5, 6, 245, 5, 3, 4, 241 }, // ,
    { 9, 2, 245, 3, 8, 3, 245 }, // -
    { 5, 3, 245, 5, 3, 2, 248 }, // .
    { 10, 24, 245, 3, 21, 30, 250 }, // /
    { 13, 18, 245, 1, 18, 30, 280 }, // 0
    { 13, 18, 245, 1, 18, 30, 310 }, // 1
    { 13, 18, 245, 1, 18, 30, 340 }, // 2
    { 13, 18, 245, 1, 18, 30, 370 }, // 3
    { 14, 18, 245, 1, 18, 32, 400 }, // 4
    { 14, 18, 245, 1, 18, 32, 432 }, // 5
    { 13, 18, 245, 1, 18, 30, 464 }, // 6
    { 13, 18, 245, 1, 18, 30, 494 }, // 7
    { 13, 18, 245, 1, 18, 30, 524 }, // 8
    { 13, 18, 245, 1, 18, 30, 554 }, // 9
    { 5, 13, 245, 5, 13, 9, 584 }, // :
    { 5, 16, 245, 5, 13, 10, 593 }, // ;
    { 11, 12, 245, 2, 15, 17, 603 }, // <
    { 11, 6, 245, 2, 12, 9, 620 }, // =
    { 11, 12, 245, 2, 15, 17, 629 }, // >
    { 13, 18, 245, 1, 18, 30, 646 }, // ?
    { 15, 15, 245, 0, 15, 29, 676 }, // @
    { 15, 18, 245, 0, 18, 34, 705 }, // A
    { 13, 18, 245, 1, 18, 30, 739 }, // B
    { 13, 18, 245, 1, 18, 30, 769 }, // C
    { 13, 18, 245, 1, 18, 30, 799 }, // D
    { 12, 18, 245, 2, 18, 27, 829 }, // E
    { 12, 18, 245, 2, 18, 27, 856 }, // F
    { 13, 18, 245, 1, 18, 30, 883 }, // G
    { 13, 18, 245, 1, 18, 30, 913 }, // H
    { 12, 18, 245, 2, 18, 27, 943 }, // I
    { 14, 18, 245, 1, 18, 32, 970 }, // J
    { 13, 18, 245, 2, 18, 30, 1002 }, // K
    { 12, 18, 245, 2, 18, 27, 1032 }, // L
    { 14, 18, 245, 1, 18, 32, 1059 }, // M
    { 13, 18, 245, 1, 18, 30, 1091 }, // N
    { 13, 18, 245, 1, 18, 30, 1121 }, // O
    { 12, 18, 245, 2, 18, 27, 1151 }, // P
    { 13, 22, 245, 1, 18, 36, 1178 }, // Q
    { 12, 18, 245, 2, 18, 27, 1214 }, // R
    { 14, 18, 245, 1, 18, 32, 1241 }, // S
    { 13, 18, 245, 1, 18, 30, 1273 }, // T
    { 13, 18, 245, 1, 18, 30, 1303 }, // U
    { 15, 18, 245, 0, 18, 34, 1333 }, // V
    { 16, 18, 245, 0, 18, 36, 1367 }, // W
    { 14, 18, 245, 1, 18, 32, 1403 }, // X
    { 15, 18, 245, 0, 18, 34, 1435 }, // Y
    { 13, 18, 245, 1, 18, 30, 1469 }, // Z
    { 5, 26, 245, 6, 22, 17, 1499 }, // [
    { 10, 24, 245, 3, 21, 30, 1516 }, // <backslash>
    { 5, 26, 245, 4, 22, 17, 1546 }, // ]
    { 13, 8, 245, 1, 18, 13, 1563 }, // ^
    { 13, 2, 245, 1, -1, 4, 1576 }, // _
    { 5, 3, 245, 5, 18, 2, 1580 }, // `
    { 14, 13, 245, 1, 13, 23, 1582 }, // a
    { 13, 18, 245, 1, 18, 30, 1605 }, // b
    { 13, 13, 245, 1, 13, 22, 1635 }, // c
    { 13, 18, 245, 1, 18, 30, 1657 }, // d
    { 13, 13, 245, 1, 13, 22, 1687 }, // e
    { 11, 18, 245, 2, 18, 25, 1709 }, // f
    { 13, 18, 245, 1, 13, 30, 1734 }, // g
    { 12, 18, 245, 2, 18, 27, 1764 }, // h
    { 11, 18, 245, 2, 18, 25, 1791 }, // i
    { 10, 23, 245, 2, 18, 29, 1816 }, // j
    { 11, 18, 245, 3, 18, 25, 1845 }, // k
    { 12, 18, 245, 2, 18, 27, 1870 }, // l
    { 14, 13, 245, 1, 13, 23, 1897 }, // m
    { 12, 13, 245, 2, 13, 20, 1920 }, // n
    { 13, 13, 245, 1, 13, 22, 1940 }, // o
    { 13, 18, 245, 1, 13, 30, 1962 }, // p
    { 13, 18, 245, 1, 13, 30, 1992 }, // q
    { 13, 13, 245, 1, 13, 22, 2022 }, // r
    { 11, 13, 245, 2, 13, 18, 2044 }, // s
    { 12, 18, 245, 1, 18, 27, 2062 }, // t
    { 11, 13, 245, 2, 13, 18, 2089 }, // u
    { 13, 13, 245, 1, 13, 22, 2107 }, // v
    { 15, 13, 245, 0, 13, 25, 2129 }, // w
    { 13, 13, 245, 1, 13, 22, 2154 }, // x
    { 12, 18, 245, 2, 13, 27, 2176 }, // y
    { 12, 13, 245, 2, 13, 20, 2203 }, // z
    { 7, 26, 245, 5, 22, 23, 2223 }, // {
    { 3, 26, 245, 6, 22, 10, 2246 }, // |
    { 7, 26, 245, 4, 22, 23, 2256 }, // }
    { 13, 4, 245, 1, 10, 7, 2279 }, // ~
    { 0, 0, 0, 0, 0, 0, 2286 }, // U+007F
    { 0, 0, 0, 0, 0, 0, 2286 }, // U+0080
    { 0, 0, 0, 0, 0, 0, 2286 }, // U+0081
    { 0, 0, 0, 0, 0, 0, 2286 }, // U+0082
    { 0, 0, 0, 0, 0, 0, 2286 }, // U+0083
    { 0, 0, 0, 0, 0, 0, 2286 }, // U+0084
    { 0, 0, 0, 0, 0, 0, 2286 }, // U+0085
    { 0, 0, 0, 0, 0, 0, 2286 }, // U+0086
    { 0, 0, 0, 0, 0, 0, 2286 }, // U+0087
    { 0, 0, 0, 0, 0, 0, 2286 }, // U+0088
    { 0, 0, 0, 0, 0, 0, 2286 }, // U+0089
    { 0, 0, 0, 0, 0, 0, 2286 }, // U+008A
    { 0, 0, 0, 0, 0, 0, 2286 }, // U+008B
    { 0, 0, 0, 0, 0, 0, 2286 }, // U+008C
    { 0, 0, 0, 0, 0, 0, 2286 }, // U+008D
    { 0, 0, 0, 0, 0, 0, 2286 }, // U+008E
    { 0, 0, 0, 0, 0, 0, 2286 }, // U+008F
    { 0, 0, 0, 0, 0, 0, 2286 }, // U+0090
    { 0, 0, 0, 0, 0, 0, 2286 }, // U+0091
    { 0, 0, 0, 0, 0, 0, 2286 }, // U+0092
    { 0, 0, 0, 0, 0, 0, 2286 }, // U+0093
    { 0, 0, 0, 0, 0, 0, 2286 }, // U+0094
    { 0, 0, 0, 0, 0, 0, 2286 }, // U+0095
    { 0, 0, 0, 0, 0, 0, 2286 }, // U+0096
    { 0, 0, 0, 0, 0, 0, 2286 }, // U+0097
    { 0, 0, 0, 0, 0, 0, 2286 }, // U+0098
    { 0, 0, 0, 0, 0, 0, 2286 }, // U+0099
    { 0, 0, 0, 0, 0, 0, 2286 }, // U+009A
    { 0, 0, 0, 0, 0, 0, 2286 }, // U+009B
    { 0, 0, 0, 0, 0, 0, 2286 }, // U+009C
    { 0, 0, 0, 0, 0, 0, 2286 }, // U+009D
    { 0, 0, 0, 0, 0, 0, 2286 }, // U+009E
    { 0, 0, 0, 0, 0, 0, 2286 }, // U+009F
    { 0, 0, 245, 0, 0, 0, 2286 }, // U+00A0
    { 5, 18, 245, 5, 13, 12, 2286 }, // U+00A1
    { 13, 16, 245, 1, 17, 26, 2298 }, // U+00A2
    { 11, 13, 245, 2, 16, 18, 2324 }, // U+00A3
    { 14, 15, 245, 1, 17, 27, 2342 }, // U+00A4
    { 11, 13, 245, 2, 16, 18, 2369 }, // U+00A5
    { 3, 26, 245, 6, 22, 10, 2387 }, // U+00A6
    { 8, 13, 245, 4, 18, 13, 2397 }, // U+00A7
    { 9, 4, 245, 3, 19, 5, 2410 }, // U+00A8
    { 13, 14, 245, 1, 21, 23, 2415 }, // U+00A9
    { 9, 8, 245, 3, 18, 9, 2438 }, // U+00AA
    { 13, 13, 245, 1, 13, 22, 2447 }, // U+00AB
    { 11, 4, 245, 2, 10, 6, 2469 }, // U+00AC
    { 0, 0, 0, 0, 0, 0, 2475 }, // U+00AD
    { 13, 13, 245, 1, 21, 22, 2475 }, // U+00AE
    { 7, 2, 245, 4, 17, 2, 2497 }, // U+00AF
    { 8, 7, 245, 4, 18, 7, 2499 }, // U+00B0
    { 11, 14, 245, 2, 14, 20, 2506 }, // U+00B1
    { 6, 8, 245, 5, 18, 6, 2526 }, // U+00B2
    { 6, 8, 245, 5, 18, 6, 2532 }, // U+00B3
    { 5, 3, 245, 5, 18, 2, 2538 }, // U+00B4
    { 12, 18, 245, 2, 13, 27, 2540 }, // U+00B5
    { 9, 12, 245, 3, 18, 14, 2567 }, // U+00B6
    { 5, 4, 245, 5, 11, 3, 2581 }, // U+00B7
    { 6, 5, 245, 5, 0, 4, 2584 }, // U+00B8
    { 6, 8, 245, 5, 18, 6, 2588 }, // U+00B9
    { 9, 8, 245, 3, 18, 9, 2594 }, // U+00BA
    { 13, 13, 245, 1, 13, 22, 2603 }, // U+00BB
    { 13, 18, 245, 1, 18, 30, 2625 }, // U+00BC
    { 13, 18, 245, 1, 18, 30, 2655 }, // U+00BD
    { 13, 18, 245, 1, 18, 30, 2685 }, // U+00BE
    { 13, 18, 245, 1, 13, 30, 2715 }, // U+00BF
    { 15, 23, 245, 0, 23, 44, 2745 }, // U+00C0
    { 15, 23, 245, 0, 23, 44, 2789 }, // U+00C1
    { 15, 23, 245, 0, 23, 44, 2833 }, // U+00C2
    { 15, 23, 245, 0, 23, 44, 2877 }, // U+00C3
    { 15, 24, 245, 0, 24, 45, 2921 }, // U+00C4
    { 15, 25, 245, 0, 25, 47, 2966 }, // U+00C5
    { 14, 18, 245, 0, 18, 32, 3013 }, // U+00C6
    { 13, 23, 245, 1, 18, 38, 3045 }, // U+00C7
    { 12, 23, 245, 2, 23, 35, 3083 }, // U+00C8
    { 12, 23, 245, 2, 23, 35, 3118 }, // U+00C9
    { 12, 23, 245, 2, 23, 35, 3153 }, // U+00CA
    { 12, 24, 245, 2, 24, 36, 3188 }, // U+00CB
    { 12, 23, 245, 2, 23, 35, 3224 }, // U+00CC
    { 12, 23, 245, 2, 23, 35, 3259 }, // U+00CD
    { 12, 23, 245, 2, 23, 35, 3294 }, // U+00CE
    { 12, 24, 245, 2, 24, 36, 3329 }, // U+00CF
    { 13, 18, 245, 1, 18, 30, 3365 }, // U+00D0
    { 13, 23, 245, 1, 23, 38, 3395 }, // U+00D1
    { 13, 23, 245, 1, 23, 38, 3433 }, // U+00D2
    { 13, 23, 245, 1, 23, 38, 3471 }, // U+00D3
    { 13, 23, 245, 1, 23, 38, 3509 }, // U+00D4
    { 13, 23, 245, 1, 23, 38, 3547 }, // U+00D5
    { 13, 24, 245, 1, 24, 39, 3585 }, // U+00D6
    { 11, 11, 245, 2, 14, 16, 3624 }, // U+00D7
    { 13, 22, 245, 1, 20, 36, 3640 }, // U+00D8
    { 13, 23, 245, 1, 23, 38, 3676 }, // U+00D9
    { 13, 23, 245, 1, 23, 38, 3714 }, // U+00DA
    { 13, 23, 245, 1, 23, 38, 3752 }, // U+00DB
    { 13, 24, 245, 1, 24, 39, 3790 }, // U+00DC
    { 15, 23, 245, 0, 23, 44, 3829 }, // U+00DD
    { 12, 18, 245, 2, 18, 27, 3873 }, // U+00DE
    { 15, 18, 245, 0, 18, 34, 3900 }, // U+00DF
    { 14, 18, 245, 1, 18, 32, 3934 }, // U+00E0
    { 14, 18, 245, 1, 18, 32, 3966 }, // U+00E1
    { 14, 18, 245, 1, 18, 32, 3998 }, // U+00E2
    { 14, 18, 245, 1, 18, 32, 4030 }, // U+00E3
    { 14, 19, 245, 1, 19, 34, 4062 }, // U+00E4
    { 14, 20, 245, 1, 20, 35, 4096 }, // U+00E5
    { 13, 13, 245, 1, 13, 22, 4131 }, // U+00E6
    { 13, 18, 245, 1, 13, 30, 4153 }, // U+00E7
    { 13, 18, 245, 1, 18, 30, 4183 }, // U+00E8
    { 13, 18, 245, 1, 18, 30, 4213 }, // U+00E9
    { 13, 18, 245, 1, 18, 30, 4243 }, // U+00EA
    { 13, 19, 245, 1, 19, 31, 4273 }, // U+00EB
    { 11, 18, 245, 2, 18, 25, 4304 }, // U+00EC
    { 11, 18, 245, 2, 18, 25, 4329 }, // U+00ED
    { 11, 18, 245, 2, 18, 25, 4354 }, // U+00EE
    { 11, 19, 245, 2, 19, 27, 4379 }, // U+00EF
    { 13, 19, 245, 1, 19, 31, 4406 }, // U+00F0
    { 12, 18, 245, 2, 18, 27, 4437 }, // U+00F1
    { 13, 18, 245, 1, 18, 30, 4464 }, // U+00F2
    { 13, 18, 245, 1, 18, 30, 4494 }, // U+00F3
    { 13, 18, 245, 1, 18, 30, 4524 }, // U+00F4
    { 13, 18, 245, 1, 18, 30, 4554 }, // U+00F5
    { 13, 19, 245, 1, 19, 31, 4584 }, // U+00F6
    { 11, 12, 245, 2, 15, 17, 4615 }, // U+00F7
    { 13, 17, 245, 1, 15, 28, 4632 }, // U+00F8
    { 11, 18, 245, 2, 18, 25, 4660 }, // U+00F9
    { 11, 18, 245, 2, 18, 25, 4685 }, // U+00FA
    { 11, 18, 245, 2, 18, 25, 4710 }, // U+00FB
    { 11, 19, 245, 2, 19, 27, 4735 }, // U+00FC
    { 12, 23, 245, 2, 18, 35, 4762 }, // U+00FD
    { 13, 23, 245, 1, 18, 38, 4797 }, // U+00FE
    { 12, 24, 245, 2, 19, 36, 4835 }, // U+00FF
    { 15, 22, 245, 0, 22, 42, 4871 }, // U+0100
    { 14, 17, 245, 1, 17, 30, 4913 }, // U+0101
    { 15, 23, 245, 0, 23, 44, 4943 }, // U+0102
    { 14, 18, 245, 1, 18, 32, 4987 }, // U+0103
    { 16, 22, 245, 0, 18, 44, 5019 }, // U+0104
    { 14, 17, 245, 1, 13, 30, 5063 }, // U+0105
    { 13, 23, 245, 1, 23, 38, 5093 }, // U+0106
    { 13, 18, 245, 1, 18, 30, 5131 }, // U+0107
    { 13, 23, 245, 1, 23, 38, 5161 }, // U+0108
    { 13, 18, 245, 1, 18, 30, 5199 }, // U+0109
    { 13, 24, 245, 1, 24, 39, 5229 }, // U+010A
    { 13, 19, 245, 1, 19, 31, 5268 }, // U+010B
    { 13, 23, 245, 1, 23, 38, 5299 }, // U+010C
    { 13, 18, 245, 1, 18, 30, 5337 }, // U+010D
    { 13, 23, 245, 1, 23, 38, 5367 }, // U+010E
    { 15, 18, 245, 0, 18, 34, 5405 }, // U+010F
    { 13, 18, 245, 1, 18, 30, 5439 }, // U+0110
    { 15, 18, 245, 1, 18, 34, 5469 }, // U+0111
    { 12, 22, 245, 2, 22, 33, 5503 }, // U+0112
    { 13, 17, 245, 1, 17, 28, 5536 }, // U+0113
    { 12, 23, 245, 2, 23, 35, 5564 }, // U+0114
    { 13, 18, 245, 1, 18, 30, 5599 }, // U+0115
    { 12, 24, 245, 2, 24, 36, 5629 }, // U+0116
    { 13, 19, 245, 1, 19, 31, 5665 }, // U+0117
    { 13, 22, 245, 2, 18, 36, 5696 }, // U+0118
    { 13, 17, 245, 1, 13, 28, 5732 }, // U+0119
    { 12, 23, 245, 2, 23, 35, 5760 }, // U+011A
    { 13, 18, 245, 1, 18, 30, 5795 }, // U+011B
    { 13, 23, 245, 1, 23, 38, 5825 }, // U+011C
    { 13, 23, 245, 1, 18, 38, 5863 }, // U+011D
    { 13, 23, 245, 1, 23, 38, 5901 }, // U+011E
    { 13, 23, 245, 1, 18, 38, 5939 }, // U+011F
    { 13, 24, 245, 1, 24, 39, 5977 }, // U+0120
    { 13, 24, 245, 1, 19, 39, 6016 }, // U+0121
    { 13, 25, 245, 1, 18, 41, 6055 }, // U+0122
    { 13, 27, 245, 1, 22, 44, 6096 }, // U+0123
    { 13, 23, 245, 1, 23, 38, 6140 }, // U+0124
    { 12, 23, 245, 2, 23, 35, 6178 }, // U+0125
    { 15, 18, 245, 0, 18, 34, 6213 }, // U+0126
    { 14, 18, 245, 0, 18, 32, 6247 }, // U+0127
    { 12, 23, 245, 2, 23, 35, 6279 }, // U+0128
    { 11, 18, 245, 2, 18, 25, 6314 }, // U+0129
    { 12, 22, 245, 2, 22, 33, 6339 }, // U+012A
    { 11, 17, 245, 2, 17, 24, 6372 }, // U+012B
    { 12, 23, 245, 2, 23, 35, 6396 }, // U+012C
    { 11, 18, 245, 2, 18, 25, 6431 }, // U+012D
    { 13, 22, 245, 2, 18, 36, 6456 }, // U+012E
    { 13, 22, 245, 2, 18, 36, 6492 }, // U+012F
    { 12, 24, 245, 2, 24, 36, 6528 }, // U+0130
    { 11, 13, 245, 2, 13, 18, 6564 }, // U+0131
    { 14, 18, 245, 1, 18, 32, 6582 }, // U+0132
    { 13, 23, 245, 1, 18, 38, 6614 }, // U+0133
    { 14, 23, 245, 1, 23, 41, 6652 }, // U+0134
    { 10, 23, 245, 2, 18, 29, 6693 }, // U+0135
    { 13, 25, 245, 2, 18, 41, 6722 }, // U+0136
    { 11, 25, 245, 3, 18, 35, 6763 }, // U+0137
    { 11, 13, 245, 3, 13, 18, 6798 }, // U+0138
    { 12, 23, 245, 2, 23, 35, 6816 }, // U+0139
    { 12, 23, 245, 2, 23, 35, 6851 }, // U+013A
    { 12, 25, 245, 2, 18, 38, 6886 }, // U+013B
    { 12, 25, 245, 2, 18, 38, 6924 }, // U+013C
    { 12, 18, 245, 2, 18, 27, 6962 }, // U+013D
    { 12, 18, 245, 2, 18, 27, 6989 }, // U+013E
    { 14, 18, 245, 0, 18, 32, 7016 }, // U+0141
    { 12, 18, 245, 2, 18, 27, 7048 }, // U+0142
    { 13, 23, 245, 1, 23, 38, 7075 }, // U+0143
    { 12, 18, 245, 2, 18, 27, 7113 }, // U+0144
    { 13, 25, 245, 1, 18, 41, 7140 }, // U+0145
    { 12, 20, 245, 2, 13, 30, 7181 }, // U+0146
    { 13, 23, 245, 1, 23, 38, 7211 }, // U+0147
    { 12, 18, 245, 2, 18, 27, 7249 }, // U+0148
    { 13, 21, 245, 1, 21, 35, 7276 }, // U+0149
    { 13, 23, 245, 1, 18, 38, 7311 }, // U+014A
    { 12, 18, 245, 2, 13, 27, 7349 }, // U+014B
    { 13, 22, 245, 1, 22, 36, 7376 }, // U+014C
    { 13, 17, 245, 1, 17, 28, 7412 }, // U+014D
    { 13, 23, 245, 1, 23, 38, 7440 }, // U+014E
    { 13, 18, 245, 1, 18, 30, 7478 }, // U+014F
    { 13, 23, 245, 1, 23, 38, 7508 }, // U+0150
    { 13, 18, 245, 1, 18, 30, 7546 }, // U+0151
    { 13, 18, 245, 1, 18, 30, 7576 }, // U+0152
    { 13, 13, 245, 1, 13, 22, 7606 }, // U+0153
    { 12, 23, 245, 2, 23, 35, 7628 }, // U+0154
    { 13, 18, 245, 1, 18, 30, 7663 }, // U+0155
    { 12, 25, 245, 2, 18, 38, 7693 }, // U+0156
    { 13, 20, 245, 1, 13, 33, 7731 }, // U+0157
    { 12, 23, 245, 2, 23, 35, 7764 }, // U+0158
    { 13, 18, 245, 1, 18, 30, 7799 }, // U+0159
    { 14, 23, 245, 1, 23, 41, 7829 }, // U+015A
    { 11, 18, 245, 2, 18, 25, 7870 }, // U+015B
    { 14, 23, 245, 1, 23, 41, 7895 }, // U+015C
    { 11, 18, 245, 2, 18, 25, 7936 }, // U+015D
    { 14, 23, 245, 1, 18, 41, 7961 }, // U+015E
    { 11, 18, 245, 2, 13, 25, 8002 }, // U+015F
    { 14, 23, 245, 1, 23, 41, 8027 }, // U+0160
    { 11, 18, 245, 2, 18, 25, 8068 }, // U+0161
    { 13, 23, 245, 1, 18, 38, 8093 }, // U+0162
    { 12, 23, 245, 1, 18, 35, 8131 }, // U+0163
    { 13, 23, 245, 1, 23, 38, 8166 }, // U+0164
    { 13, 18, 245, 1, 18, 30, 8204 }, // U+0165
    { 13, 18, 245, 1, 18, 30, 8234 }, // U+0166
    { 12, 18, 245, 1, 18, 27, 8264 }, // U+0167
    { 13, 23, 245, 1, 23, 38, 8291 }, // U+0168
    { 11, 18, 245, 2, 18, 25, 8329 }, // U+0169
    { 13, 22, 245, 1, 22, 36, 8354 }, // U+016A
    { 11, 17, 245, 2, 17, 24, 8390 }, // U+016B
    { 13, 23, 245, 1, 23, 38, 8414 }, // U+016C
    { 11, 18, 245, 2, 18, 25, 8452 }, // U+016D
    { 13, 25, 245, 1, 25, 41, 8477 }, // U+016E
    { 11, 20, 245, 2, 20, 28, 8518 }, // U+016F
    { 13, 23, 245, 1, 23, 38, 8546 }, // U+0170
    { 11, 18, 245, 2, 18, 25, 8584 }, // U+0171
    { 13, 22, 245, 1, 18, 36, 8609 }, // U+0172
    { 12, 17, 245, 2, 13, 26, 8645 }, // U+0173
    { 16, 23, 245, 0, 23, 46, 8671 }, // U+0174
    { 15, 18, 245, 0, 18, 34, 8717 }, // U+0175
    { 15, 23, 245, 0, 23, 44, 8751 }, // U+0176
    { 12, 23, 245, 2, 18, 35, 8795 }, // U+0177
    { 15, 24, 245, 0, 24, 45, 8830 }, // U+0178
    { 13, 23, 245, 1, 23, 38, 8875 }, // U+0179
    { 12, 18, 245, 2, 18, 27, 8913 }, // U+017A
    { 13, 24, 245, 1, 24, 39, 8940 }, // U+017B
    { 12, 19, 245, 2, 19, 29, 8979 }, // U+017C
    { 13, 23, 245, 1, 23, 38, 9008 }, // U+017D
    { 12, 18, 245, 2, 18, 27, 9046 }, // U+017E
    { 9, 18, 245, 4, 18, 21, 9073 }, // U+017F
    { 15, 18, 245, 0, 18, 34, 9094 }, // U+01A0
    { 15, 13, 245, 1, 13, 25, 9128 }, // U+01A1
    { 15, 18, 245, 1, 18, 34, 9153 }, // U+01AF
    { 15, 13, 245, 1, 13, 25, 9187 }, // U+01B0
    { 15, 23, 245, 0, 23, 44, 9212 }, // U+01CD
    { 14, 18, 245, 1, 18, 32, 9256 }, // U+01CE
    { 12, 23, 245, 2, 23, 35, 9288 }, // U+01CF
    { 11, 18, 245, 2, 18, 25, 9323 }, // U+01D0
    { 13, 23, 245, 1, 23, 38, 9348 }, // U+01D1
    { 13, 18, 245, 1, 18, 30, 9386 }, // U+01D2
    { 13, 23, 245, 1, 23, 38, 9416 }, // U+01D3
    { 11, 18, 245, 2, 18, 25, 9454 }, // U+01D4
    { 13, 25, 245, 1, 25, 41, 9479 }, // U+01D5
    { 11, 21, 245, 2, 21, 29, 9520 }, // U+01D6
    { 13, 26, 245, 1, 26, 43, 9549 }, // U+01D7
    { 11, 22, 245, 2, 22, 31, 9592 }, // U+01D8
    { 13, 26, 245, 1, 26, 43, 9623 }, // U+01D9
    { 11, 22, 245, 2, 22, 31, 9666 }, // U+01DA
    { 13, 25, 245, 1, 25, 41, 9697 }, // U+01DB
    { 11, 22, 245, 2, 22, 31, 9738 }, // U+01DC
    { 13, 23, 245, 1, 23, 38, 9769 }, // U+01E6
    { 13, 23, 245, 1, 18, 38, 9807 }, // U+01E7
    { 13, 22, 245, 1, 18, 36, 9845 }, // U+01EA
    { 13, 17, 245, 1, 13, 28, 9881 }, // U+01EB
    { 14, 25, 245, 1, 18, 44, 9909 }, // U+0218
    { 11, 20, 245, 2, 13, 28, 9953 }, // U+0219
    { 13, 25, 245, 1, 18, 41, 9981 }, // U+021A
    { 12, 25, 245, 1, 18, 38, 10022 }, // U+021B
    { 5, 3, 0, 1, 18, 2, 10060 }, // U+0300
    { 5, 3, 0, 1, 18, 2, 10062 }, // U+0301
    { 8, 3, 0, 4, 18, 3, 10064 }, // U+0302
    { 9, 4, 0, 1, 18, 5, 10067 }, // U+0303
    { 8, 2, 0, 1, 17, 2, 10072 }, // U+0304
    { 6, 3, 0, 1, 18, 3, 10074 }, // U+0306
    { 5, 4, 0, 5, 19, 3, 10077 }, // U+0307
    { 9, 4, 0, 1, 19, 5, 10080 }, // U+0308
    { 6, 5, 0, 5, 19, 4, 10085 }, // U+0309
    { 6, 5, 0, 5, 20, 4, 10089 }, // U+030A
    { 8, 3, 0, 1, 18, 3, 10093 }, // U+030B
    { 8, 4, 0, 4, 18, 4, 10096 }, // U+030C
    { 5, 7, 0, 5, 22, 5, 10100 }, // U+0312
    { 5, 6, 0, 5, 18, 4, 10105 }, // U+031B
    { 5, 4, 0, 5, -1, 3, 10109 }, // U+0323
    { 4, 6, 0, 1, -1, 3, 10112 }, // U+0326
    { 6, 5, 0, 5, 0, 4, 10115 }, // U+0327
    { 4, 5, 0, 6, 1, 3, 10119 }, // U+0328
    { 7, 3, 0, 4, -2, 3, 10122 }, // U+032E
    { 8, 2, 0, 4, -1, 2, 10125 }, // U+0331
    { 0, 0, 0, 0, 0, 0, 10127 }, // U+034F
    { 15, 23, 245, 0, 18, 44, 10127 }, // U+1EA0
    { 14, 18, 245, 1, 13, 32, 10171 }, // U+1EA1
    { 15, 24, 245, 0, 24, 45, 10203 }, // U+1EA2
    { 14, 19, 245, 1, 19, 34, 10248 }, // U+1EA3
    { 15, 25, 245, 0, 25, 47, 10282 }, // U+1EA4
    { 14, 20, 245, 1, 20, 35, 10329 }, // U+1EA5
    { 15, 25, 245, 0, 25, 47, 10364 }, // U+1EA6
    { 15, 20, 245, 0, 20, 38, 10411 }, // U+1EA7
    { 15, 27, 245, 0, 27, 51, 10449 }, // U+1EA8
    { 14, 22, 245, 1, 22, 39, 10500 }, // U+1EA9
    { 15, 26, 245, 0, 26, 49, 10539 }, // U+1EAA
    { 14, 22, 245, 1, 22, 39, 10588 }, // U+1EAB
    { 15, 28, 245, 0, 23, 53, 10627 }, // U+1EAC
    { 14, 23, 245, 1, 18, 41, 10680 }, // U+1EAD
    { 15, 26, 245, 0, 26, 49, 10721 }, // U+1EAE
    { 14, 22, 245, 1, 22, 39, 10770 }, // U+1EAF
    { 15, 26, 245, 0, 26, 49, 10809 }, // U+1EB0
    { 14, 22, 245, 1, 22, 39, 10858 }, // U+1EB1
    { 15, 27, 245, 0, 27, 51, 10897 }, // U+1EB2
    { 14, 23, 245, 1, 23, 41, 10948 }, // U+1EB3
    { 15, 26, 245, 0, 26, 49, 10989 }, // U+1EB4
    { 14, 22, 245, 1, 22, 39, 11038 }, // U+1EB5
    { 15, 28, 245, 0, 23, 53, 11077 }, // U+1EB6
    { 14, 23, 245, 1, 18, 41, 11130 }, // U+1EB7
    { 12, 23, 245, 2, 18, 35, 11171 }, // U+1EB8
    { 13, 18, 245, 1, 13, 30, 11206 }, // U+1EB9
    { 12, 24, 245, 2, 24, 36, 11236 }, // U+1EBA
    { 13, 19, 245, 1, 19, 31, 11272 }, // U+1EBB
    { 12, 23, 245, 2, 23, 35, 11303 }, // U+1EBC
    { 13, 18, 245, 1, 18, 30, 11338 }, // U+1EBD
    { 13, 25, 245, 2, 25, 41, 11368 }, // U+1EBE
    { 14, 20, 245, 1, 20, 35, 11409 }, // U+1EBF
    { 14, 25, 245, 0, 25, 44, 11444 }, // U+1EC0
    { 14, 20, 245, 0, 20, 35, 11488 }, // U+1EC1
    { 13, 27, 245, 2, 27, 44, 11523 }, // U+1EC2
    { 14, 22, 245, 1, 22, 39, 11567 }, // U+1EC3
    { 12, 26, 245, 2, 26, 39, 11606 }, // U+1EC4
    { 13, 22, 245, 1, 22, 36, 11645 }, // U+1EC5
    { 12, 28, 245, 2, 23, 42, 11681 }, // U+1EC6
    { 13, 23, 245, 1, 18, 38, 11723 }, // U+1EC7
    { 12, 24, 245, 2, 24, 36, 11761 }, // U+1EC8
    { 11, 19, 245, 2, 19, 27, 11797 }, // U+1EC9
    { 12, 23, 245, 2, 18, 35, 11824 }, // U+1ECA
    { 11, 23, 245, 2, 18, 32, 11859 }, // U+1ECB
    { 13, 23, 245, 1, 18, 38, 11891 }, // U+1ECC
    { 13, 18, 245, 1, 13, 30, 11929 }, // U+1ECD
    { 13, 24, 245, 1, 24, 39, 11959 }, // U+1ECE
    { 13, 19, 245, 1, 19, 31, 11998 }, // U+1ECF
    { 14, 25, 245, 1, 25, 44, 12029 }, // U+1ED0
    { 14, 20, 245, 1, 20, 35, 12073 }, // U+1ED1
    { 14, 25, 245, 0, 25, 44, 12108 }, // U+1ED2
    { 14, 20, 245, 0, 20, 35, 12152 }, // U+1ED3
    { 14, 27, 245, 1, 27, 48, 12187 }, // U+1ED4
    { 14, 22, 245, 1, 22, 39, 12235 }, // U+1ED5
    { 13, 26, 245, 1, 26, 43, 12274 }, // U+1ED6
    { 13, 22, 245, 1, 22, 36, 12317 }, // U+1ED7
    { 13, 28, 245, 1, 23, 46, 12353 }, // U+1ED8
    { 13, 23, 245, 1, 18, 38, 12399 }, // U+1ED9
    { 15, 23, 245, 0, 23, 44, 12437 }, // U+1EDA
    { 15, 18, 245, 1, 18, 34, 12481 }, // U+1EDB
    { 15, 23, 245, 0, 23, 44, 12515 }, // U+1EDC
    { 15, 18, 245, 1, 18, 34, 12559 }, // U+1EDD
    { 15, 24, 245, 0, 24, 45, 12593 }, // U+1EDE
    { 15, 19, 245, 1, 19, 36, 12638 }, // U+1EDF
    { 15, 23, 245, 0, 23, 44, 12674 }, // U+1EE0
    { 15, 18, 245, 1, 18, 34, 12718 }, // U+1EE1
    { 15, 23, 245, 0, 18, 44, 12752 }, // U+1EE2
    { 15, 18, 245, 1, 13, 34, 12796 }, // U+1EE3
    { 13, 23, 245, 1, 18, 38, 12830 }, // U+1EE4
    { 11, 18, 245, 2, 13, 25, 12868 }, // U+1EE5
    { 13, 24, 245, 1, 24, 39, 12893 }, // U+1EE6
    { 11, 19, 245, 2, 19, 27, 12932 }, // U+1EE7
    { 15, 23, 245, 1, 23, 44, 12959 }, // U+1EE8
    { 15, 18, 245, 1, 18, 34, 13003 }, // U+1EE9
    { 15, 23, 245, 1, 23, 44, 13037 }, // U+1EEA
    { 15, 18, 245, 1, 18, 34, 13081 }, // U+1EEB
    { 15, 24, 245, 1, 24, 45, 13115 }, // U+1EEC
    { 15, 19, 245, 1, 19, 36, 13160 }, // U+1EED
    { 15, 23, 245, 1, 23, 44, 13196 }, // U+1EEE
    { 15, 18, 245, 1, 18, 34, 13240 }, // U+1EEF
    { 15, 23, 245, 1, 18, 44, 13274 }, // U+1EF0
    { 15, 18, 245, 1, 13, 34, 13318 }, // U+1EF1
    { 15, 23, 245, 0, 23, 44, 13352 }, // U+1EF2
    { 12, 23, 245, 2, 18, 35, 13396 }, // U+1EF3
    { 15, 23, 245, 0, 18, 44, 13431 }, // U+1EF4
    { 12, 18, 245, 2, 13, 27, 13475 }, // U+1EF5
    { 15, 24, 245, 0, 24, 45, 13502 }, // U+1EF6
    { 12, 24, 245, 2, 19, 36, 13547 }, // U+1EF7
    { 15, 23, 245, 0, 23, 44, 13583 }, // U+1EF8
    { 12, 23, 245, 2, 18, 35, 13627 }, // U+1EF9
    { 0, 0, 0, 0, 0, 0, 13662 }, // U+200B
    { 0, 0, 0, 0, 0, 0, 13662 }, // U+200C
    { 0, 0, 0, 0, 0, 0, 13662 }, // U+200D
    { 0, 0, 0, 0, 0, 0, 13662 }, // U+200E
    { 0, 0, 0, 0, 0, 0, 13662 }, // U+200F
    { 13, 2, 245, 1, 8, 4, 13662 }, // U+2013
    { 15, 2, 245, 0, 8, 4, 13666 }, // U+2014
    { 5, 7, 245, 5, 18, 5, 13670 }, // U+2018
    { 5, 7, 245, 5, 18, 5, 13675 }, // U+2019
    { 5, 7, 245, 5, 4, 5, 13680 }, // U+201A
    { 9, 7, 245, 3, 18, 8, 13685 }, // U+201C
    { 9, 7, 245, 3, 18, 8, 13693 }, // U+201D
    { 9, 7, 245, 3, 4, 8, 13701 }, // U+201E
    { 9, 13, 245, 3, 18, 15, 13709 }, // U+2020
    { 9, 13, 245, 3, 18, 15, 13724 }, // U+2021
    { 7, 6, 245, 4, 12, 6, 13739 }, // U+2022
    { 13, 3, 245, 1, 3, 5, 13745 }, // U+2026
    { 0, 0, 0, 0, 0, 0, 13750 }, // U+202A
    { 0, 0, 0, 0, 0, 0, 13750 }, // U+202B
    { 0, 0, 0, 0, 0, 0, 13750 }, // U+202C
    { 0, 0, 0, 0, 0, 0, 13750 }, // U+202D
    { 0, 0, 0, 0, 0, 0, 13750 }, // U+202E
    { 14, 18, 245, 1, 18, 32, 13750 }, // U+2030
    { 4, 7, 245, 6, 18, 4, 13782 }, // U+2032
    { 9, 7, 245, 3, 18, 8, 13786 }, // U+2033
    { 7, 13, 245, 4, 13, 12, 13794 }, // U+2039
    { 7, 13, 245, 4, 13, 12, 13806 }, // U+203A
    { 13, 8, 245, 1, 13, 13, 13818 }, // U+2044
    { 0, 0, 0, 0, 0, 0, 13831 }, // U+2060
    { 0, 0, 0, 0, 0, 0, 13831 }, // U+2061
    { 0, 0, 0, 0, 0, 0, 13831 }, // U+2062
    { 0, 0, 0, 0, 0, 0, 13831 }, // U+2063
    { 0, 0, 0, 0, 0, 0, 13831 }, // U+2064
    { 0, 0, 0, 0, 0, 0, 13831 }, // U+2066
    { 0, 0, 0, 0, 0, 0, 13831 }, // U+2067
    { 0, 0, 0, 0, 0, 0, 13831 }, // U+2068
    { 0, 0, 0, 0, 0, 0, 13831 }, // U+2069
    { 0, 0, 0, 0, 0, 0, 13831 }, // U+206A
    { 0, 0, 0, 0, 0, 0, 13831 }, // U+206B
    { 0, 0, 0, 0, 0, 0, 13831 }, // U+206C
    { 0, 0, 0, 0, 0, 0, 13831 }, // U+206D
    { 0, 0, 0, 0, 0, 0, 13831 }, // U+206E
    { 0, 0, 0, 0, 0, 0, 13831 }, // U+206F
    { 6, 8, 245, 5, 18, 6, 13831 }, // U+2070
    { 7, 11, 245, 4, 21, 10, 13837 }, // U+2071
    { 6, 8, 245, 5, 18, 6, 13847 }, // U+2074
    { 6, 8, 245, 5, 18, 6, 13853 }, // U+2075
    { 6, 8, 245, 5, 18, 6, 13859 }, // U+2076
    { 6, 8, 245, 5, 18, 6, 13865 }, // U+2077
    { 6, 8, 245, 5, 18, 6, 13871 }, // U+2078
    { 6, 8, 245, 5, 18, 6, 13877 }, // U+2079
    { 6, 14, 245, 5, 21, 11, 13883 }, // U+207D
    { 6, 14, 245, 5, 21, 11, 13894 }, // U+207E
    { 7, 7, 245, 4, 17, 7, 13905 }, // U+207F
    { 6, 8, 245, 5, 3, 6, 13912 }, // U+2080
    { 6, 8, 245, 5, 3, 6, 13918 }, // U+2081
    { 6, 8, 245, 5, 3, 6, 13924 }, // U+2082
    { 6, 8, 245, 5, 3, 6, 13930 }, // U+2083
    { 6, 8, 245, 5, 3, 6, 13936 }, // U+2084
    { 6, 8, 245, 5, 3, 6, 13942 }, // U+2085
    { 6, 8, 245, 5, 3, 6, 13948 }, // U+2086
    { 6, 8, 245, 5, 3, 6, 13954 }, // U+2087
    { 6, 8, 245, 5, 3, 6, 13960 }, // U+2088
    { 6, 8, 245, 5, 3, 6, 13966 }, // U+2089
    { 6, 14, 245, 5, 5, 11, 13972 }, // U+208D
    { 6, 14, 245, 5, 5, 11, 13983 }, // U+208E
    { 8, 7, 245, 4, 2, 7, 13994 }, // U+2094
    { 13, 17, 245, 1, 17, 28, 14001 }, // U+20A1
    { 11, 13, 245, 2, 16, 18, 14029 }, // U+20A4
    { 12, 14, 245, 2, 16, 21, 14047 }, // U+20A6
    { 12, 13, 245, 2, 16, 20, 14068 }, // U+20A7
    { 11, 15, 245, 2, 15, 21, 14088 }, // U+20AB
    { 15, 13, 245, 0, 15, 25, 14109 }, // U+20AC
    { 12, 13, 245, 2, 16, 20, 14134 }, // U+20B1
    { 9, 16, 245, 3, 17, 18, 14154 }, // U+20B2
    { 10, 16, 245, 3, 17, 20, 14172 }, // U+20B5
    { 10, 13, 245, 3, 16, 17, 14192 }, // U+20B9
    { 15, 11, 245, 0, 14, 21, 14209 }, // U+2190
    { 11, 14, 245, 2, 16, 20, 14230 }, // U+2191
    { 15, 11, 245, 0, 14, 21, 14250 }, // U+2192
    { 11, 14, 245, 2, 16, 20, 14271 }, // U+2193
    { 15, 11, 245, 0, 14, 21, 14291 }, // U+2194
    { 11, 14, 245, 2, 16, 20, 14312 }, // U+2195
    { 12, 12, 245, 2, 15, 18, 14332 }, // U+2196
    { 12, 12, 245, 2, 15, 18, 14350 }, // U+2197
    { 12, 11, 245, 2, 14, 17, 14368 }, // U+2198
    { 12, 11, 245, 2, 14, 17, 14385 }, // U+2199
    { 13, 19, 245, 1, 19, 31, 14402 }, // U+2202
    { 15, 18, 245, 0, 18, 34, 14433 }, // U+2206
    { 13, 18, 245, 1, 18, 30, 14467 }, // U+220F
    { 13, 18, 245, 1, 18, 30, 14497 }, // U+2211
    { 11, 2, 245, 2, 10, 3, 14527 }, // U+2212
    { 13, 24, 245, 1, 21, 39, 14530 }, // U+2215
    { 5, 5, 245, 5, 11, 4, 14569 }, // U+2219
    { 14, 22, 245, 1, 22, 39, 14573 }, // U+221A
    { 13, 7, 245, 1, 12, 12, 14612 }, // U+221E
    { 9, 23, 245, 3, 18, 26, 14624 }, // U+222B
    { 12, 9, 245, 2, 13, 14, 14650 }, // U+2248
    { 11, 11, 245, 2, 14, 16, 14664 }, // U+2260
    { 11, 15, 245, 2, 15, 21, 14680 }, // U+2264
    { 11, 15, 245, 2, 15, 21, 14701 }, // U+2265
    { 13, 18, 245, 1, 18, 30, 14722 }, // U+FB01
    { 12, 18, 245, 1, 18, 27, 14752 }, // U+FB02
};

static const EpdUnicodeInterval space_mono_12_regularIntervals[] = {
    { 0x0, 0x13E, 0x0 },
    { 0x141, 0x17F, 0x13F },
    { 0x1A0, 0x1A1, 0x17E },
    { 0x1AF, 0x1B0, 0x180 },
    { 0x1CD, 0x1DC, 0x182 },
    { 0x1E6, 0x1E7, 0x192 },
    { 0x1EA, 0x1EB, 0x194 },
    { 0x218, 0x21B, 0x196 },
    { 0x300, 0x304, 0x19A },
    { 0x306, 0x30C, 0x19F },
    { 0x312, 0x312, 0x1A6 },
    { 0x31B, 0x31B, 0x1A7 },
    { 0x323, 0x323, 0x1A8 },
    { 0x326, 0x328, 0x1A9 },
    { 0x32E, 0x32E, 0x1AC },
    { 0x331, 0x331, 0x1AD },
    { 0x34F, 0x34F, 0x1AE },
    { 0x1EA0, 0x1EF9, 0x1AF },
    { 0x200B, 0x200F, 0x209 },
    { 0x2013, 0x2014, 0x20E },
    { 0x2018, 0x201A, 0x210 },
    { 0x201C, 0x201E, 0x213 },
    { 0x2020, 0x2022, 0x216 },
    { 0x2026, 0x2026, 0x219 },
    { 0x202A, 0x202E, 0x21A },
    { 0x2030, 0x2030, 0x21F },
    { 0x2032, 0x2033, 0x220 },
    { 0x2039, 0x203A, 0x222 },
    { 0x2044, 0x2044, 0x224 },
    { 0x2060, 0x2064, 0x225 },
    { 0x2066, 0x2071, 0x22A },
    { 0x2074, 0x2079, 0x236 },
    { 0x207D, 0x2089, 0x23C },
    { 0x208D, 0x208E, 0x249 },
    { 0x2094, 0x2094, 0x24B },
    { 0x20A1, 0x20A1, 0x24C },
    { 0x20A4, 0x20A4, 0x24D },
    { 0x20A6, 0x20A7, 0x24E },
    { 0x20AB, 0x20AC, 0x250 },
    { 0x20B1, 0x20B2, 0x252 },
    { 0x20B5, 0x20B5, 0x254 },
    { 0x20B9, 0x20B9, 0x255 },
    { 0x2190, 0x2199, 0x256 },
    { 0x2202, 0x2202, 0x260 },
    { 0x2206, 0x2206, 0x261 },
    { 0x220F, 0x220F, 0x262 },
    { 0x2211, 0x2212, 0x263 },
    { 0x2215, 0x2215, 0x265 },
    { 0x2219, 0x221A, 0x266 },
    { 0x221E, 0x221E, 0x268 },
    { 0x222B, 0x222B, 0x269 },
    { 0x2248, 0x2248, 0x26A },
    { 0x2260, 0x2260, 0x26B },
    { 0x2264, 0x2265, 0x26C },
    { 0xFB01, 0xFB02, 0x26E },
};

static constexpr EpdFontData space_mono_12_regular = {
    space_mono_12_regularBitmaps,
    space_mono_12_regularGlyphs,
    space_mono_12_regularIntervals,
    55,
    37,
    28,
    -10,
    false,
    nullptr,
    0,
    nullptr,
    nullptr,
    nullptr,
    nullptr,
    0,
    0,
    0,
    0,
    nullptr,
    0,
};
