/**
 * generated by fontconvert.py
 * name: space_mono_10_bold
 * size: 10
 * mode: 1-bit
 * Command used: /workspace/crossplant/lib/EpdFont/scripts/fontconvert.py space_mono_10_bold 10 source/SpaceMono/SpaceMono-Bold.ttf
 */
#pragma once
#include "EpdFontData.h"

static const uint8_t space_mono_10_boldBitmaps[11399] = {
    0x73, 0x9C, 0xE7, 0x39, 0xCE, 0x73, 0x9C, 0xEF, 0xFD, 0xC0, 0xF7, 0xFF, 0xFD, 0xEE, 0xE6, 0x33,
    0x18, 0x3B, 0x87, 0x73, 0xFF, 0xFF, 0xFF, 0xFE, 0x77, 0x3F, 0xFF, 0xFF, 0xFF, 0xE7, 0x70, 0xEE,
    0x00, 0x1C, 0x1F, 0x1F, 0xDF, 0xEF, 0xFF, 0xFB, 0xFC, 0x7F, 0xFF, 0xFF, 0xFF, 0xEF, 0xE3, 0xE0,
    0xE0, 0x7C, 0x03, 0xF0, 0x39, 0x81, 0xDC, 0x07, 0xE7, 0x1E, 0xF8, 0x1F, 0x03, 0xE0, 0x7D, 0xE3,
    0x9F, 0x80, 0xFC, 0x0E, 0x70, 0x33, 0x01, 0xF8, 0x07, 0x80, 0x3F, 0x03, 0xF8, 0x1F, 0xC0, 0xE0,
    0x07, 0x1E, 0x3C, 0xF0, 0xFF, 0xE7, 0xFF, 0x7F, 0xFB, 0x8F, 0x1C, 0x78, 0xE3, 0xC7, 0xFE, 0x3F,
    0xF0, 0xFF, 0x80, 0x77, 0xFE, 0xE7, 0x38, 0x07, 0x8F, 0xCF, 0xEF, 0xC7, 0x87, 0x83, 0xC1, 0xE0,
    0xF0, 0x78, 0x3C, 0x1E, 0x0F, 0x07, 0x83, 0xC1, 0xE0, 0xF0, 0x3C, 0x1F, 0x07, 0xF1, 0xF8, 0x7C,
    0x78, 0x3F, 0x8F, 0xF0, 0x7E, 0x07, 0x80, 0xE0, 0x3C, 0x0F, 0x03, 0xC0, 0xF0, 0x3C, 0x0F, 0x03,
    0xC0, 0xF0, 0x3C, 0x0F, 0x03, 0xC1, 0xE0, 0xF9, 0xFC, 0xFE, 0x3F, 0x00, 0x0E, 0x0F, 0xF1, 0xFF,
    0x1F, 0xCF, 0xFF, 0xFF, 0xFF, 0xF9, 0xFC, 0x7F, 0xCF, 0xF8, 0x38, 0x00, 0x1C, 0x0E, 0x07, 0x1F,
    0xFF, 0xFF, 0xFC, 0x70, 0x38, 0x1C, 0x00, 0x77, 0xFE, 0xF3, 0xBD, 0xC0, 0xFF, 0xFF, 0xF8, 0x77,
    0xFE, 0xE0, 0x02, 0x01, 0xC1, 0xE0, 0xE0, 0x70, 0x78, 0x38, 0x1C, 0x1E, 0x0F, 0x07, 0x07, 0x83,
    0xC1, 0xC1, 0xE0, 0xF0, 0x70, 0x78, 0x3C, 0x1C, 0x06, 0x00, 0x3F, 0x8F, 0xFB, 0xFF, 0x78, 0xFE,
    0x0F, 0xDD, 0xFF, 0xBF, 0xF7, 0xEE, 0xFC, 0x1F, 0x83, 0xF8, 0xFF, 0xFC, 0xFF, 0x8F, 0xE0, 0x7F,
    0x0F, 0xE1, 0xFC, 0x3F, 0x8F, 0xF1, 0xDE, 0x3B, 0xC0, 0x78, 0x0F, 0x01, 0xE0, 0x3C, 0x07, 0x8F,
    0xFF, 0xFF, 0xFF, 0xF8, 0x3F, 0x8F, 0xF9, 0xFF, 0xF8, 0xFF, 0x0F, 0xC3, 0xF8, 0xF8, 0xFF, 0x7F,
    0xCF, 0xE3, 0xE0, 0x78, 0x0F, 0xFF, 0xFF, 0xFF, 0xF8, 0xFF, 0xDF, 0xFB, 0xFF, 0x07, 0xE0, 0xFC,
    0x1E, 0x03, 0xE0, 0x7E, 0x0F, 0xFC, 0x3F, 0x87, 0xF8, 0xFF, 0xFE, 0xFF, 0x8F, 0xE0, 0x0F, 0xE0,
    0x7F, 0x07, 0xF8, 0x3B, 0xC3, 0xDE, 0x1C, 0xF1, 0xE7, 0x8E, 0x3C, 0xF1, 0xE7, 0xFF, 0xFF, 0xFF,
    0xFF, 0xF0, 0x1E, 0x00, 0xF0, 0x07, 0x80, 0xFF, 0xEF, 0xFE, 0xFF, 0xEF, 0x00, 0xFF, 0xCF, 0xFE,
    0xFF, 0xEF, 0xCE, 0x00, 0xFE, 0x0F, 0xE0, 0xEF, 0x1E, 0xFF, 0xE7, 0xFC, 0x3F, 0x80, 0x3F, 0x8F,
    0xFB, 0xFF, 0x78, 0xFE, 0x0D, 0xDF, 0x3F, 0xF7, 0xFF, 0xF1, 0xFC, 0x3F, 0x87, 0xF8, 0xFF, 0xFC,
    0xFF, 0x8F, 0xE0, 0xFF, 0xFF, 0xFF, 0xFF, 0x80, 0xF0, 0x1E, 0x07, 0x81, 0xF0, 0x3C, 0x0F, 0x03,
    0xE0, 0x78, 0x1E, 0x07, 0xC0, 0xF0, 0x1E, 0x00, 0x3F, 0x8F, 0xFB, 0xFF, 0xF8, 0xFF, 0x1E, 0xFF,
    0x8F, 0xE3, 0xFE, 0xFB, 0xFC, 0x3F, 0x83, 0xF8, 0xFF, 0xFE, 0xFF, 0x8F, 0xE0, 0x3F, 0x8F, 0xFB,
    0xFF, 0x78, 0xFE, 0x1F, 0xE3, 0xFE, 0xFF, 0xFF, 0x7F, 0xE3, 0xDF, 0xC7, 0xF8, 0xF7, 0xFC, 0xFF,
    0x8F, 0xE0, 0x77, 0xFE, 0xE0, 0x00, 0x0E, 0xFF, 0xDC, 0x77, 0xFE, 0xE0, 0x00, 0x0E, 0xFF, 0xDE,
    0x77, 0xB8, 0x03, 0x9F, 0xFF, 0xFF, 0xCE, 0x07, 0xE3, 0xFE, 0xFF, 0x07, 0x80, 0x40, 0xFF, 0xFF,
    0xFF, 0xE0, 0x0F, 0xFF, 0xFF, 0xFE, 0xE0, 0x7F, 0x3F, 0xE7, 0xF0, 0x38, 0xFF, 0xFF, 0xFE, 0xF0,
    0x40, 0x00, 0x3F, 0x8F, 0xF9, 0xFF, 0x78, 0xFF, 0x1F, 0xC3, 0xC3, 0xF8, 0xFE, 0x1F, 0x83, 0xC0,
    0x30, 0x0F, 0x01, 0xE0, 0x3C, 0x07, 0x80, 0x7F, 0xE3, 0xFF, 0x9F, 0xFC, 0x00, 0xF3, 0x87, 0xBF,
    0xFF, 0xFF, 0xFE, 0xFF, 0xE3, 0xFF, 0x1F, 0xFD, 0xFF, 0xFF, 0xF7, 0xFF, 0xBF, 0xF8, 0x1F, 0xC0,
    0xFE, 0x07, 0x70, 0x3B, 0x83, 0xDC, 0x1E, 0xF0, 0xE7, 0x87, 0x1C, 0x78, 0xE3, 0xFF, 0x9F, 0xFC,
    0xFF, 0xE7, 0x07, 0x78, 0x3F, 0xC1, 0xE0, 0x7F, 0xC7, 0xFE, 0x7F, 0xF3, 0xC7, 0x3C, 0x73, 0xCF,
    0x3F, 0xE3, 0xFC, 0x3F, 0xE3, 0xCF, 0x3C, 0x73, 0xCF, 0x7F, 0xF7, 0xFE, 0x7F, 0xC0, 0x3F, 0x8F,
    0xFB, 0xFF, 0xF8, 0xFE, 0x0F, 0xC1, 0xF8, 0x07, 0x00, 0xE0, 0x1C, 0x1F, 0x83, 0xF8, 0xFF, 0xFE,
    0xFF, 0x8F, 0xE0, 0x7F, 0xC7, 0xFE, 0x7F, 0xF3, 0xCF, 0x3C, 0xF3, 0xC7, 0x3C, 0x73, 0xC7, 0x3C,
    0x73, 0xC7, 0x3C, 0xF3, 0xCF, 0x7F, 0xF7, 0xFE, 0x7F, 0xC0, 0xFF, 0xDF, 0xFB, 0xFF, 0x78, 0x0F,
    0x01, 0xE0, 0x3F, 0xF7, 0xFE, 0xFF, 0xDE, 0x03, 0xC0, 0x78, 0x0F, 0xFF, 0xFF, 0xFF, 0xF8, 0xFF,
    0xFF, 0xFF, 0xFF, 0xF8, 0x0F, 0x01, 0xE0, 0x3F, 0xFF, 0xFF, 0xFF, 0xDE, 0x03, 0xC0, 0x78, 0x0F,
    0x01, 0xE0, 0x3C, 0x00, 0x1F, 0xC3, 0xFE, 0x7F, 0xF7, 0x8F, 0x70, 0x77, 0x07, 0x70, 0x07, 0x7F,
    0x77, 0xF7, 0x7F, 0x70, 0xF7, 0x8F, 0x7F, 0xF3, 0xFF, 0x1F, 0x70, 0xE1, 0xFC, 0x3F, 0x87, 0xF0,
    0xFE, 0x1F, 0xC3, 0xFF, 0xFF, 0xFF, 0xFF, 0xFC, 0x3F, 0x87, 0xF0, 0xFE, 0x1F, 0xC3, 0xF8, 0x78,
    0xFF, 0xFF, 0xFF, 0xFF, 0x87, 0x00, 0xE0, 0x1C, 0x03, 0x80, 0x70, 0x0E, 0x01, 0xC0, 0x38, 0x07,
    0x0F, 0xFF, 0xFF, 0xFF, 0xF8, 0x07, 0xE0, 0x7E, 0x07, 0xE0, 0x1C, 0x01, 0xC0, 0x1C, 0x01, 0xC0,
    0x1C, 0x01, 0xCE, 0x1C, 0xE1, 0xCF, 0x3C, 0xFF, 0xC7, 0xF8, 0x3F, 0x00, 0xF1, 0xEF, 0x1E, 0xF3,
    0xCF, 0x78, 0xF7, 0x8F, 0xF0, 0xFF, 0x0F, 0xE0, 0xFE, 0x0F, 0xF0, 0xF7, 0x8F, 0x78, 0xF3, 0xCF,
    0x1E, 0xF1, 0xE0, 0xF0, 0x1E, 0x03, 0xC0, 0x78, 0x0F, 0x01, 0xE0, 0x3C, 0x07, 0x80, 0xF0, 0x1E,
    0x03, 0xC0, 0x78, 0x0F, 0xFD, 0xFF, 0xFF, 0xF8, 0xFD, 0xFF, 0xEF, 0xFF, 0x7F, 0xFB, 0xFF, 0xDF,
    0xFE, 0xFF, 0xF7, 0xFF, 0xBF, 0xFF, 0xFF, 0x7F, 0xFB, 0xFF, 0xDF, 0xFE, 0xFF, 0xF7, 0xFF, 0xBF,
    0xE0, 0xFD, 0xFF, 0xBF, 0xF7, 0xFF, 0xFF, 0xFF, 0xDF, 0xFB, 0xFF, 0x7F, 0xEF, 0xFD, 0xFF, 0xBF,
    0xF7, 0xFE, 0xFF, 0xCF, 0xF9, 0xF8, 0x3F, 0x8F, 0xFB, 0xFF, 0x78, 0xFE, 0x0F, 0xC1, 0xF8, 0x3F,
    0x07, 0xE0, 0xFC, 0x1F, 0x83, 0xF8, 0xFF, 0xFC, 0xFF, 0x8F, 0xE0, 0xFF, 0x9F, 0xFB, 0xFF, 0xF8,
    0xFF, 0x0F, 0xE3, 0xFF, 0xFF, 0xFE, 0xFF, 0x9E, 0x03, 0xC0, 0x78, 0x0F, 0x01, 0xE0, 0x3C, 0x00,
    0x3F, 0x8F, 0xFB, 0xFF, 0x78, 0xFE, 0x1F, 0xC1, 0xF8, 0x3F, 0x07, 0xE0, 0xFC, 0x1F, 0x83, 0xF8,
    0xFF, 0xBE, 0xFF, 0x9F, 0xE0, 0xF8, 0x0F, 0x81, 0xF0, 0x3E, 0x00, 0xFF, 0x9F, 0xFB, 0xFF, 0xF8,
    0xFF, 0x0F, 0xE3, 0xFF, 0xF7, 0xFE, 0xFF, 0xDE, 0x3F, 0xC7, 0xF8, 0xFF, 0x1F, 0xE3, 0xFC, 0x78,
    0x1F, 0xC3, 0xFE, 0x7F, 0xF7, 0x8F, 0x78, 0x77, 0xC7, 0x3F, 0xC3, 0xFE, 0x07, 0xFF, 0x0F, 0xF0,
    0x77, 0x8F, 0x7F, 0xF3, 0xFE, 0x1F, 0xC0, 0xFF, 0xFF, 0xFF, 0xFF, 0x87, 0x00, 0xE0, 0x1C, 0x03,
    0x80, 0x70, 0x0E, 0x01, 0xC0, 0x38, 0x07, 0x00, 0xE0, 0x1C, 0x03, 0x80, 0xE0, 0xFC, 0x1F, 0x83,
    0xF0, 0x7E, 0x0F, 0xC1, 0xF8, 0x3F, 0x07, 0xE0, 0xFC, 0x1F, 0x87, 0xF8, 0xFF, 0xFC, 0xFF, 0x8F,
    0xE0, 0xF0, 0x7F, 0x83, 0x9C, 0x1C, 0xE1, 0xE7, 0x8F, 0x3C, 0x78, 0xE3, 0x87, 0x1C, 0x39, 0xE1,
    0xEF, 0x0F, 0x70, 0x3B, 0x81, 0xDC, 0x0F, 0xE0, 0x7F, 0x00, 0xEF, 0xBF, 0x7D, 0xFB, 0xEF, 0xDF,
    0x7E, 0xFB, 0xF7, 0xDF, 0xFE, 0xFF, 0xBF, 0xFD, 0xFF, 0xEF, 0xFF, 0x7F, 0xFB, 0xFF, 0xDF, 0xFE,
    0xFF, 0xF7, 0xE0, 0x70, 0x73, 0xC7, 0x9E, 0x38, 0x7B, 0xC3, 0xDE, 0x0F, 0xE0, 0x7F, 0x03, 0xF8,
    0x1F, 0xC0, 0xEE, 0x0F, 0x78, 0x73, 0xC7, 0x8F, 0x3C, 0x79, 0xC1, 0xC0, 0xF0, 0x7F, 0x83, 0x9E,
    0x3C, 0xF1, 0xE3, 0xDE, 0x1E, 0xF0, 0x7F, 0x03, 0xF8, 0x0F, 0x80, 0x7C, 0x01, 0xC0, 0x0E, 0x00,
    0x70, 0x03, 0x80, 0x1C, 0x00, 0x7F, 0xF7, 0xFF, 0x7F, 0xF0, 0x0F, 0x01, 0xF0, 0x3E, 0x07, 0xC0,
    0xF8, 0x1F, 0x03, 0xE0, 0x78, 0x07, 0x00, 0x7F, 0xF7, 0xFF, 0x7F, 0xF0, 0x7D, 0xF7, 0xDC, 0x71,
    0xC7, 0x1C, 0x71, 0xC7, 0x1C, 0x71, 0xC7, 0x1C, 0x71, 0xC7, 0x1F, 0x7D, 0xF0, 0x20, 0x70, 0x38,
    0x1E, 0x07, 0x03, 0x81, 0xE0, 0x70, 0x38, 0x1E, 0x07, 0x03, 0x81, 0xE0, 0x70, 0x38, 0x1E, 0x07,
    0x03, 0x81, 0xE0, 0x70, 0x30, 0x7D, 0xF7, 0xC7, 0x1C, 0x71, 0xC7, 0x1C, 0x71, 0xC7, 0x1C, 0x71,
    0xC7, 0x1C, 0x71, 0xDF, 0x7D, 0xF0, 0x1F, 0x07, 0xF0, 0xEE, 0x3D, 0xE7, 0x1D, 0xE3, 0xC0, 0xFF,
    0xFF, 0xFF, 0xFF, 0x80, 0xF3, 0x9E, 0x1F, 0xF1, 0xFF, 0x9F, 0xFC, 0xF3, 0xE7, 0x0F, 0x78, 0x79,
    0xC3, 0xCF, 0x3E, 0x7F, 0xF1, 0xFF, 0xC7, 0xDE, 0xE0, 0x0E, 0x00, 0xE0, 0x0E, 0x00, 0xFF, 0x8F,
    0xFC, 0xFF, 0xEF, 0x1E, 0xE0, 0xEE, 0x0E, 0xE0, 0xEF, 0x1E, 0xFF, 0xEF, 0xFC, 0xEF, 0x80, 0x3F,
    0x8F, 0xFB, 0xFF, 0xF8, 0xFE, 0x0F, 0xC0, 0x38, 0x3F, 0x8F, 0xFF, 0xEF, 0xF8, 0xFE, 0x00, 0x00,
    0x70, 0x07, 0x00, 0x70, 0x07, 0x1F, 0xF3, 0xFF, 0x7F, 0xF7, 0x8F, 0x70, 0x77, 0x07, 0x70, 0x77,
    0x8F, 0x7F, 0xF3, 0xFF, 0x1F, 0x70, 0x1F, 0x0F, 0xF9, 0xFF, 0x78, 0xFF, 0xFF, 0xFF, 0xFF, 0xFF,
    0x8C, 0x7F, 0xCF, 0xF8, 0xFE, 0x00, 0x0F, 0xC3, 0xF8, 0x7F, 0x0F, 0x0F, 0xFF, 0xFF, 0xFF, 0xF8,
    0xF0, 0x1E, 0x03, 0xC0, 0x78, 0x0F, 0x01, 0xE0, 0x3C, 0x07, 0x80, 0x1F, 0xF3, 0xFF, 0x7F, 0xF7,
    0x8F, 0x70, 0x77, 0x07, 0x70, 0x77, 0x8F, 0x7F, 0xF3, 0xFF, 0x1F, 0x70, 0x07, 0x1F, 0xF1, 0xFF,
    0x1F, 0xF0, 0xF0, 0x1E, 0x03, 0xC0, 0x78, 0x0F, 0xF9, 0xFF, 0xBF, 0xFF, 0x8F, 0xF1, 0xFE, 0x3F,
    0xC7, 0xF8, 0xFF, 0x1F, 0xE3, 0xFC, 0x78, 0x0E, 0x03, 0xE0, 0x7C, 0x07, 0x00, 0x00, 0xFC, 0x1F,
    0x83, 0xF0, 0x0E, 0x01, 0xC0, 0x38, 0x07, 0x00, 0xE0, 0xFF, 0xBF, 0xF7, 0xFE, 0x0F, 0x0F, 0x0F,
    0x0F, 0x00, 0xFF, 0xFF, 0xFF, 0x0F, 0x0F, 0x0F, 0x0F, 0x0F, 0x0F, 0x0F, 0x0F, 0x0F, 0xFF, 0xFF,
    0xFE, 0xF0, 0x3C, 0x0F, 0x03, 0xC0, 0xF3, 0xBD, 0xEF, 0xF3, 0xFC, 0xFE, 0x3F, 0x0F, 0xE3, 0xFC,
    0xFF, 0x3D, 0xEF, 0x3C, 0xFE, 0x1F, 0xC3, 0xF8, 0x07, 0x00, 0xE0, 0x1C, 0x03, 0x80, 0x70, 0x0E,
    0x01, 0xC0, 0x38, 0x07, 0x0F, 0xFF, 0xFF, 0xFF, 0xF8, 0xFF, 0xF7, 0xFF, 0xBF, 0xFD, 0xEE, 0xEF,
    0x77, 0x7B, 0xBB, 0xDD, 0xDE, 0xEE, 0xF7, 0x77, 0xBB, 0xBD, 0xDC, 0xFF, 0x9F, 0xFB, 0xFF, 0x78,
    0xFF, 0x1F, 0xE3, 0xFC, 0x7F, 0x8F, 0xF1, 0xFE, 0x3F, 0xC7, 0x80, 0x3F, 0x8F, 0xFB, 0xFF, 0x78,
    0xFE, 0x0F, 0xC1, 0xF8, 0x3F, 0x8F, 0xFF, 0xCF, 0xF8, 0xFE, 0x00, 0xFF, 0x9F, 0xFB, 0xFF, 0xF8,
    0xFE, 0x0F, 0xC1, 0xF8, 0x3F, 0x8F, 0xFF, 0xFF, 0xFB, 0xBE, 0x70, 0x0E, 0x01, 0xC0, 0x38, 0x00,
    0x1F, 0xF3, 0xFF, 0x7F, 0xF7, 0x8F, 0x70, 0x77, 0x07, 0x70, 0x77, 0x8F, 0x7F, 0xF3, 0xFF, 0x1F,
    0x70, 0x07, 0x00, 0x70, 0x07, 0x00, 0x70, 0x7F, 0xE3, 0xFF, 0x9F, 0xFC, 0x38, 0xE1, 0xC7, 0x0E,
    0x00, 0x70, 0x03, 0x80, 0x7F, 0x07, 0xF8, 0x3F, 0xC0, 0x3F, 0x1F, 0xE7, 0xFD, 0xC6, 0x7F, 0x0F,
    0xF0, 0xFD, 0xC7, 0x7F, 0xDF, 0xF1, 0xF8, 0x1C, 0x07, 0x01, 0xC0, 0x70, 0xFF, 0xFF, 0xFF, 0xFC,
    0x70, 0x1C, 0x07, 0x01, 0xC0, 0x70, 0x1F, 0xC7, 0xF1, 0xFC, 0xF1, 0xFE, 0x3F, 0xC7, 0xF8, 0xFF,
    0x1F, 0xE3, 0xFC, 0x7F, 0x8F, 0x7F, 0xEF, 0xFC, 0xFF, 0x80, 0x70, 0x77, 0x8F, 0x78, 0xF7, 0x8E,
    0x38, 0xE3, 0xDE, 0x3D, 0xE1, 0xDC, 0x1D, 0xC1, 0xFC, 0x1F, 0x80, 0xEF, 0xBF, 0x7D, 0xFB, 0xEF,
    0xDF, 0x7E, 0xFF, 0xFF, 0xFF, 0xF7, 0xDF, 0xBE, 0xFD, 0xF3, 0xEF, 0x9F, 0x7C, 0xF1, 0xEE, 0x39,
    0xEF, 0x1D, 0xC3, 0xF8, 0x7E, 0x0F, 0xE1, 0xFC, 0x7B, 0xCE, 0x7B, 0xC7, 0x80, 0xF1, 0xFE, 0x3F,
    0xC7, 0xF8, 0xFF, 0x1F, 0xE3, 0xFC, 0x7F, 0x8F, 0x7F, 0xEF, 0xFC, 0xFF, 0x80, 0xF3, 0xFE, 0x7F,
    0xCF, 0xF0, 0x7F, 0xDF, 0xF7, 0xFC, 0x0F, 0x0F, 0xCF, 0xE7, 0xE1, 0xE0, 0x7F, 0xDF, 0xF7, 0xFC,
    0x1F, 0x3F, 0x3F, 0x38, 0x38, 0x38, 0x38, 0x38, 0x38, 0x38, 0xF8, 0xF8, 0xF8, 0x38, 0x38, 0x38,
    0x38, 0x38, 0x38, 0x3F, 0x3F, 0x1F, 0xFF, 0xFF, 0xFF, 0xFF, 0xFF, 0xFF, 0xFF, 0xFF, 0xC0, 0xF8,
    0xFC, 0xFC, 0x3C, 0x3C, 0x3C, 0x3C, 0x3C, 0x3C, 0x3C, 0x1F, 0x1F, 0x1F, 0x3C, 0x3C, 0x3C, 0x3C,
    0x3C, 0x3C, 0xFC, 0xFC, 0xF8, 0x0E, 0x21, 0xF3, 0x9F, 0xFC, 0xFF, 0xC2, 0x3C, 0x00, 0x77, 0xFE,
    0xE0, 0x39, 0xCE, 0x73, 0x9C, 0xE7, 0x39, 0xC0, 0x0E, 0x03, 0xE0, 0xFE, 0x3F, 0xEF, 0xFF, 0xDD,
    0xFB, 0x87, 0x70, 0xEE, 0xFF, 0xFD, 0xFF, 0x1F, 0xE1, 0xF0, 0x1C, 0x00, 0x1F, 0x1F, 0x9F, 0xEE,
    0x77, 0x17, 0xE3, 0xF1, 0xF8, 0xFF, 0xFF, 0xFF, 0xE0, 0x20, 0x23, 0xFF, 0x9F, 0xFC, 0xFF, 0xE7,
    0x8F, 0x38, 0x39, 0xC1, 0xCE, 0x0E, 0x78, 0xF3, 0xFF, 0x9F, 0xFC, 0xFF, 0xE0, 0x02, 0x00, 0x71,
    0xCE, 0x79, 0xEF, 0x1D, 0xC7, 0xFC, 0xFF, 0x9F, 0xF3, 0xFE, 0x7F, 0xCF, 0xF8, 0x38, 0x00, 0xFF,
    0xFF, 0xFF, 0xFC, 0x0F, 0xFF, 0xFF, 0xFF, 0xC0, 0x7C, 0xF9, 0xBB, 0xEF, 0xFF, 0xDF, 0x9F, 0xEE,
    0xF9, 0xF0, 0x7B, 0xDE, 0xF7, 0xBD, 0xEF, 0x1F, 0x81, 0xFF, 0x1E, 0x3C, 0xFE, 0xEE, 0xFB, 0x76,
    0xDF, 0xB6, 0xFD, 0xF6, 0x7F, 0x73, 0xC7, 0x8F, 0xF8, 0x3F, 0x00, 0x3F, 0x7F, 0x67, 0x67, 0x7F,
    0x3F, 0x00, 0x10, 0xE3, 0x3E, 0xF7, 0xFF, 0xFB, 0xEE, 0x38, 0xF3, 0xC7, 0xFF, 0x7F, 0xF1, 0xE7,
    0x06, 0x30, 0xFF, 0xFF, 0xFF, 0xE0, 0x70, 0x38, 0x1C, 0x1F, 0x81, 0xFF, 0x1E, 0x3C, 0xFF, 0xEE,
    0xFB, 0x77, 0xDF, 0xBE, 0xFD, 0xF6, 0x7F, 0xF3, 0xC7, 0x8F, 0xF8, 0x3F, 0x00, 0xFF, 0xFF, 0xF8,
    0x7D, 0xFF, 0xFF, 0x7F, 0xFF, 0xDF, 0x00, 0x1C, 0x0E, 0x07, 0x1F, 0xFF, 0xFF, 0xFC, 0x70, 0x38,
    0x1C, 0x7F, 0xFF, 0xFF, 0xF0, 0xFF, 0xFF, 0xEF, 0xFC, 0xFF, 0xDD, 0xFF, 0xFC, 0x77, 0xB8, 0xF1,
    0xFE, 0x3F, 0xC7, 0xF8, 0xFF, 0x1F, 0xE3, 0xFC, 0x7F, 0x8F, 0xFF, 0xFF, 0xFF, 0xFF, 0xF8, 0x0F,
    0x01, 0xE0, 0x3C, 0x00, 0x7F, 0xFF, 0xFF, 0xFF, 0xFF, 0xFB, 0xFC, 0xFE, 0x3F, 0x1F, 0x8F, 0xC7,
    0xE0, 0x00, 0x77, 0xFE, 0xE0, 0x63, 0xEF, 0x9E, 0x78, 0xF3, 0xCF, 0x0C, 0xFB, 0xE0, 0x7D, 0xFF,
    0xBF, 0x7F, 0xEF, 0x80, 0x42, 0x0E, 0x38, 0xFB, 0xE7, 0xFF, 0x3E, 0xF0, 0xE7, 0x1E, 0x77, 0xFF,
    0x7F, 0xFF, 0x3C, 0xC3, 0x00, 0xF0, 0x0F, 0x00, 0xF0, 0x07, 0x00, 0xF8, 0x6F, 0x9E, 0x07, 0xE1,
    0xF8, 0x7F, 0xEF, 0x9E, 0xE3, 0xE0, 0x3E, 0x03, 0xF0, 0x3F, 0x00, 0xE0, 0xF0, 0x1E, 0x03, 0xC0,
    0x38, 0x0F, 0x87, 0xF3, 0xC1, 0xF8, 0xFC, 0x7E, 0x1F, 0x3F, 0x8F, 0x81, 0xF0, 0x3E, 0x07, 0xC0,
    0xF8, 0x7C, 0x03, 0xE0, 0x0E, 0x00, 0xF8, 0x07, 0xC3, 0x3C, 0x78, 0x0F, 0xC1, 0xF8, 0x3F, 0xF3,
    0xE7, 0x9C, 0x7C, 0x03, 0xE0, 0x3F, 0x01, 0xFC, 0x01, 0xC0, 0x0F, 0x01, 0xE0, 0x3C, 0x07, 0x80,
    0xF0, 0x3E, 0x1F, 0xC3, 0xF0, 0xF0, 0xDE, 0x3F, 0xC7, 0xF8, 0xF7, 0xFC, 0xFF, 0x8F, 0xC0, 0x1E,
    0x00, 0x70, 0x01, 0xC0, 0x00, 0x01, 0xFC, 0x0F, 0xE0, 0x77, 0x03, 0xB8, 0x3D, 0xC1, 0xEF, 0x0E,
    0x78, 0x71, 0xC7, 0x8E, 0x3F, 0xF9, 0xFF, 0xCF, 0xFE, 0x70, 0x77, 0x83, 0xFC, 0x1E, 0x03, 0x80,
    0x1C, 0x01, 0xC0, 0x00, 0x01, 0xFC, 0x0F, 0xE0, 0x77, 0x03, 0xB8, 0x3D, 0xC1, 0xEF, 0x0E, 0x78,
    0x71, 0xC7, 0x8E, 0x3F, 0xF9, 0xFF, 0xCF, 0xFE, 0x70, 0x77, 0x83, 0xFC, 0x1E, 0x0F, 0x80, 0xFC,
    0x07, 0x70, 0x00, 0x01, 0xFC, 0x0F, 0xE0, 0x77, 0x03, 0xB8, 0x3D, 0xC1, 0xEF, 0x0E, 0x78, 0x71,
    0xC7, 0x8E, 0x3F, 0xF9, 0xFF, 0xCF, 0xFE, 0x70, 0x77, 0x83, 0xFC, 0x1E, 0x0E, 0xC0, 0xFF, 0x0F,
    0xF0, 0x77, 0x00, 0x00, 0x0F, 0xE0, 0x7F, 0x03, 0xB8, 0x1D, 0xC1, 0xEE, 0x0F, 0x78, 0x73, 0xC3,
    0x8E, 0x3C, 0x71, 0xFF, 0xCF, 0xFE, 0x7F, 0xF3, 0x83, 0xBC, 0x1F, 0xE0, 0xF0, 0x3D, 0xE1, 0xEF,
    0x0F, 0x78, 0x7B, 0xC0, 0x00, 0x0F, 0xE0, 0x7F, 0x03, 0xB8, 0x1D, 0xC1, 0xEE, 0x0F, 0x78, 0x73,
    0xC3, 0x8E, 0x3C, 0x71, 0xFF, 0xCF, 0xFE, 0x7F, 0xF3, 0x83, 0xBC, 0x1F, 0xE0, 0xF0, 0x07, 0x00,
    0x7C, 0x03, 0xE0, 0x1F, 0x00, 0x70, 0x00, 0x00, 0x7F, 0x03, 0xF8, 0x1D, 0xC0, 0xEE, 0x0F, 0x70,
    0x7B, 0xC3, 0x9E, 0x1C, 0x71, 0xE3, 0x8F, 0xFE, 0x7F, 0xF3, 0xFF, 0x9C, 0x1D, 0xE0, 0xFF, 0x07,
    0x80, 0x1F, 0xF8, 0xFF, 0xC7, 0xFE, 0x7F, 0x03, 0xF8, 0x1D, 0xC0, 0xEF, 0xEF, 0x7F, 0x7B, 0xFB,
    0xFC, 0x1F, 0xE1, 0xFF, 0x0F, 0x3F, 0xF9, 0xFF, 0x8F, 0xE0, 0x3F, 0x8F, 0xFB, 0xFF, 0xF8, 0xFE,
    0x0F, 0xC1, 0xF8, 0x07, 0x00, 0xE0, 0x1C, 0x1F, 0x87, 0xFD, 0xF7, 0xFC, 0x7F, 0x03, 0xC0, 0x7C,
    0x01, 0x80, 0xF0, 0x1E, 0x00, 0x1C, 0x03, 0x80, 0x38, 0x00, 0x0F, 0xFD, 0xFF, 0xBF, 0xF7, 0x80,
    0xF0, 0x1E, 0x03, 0xFF, 0x7F, 0xEF, 0xFD, 0xE0, 0x3C, 0x07, 0x80, 0xFF, 0xFF, 0xFF, 0xFF, 0x80,
    0x07, 0x00, 0xE0, 0x38, 0x00, 0x0F, 0xFD, 0xFF, 0xBF, 0xF7, 0x80, 0xF0, 0x1E, 0x03, 0xFF, 0x7F,
    0xEF, 0xFD, 0xE0, 0x3C, 0x07, 0x80, 0xFF, 0xFF, 0xFF, 0xFF, 0x80, 0x1F, 0x07, 0xE0, 0xEE, 0x00,
    0x0F, 0xFD, 0xFF, 0xBF, 0xF7, 0x80, 0xF0, 0x1E, 0x03, 0xFF, 0x7F, 0xEF, 0xFD, 0xE0, 0x3C, 0x07,
    0x80, 0xFF, 0xFF, 0xFF, 0xFF, 0x80, 0x7B, 0xCF, 0x79, 0xEF, 0x3D, 0xE0, 0x01, 0xFF, 0xBF, 0xF7,
    0xFE, 0xF0, 0x1E, 0x03, 0xC0, 0x7F, 0xEF, 0xFD, 0xFF, 0xBC, 0x07, 0x80, 0xF0, 0x1F, 0xFF, 0xFF,
    0xFF, 0xF0, 0x3C, 0x03, 0x80, 0x38, 0x00, 0x0F, 0xFF, 0xFF, 0xFF, 0xF8, 0x70, 0x0E, 0x01, 0xC0,
    0x38, 0x07, 0x00, 0xE0, 0x1C, 0x03, 0x80, 0x70, 0xFF, 0xFF, 0xFF, 0xFF, 0x80, 0x07, 0x00, 0xE0,
    0x38, 0x00, 0x0F, 0xFF, 0xFF, 0xFF, 0xF8, 0x70, 0x0E, 0x01, 0xC0, 0x38, 0x07, 0x00, 0xE0, 0x1C,
    0x03, 0x80, 0x70, 0xFF, 0xFF, 0xFF, 0xFF, 0x80, 0x1F, 0x07, 0xE0, 0xEE, 0x00, 0x0F, 0xFF, 0xFF,
    0xFF, 0xF8, 0x70, 0x0E, 0x01, 0xC0, 0x38, 0x07, 0x00, 0xE0, 0x1C, 0x03, 0x80, 0x70, 0xFF, 0xFF,
    0xFF, 0xFF, 0x80, 0x7B, 0xCF, 0x79, 0xEF, 0x3D, 0xE0, 0x01, 0xFF, 0xFF, 0xFF, 0xFF, 0x0E, 0x01,
    0xC0, 0x38, 0x07, 0x00, 0xE0, 0x1C, 0x03, 0x80, 0x70, 0x0E, 0x1F, 0xFF, 0xFF, 0xFF, 0xF0, 0x7F,
    0xC7, 0xFE, 0x7F, 0xF3, 0xCF, 0x3C, 0xF3, 0xC7, 0x7F, 0x77, 0xF7, 0x7E, 0x73, 0xC7, 0x3C, 0xF3,
    0xCF, 0x7F, 0xF7, 0xFE, 0x7F, 0xC0, 0x1C, 0x87, 0xF9, 0xFE, 0x3B, 0xC0, 0x01, 0xFB, 0xFF, 0x7F,
    0xEF, 0xFF, 0xFF, 0xFF, 0xBF, 0xF7, 0xFE, 0xFF, 0xDF, 0xFB, 0xFF, 0x7F, 0xEF, 0xFD, 0xFF, 0x9F,
    0xF3, 0xF0, 0x3C, 0x03, 0x80, 0x38, 0x00, 0x03, 0xF8, 0xFF, 0xBF, 0xF7, 0x8F, 0xE0, 0xFC, 0x1F,
    0x83, 0xF0, 0x7E, 0x0F, 0xC1, 0xF8, 0x3F, 0x8F, 0xFF, 0xCF, 0xF8, 0xFE, 0x00, 0x07, 0x00, 0xE0,
    0x38, 0x00, 0x03, 0xF8, 0xFF, 0xBF, 0xF7, 0x8F, 0xE0, 0xFC, 0x1F, 0x83, 0xF0, 0x7E, 0x0F, 0xC1,
    0xF8, 0x3F, 0x8F, 0xFF, 0xCF, 0xF8, 0xFE, 0x00, 0x1F, 0x07, 0xE0, 0xEE, 0x00, 0x03, 0xF8, 0xFF,
    0xBF, 0xF7, 0x8F, 0xE0, 0xFC, 0x1F, 0x83, 0xF0, 0x7E, 0x0F, 0xC1, 0xF8, 0x3F, 0x8F, 0xFF, 0xCF,
    0xF8, 0xFE, 0x00, 0x1D, 0x87, 0xF9, 0xFE, 0x3B, 0x80, 0x00, 0x7F, 0x1F, 0xF7, 0xFE, 0xF1, 0xFC,
    0x1F, 0x83, 0xF0, 0x7E, 0x0F, 0xC1, 0xF8, 0x3F, 0x07, 0xF1, 0xFF, 0xF9, 0xFF, 0x1F, 0xC0, 0x7B,
    0xCF, 0x79, 0xEF, 0x3D, 0xE0, 0x00, 0x7F, 0x1F, 0xF7, 0xFE, 0xF1, 0xFC, 0x1F, 0x83, 0xF0, 0x7E,
    0x0F, 0xC1, 0xF8, 0x3F, 0x07, 0xF1, 0xFF, 0xF9, 0xFF, 0x1F, 0xC0, 0x21, 0x9C, 0xF7, 0xFC, 0xFE,
    0x1F, 0x0F, 0xC7, 0xFD, 0xEF, 0x31, 0x80, 0x00, 0x01, 0x00, 0x38, 0xFE, 0x3F, 0xEF, 0xFD, 0xEF,
    0xF9, 0xFF, 0x3F, 0xEE, 0xFD, 0xDF, 0xBB, 0xFE, 0x7F, 0xCF, 0xFB, 0xFF, 0xF3, 0xFE, 0x7F, 0x8E,
    0x00, 0xC0, 0x00, 0x3C, 0x03, 0x80, 0x38, 0x00, 0x0E, 0x0F, 0xC1, 0xF8, 0x3F, 0x07, 0xE0, 0xFC,
    0x1F, 0x83, 0xF0, 0x7E, 0x0F, 0xC1, 0xF8, 0x7F, 0x8F, 0xFF, 0xCF, 0xF8, 0xFE, 0x00, 0x07, 0x00,
    0xE0, 0x38, 0x00, 0x0E, 0x0F, 0xC1, 0xF8, 0x3F, 0x07, 0xE0, 0xFC, 0x1F, 0x83, 0xF0, 0x7E, 0x0F,
    0xC1, 0xF8, 0x7F, 0x8F, 0xFF, 0xCF, 0xF8, 0xFE, 0x00, 0x1F, 0x07, 0xE0, 0xEE, 0x00, 0x0E, 0x0F,
    0xC1, 0xF8, 0x3F, 0x07, 0xE0, 0xFC, 0x1F, 0x83, 0xF0, 0x7E, 0x0F, 0xC1, 0xF8, 0x7F, 0x8F, 0xFF,
    0xCF, 0xF8, 0xFE, 0x00, 0x7B, 0xCF, 0x79, 0xEF, 0x3D, 0xE0, 0x01, 0xC1, 0xF8, 0x3F, 0x07, 0xE0,
    0xFC, 0x1F, 0x83, 0xF0, 0x7E, 0x0F, 0xC1, 0xF8, 0x3F, 0x0F, 0xF1, 0xFF, 0xF9, 0xFF, 0x1F, 0xC0,
    0x03, 0x80, 0x1C, 0x01, 0xC0, 0x00, 0x0F, 0x07, 0xF8, 0x39, 0xE3, 0xCF, 0x1E, 0x3D, 0xE1, 0xEF,
    0x07, 0xF0, 0x3F, 0x80, 0xF8, 0x07, 0xC0, 0x1C, 0x00, 0xE0, 0x07, 0x00, 0x38, 0x01, 0xC0, 0xF0,
    0x1E, 0x03, 0xC0, 0x7F, 0xCF, 0xFD, 0xFF, 0xFC, 0x7F, 0x87, 0xF1, 0xFF, 0xFF, 0xFF, 0x7F, 0xCF,
    0x01, 0xE0, 0x3C, 0x00, 0x1F, 0x81, 0xFE, 0x1F, 0xF8, 0xF3, 0xCF, 0xFE, 0x7F, 0xE3, 0xFE, 0x0F,
    0xFC, 0x7F, 0xF3, 0xFF, 0x9E, 0x1E, 0xFE, 0xF7, 0xFF, 0x3F, 0xF9, 0xEF, 0x80, 0x1C, 0x00, 0xF0,
    0x03, 0x80, 0x00, 0x01, 0xFF, 0x1F, 0xF9, 0xFF, 0xCF, 0x3E, 0x70, 0xF7, 0x87, 0x9C, 0x3C, 0xF3,
    0xE7, 0xFF, 0x1F, 0xFC, 0x7D, 0xE0, 0x03, 0x80, 0x38, 0x01, 0xC0, 0x00, 0x01, 0xFF, 0x1F, 0xF9,
    0xFF, 0xCF, 0x3E, 0x70, 0xF7, 0x87, 0x9C, 0x3C, 0xF3, 0xE7, 0xFF, 0x1F, 0xFC, 0x7D, 0xE0, 0x0F,
    0x00, 0xFC, 0x0F, 0xF0, 0x00, 0x01, 0xFF, 0x1F, 0xF9, 0xFF, 0xCF, 0x3E, 0x70, 0xF7, 0x87, 0x9C,
    0x3C, 0xF3, 0xE7, 0xFF, 0x1F, 0xFC, 0x7D, 0xE0, 0x0E, 0xC0, 0xFF, 0x0F, 0xF0, 0x77, 0x00, 0x00,
    0x0F, 0xF8, 0xFF, 0xCF, 0xFE, 0x79, 0xF3, 0x87, 0xBC, 0x3C, 0xE1, 0xE7, 0x9F, 0x3F, 0xF8, 0xFF,
    0xE3, 0xEF, 0x39, 0xC3, 0xFF, 0x1F, 0xF8, 0x73, 0x80, 0x00, 0x0F, 0xF8, 0xFF, 0xCF, 0xFE, 0x79,
    0xF3, 0x87, 0xBC, 0x3C, 0xE1, 0xE7, 0x9F, 0x3F, 0xF8, 0xFF, 0xE3, 0xEF, 0x0F, 0x00, 0x78, 0x07,
    0xE0, 0x1E, 0x00, 0xF0, 0x00, 0x00, 0x7F, 0xC7, 0xFE, 0x7F, 0xF3, 0xCF, 0x9C, 0x3D, 0xE1, 0xE7,
    0x0F, 0x3C, 0xF9, 0xFF, 0xC7, 0xFF, 0x1F, 0x78, 0x3F, 0x8F, 0xF9, 0xFF, 0x97, 0x77, 0xFF, 0xFF,
    0xFF, 0xFF, 0x74, 0xFF, 0xDF, 0xF9, 0xFE, 0x00, 0x3F, 0x8F, 0xFB, 0xFF, 0xF8, 0xFE, 0x0D, 0xC0,
    0x38, 0x3F, 0xDF, 0x7F, 0xC7, 0xF0, 0x3C, 0x07, 0xC0, 0x18, 0x0F, 0x01, 0xE0, 0x3C, 0x03, 0x80,
    0x38, 0x00, 0x01, 0xF0, 0xFF, 0x9F, 0xF7, 0x8F, 0xFF, 0xFF, 0xFF, 0xFF, 0xF8, 0xC7, 0xFC, 0xFF,
    0x8F, 0xE0, 0x07, 0x00, 0xE0, 0x38, 0x00, 0x01, 0xF0, 0xFF, 0x9F, 0xF7, 0x8F, 0xFF, 0xFF, 0xFF,
    0xFF, 0xF8, 0xC7, 0xFC, 0xFF, 0x8F, 0xE0, 0x1F, 0x07, 0xE0, 0xEE, 0x00, 0x01, 0xF0, 0xFF, 0x9F,
    0xF7, 0x8F, 0xFF, 0xFF, 0xFF, 0xFF, 0xF8, 0xC7, 0xFC, 0xFF, 0x8F, 0xE0, 0x7B, 0xCF, 0x79, 0xEF,
    0x3D, 0xE0, 0x00, 0x3E, 0x1F, 0xF3, 0xFE, 0xF1, 0xFF, 0xFF, 0xFF, 0xFF, 0xFF, 0x18, 0xFF, 0x9F,
    0xF1, 0xFC, 0x3C, 0x03, 0x80, 0x70, 0x00, 0x07, 0xE0, 0xFC, 0x1F, 0x80, 0x70, 0x0E, 0x01, 0xC0,
    0x38, 0x07, 0x07, 0xFD, 0xFF, 0xBF, 0xF0, 0x07, 0x01, 0xE0, 0x38, 0x00, 0x07, 0xE0, 0xFC, 0x1F,
    0x80, 0x70, 0x0E, 0x01, 0xC0, 0x38, 0x07, 0x07, 0xFD, 0xFF, 0xBF, 0xF0, 0x1E, 0x07, 0xE0, 0xEE,
    0x00, 0x07, 0xE0, 0xFC, 0x1F, 0x80, 0x70, 0x0E, 0x01, 0xC0, 0x38, 0x07, 0x07, 0xFD, 0xFF, 0xBF,
    0xF0, 0x73, 0x9F, 0xFB, 0xFF, 0x39, 0xC0, 0x00, 0xFC, 0x1F, 0x83, 0xF0, 0x0E, 0x01, 0xC0, 0x38,
    0x07, 0x00, 0xE0, 0xFF, 0xBF, 0xF7, 0xFE, 0x00, 0x01, 0xF0, 0x1F, 0x01, 0xFC, 0x0F, 0xC0, 0x7E,
    0x1F, 0xF3, 0xFF, 0x7F, 0xF7, 0x8F, 0x70, 0x77, 0x07, 0x70, 0x77, 0x8F, 0x7F, 0xE3, 0xFE, 0x1F,
    0x80, 0x0C, 0x83, 0xF8, 0xFF, 0x1F, 0xC0, 0x01, 0xFF, 0x3F, 0xF7, 0xFE, 0xF1, 0xFE, 0x3F, 0xC7,
    0xF8, 0xFF, 0x1F, 0xE3, 0xFC, 0x7F, 0x8F, 0x3C, 0x03, 0x80, 0x38, 0x00, 0x03, 0xF8, 0xFF, 0xBF,
    0xF7, 0x8F, 0xE0, 0xFC, 0x1F, 0x83, 0xF8, 0xFF, 0xFC, 0xFF, 0x8F, 0xE0, 0x07, 0x00, 0xE0, 0x38,
    0x00, 0x03, 0xF8, 0xFF, 0xBF, 0xF7, 0x8F, 0xE0, 0xFC, 0x1F, 0x83, 0xF8, 0xFF, 0xFC, 0xFF, 0x8F,
    0xE0, 0x1F, 0x07, 0xE0, 0xEE, 0x00, 0x03, 0xF8, 0xFF, 0xBF, 0xF7, 0x8F, 0xE0, 0xFC, 0x1F, 0x83,
    0xF8, 0xFF, 0xFC, 0xFF, 0x8F, 0xE0, 0x1D, 0x87, 0xF9, 0xFE, 0x3B, 0x80, 0x00, 0x7F, 0x1F, 0xF7,
    0xFE, 0xF1, 0xFC, 0x1F, 0x83, 0xF0, 0x7F, 0x1F, 0xFF, 0x9F, 0xF1, 0xFC, 0x7B, 0xCF, 0x79, 0xEF,
    0x3D, 0xE0, 0x00, 0x7F, 0x1F, 0xF7, 0xFE, 0xF1, 0xFC, 0x1F, 0x83, 0xF0, 0x7F, 0x1F, 0xFF, 0x9F,
    0xF1, 0xFC, 0x1C, 0x1F, 0x0F, 0x83, 0x80, 0x07, 0xFF, 0xFF, 0xFF, 0x1C, 0x1F, 0x0F, 0x83, 0x80,
    0x00, 0x00, 0x70, 0xFE, 0x3F, 0xEF, 0xFD, 0xFF, 0xFB, 0xBF, 0x77, 0xFE, 0xFF, 0xBF, 0xFF, 0x3F,
    0xE3, 0xF8, 0x70, 0x00, 0x00, 0x3C, 0x03, 0x80, 0x38, 0x00, 0x0F, 0x1F, 0xE3, 0xFC, 0x7F, 0x8F,
    0xF1, 0xFE, 0x3F, 0xC7, 0xF8, 0xF7, 0xFE, 0xFF, 0xCF, 0xF8, 0x07, 0x00, 0xE0, 0x38, 0x00, 0x0F,
    0x1F, 0xE3, 0xFC, 0x7F, 0x8F, 0xF1, 0xFE, 0x3F, 0xC7, 0xF8, 0xF7, 0xFE, 0xFF, 0xCF, 0xF8, 0x1F,
    0x07, 0xE0, 0xEE, 0x00, 0x0F, 0x1F, 0xE3, 0xFC, 0x7F, 0x8F, 0xF1, 0xFE, 0x3F, 0xC7, 0xF8, 0xF7,
    0xFE, 0xFF, 0xCF, 0xF8, 0x7B, 0xCF, 0x79, 0xEF, 0x3D, 0xE0, 0x01, 0xE3, 0xFC, 0x7F, 0x8F, 0xF1,
    0xFE, 0x3F, 0xC7, 0xF8, 0xFF, 0x1E, 0xFF, 0xDF, 0xF9, 0xFF, 0x07, 0x00, 0xE0, 0x38, 0x00, 0x0F,
    0x1F, 0xE3, 0xFC, 0x7F, 0x8F, 0xF1, 0xFE, 0x3F, 0xC7, 0xF8, 0xF7, 0xFE, 0xFF, 0xCF, 0xF8, 0x0F,
    0x3F, 0xE7, 0xFC, 0xFF, 0x00, 0xE0, 0x1C, 0x03, 0x80, 0x70, 0x0F, 0xF9, 0xFF, 0xBF, 0xFF, 0x8F,
    0xE0, 0xFC, 0x1F, 0x83, 0xF8, 0xFF, 0xFF, 0xFF, 0xBB, 0xE7, 0x00, 0xE0, 0x1C, 0x03, 0x80, 0x00,
    0x7B, 0xCF, 0x79, 0xEF, 0x3D, 0xE0, 0x01, 0xE3, 0xFC, 0x7F, 0x8F, 0xF1, 0xFE, 0x3F, 0xC7, 0xF8,
    0xFF, 0x1E, 0xFF, 0xDF, 0xF9, 0xFF, 0x01, 0xE7, 0xFC, 0xFF, 0x9F, 0xE0, 0x1F, 0xC0, 0xFE, 0x07,
    0xF0, 0x00, 0x01, 0xFC, 0x0F, 0xE0, 0x77, 0x03, 0xB8, 0x3D, 0xC1, 0xEF, 0x0E, 0x78, 0x71, 0xC7,
    0x8E, 0x3F, 0xF9, 0xFF, 0xCF, 0xFE, 0x70, 0x77, 0x83, 0xFC, 0x1E, 0x1F, 0x80, 0xFC, 0x07, 0xE0,
    0x00, 0x01, 0xFF, 0x1F, 0xF9, 0xFF, 0xCF, 0x3E, 0x70, 0xF7, 0x87, 0x9C, 0x3C, 0xF3, 0xE7, 0xFF,
    0x1F, 0xFC, 0x7D, 0xE0, 0x1D, 0xC0, 0x7C, 0x03, 0xE0, 0x00, 0x01, 0xFC, 0x0F, 0xE0, 0x77, 0x03,
    0xB8, 0x3D, 0xC1, 0xEF, 0x0E, 0x78, 0x71, 0xC7, 0x8E, 0x3F, 0xF9, 0xFF, 0xCF, 0xFE, 0x70, 0x77,
    0x83, 0xFC, 0x1E, 0x1F, 0x80, 0xFC, 0x03, 0xC0, 0x00, 0x01, 0xFF, 0x1F, 0xF9, 0xFF, 0xCF, 0x3E,
    0x70, 0xF7, 0x87, 0x9C, 0x3C, 0xF3, 0xE7, 0xFF, 0x1F, 0xFC, 0x7D, 0xE0, 0x1F, 0xC0, 0xFE, 0x07,
    0x70, 0x3B, 0x83, 0xDC, 0x1E, 0xF0, 0xE7, 0x87, 0x1C, 0x78, 0xE3, 0xFF, 0x9F, 0xFC, 0xFF, 0xE7,
    0x07, 0x78, 0x3F, 0xC1, 0xE0, 0x0E, 0x00, 0x70, 0x03, 0xC0, 0x1E, 0x1F, 0xF1, 0xFF, 0x9F, 0xFC,
    0xF3, 0xE7, 0x0F, 0x78, 0x79, 0xC3, 0xCF, 0x3E, 0x7F, 0xF1, 0xFF, 0xC7, 0xDE, 0x00, 0xC0, 0x0F,
    0x80, 0x3C, 0x07, 0x00, 0xE0, 0x38, 0x00, 0x03, 0xF8, 0xFF, 0xBF, 0xFF, 0x8F, 0xE0, 0xFC, 0x1F,
    0x80, 0x70, 0x0E, 0x01, 0xC1, 0xF8, 0x3F, 0x8F, 0xFF, 0xEF, 0xF8, 0xFE, 0x00, 0x07, 0x00, 0xE0,
    0x38, 0x00, 0x03, 0xF8, 0xFF, 0xBF, 0xFF, 0x8F, 0xE0, 0xFC, 0x03, 0x83, 0xF8, 0xFF, 0xFE, 0xFF,
    0x8F, 0xE0, 0x1F, 0x07, 0xE0, 0xEE, 0x00, 0x03, 0xF8, 0xFF, 0xBF, 0xFF, 0x8F, 0xE0, 0xFC, 0x1F,
    0x80, 0x70, 0x0E, 0x01, 0xC1, 0xF8, 0x3F, 0x8F, 0xFF, 0xEF, 0xF8, 0xFE, 0x00, 0x1F, 0x07, 0xE0,
    0xEE, 0x00, 0x03, 0xF8, 0xFF, 0xBF, 0xFF, 0x8F, 0xE0, 0xFC, 0x03, 0x83, 0xF8, 0xFF, 0xFE, 0xFF,
    0x8F, 0xE0, 0x0E, 0x03, 0xE0, 0x7C, 0x07, 0x00, 0x00, 0x7F, 0x1F, 0xF7, 0xFF, 0xF1, 0xFC, 0x1F,
    0x83, 0xF0, 0x0E, 0x01, 0xC0, 0x38, 0x3F, 0x07, 0xF1, 0xFF, 0xFD, 0xFF, 0x1F, 0xC0, 0x0E, 0x03,
    0xE0, 0x7C, 0x07, 0x00, 0x00, 0x7F, 0x1F, 0xF7, 0xFF, 0xF1, 0xFC, 0x1F, 0x80, 0x70, 0x7F, 0x1F,
    0xFF, 0xDF, 0xF1, 0xFC, 0x3B, 0x87, 0xF0, 0x7C, 0x00, 0x03, 0xF8, 0xFF, 0xBF, 0xFF, 0x8F, 0xE0,
    0xFC, 0x1F, 0x80, 0x70, 0x0E, 0x01, 0xC1, 0xF8, 0x3F, 0x8F, 0xFF, 0xEF, 0xF8, 0xFE, 0x00, 0x3B,
    0x87, 0xF0, 0x7C, 0x00, 0x03, 0xF8, 0xFF, 0xBF, 0xFF, 0x8F, 0xE0, 0xFC, 0x03, 0x83, 0xF8, 0xFF,
    0xFE, 0xFF, 0x8F, 0xE0, 0x1D, 0xC1, 0xFC, 0x0F, 0x80, 0x00, 0x7F, 0xC7, 0xFE, 0x7F, 0xF3, 0xCF,
    0x3C, 0xF3, 0xC7, 0x3C, 0x73, 0xC7, 0x3C, 0x73, 0xC7, 0x3C, 0xF3, 0xCF, 0x7F, 0xF7, 0xFE, 0x7F,
    0xC0, 0x07, 0xF0, 0x3F, 0xC1, 0xFE, 0x0F, 0xF7, 0xFF, 0xBF, 0xFB, 0xFE, 0x1E, 0xF0, 0xE7, 0x87,
    0x3C, 0x39, 0xE1, 0xEF, 0x0F, 0xF8, 0x3F, 0xC1, 0xFE, 0x00, 0x7F, 0xC7, 0xFE, 0x7F, 0xF3, 0xCF,
    0x3C, 0xF3, 0xC7, 0x7F, 0x77, 0xF7, 0x7E, 0x73, 0xC7, 0x3C, 0xF3, 0xCF, 0x7F, 0xF7, 0xFE, 0x7F,
    0xC0, 0x07, 0xF8, 0x3F, 0xC1, 0xFE, 0x00, 0xE1, 0xFF, 0x1F, 0xF9, 0xFF, 0xCF, 0x1E, 0xF0, 0xF7,
    0x83, 0xBC, 0x3C, 0xF1, 0xE7, 0xFF, 0x1F, 0xF8, 0x7D, 0xC0, 0x3F, 0x87, 0xF0, 0xFE, 0x00, 0x0F,
    0xFD, 0xFF, 0xBF, 0xF7, 0x80, 0xF0, 0x1E, 0x03, 0xFF, 0x7F, 0xEF, 0xFD, 0xE0, 0x3C, 0x07, 0x80,
    0xFF, 0xFF, 0xFF, 0xFF, 0x80, 0x3F, 0x87, 0xF0, 0xFE, 0x00, 0x01, 0xF0, 0xFF, 0x9F, 0xF7, 0x8F,
    0xFF, 0xFF, 0xFF, 0xFF, 0xF8, 0xC7, 0xFC, 0xFF, 0x8F, 0xE0, 0x3B, 0x83, 0xE0, 0x7C, 0x00, 0x0F,
    0xFD, 0xFF, 0xBF, 0xF7, 0x80, 0xF0, 0x1E, 0x03, 0xFF, 0x7F, 0xEF, 0xFD, 0xE0, 0x3C, 0x07, 0x80,
    0xFF, 0xFF, 0xFF, 0xFF, 0x80, 0x3B, 0x83, 0xE0, 0x7C, 0x00, 0x01, 0xF0, 0xFF, 0x9F, 0xF7, 0x8F,
    0xFF, 0xFF, 0xFF, 0xFF, 0xF8, 0xC7, 0xFC, 0xFF, 0x8F, 0xE0, 0x0E, 0x03, 0xE0, 0x7C, 0x07, 0x00,
    0x01, 0xFF, 0xBF, 0xF7, 0xFE, 0xF0, 0x1E, 0x03, 0xC0, 0x7F, 0xEF, 0xFD, 0xFF, 0xBC, 0x07, 0x80,
    0xF0, 0x1F, 0xFF, 0xFF, 0xFF, 0xF0, 0x0E, 0x03, 0xE0, 0x7C, 0x07, 0x00, 0x00, 0x3E, 0x1F, 0xF3,
    0xFE, 0xF1, 0xFF, 0xFF, 0xFF, 0xFF, 0xFF, 0x18, 0xFF, 0x9F, 0xF1, 0xFC, 0xFF, 0xCF, 0xFC, 0xFF,
    0xCF, 0x00, 0xF0, 0x0F, 0x00, 0xFF, 0xCF, 0xFC, 0xFF, 0xCF, 0x00, 0xF0, 0x0F, 0x00, 0xFF, 0xEF,
    0xFE, 0xFF, 0xE0, 0x0E, 0x00, 0xC0, 0x0F, 0x00, 0xF0, 0x1F, 0x0F, 0xF9, 0xFF, 0x78, 0xFF, 0xFF,
    0xFF, 0xFF, 0xFF, 0x88, 0xFF, 0xCF, 0xF8, 0xFE, 0x07, 0x80, 0xC0, 0x1E, 0x03, 0xC0, 0x3B, 0x87,
    0xF0, 0x7C, 0x00, 0x0F, 0xFD, 0xFF, 0xBF, 0xF7, 0x80, 0xF0, 0x1E, 0x03, 0xFF, 0x7F, 0xEF, 0xFD,
    0xE0, 0x3C, 0x07, 0x80, 0xFF, 0xFF, 0xFF, 0xFF, 0x80, 0x3B, 0x87, 0xF0, 0x7C, 0x00, 0x01, 0xF0,
    0xFF, 0x9F, 0xF7, 0x8F, 0xFF, 0xFF, 0xFF, 0xFF, 0xF8, 0xC7, 0xFC, 0xFF, 0x8F, 0xE0, 0x0F, 0x81,
    0xF8, 0x1D, 0xC0, 0x00, 0x1F, 0xC3, 0xFE, 0x7F, 0xF7, 0x8F, 0x70, 0x77, 0x07, 0x70, 0x07, 0x7F,
    0x77, 0xF7, 0x7F, 0x70, 0xF7, 0x8F, 0x7F, 0xF3, 0xFF, 0x1F, 0x70, 0x1F, 0x01, 0xF8, 0x3B, 0x80,
    0x00, 0x1F, 0xF3, 0xFF, 0x7F, 0xF7, 0x8F, 0x70, 0x77, 0x07, 0x70, 0x77, 0x8F, 0x7F, 0xF3, 0xFF,
    0x1F, 0x70, 0x07, 0x1F, 0xF1, 0xFF, 0x1F, 0xF0, 0x1D, 0xC0, 0xF8, 0x0F, 0x80, 0x00, 0x1F, 0xC3,
    0xFE, 0x7F, 0xF7, 0x8F, 0x70, 0x77, 0x07, 0x70, 0x07, 0x7F, 0x77, 0xF7, 0x7F, 0x70, 0xF7, 0x8F,
    0x7F, 0xF3, 0xFF, 0x1F, 0x70, 0x1B, 0x81, 0xF8, 0x1F, 0x00, 0x00, 0x1F, 0xF3, 0xFF, 0x7F, 0xF7,
    0x8F, 0x70, 0x77, 0x07, 0x70, 0x77, 0x8F, 0x7F, 0xF3, 0xFF, 0x1F, 0x70, 0x07, 0x1F, 0xF1, 0xFF,
    0x1F, 0xF0, 0x07, 0x00, 0xF8, 0x0F, 0x80, 0x70, 0x00, 0x01, 0xFC, 0x3F, 0xE7, 0xFF, 0x78, 0xF7,
    0x07, 0x70, 0x77, 0x00, 0x77, 0xF7, 0x7F, 0x77, 0xF7, 0x0F, 0x78, 0xF7, 0xFF, 0x3F, 0xF1, 0xF7,
    0x0E, 0x01, 0xF0, 0x1F, 0x00, 0xE0, 0x00, 0x01, 0xFF, 0x3F, 0xF7, 0xFF, 0x78, 0xF7, 0x07, 0x70,
    0x77, 0x07, 0x78, 0xF7, 0xFF, 0x3F, 0xF1, 0xF7, 0x00, 0x71, 0xFF, 0x1F, 0xF1, 0xFF, 0x1F, 0xC3,
    0xFE, 0x7F, 0xF7, 0x8F, 0x70, 0x77, 0x07, 0x70, 0x07, 0x7F, 0x77, 0xF7, 0x7F, 0x70, 0xF7, 0x8F,
    0x7F, 0xF3, 0xFF, 0x1F, 0x70, 0x00, 0x0E, 0x00, 0xF0, 0x0F, 0x00, 0xF0, 0x0F, 0x00, 0xE0, 0x0E,
    0x00, 0xE0, 0x1C, 0x01, 0xE0, 0x1F, 0x00, 0xF0, 0x0E, 0x00, 0x00, 0x1F, 0xF3, 0xFF, 0x7F, 0xF7,
    0x8F, 0x70, 0x77, 0x07, 0x70, 0x77, 0x8F, 0x7F, 0xF3, 0xFF, 0x1F, 0x70, 0x07, 0x1F, 0xF1, 0xFF,
    0x1F, 0xF0, 0x1F, 0x07, 0xE0, 0xEE, 0x00, 0x0E, 0x1F, 0xC3, 0xF8, 0x7F, 0x0F, 0xE1, 0xFC, 0x3F,
    0xFF, 0xFF, 0xFF, 0xFF, 0xC3, 0xF8, 0x7F, 0x0F, 0xE1, 0xFC, 0x3F, 0x87, 0x80, 0x3E, 0x0F, 0xC1,
    0xDC, 0x00, 0x0F, 0x01, 0xE0, 0x3C, 0x07, 0x80, 0xFF, 0x9F, 0xFB, 0xFF, 0xF8, 0xFF, 0x1F, 0xE3,
    0xFC, 0x7F, 0x8F, 0xF1, 0xFE, 0x3F, 0xC7, 0x80, 0x78, 0xF3, 0xC7, 0xBF, 0xFF, 0xFF, 0xFF, 0xFF,
    0xBC, 0x79, 0xFF, 0xCF, 0xFE, 0x7F, 0xF3, 0xC7, 0x9E, 0x3C, 0xF1, 0xE7, 0x8F, 0x3C, 0x79, 0xE3,
    0xC0, 0x78, 0x0F, 0xF0, 0xFF, 0x0F, 0xF0, 0x7F, 0xC7, 0xFE, 0x7F, 0xF7, 0x8F, 0x78, 0xF7, 0x8F,
    0x78, 0xF7, 0x8F, 0x78, 0xF7, 0x8F, 0x78, 0xF0, 0x1D, 0x87, 0xF9, 0xFE, 0x3B, 0x80, 0x01, 0xFF,
    0xFF, 0xFF, 0xFF, 0x0E, 0x01, 0xC0, 0x38, 0x07, 0x00, 0xE0, 0x1C, 0x03, 0x80, 0x70, 0x0E, 0x1F,
    0xFF, 0xFF, 0xFF, 0xF0, 0x19, 0x87, 0xF9, 0xFE, 0x3F, 0x80, 0x00, 0xFC, 0x1F, 0x83, 0xF0, 0x0E,
    0x01, 0xC0, 0x38, 0x07, 0x00, 0xE0, 0xFF, 0xBF, 0xF7, 0xFE, 0x3F, 0x87, 0xF0, 0xFE, 0x00, 0x0F,
    0xFF, 0xFF, 0xFF, 0xF8, 0x70, 0x0E, 0x01, 0xC0, 0x38, 0x07, 0x00, 0xE0, 0x1C, 0x03, 0x80, 0x70,
    0xFF, 0xFF, 0xFF, 0xFF, 0x80, 0x7E, 0x0F, 0xE1, 0xFC, 0x00, 0x07, 0xE0, 0xFC, 0x1F, 0x80, 0x70,
    0x0E, 0x01, 0xC0, 0x38, 0x07, 0x07, 0xFD, 0xFF, 0xBF, 0xF0, 0x3B, 0x83, 0xE0, 0x7C, 0x00, 0x0F,
    0xFF, 0xFF, 0xFF, 0xF8, 0x70, 0x0E, 0x01, 0xC0, 0x38, 0x07, 0x00, 0xE0, 0x1C, 0x03, 0x80, 0x70,
    0xFF, 0xFF, 0xFF, 0xFF, 0x80, 0x3B, 0x07, 0xE0, 0x78, 0x00, 0x07, 0xE0, 0xFC, 0x1F, 0x80, 0x70,
    0x0E, 0x01, 0xC0, 0x38, 0x07, 0x07, 0xFD, 0xFF, 0xBF, 0xF0, 0xFF, 0xEF, 0xFE, 0xFF, 0xE0, 0xE0,
    0x0E, 0x00, 0xE0, 0x0E, 0x00, 0xE0, 0x0E, 0x00, 0xE0, 0x0E, 0x00, 0xE0, 0xFF, 0xEF, 0xFE, 0xFF,
    0xE0, 0x0E, 0x00, 0xC0, 0x0F, 0x00, 0xF0, 0x0E, 0x01, 0xF0, 0x1F, 0x00, 0xE0, 0x00, 0x07, 0xE0,
    0x7E, 0x07, 0xE0, 0x0E, 0x00, 0xE0, 0x0E, 0x00, 0xE0, 0x0E, 0x07, 0xFC, 0xFF, 0xCF, 0xFC, 0x00,
    0xC0, 0x0C, 0x00, 0xF0, 0x0F, 0x0E, 0x03, 0xE0, 0x7C, 0x07, 0x00, 0x01, 0xFF, 0xFF, 0xFF, 0xFF,
    0x0E, 0x01, 0xC0, 0x38, 0x07, 0x00, 0xE0, 0x1C, 0x03, 0x80, 0x70, 0x0E, 0x1F, 0xFF, 0xFF, 0xFF,
    0xF0, 0x7E, 0x0F, 0xC1, 0xF8, 0x07, 0x00, 0xE0, 0x1C, 0x03, 0x80, 0x70, 0x7F, 0xDF, 0xFB, 0xFF,
    0x00, 0xE7, 0xEE, 0x7E, 0xE7, 0xEE, 0x1C, 0xE1, 0xCE, 0x1C, 0xE1, 0xCE, 0x1C, 0x01, 0xCE, 0x1C,
    0xE1, 0xCF, 0x3C, 0xFF, 0xC7, 0xF8, 0x3F, 0x00, 0x78, 0xF7, 0x8F, 0x78, 0xF7, 0x8F, 0x00, 0x07,
    0x8F, 0x78, 0xF7, 0x8F, 0x78, 0xF7, 0x8F, 0x78, 0xF7, 0x8F, 0x78, 0xF7, 0xFF, 0x3F, 0xF1, 0xFF,
    0x00, 0xF0, 0xFF, 0x0F, 0xF0, 0xFE, 0x03, 0xE0, 0x3F, 0x01, 0xDC, 0x00, 0x00, 0x7E, 0x03, 0xF0,
    0x1F, 0x80, 0x38, 0x01, 0xC0, 0x0E, 0x00, 0x70, 0x03, 0x80, 0x1C, 0x70, 0xE3, 0x87, 0x1E, 0x78,
    0xFF, 0xC3, 0xFC, 0x0F, 0xC0, 0x3C, 0x7E, 0x77, 0x00, 0xFF, 0xFF, 0xFF, 0x0F, 0x0F, 0x0F, 0x0F,
    0x0F, 0x0F, 0x0F, 0x0F, 0x0F, 0xFF, 0xFF, 0xFE, 0xF1, 0xEF, 0x1E, 0xF3, 0xCF, 0x78, 0xF7, 0x8F,
    0xF0, 0xFF, 0x0F, 0xE0, 0xFE, 0x0F, 0xF0, 0xF7, 0x8F, 0x78, 0xF3, 0xCF, 0x1E, 0xF1, 0xE0, 0x00,
    0x0E, 0x01, 0xF0, 0x1F, 0x00, 0xF0, 0x0F, 0x00, 0xE0, 0xF0, 0x3C, 0x0F, 0x03, 0xC0, 0xF3, 0xBD,
    0xEF, 0xF3, 0xFC, 0xFE, 0x3F, 0x0F, 0xE3, 0xFC, 0xFF, 0x3D, 0xEF, 0x3C, 0x00, 0x1C, 0x0F, 0x83,
    0xE0, 0x78, 0x1E, 0x07, 0x00, 0xF3, 0xBD, 0xEF, 0xF3, 0xFC, 0xFE, 0x3F, 0x0F, 0xE3, 0xFC, 0xFF,
    0x3D, 0xEF, 0x3C, 0x38, 0x0F, 0x01, 0xC0, 0x00, 0x0F, 0x01, 0xE0, 0x3C, 0x07, 0x80, 0xF0, 0x1E,
    0x03, 0xC0, 0x78, 0x0F, 0x01, 0xE0, 0x3C, 0x07, 0x80, 0xFF, 0xDF, 0xFF, 0xFF, 0x80, 0x07, 0x00,
    0xE0, 0x38, 0x00, 0x0F, 0xE1, 0xFC, 0x3F, 0x80, 0x70, 0x0E, 0x01, 0xC0, 0x38, 0x07, 0x00, 0xE0,
    0x1C, 0x03, 0x80, 0x70, 0xFF, 0xFF, 0xFF, 0xFF, 0x80, 0xF0, 0x1E, 0x03, 0xC0, 0x78, 0x0F, 0x01,
    0xE0, 0x3C, 0x07, 0x80, 0xF0, 0x1E, 0x03, 0xC0, 0x78, 0x0F, 0xFD, 0xFF, 0xFF, 0xF8, 0x00, 0x0E,
    0x03, 0xE0, 0x7C, 0x07, 0x80, 0xF0, 0x1C, 0x00, 0xFE, 0x1F, 0xC3, 0xF8, 0x07, 0x00, 0xE0, 0x1C,
    0x03, 0x80, 0x70, 0x0E, 0x01, 0xC0, 0x38, 0x07, 0x0F, 0xFF, 0xFF, 0xFF, 0xF8, 0x00, 0x0E, 0x03,
    0xE0, 0x7C, 0x07, 0x80, 0xF0, 0x1C, 0x00, 0xF1, 0xDE, 0x7B, 0xCF, 0xF8, 0xFF, 0x1D, 0xE3, 0xBC,
    0x07, 0x80, 0xF0, 0x1E, 0x03, 0xC0, 0x78, 0x0F, 0xFD, 0xFF, 0xFF, 0xF8, 0xFE, 0xEF, 0xFE, 0xFF,
    0xF0, 0xEF, 0x0E, 0xE0, 0xEE, 0x0E, 0x00, 0xE0, 0x0E, 0x00, 0xE0, 0x0E, 0x00, 0xE0, 0xFF, 0xEF,
    0xFE, 0xFF, 0xE0, 0x38, 0x03, 0x80, 0x38, 0x03, 0x80, 0x38, 0x03, 0xC0, 0x3E, 0x0F, 0xE0, 0xFC,
    0x0F, 0x80, 0x78, 0x03, 0x80, 0x3F, 0xF3, 0xFF, 0x3F, 0xF0, 0xFE, 0x1F, 0xC3, 0xF8, 0x07, 0x00,
    0xE0, 0x1F, 0x03, 0xE0, 0xFC, 0x3F, 0x03, 0xC0, 0x78, 0x07, 0x0F, 0xFF, 0xFF, 0xFF, 0xF8, 0x07,
    0x00, 0xE0, 0x38, 0x00, 0x0F, 0xDF, 0xFB, 0xFF, 0x7F, 0xFF, 0xFF, 0xFD, 0xFF, 0xBF, 0xF7, 0xFE,
    0xFF, 0xDF, 0xFB, 0xFF, 0x7F, 0xEF, 0xFC, 0xFF, 0x9F, 0x80, 0x03, 0x80, 0xF0, 0x1C, 0x00, 0x0F,
    0xF9, 0xFF, 0xBF, 0xF7, 0x8F, 0xF1, 0xFE, 0x3F, 0xC7, 0xF8, 0xFF, 0x1F, 0xE3, 0xFC, 0x78, 0xFD,
    0xFF, 0xBF, 0xF7, 0xFF, 0xFF, 0xFF, 0xDF, 0xFB, 0xFF, 0x7F, 0xEF, 0xFD, 0xFF, 0xBF, 0xF7, 0xFE,
    0xFF, 0xCF, 0xF9, 0xF8, 0x00, 0x0E, 0x03, 0xE0, 0x7C, 0x07, 0x80, 0xF0, 0x1C, 0x00, 0xFF, 0x9F,
    0xFB, 0xFF, 0x78, 0xFF, 0x1F, 0xE3, 0xFC, 0x7F, 0x8F, 0xF1, 0xFE, 0x3F, 0xC7, 0x80, 0x00, 0xE0,
    0x3E, 0x07, 0xC0, 0x78, 0x0F, 0x01, 0xC0, 0x3B, 0x87, 0xF0, 0x7C, 0x00, 0x0F, 0xDF, 0xFB, 0xFF,
    0x7F, 0xFF, 0xFF, 0xFD, 0xFF, 0xBF, 0xF7, 0xFE, 0xFF, 0xDF, 0xFB, 0xFF, 0x7F, 0xEF, 0xFC, 0xFF,
    0x9F, 0x80, 0x39, 0xC3, 0xF0, 0x7E, 0x00, 0x0F, 0xF9, 0xFF, 0xBF, 0xF7, 0x8F, 0xF1, 0xFE, 0x3F,
    0xC7, 0xF8, 0xFF, 0x1F, 0xE3, 0xFC, 0x78, 0x1E, 0x03, 0xC0, 0x78, 0x0F, 0x01, 0xE0, 0x3C, 0x3F,
    0xE7, 0xFE, 0xFF, 0xDE, 0x3F, 0xC7, 0xF8, 0xFF, 0x1F, 0xE3, 0xFC, 0x7F, 0x8F, 0xF1, 0xE0, 0xFD,
    0xFF, 0xBF, 0xF7, 0xFE, 0xFF, 0xFF, 0xDF, 0xFB, 0xFF, 0x7F, 0xEF, 0xFD, 0xFF, 0xBF, 0xF7, 0xFE,
    0xFF, 0xCF, 0xF9, 0xF8, 0x0F, 0x0F, 0xE1, 0xFC, 0x3F, 0x00, 0xFF, 0x9F, 0xFB, 0xFF, 0x78, 0xFF,
    0x1F, 0xE3, 0xFC, 0x7F, 0x8F, 0xF1, 0xFE, 0x3F, 0xC7, 0x80, 0xF0, 0x7E, 0x0F, 0xC1, 0xF0, 0x3F,
    0x87, 0xF0, 0xFE, 0x00, 0x03, 0xF8, 0xFF, 0xBF, 0xF7, 0x8F, 0xE0, 0xFC, 0x1F, 0x83, 0xF0, 0x7E,
    0x0F, 0xC1, 0xF8, 0x3F, 0x8F, 0xFF, 0xCF, 0xF8, 0xFE, 0x00, 0x3F, 0x87, 0xF0, 0xFE, 0x00, 0x03,
    0xF8, 0xFF, 0xBF, 0xF7, 0x8F, 0xE0, 0xFC, 0x1F, 0x83, 0xF8, 0xFF, 0xFC, 0xFF, 0x8F, 0xE0, 0x3B,
    0x83, 0xE0, 0x7C, 0x00, 0x03, 0xF8, 0xFF, 0xBF, 0xF7, 0x8F, 0xE0, 0xFC, 0x1F, 0x83, 0xF0, 0x7E,
    0x0F, 0xC1, 0xF8, 0x3F, 0x8F, 0xFF, 0xCF, 0xF8, 0xFE, 0x00, 0x3B, 0x83, 0xE0, 0x7C, 0x00, 0x03,
    0xF8, 0xFF, 0xBF, 0xF7, 0x8F, 0xE0, 0xFC, 0x1F, 0x83, 0xF8, 0xFF, 0xFC, 0xFF, 0x8F, 0xE0, 0x1F,
    0xC3, 0xF8, 0xEE, 0x00, 0x03, 0xF8, 0xFF, 0xBF, 0xF7, 0x8F, 0xE0, 0xFC, 0x1F, 0x83, 0xF0, 0x7E,
    0x0F, 0xC1, 0xF8, 0x3F, 0x8F, 0xFF, 0xCF, 0xF8, 0xFE, 0x00, 0x1F, 0xC3, 0xF8, 0xEE, 0x00, 0x03,
    0xF8, 0xFF, 0xBF, 0xF7, 0x8F, 0xE0, 0xFC, 0x1F, 0x83, 0xF8, 0xFF, 0xFC, 0xFF, 0x8F, 0xE0, 0x1F,
    0xF9, 0xFF, 0xDF, 0xFE, 0xE7, 0x0F, 0x38, 0x79, 0xC3, 0xCF, 0xFE, 0x7F, 0xF3, 0xF7, 0x9C, 0x3C,
    0xE0, 0xE7, 0x07, 0xFF, 0x9F, 0xFC, 0x7F, 0xE0, 0x1F, 0xC3, 0xFE, 0x7F, 0xF7, 0xF7, 0x77, 0xF7,
    0x7F, 0x77, 0xF7, 0xF4, 0x7F, 0xF3, 0xFF, 0x1F, 0xC0, 0x07, 0x01, 0xE0, 0x38, 0x00, 0x0F, 0xF9,
    0xFF, 0xBF, 0xFF, 0x8F, 0xF0, 0xFE, 0x3F, 0xFF, 0x7F, 0xEF, 0xFD, 0xE3, 0xFC, 0x7F, 0x8F, 0xF1,
    0xFE, 0x3F, 0xC7, 0x80, 0x01, 0xC0, 0x1C, 0x00, 0xE0, 0x00, 0x07, 0xFE, 0x3F, 0xF9, 0xFF, 0xC3,
    0x8E, 0x1C, 0x70, 0xE0, 0x07, 0x00, 0x38, 0x07, 0xF0, 0x7F, 0x83, 0xFC, 0x00, 0xFF, 0x9F, 0xFB,
    0xFF, 0xF8, 0xFF, 0x0F, 0xE3, 0xFF, 0xF7, 0xFE, 0xFF, 0xDE, 0x3F, 0xC7, 0xF8, 0xFF, 0x1F, 0xE3,
    0xFC, 0x78, 0x00, 0x0E, 0x03, 0xE0, 0x7C, 0x07, 0x80, 0xF0, 0x1C, 0x00, 0x7F, 0xE3, 0xFF, 0x9F,
    0xFC, 0x38, 0xE1, 0xC7, 0x0E, 0x00, 0x70, 0x03, 0x80, 0x7F, 0x07, 0xF8, 0x3F, 0xC0, 0x00, 0x01,
    0xC0, 0x1F, 0x00, 0xF8, 0x03, 0xC0, 0x1E, 0x00, 0xE0, 0x00, 0x7B, 0x87, 0xE0, 0x7C, 0x00, 0x0F,
    0xF9, 0xFF, 0xBF, 0xFF, 0x8F, 0xF0, 0xFE, 0x3F, 0xFF, 0x7F, 0xEF, 0xFD, 0xE3, 0xFC, 0x7F, 0x8F,
    0xF1, 0xFE, 0x3F, 0xC7, 0x80, 0x1C, 0xE0, 0x7E, 0x03, 0xF0, 0x00, 0x07, 0xFE, 0x3F, 0xF9, 0xFF,
    0xC3, 0x8E, 0x1C, 0x70, 0xE0, 0x07, 0x00, 0x38, 0x07, 0xF0, 0x7F, 0x83, 0xFC, 0x00, 0x03, 0x80,
    0x38, 0x07, 0x00, 0x00, 0x1F, 0xC3, 0xFE, 0x7F, 0xF7, 0x8F, 0x78, 0x77, 0xC7, 0x3F, 0xC3, 0xFE,
    0x07, 0xFF, 0x0F, 0xF0, 0x77, 0x8F, 0x7F, 0xF3, 0xFE, 0x1F, 0xC0, 0x07, 0x01, 0xC0, 0xE0, 0x00,
    0x3F, 0x1F, 0xE7, 0xFD, 0xC6, 0x7F, 0x0F, 0xF0, 0xFD, 0xC7, 0x7F, 0xDF, 0xF1, 0xF8, 0x0F, 0x81,
    0xF8, 0x1D, 0xC0, 0x00, 0x1F, 0xC3, 0xFE, 0x7F, 0xF7, 0x8F, 0x78, 0x77, 0xC7, 0x3F, 0xC3, 0xFE,
    0x07, 0xFF, 0x0F, 0xF0, 0x77, 0x8F, 0x7F, 0xF3, 0xFE, 0x1F, 0xC0, 0x1F, 0x0F, 0xC3, 0xB8, 0x00,
    0x3F, 0x1F, 0xE7, 0xFD, 0xC6, 0x7F, 0x0F, 0xF0, 0xFD, 0xC7, 0x7F, 0xDF, 0xF1, 0xF8, 0x1F, 0xC3,
    0xFE, 0x7F, 0xF7, 0x8F, 0x78, 0x77, 0xC7, 0x3F, 0xC3, 0xFE, 0x07, 0xFF, 0x0F, 0xF0, 0x77, 0x8F,
    0x7F, 0xF3, 0xFE, 0x1F, 0xC0, 0xF8, 0x05, 0xC0, 0x78, 0x07, 0x80, 0x3F, 0x1F, 0xE7, 0xFD, 0xC6,
    0x7F, 0x0F, 0xF0, 0xFD, 0xC7, 0x7F, 0xDF, 0xF3, 0xF8, 0x3C, 0x1F, 0x83, 0xE0, 0xF0, 0x1D, 0xC1,
    0xFC, 0x0F, 0x80, 0x00, 0x1F, 0xC3, 0xFE, 0x7F, 0xF7, 0x8F, 0x78, 0x77, 0xC7, 0x3F, 0xC3, 0xFE,
    0x07, 0xFF, 0x0F, 0xF0, 0x77, 0x8F, 0x7F, 0xF3, 0xFE, 0x1F, 0xC0, 0x3B, 0x8F, 0xE1, 0xF0, 0x00,
    0x3F, 0x1F, 0xE7, 0xFD, 0xC6, 0x7F, 0x0F, 0xF0, 0xFD, 0xC7, 0x7F, 0xDF, 0xF1, 0xF8, 0xFF, 0xFF,
    0xFF, 0xFF, 0x87, 0x00, 0xE0, 0x1C, 0x03, 0x80, 0x70, 0x0E, 0x01, 0xC0, 0x38, 0x07, 0x00, 0xE0,
    0x1C, 0x03, 0x80, 0xF8, 0x0B, 0x81, 0xF0, 0x3C, 0x00, 0x1C, 0x07, 0x01, 0xC0, 0x70, 0xFF, 0xFF,
    0xFF, 0xFC, 0x70, 0x1C, 0x07, 0x01, 0xC0, 0x70, 0x1F, 0xC7, 0xF1, 0xFC, 0x3E, 0x07, 0xC1, 0xF0,
    0x78, 0x3B, 0x87, 0xF0, 0x7C, 0x00, 0x0F, 0xFF, 0xFF, 0xFF, 0xF8, 0x70, 0x0E, 0x01, 0xC0, 0x38,
    0x07, 0x00, 0xE0, 0x1C, 0x03, 0x80, 0x70, 0x0E, 0x01, 0xC0, 0x38, 0x00, 0x0E, 0xE0, 0xFF, 0x0F,
    0xF0, 0xEF, 0x7F, 0xF7, 0xFF, 0x7F, 0xE0, 0xE0, 0x0E, 0x00, 0xE0, 0x0E, 0x00, 0xE0, 0x0F, 0xF0,
    0xFF, 0x0F, 0xF0, 0xFF, 0xFF, 0xFF, 0xFF, 0x87, 0x00, 0xE0, 0xFF, 0x9F, 0xF3, 0xFE, 0x0E, 0x01,
    0xC0, 0x38, 0x07, 0x00, 0xE0, 0x1C, 0x03, 0x80, 0x1C, 0x07, 0x01, 0xC0, 0x70, 0xFF, 0xFF, 0xFF,
    0xFC, 0x70, 0x7F, 0x9F, 0xE7, 0xF8, 0x70, 0x1F, 0xC7, 0xF1, 0xFC, 0x1D, 0x87, 0xF9, 0xFE, 0x3B,
    0x80, 0x01, 0xC1, 0xF8, 0x3F, 0x07, 0xE0, 0xFC, 0x1F, 0x83, 0xF0, 0x7E, 0x0F, 0xC1, 0xF8, 0x3F,
    0x0F, 0xF1, 0xFF, 0xF9, 0xFF, 0x1F, 0xC0, 0x1D, 0x87, 0xF9, 0xFE, 0x3B, 0x80, 0x01, 0xE3, 0xFC,
    0x7F, 0x8F, 0xF1, 0xFE, 0x3F, 0xC7, 0xF8, 0xFF, 0x1E, 0xFF, 0xDF, 0xF9, 0xFF, 0x3F, 0x87, 0xF0,
    0xFE, 0x00, 0x0E, 0x0F, 0xC1, 0xF8, 0x3F, 0x07, 0xE0, 0xFC, 0x1F, 0x83, 0xF0, 0x7E, 0x0F, 0xC1,
    0xF8, 0x7F, 0x8F, 0xFF, 0xCF, 0xF8, 0xFE, 0x00, 0x3F, 0x87, 0xF0, 0xFE, 0x00, 0x0F, 0x1F, 0xE3,
    0xFC, 0x7F, 0x8F, 0xF1, 0xFE, 0x3F, 0xC7, 0xF8, 0xF7, 0xFE, 0xFF, 0xCF, 0xF8, 0x3B, 0x83, 0xE0,
    0x7C, 0x00, 0x0E, 0x0F, 0xC1, 0xF8, 0x3F, 0x07, 0xE0, 0xFC, 0x1F, 0x83, 0xF0, 0x7E, 0x0F, 0xC1,
    0xF8, 0x7F, 0x8F, 0xFF, 0xCF, 0xF8, 0xFE, 0x00, 0x3B, 0x83, 0xE0, 0x7C, 0x00, 0x0F, 0x1F, 0xE3,
    0xFC, 0x7F, 0x8F, 0xF1, 0xFE, 0x3F, 0xC7, 0xF8, 0xF7, 0xFE, 0xFF, 0xCF, 0xF8, 0x0E, 0x03, 0xE0,
    0x7C, 0x0F, 0x80, 0xE0, 0x00, 0x38, 0x3F, 0x07, 0xE0, 0xFC, 0x1F, 0x83, 0xF0, 0x7E, 0x0F, 0xC1,
    0xF8, 0x3F, 0x07, 0xE1, 0xFE, 0x3F, 0xFF, 0x3F, 0xE3, 0xF8, 0x0E, 0x03, 0xE0, 0x7C, 0x0F, 0x80,
    0xE0, 0x00, 0x3C, 0x7F, 0x8F, 0xF1, 0xFE, 0x3F, 0xC7, 0xF8, 0xFF, 0x1F, 0xE3, 0xDF, 0xFB, 0xFF,
    0x3F, 0xE0, 0x1F, 0xC3, 0xF8, 0xEE, 0x00, 0x0E, 0x0F, 0xC1, 0xF8, 0x3F, 0x07, 0xE0, 0xFC, 0x1F,
    0x83, 0xF0, 0x7E, 0x0F, 0xC1, 0xF8, 0x7F, 0x8F, 0xFF, 0xCF, 0xF8, 0xFE, 0x00, 0x1F, 0xC3, 0xF8,
    0xEE, 0x00, 0x0F, 0x1F, 0xE3, 0xFC, 0x7F, 0x8F, 0xF1, 0xFE, 0x3F, 0xC7, 0xF8, 0xF7, 0xFE, 0xFF,
    0xCF, 0xF8, 0xE0, 0xFC, 0x1F, 0x83, 0xF0, 0x7E, 0x0F, 0xC1, 0xF8, 0x3F, 0x07, 0xE0, 0xFC, 0x1F,
    0x83, 0xF8, 0xFF, 0xFE, 0xFF, 0x9F, 0xE0, 0xF8, 0x0E, 0x01, 0xE0, 0x3C, 0x00, 0xF1, 0xFE, 0x3F,
    0xC7, 0xF8, 0xFF, 0x1F, 0xE3, 0xFC, 0x7F, 0x8F, 0x7F, 0xEF, 0xFC, 0xFF, 0x80, 0xC0, 0x1E, 0x03,
    0xC0, 0x0F, 0x80, 0xFC, 0x07, 0x70, 0x00, 0x0E, 0xFB, 0xF7, 0xDF, 0xBE, 0xFD, 0xF7, 0xEF, 0xBF,
    0x7D, 0xFF, 0xEF, 0xFB, 0xFF, 0xDF, 0xFE, 0xFF, 0xF7, 0xFF, 0xBF, 0xFD, 0xFF, 0xEF, 0xFF, 0x7E,
    0x0F, 0x80, 0xFC, 0x07, 0x70, 0x00, 0x0E, 0xFB, 0xF7, 0xDF, 0xBE, 0xFD, 0xF7, 0xEF, 0xFF, 0xFF,
    0xFF, 0x7D, 0xFB, 0xEF, 0xDF, 0x3E, 0xF9, 0xF7, 0xC0, 0x0F, 0x80, 0xFC, 0x07, 0x70, 0x00, 0x0F,
    0x07, 0xF8, 0x39, 0xE3, 0xCF, 0x1E, 0x3D, 0xE1, 0xEF, 0x07, 0xF0, 0x3F, 0x80, 0xF8, 0x07, 0xC0,
    0x1C, 0x00, 0xE0, 0x07, 0x00, 0x38, 0x01, 0xC0, 0x1F, 0x07, 0xE0, 0xEE, 0x00, 0x0F, 0x1F, 0xE3,
    0xFC, 0x7F, 0x8F, 0xF1, 0xFE, 0x3F, 0xC7, 0xF8, 0xF7, 0xFE, 0xFF, 0xCF, 0xF8, 0x0F, 0x3F, 0xE7,
    0xFC, 0xFF, 0x00, 0x3D, 0xE1, 0xEF, 0x0F, 0x78, 0x7B, 0xC0, 0x00, 0x78, 0x3F, 0xC1, 0xCF, 0x1E,
    0x78, 0xF1, 0xEF, 0x0F, 0x78, 0x3F, 0x81, 0xFC, 0x07, 0xC0, 0x3E, 0x00, 0xE0, 0x07, 0x00, 0x38,
    0x01, 0xC0, 0x0E, 0x00, 0x03, 0x80, 0x38, 0x07, 0x00, 0x00, 0x7F, 0xF7, 0xFF, 0x7F, 0xF0, 0x0F,
    0x01, 0xF0, 0x3E, 0x07, 0xC0, 0xF8, 0x1F, 0x03, 0xE0, 0x78, 0x07, 0x00, 0x7F, 0xF7, 0xFF, 0x7F,
    0xF0, 0x07, 0x01, 0xC0, 0xE0, 0x00, 0x7F, 0xDF, 0xF7, 0xFC, 0x0F, 0x0F, 0xCF, 0xE7, 0xE1, 0xE0,
    0x7F, 0xDF, 0xF7, 0xFC, 0x07, 0x00, 0xF8, 0x0F, 0x80, 0x70, 0x00, 0x07, 0xFF, 0x7F, 0xF7, 0xFF,
    0x00, 0xF0, 0x1F, 0x03, 0xE0, 0x7C, 0x0F, 0x81, 0xF0, 0x3E, 0x07, 0x80, 0x70, 0x07, 0xFF, 0x7F,
    0xF7, 0xFF, 0x0E, 0x07, 0xC1, 0xF0, 0x38, 0x00, 0x1F, 0xF7, 0xFD, 0xFF, 0x03, 0xC3, 0xF3, 0xF9,
    0xF8, 0x78, 0x1F, 0xF7, 0xFD, 0xFF, 0x1D, 0xC1, 0xFC, 0x0F, 0x80, 0x00, 0x7F, 0xF7, 0xFF, 0x7F,
    0xF0, 0x0F, 0x01, 0xF0, 0x3E, 0x07, 0xC0, 0xF8, 0x1F, 0x03, 0xE0, 0x78, 0x07, 0x00, 0x7F, 0xF7,
    0xFF, 0x7F, 0xF0, 0x3B, 0x8F, 0xE1, 0xF0, 0x00, 0x7F, 0xDF, 0xF7, 0xFC, 0x0F, 0x0F, 0xCF, 0xE7,
    0xE1, 0xE0, 0x7F, 0xDF, 0xF7, 0xFC, 0x3F, 0x9F, 0xDF, 0xCF, 0x0F, 0x87, 0xC3, 0xE0, 0xF0, 0x78,
    0x3C, 0x1E, 0x0F, 0x07, 0x83, 0xC1, 0xE0, 0x3F, 0x7B, 0xFF, 0xFF, 0xFF, 0xE7, 0xFE, 0x3F, 0xF1,
    0xFB, 0x8E, 0x1C, 0x70, 0xE3, 0x87, 0x1C, 0x38, 0xE1, 0xE7, 0x0F, 0xF8, 0x3F, 0x80, 0xF8, 0x00,
    0x3E, 0x73, 0xFB, 0xDF, 0xFF, 0xE7, 0xFE, 0x3F, 0xF1, 0xFB, 0x8E, 0x1E, 0x70, 0x7F, 0x83, 0xF8,
    0x0F, 0x80, 0xF7, 0xFF, 0xBF, 0xFD, 0xFF, 0xEF, 0xFF, 0x7F, 0xFB, 0xFB, 0xDE, 0x1E, 0xF0, 0xF7,
    0x87, 0xBC, 0x3D, 0xE1, 0xEF, 0x0F, 0xF0, 0x3F, 0x80, 0xF8, 0x00, 0xE7, 0xFF, 0x3F, 0xF9, 0xFF,
    0xCF, 0xFE, 0x7F, 0xF3, 0xFF, 0x9E, 0x1C, 0xF0, 0xFF, 0x87, 0xFC, 0x1F, 0xE0, 0x1D, 0xC0, 0xFE,
    0x03, 0xE0, 0x00, 0x01, 0xFC, 0x0F, 0xE0, 0x77, 0x03, 0xB8, 0x3D, 0xC1, 0xEF, 0x0E, 0x78, 0x71,
    0xC7, 0x8E, 0x3F, 0xF9, 0xFF, 0xCF, 0xFE, 0x70, 0x77, 0x83, 0xFC, 0x1E, 0x39, 0xC0, 0xFC, 0x07,
    0xE0, 0x00, 0x01, 0xFF, 0x1F, 0xF9, 0xFF, 0xCF, 0x3E, 0x70, 0xF7, 0x87, 0x9C, 0x3C, 0xF3, 0xE7,
    0xFF, 0x1F, 0xFC, 0x7D, 0xE0, 0x3B, 0x87, 0xF0, 0x7C, 0x00, 0x0F, 0xFF, 0xFF, 0xFF, 0xF8, 0x70,
    0x0E, 0x01, 0xC0, 0x38, 0x07, 0x00, 0xE0, 0x1C, 0x03, 0x80, 0x70, 0xFF, 0xFF, 0xFF, 0xFF, 0x80,
    0x3B, 0x87, 0xE0, 0x7C, 0x00, 0x07, 0xE0, 0xFC, 0x1F, 0x80, 0x70, 0x0E, 0x01, 0xC0, 0x38, 0x07,
    0x07, 0xFD, 0xFF, 0xBF, 0xF0, 0x3B, 0x87, 0xF0, 0x7C, 0x00, 0x03, 0xF8, 0xFF, 0xBF, 0xF7, 0x8F,
    0xE0, 0xFC, 0x1F, 0x83, 0xF0, 0x7E, 0x0F, 0xC1, 0xF8, 0x3F, 0x8F, 0xFF, 0xCF, 0xF8, 0xFE, 0x00,
    0x3B, 0x87, 0xF0, 0x7C, 0x00, 0x03, 0xF8, 0xFF, 0xBF, 0xF7, 0x8F, 0xE0, 0xFC, 0x1F, 0x83, 0xF8,
    0xFF, 0xFC, 0xFF, 0x8F, 0xE0, 0x3B, 0x87, 0xF0, 0x7C, 0x00, 0x0E, 0x0F, 0xC1, 0xF8, 0x3F, 0x07,
    0xE0, 0xFC, 0x1F, 0x83, 0xF0, 0x7E, 0x0F, 0xC1, 0xF8, 0x7F, 0x8F, 0xFF, 0xCF, 0xF8, 0xFE, 0x00,
    0x3B, 0x87, 0xF0, 0x7C, 0x00, 0x0F, 0x1F, 0xE3, 0xFC, 0x7F, 0x8F, 0xF1, 0xFE, 0x3F, 0xC7, 0xF8,
    0xF7, 0xFE, 0xFF, 0xCF, 0xF8, 0x3F, 0x87, 0xF0, 0xFE, 0x3D, 0xE7, 0xBC, 0xF7, 0x9E, 0xF0, 0x00,
    0xE0, 0xFC, 0x1F, 0x83, 0xF0, 0x7E, 0x0F, 0xC1, 0xF8, 0x3F, 0x07, 0xE0, 0xFC, 0x1F, 0x87, 0xF8,
    0xFF, 0xFC, 0xFF, 0x8F, 0xE0, 0x3F, 0x87, 0xF0, 0xFE, 0x3D, 0xE7, 0xBC, 0xF7, 0x9E, 0xF0, 0x00,
    0xF1, 0xFE, 0x3F, 0xC7, 0xF8, 0xFF, 0x1F, 0xE3, 0xFC, 0x7F, 0x8F, 0x7F, 0xEF, 0xFC, 0xFF, 0x80,
    0x01, 0xC0, 0x78, 0x0E, 0x3D, 0xE7, 0xBC, 0xF7, 0x9E, 0xF0, 0x00, 0xE0, 0xFC, 0x1F, 0x83, 0xF0,
    0x7E, 0x0F, 0xC1, 0xF8, 0x3F, 0x07, 0xE0, 0xFC, 0x1F, 0x87, 0xF8, 0xFF, 0xFC, 0xFF, 0x8F, 0xE0,
    0x07, 0x00, 0xE0, 0x38, 0x3D, 0xE7, 0xBC, 0xF7, 0x9E, 0xF0, 0x00, 0xF1, 0xFE, 0x3F, 0xC7, 0xF8,
    0xFF, 0x1F, 0xE3, 0xFC, 0x7F, 0x8F, 0x7F, 0xEF, 0xFC, 0xFF, 0x80, 0x3B, 0x87, 0xF0, 0x7C, 0x3D,
    0xE7, 0xBC, 0xF7, 0x9E, 0xF0, 0x00, 0xE0, 0xFC, 0x1F, 0x83, 0xF0, 0x7E, 0x0F, 0xC1, 0xF8, 0x3F,
    0x07, 0xE0, 0xFC, 0x1F, 0x87, 0xF8, 0xFF, 0xFC, 0xFF, 0x8F, 0xE0, 0x3B, 0x87, 0xF0, 0x7C, 0x3D,
    0xE7, 0xBC, 0xF7, 0x9E, 0xF0, 0x00, 0xF1, 0xFE, 0x3F, 0xC7, 0xF8, 0xFF, 0x1F, 0xE3, 0xFC, 0x7F,
    0x8F, 0x7F, 0xEF, 0xFC, 0xFF, 0x80, 0x3C, 0x03, 0x80, 0x38, 0x3D, 0xE7, 0xBC, 0xF7, 0x9E, 0xF0,
    0x00, 0xE0, 0xFC, 0x1F, 0x83, 0xF0, 0x7E, 0x0F, 0xC1, 0xF8, 0x3F, 0x07, 0xE0, 0xFC, 0x1F, 0x87,
    0xF8, 0xFF, 0xFC, 0xFF, 0x8F, 0xE0, 0x1C, 0x03, 0x80, 0x38, 0x3D, 0xE7, 0xBC, 0xF7, 0x9E, 0xF0,
    0x00, 0xF1, 0xFE, 0x3F, 0xC7, 0xF8, 0xFF, 0x1F, 0xE3, 0xFC, 0x7F, 0x8F, 0x7F, 0xEF, 0xFC, 0xFF,
    0x80, 0x1D, 0xC1, 0xFC, 0x0F, 0x80, 0x00, 0x1F, 0xC3, 0xFE, 0x7F, 0xF7, 0x8F, 0x70, 0x77, 0x07,
    0x70, 0x07, 0x7F, 0x77, 0xF7, 0x7F, 0x70, 0xF7, 0x8F, 0x7F, 0xF3, 0xFF, 0x1F, 0x70, 0x3B, 0x83,
    0xF8, 0x1F, 0x00, 0x00, 0x1F, 0xF3, 0xFF, 0x7F, 0xF7, 0x8F, 0x70, 0x77, 0x07, 0x70, 0x77, 0x8F,
    0x7F, 0xF3, 0xFF, 0x1F, 0x70, 0x07, 0x1F, 0xF1, 0xFF, 0x1F, 0xF0, 0x3F, 0x8F, 0xFB, 0xFF, 0x78,
    0xFE, 0x1F, 0xC1, 0xF8, 0x3F, 0x07, 0xE0, 0xFC, 0x1F, 0x83, 0xF0, 0xFF, 0x3E, 0xFF, 0x9F, 0xE0,
    0xF8, 0x0C, 0x01, 0xE0, 0x3C, 0x00, 0x3F, 0x0F, 0xFB, 0xFF, 0x78, 0xFE, 0x0F, 0xC1, 0xF8, 0x3F,
    0x8F, 0xFF, 0xEF, 0xF8, 0xFE, 0x07, 0x00, 0xE0, 0x1E, 0x03, 0xC0, 0x1F, 0xC3, 0xFE, 0x7F, 0xF7,
    0x8F, 0x78, 0x77, 0xC7, 0x3F, 0xC3, 0xFE, 0x07, 0xFF, 0x0F, 0xF0, 0x77, 0x8F, 0x7F, 0xF3, 0xFE,
    0x1F, 0xC0, 0x00, 0x07, 0x00, 0x78, 0x07, 0x80, 0x78, 0x07, 0x80, 0x70, 0x3F, 0x1F, 0xE7, 0xFD,
    0xC6, 0x7F, 0x0F, 0xF0, 0xFD, 0xC7, 0x7F, 0xDF, 0xF1, 0xF8, 0x00, 0x0E, 0x07, 0xC1, 0xF0, 0x3C,
    0x0F, 0x03, 0x80, 0xFF, 0xFF, 0xFF, 0xFF, 0x87, 0x00, 0xE0, 0x1C, 0x03, 0x80, 0x70, 0x0E, 0x01,
    0xC0, 0x38, 0x07, 0x00, 0xE0, 0x1C, 0x03, 0x80, 0x00, 0x0E, 0x03, 0xE0, 0x7C, 0x07, 0x80, 0xF0,
    0x1C, 0x00, 0x1C, 0x07, 0x01, 0xC0, 0x70, 0xFF, 0xFF, 0xFF, 0xFC, 0x70, 0x1C, 0x07, 0x01, 0xC0,
    0x70, 0x1F, 0xC7, 0xF1, 0xFC, 0x00, 0x1E, 0x07, 0x81, 0xE0, 0x78, 0x1E, 0x07, 0x80, 0xEF, 0x70,
    0x7B, 0x9C, 0x7C, 0x7E, 0xEE, 0x33, 0x3F, 0xFF, 0xDF, 0xC0, 0x00, 0xFF, 0xFF, 0xF8, 0xDF, 0xF7,
    0x80, 0xF7, 0xBD, 0xE0, 0xF7, 0xBD, 0xEF, 0x7B, 0xDE, 0xF3, 0xFF, 0xFF, 0x00, 0x77, 0xFF, 0xFF,
    0x00, 0x7F, 0xFE, 0xFC, 0xEE, 0xFE, 0x7C, 0xFF, 0xCE, 0xFF, 0xE0, 0x77, 0xFE, 0xF3, 0xFF, 0xC0,
    0xF7, 0xBD, 0xE0, 0x77, 0xBC, 0xE7, 0x78, 0xC7, 0xFE, 0xFF, 0x00, 0xEE, 0xCF, 0xF0, 0xDF, 0xF7,
    0x80, 0xFF, 0xFF, 0xF8, 0x1F, 0xC0, 0xFE, 0x07, 0x70, 0x3B, 0x83, 0xDC, 0x1E, 0xF0, 0xE7, 0x87,
    0x1C, 0x78, 0xE3, 0xFF, 0x9F, 0xFC, 0xFF, 0xE7, 0x07, 0x78, 0x3F, 0xC1, 0xE0, 0x00, 0x07, 0x00,
    0x7C, 0x03, 0xE0, 0x0E, 0x00, 0x1F, 0xF1, 0xFF, 0x9F, 0xFC, 0xF3, 0xE7, 0x0F, 0x78, 0x79, 0xC3,
    0xCF, 0x3E, 0x7F, 0xF1, 0xFF, 0xC7, 0xDE, 0x00, 0x00, 0xF0, 0x07, 0x80, 0x3C, 0x01, 0xE0, 0x03,
    0x80, 0x1E, 0x01, 0xF0, 0x0F, 0x80, 0x78, 0x00, 0x00, 0x7F, 0x03, 0xF8, 0x1D, 0xC0, 0xEE, 0x0F,
    0x70, 0x7B, 0xC3, 0x9E, 0x1C, 0x71, 0xE3, 0x8F, 0xFE, 0x7F, 0xF3, 0xFF, 0x9C, 0x1D, 0xE0, 0xFF,
    0x07, 0x80, 0x07, 0x80, 0x3E, 0x01, 0xF0, 0x0F, 0x80, 0x78, 0x00, 0x00, 0x7F, 0xC7, 0xFE, 0x7F,
    0xF3, 0xCF, 0x9C, 0x3D, 0xE1, 0xE7, 0x0F, 0x3C, 0xF9, 0xFF, 0xC7, 0xFF, 0x1F, 0x78, 0x00, 0x38,
    0x01, 0xE0, 0xFF, 0x07, 0xE0, 0x1D, 0xC0, 0x00, 0x01, 0xFC, 0x07, 0xF0, 0x1D, 0xC0, 0x77, 0x03,
    0xDC, 0x0F, 0x78, 0x39, 0xE0, 0xE3, 0x87, 0x8E, 0x1F, 0xFC, 0x7F, 0xF1, 0xFF, 0xC7, 0x07, 0x3C,
    0x1E, 0xF0, 0x78, 0x00, 0x78, 0x03, 0x83, 0xDC, 0x3F, 0x03, 0xFC, 0x00, 0x00, 0x7F, 0xC7, 0xFE,
    0x7F, 0xF3, 0xCF, 0x9C, 0x3D, 0xE1, 0xE7, 0x0F, 0x3C, 0xF9, 0xFF, 0xC7, 0xFF, 0x1F, 0x78, 0xF0,
    0x01, 0xC0, 0x07, 0xFC, 0x03, 0xF0, 0x0E, 0xE0, 0x00, 0x00, 0xFE, 0x03, 0xF8, 0x0E, 0xE0, 0x3B,
    0x81, 0xEE, 0x07, 0xBC, 0x1C, 0xF0, 0x71, 0xC3, 0xC7, 0x0F, 0xFE, 0x3F, 0xF8, 0xFF, 0xE3, 0x83,
    0x9E, 0x0F, 0x78, 0x3C, 0x70, 0x01, 0xC0, 0x03, 0xFC, 0x01, 0xF8, 0x0E, 0xE0, 0x00, 0x00, 0xFF,
    0x87, 0xFE, 0x3F, 0xF8, 0xF3, 0xE3, 0x87, 0x9E, 0x1E, 0x38, 0x78, 0xF3, 0xE3, 0xFF, 0x87, 0xFF,
    0x0F, 0xBC, 0x00, 0x38, 0x00, 0xF0, 0x07, 0xC0, 0x1F, 0x00, 0x78, 0x3E, 0x01, 0xF8, 0x07, 0x70,
    0x00, 0x00, 0x7F, 0x01, 0xFC, 0x07, 0x70, 0x1D, 0xC0, 0xF7, 0x03, 0xDE, 0x0E, 0x78, 0x38, 0xE1,
    0xE3, 0x87, 0xFF, 0x1F, 0xFC, 0x7F, 0xF1, 0xC1, 0xCF, 0x07, 0xBC, 0x1E, 0x00, 0x78, 0x01, 0xF0,
    0x0F, 0xC0, 0x3E, 0x0F, 0x78, 0x7E, 0x03, 0xFC, 0x00, 0x00, 0x1F, 0xF0, 0xFF, 0xC7, 0xFF, 0x1E,
    0x7C, 0x70, 0xF3, 0xC3, 0xC7, 0x0F, 0x1E, 0x7C, 0x7F, 0xF0, 0xFF, 0xE1, 0xF7, 0x80, 0x0E, 0xC0,
    0xFF, 0x0F, 0xF0, 0x77, 0x00, 0x00, 0x07, 0xC0, 0x7E, 0x03, 0xB8, 0x00, 0x00, 0xFE, 0x07, 0xF0,
    0x3B, 0x81, 0xDC, 0x1E, 0xE0, 0xF7, 0x87, 0x3C, 0x38, 0xE3, 0xC7, 0x1F, 0xFC, 0xFF, 0xE7, 0xFF,
    0x38, 0x3B, 0xC1, 0xFE, 0x0F, 0x1C, 0x80, 0xFE, 0x0F, 0xF0, 0x7F, 0x00, 0x00, 0x07, 0x80, 0x7E,
    0x07, 0xF8, 0x00, 0x00, 0xFF, 0x8F, 0xFC, 0xFF, 0xE7, 0x9F, 0x38, 0x7B, 0xC3, 0xCE, 0x1E, 0x79,
    0xF3, 0xFF, 0x8F, 0xFE, 0x3E, 0xF0, 0x0F, 0x80, 0xFC, 0x07, 0x70, 0x00, 0x01, 0xFC, 0x0F, 0xE0,
    0x77, 0x03, 0xB8, 0x3D, 0xC1, 0xEF, 0x0E, 0x78, 0x71, 0xC7, 0x8E, 0x3F, 0xF9, 0xFF, 0xCF, 0xFE,
    0x70, 0x77, 0x83, 0xFC, 0x1E, 0x00, 0x00, 0x70, 0x07, 0xC0, 0x3E, 0x00, 0xE0, 0x0F, 0x00, 0xFC,
    0x0F, 0xF0, 0x00, 0x01, 0xFF, 0x1F, 0xF9, 0xFF, 0xCF, 0x3E, 0x70, 0xF7, 0x87, 0x9C, 0x3C, 0xF3,
    0xE7, 0xFF, 0x1F, 0xFC, 0x7D, 0xE0, 0x00, 0x0F, 0x00, 0x78, 0x03, 0xC0, 0x1E, 0x00, 0x03, 0x80,
    0x1C, 0x01, 0xC0, 0x3B, 0x80, 0xF8, 0x07, 0xC0, 0x00, 0x03, 0xF8, 0x1F, 0xC0, 0xEE, 0x07, 0x70,
    0x7B, 0x83, 0xDE, 0x1C, 0xF0, 0xE3, 0x8F, 0x1C, 0x7F, 0xF3, 0xFF, 0x9F, 0xFC, 0xE0, 0xEF, 0x07,
    0xF8, 0x3C, 0x03, 0x80, 0x38, 0x01, 0xC0, 0x00, 0x01, 0xF8, 0x0F, 0xC0, 0x3C, 0x00, 0x00, 0x1F,
    0xF1, 0xFF, 0x9F, 0xFC, 0xF3, 0xE7, 0x0F, 0x78, 0x79, 0xC3, 0xCF, 0x3E, 0x7F, 0xF1, 0xFF, 0xC7,
    0xDE, 0x1E, 0x00, 0x70, 0x01, 0xC0, 0x3B, 0x80, 0xF8, 0x07, 0xC0, 0x00, 0x03, 0xF8, 0x1F, 0xC0,
    0xEE, 0x07, 0x70, 0x7B, 0x83, 0xDE, 0x1C, 0xF0, 0xE3, 0x8F, 0x1C, 0x7F, 0xF3, 0xFF, 0x9F, 0xFC,
    0xE0, 0xEF, 0x07, 0xF8, 0x3C, 0x1C, 0x00, 0xF0, 0x03, 0x80, 0x00, 0x01, 0xF8, 0x0F, 0xC0, 0x3C,
    0x00, 0x00, 0x1F, 0xF1, 0xFF, 0x9F, 0xFC, 0xF3, 0xE7, 0x0F, 0x78, 0x79, 0xC3, 0xCF, 0x3E, 0x7F,
    0xF1, 0xFF, 0xC7, 0xDE, 0x03, 0x80, 0x1E, 0x01, 0xF0, 0x0F, 0x80, 0x78, 0x0E, 0xE0, 0x3E, 0x01,
    0xF0, 0x00, 0x00, 0xFE, 0x07, 0xF0, 0x3B, 0x81, 0xDC, 0x1E, 0xE0, 0xF7, 0x87, 0x3C, 0x38, 0xE3,
    0xC7, 0x1F, 0xFC, 0xFF, 0xE7, 0xFF, 0x38, 0x3B, 0xC1, 0xFE, 0x0F, 0x07, 0x80, 0x3E, 0x01, 0xF0,
    0x0F, 0x80, 0x78, 0x00, 0x00, 0x7E, 0x03, 0xF0, 0x0F, 0x00, 0x00, 0x07, 0xFC, 0x7F, 0xE7, 0xFF,
    0x3C, 0xF9, 0xC3, 0xDE, 0x1E, 0x70, 0xF3, 0xCF, 0x9F, 0xFC, 0x7F, 0xF1, 0xF7, 0x80, 0x0E, 0xC0,
    0xFF, 0x0F, 0xF0, 0x77, 0x01, 0xDC, 0x07, 0xC0, 0x3E, 0x00, 0x00, 0x1F, 0xC0, 0xFE, 0x07, 0x70,
    0x3B, 0x83, 0xDC, 0x1E, 0xF0, 0xE7, 0x87, 0x1C, 0x78, 0xE3, 0xFF, 0x9F, 0xFC, 0xFF, 0xE7, 0x07,
    0x78, 0x3F, 0xC1, 0xE0, 0x1C, 0x80, 0xFE, 0x0F, 0xF0, 0x7F, 0x00, 0x00, 0x0F, 0xC0, 0x7E, 0x01,
    0xE0, 0x00, 0x00, 0xFF, 0x8F, 0xFC, 0xFF, 0xE7, 0x9F, 0x38, 0x7B, 0xC3, 0xCE, 0x1E, 0x79, 0xF3,
    0xFF, 0x8F, 0xFE, 0x3E, 0xF0, 0x1D, 0xC0, 0x7C, 0x03, 0xE0, 0x00, 0x01, 0xFC, 0x0F, 0xE0, 0x77,
    0x03, 0xB8, 0x3D, 0xC1, 0xEF, 0x0E, 0x78, 0x71, 0xC7, 0x8E, 0x3F, 0xF9, 0xFF, 0xCF, 0xFE, 0x70,
    0x77, 0x83, 0xFC, 0x1E, 0x00, 0x00, 0x70, 0x07, 0xC0, 0x3E, 0x00, 0xE0, 0x1F, 0x80, 0xFC, 0x03,
    0xC0, 0x00, 0x01, 0xFF, 0x1F, 0xF9, 0xFF, 0xCF, 0x3E, 0x70, 0xF7, 0x87, 0x9C, 0x3C, 0xF3, 0xE7,
    0xFF, 0x1F, 0xFC, 0x7D, 0xE0, 0x00, 0x0F, 0x00, 0x78, 0x03, 0xC0, 0x1E, 0x00, 0xFF, 0xDF, 0xFB,
    0xFF, 0x78, 0x0F, 0x01, 0xE0, 0x3F, 0xF7, 0xFE, 0xFF, 0xDE, 0x03, 0xC0, 0x78, 0x0F, 0xFF, 0xFF,
    0xFF, 0xF8, 0x00, 0x0E, 0x03, 0xE0, 0x7C, 0x07, 0x00, 0x1F, 0x0F, 0xF9, 0xFF, 0x78, 0xFF, 0xFF,
    0xFF, 0xFF, 0xFF, 0x8C, 0x7F, 0xCF, 0xF8, 0xFE, 0x00, 0x00, 0xE0, 0x3E, 0x07, 0xC0, 0x70, 0x07,
    0x00, 0xF0, 0x3E, 0x07, 0xC0, 0xF0, 0x00, 0x3F, 0xF7, 0xFE, 0xFF, 0xDE, 0x03, 0xC0, 0x78, 0x0F,
    0xFD, 0xFF, 0xBF, 0xF7, 0x80, 0xF0, 0x1E, 0x03, 0xFF, 0xFF, 0xFF, 0xFE, 0x07, 0x00, 0xF0, 0x3E,
    0x07, 0xC0, 0xF0, 0x00, 0x07, 0xC3, 0xFE, 0x7F, 0xDE, 0x3F, 0xFF, 0xFF, 0xFF, 0xFF, 0xE3, 0x1F,
    0xF3, 0xFE, 0x3F, 0x80, 0x1D, 0x87, 0xF9, 0xFE, 0x3B, 0x80, 0x01, 0xFF, 0xBF, 0xF7, 0xFE, 0xF0,
    0x1E, 0x03, 0xC0, 0x7F, 0xEF, 0xFD, 0xFF, 0xBC, 0x07, 0x80, 0xF0, 0x1F, 0xFF, 0xFF, 0xFF, 0xF0,
    0x1D, 0x87, 0xF9, 0xFE, 0x3B, 0x80, 0x00, 0x3E, 0x1F, 0xF3, 0xFE, 0xF1, 0xFF, 0xFF, 0xFF, 0xFF,
    0xFF, 0x18, 0xFF, 0x9F, 0xF1, 0xFC, 0x00, 0x70, 0x07, 0x87, 0xF8, 0x7E, 0x03, 0xB8, 0x00, 0x03,
    0xFF, 0x1F, 0xF8, 0xFF, 0xC7, 0x80, 0x3C, 0x01, 0xE0, 0x0F, 0xFC, 0x7F, 0xE3, 0xFF, 0x1E, 0x00,
    0xF0, 0x07, 0x80, 0x3F, 0xF9, 0xFF, 0xCF, 0xFE, 0x00, 0x00, 0x70, 0x07, 0x87, 0xF8, 0x7E, 0x03,
    0xB8, 0x00, 0x00, 0x7C, 0x0F, 0xF8, 0x7F, 0xC7, 0x8F, 0x3F, 0xF9, 0xFF, 0xCF, 0xFE, 0x78, 0xC1,
    0xFF, 0x0F, 0xF8, 0x3F, 0x80, 0xF0, 0x03, 0x80, 0x1F, 0xF0, 0x1F, 0x80, 0xEE, 0x00, 0x00, 0xFF,
    0xC7, 0xFE, 0x3F, 0xF1, 0xE0, 0x0F, 0x00, 0x78, 0x03, 0xFF, 0x1F, 0xF8, 0xFF, 0xC7, 0x80, 0x3C,
    0x01, 0xE0, 0x0F, 0xFE, 0x7F, 0xF3, 0xFF, 0x80, 0xF0, 0x03, 0x80, 0x1F, 0xF0, 0x1F, 0x80, 0xEE,
    0x00, 0x00, 0x1F, 0x03, 0xFE, 0x1F, 0xF1, 0xE3, 0xCF, 0xFE, 0x7F, 0xF3, 0xFF, 0x9E, 0x30, 0x7F,
    0xC3, 0xFE, 0x0F, 0xE0, 0x00, 0x70, 0x03, 0xC0, 0x3E, 0x01, 0xF0, 0x0F, 0x0F, 0x80, 0xFC, 0x07,
    0x70, 0x00, 0x07, 0xFE, 0x3F, 0xF1, 0xFF, 0x8F, 0x00, 0x78, 0x03, 0xC0, 0x1F, 0xF8, 0xFF, 0xC7,
    0xFE, 0x3C, 0x01, 0xE0, 0x0F, 0x00, 0x7F, 0xF3, 0xFF, 0x9F, 0xFC, 0x00, 0x70, 0x03, 0xC0, 0x3E,
    0x01, 0xF1, 0xFF, 0x1F, 0x80, 0xEE, 0x00, 0x00, 0x1F, 0x03, 0xFE, 0x1F, 0xF1, 0xE3, 0xCF, 0xFE,
    0x7F, 0xF3, 0xFF, 0x9E, 0x30, 0x7F, 0xC3, 0xFE, 0x0F, 0xE0, 0x1D, 0x87, 0xF9, 0xFE, 0x3B, 0x80,
    0x00, 0x3E, 0x0F, 0xC1, 0xDC, 0x00, 0x1F, 0xFB, 0xFF, 0x7F, 0xEF, 0x01, 0xE0, 0x3C, 0x07, 0xFE,
    0xFF, 0xDF, 0xFB, 0xC0, 0x78, 0x0F, 0x01, 0xFF, 0xFF, 0xFF, 0xFF, 0x1D, 0x87, 0xF9, 0xFE, 0x3B,
    0x80, 0x00, 0x3E, 0x0F, 0xC1, 0xDC, 0x00, 0x03, 0xE1, 0xFF, 0x3F, 0xEF, 0x1F, 0xFF, 0xFF, 0xFF,
    0xFF, 0xF1, 0x8F, 0xF9, 0xFF, 0x1F, 0xC0, 0x1F, 0x07, 0xE0, 0xEE, 0x00, 0x0F, 0xFD, 0xFF, 0xBF,
    0xF7, 0x80, 0xF0, 0x1E, 0x03, 0xFF, 0x7F, 0xEF, 0xFD, 0xE0, 0x3C, 0x07, 0x80, 0xFF, 0xFF, 0xFF,
    0xFF, 0x80, 0x00, 0xE0, 0x3E, 0x07, 0xC0, 0x70, 0x1F, 0x07, 0xE0, 0xEE, 0x00, 0x01, 0xF0, 0xFF,
    0x9F, 0xF7, 0x8F, 0xFF, 0xFF, 0xFF, 0xFF, 0xF8, 0xC7, 0xFC, 0xFF, 0x8F, 0xE0, 0x00, 0x0E, 0x03,
    0xE0, 0x7C, 0x07, 0x00, 0x07, 0x00, 0xF0, 0x3E, 0x07, 0xC0, 0xF0, 0x00, 0x3F, 0xFF, 0xFF, 0xFF,
    0xE1, 0xC0, 0x38, 0x07, 0x00, 0xE0, 0x1C, 0x03, 0x80, 0x70, 0x0E, 0x01, 0xC3, 0xFF, 0xFF, 0xFF,
    0xFE, 0x07, 0x00, 0xF0, 0x3E, 0x07, 0xC0, 0xF0, 0x00, 0x1F, 0x83, 0xF0, 0x7E, 0x01, 0xC0, 0x38,
    0x07, 0x00, 0xE0, 0x1C, 0x1F, 0xF7, 0xFE, 0xFF, 0xC0, 0xFF, 0xFF, 0xFF, 0xFF, 0x87, 0x00, 0xE0,
    0x1C, 0x03, 0x80, 0x70, 0x0E, 0x01, 0xC0, 0x38, 0x07, 0x0F, 0xFF, 0xFF, 0xFF, 0xF8, 0x00, 0x0E,
    0x03, 0xE0, 0x7C, 0x07, 0x00, 0x0E, 0x03, 0xE0, 0x7C, 0x07, 0x00, 0x00, 0xFC, 0x1F, 0x83, 0xF0,
    0x0E, 0x01, 0xC0, 0x38, 0x07, 0x00, 0xE0, 0xFF, 0xBF, 0xF7, 0xFE, 0x00, 0x01, 0xC0, 0x7C, 0x0F,
    0x80, 0xE0, 0x3F, 0x8F, 0xFB, 0xFF, 0x78, 0xFE, 0x0F, 0xC1, 0xF8, 0x3F, 0x07, 0xE0, 0xFC, 0x1F,
    0x83, 0xF8, 0xFF, 0xFC, 0xFF, 0x8F, 0xE0, 0x00, 0x0E, 0x03, 0xE0, 0x7C, 0x07, 0x00, 0x3F, 0x8F,
    0xFB, 0xFF, 0x78, 0xFE, 0x0F, 0xC1, 0xF8, 0x3F, 0x8F, 0xFF, 0xCF, 0xF8, 0xFE, 0x00, 0x00, 0xE0,
    0x3E, 0x07, 0xC0, 0x70, 0x07, 0x00, 0xF0, 0x3E, 0x07, 0xC0, 0xF0, 0x00, 0x0F, 0xE3, 0xFE, 0xFF,
    0xDE, 0x3F, 0x83, 0xF0, 0x7E, 0x0F, 0xC1, 0xF8, 0x3F, 0x07, 0xE0, 0xFE, 0x3F, 0xFF, 0x3F, 0xE3,
    0xF8, 0x07, 0x00, 0xF0, 0x3E, 0x07, 0xC0, 0xF0, 0x00, 0x0F, 0xE3, 0xFE, 0xFF, 0xDE, 0x3F, 0x83,
    0xF0, 0x7E, 0x0F, 0xE3, 0xFF, 0xF3, 0xFE, 0x3F, 0x80, 0x00, 0x70, 0x07, 0x87, 0xF8, 0x7E, 0x03,
    0xB8, 0x00, 0x00, 0xFE, 0x0F, 0xF8, 0xFF, 0xC7, 0x8F, 0x38, 0x39, 0xC1, 0xCE, 0x0E, 0x70, 0x73,
    0x83, 0x9C, 0x1C, 0xE0, 0xE7, 0x8F, 0x3F, 0xF0, 0xFF, 0x83, 0xF8, 0x00, 0x00, 0x70, 0x07, 0x87,
    0xF8, 0x7E, 0x03, 0xB8, 0x00, 0x00, 0xFE, 0x0F, 0xF8, 0xFF, 0xC7, 0x8F, 0x38, 0x39, 0xC1, 0xCE,
    0x0E, 0x78, 0xF3, 0xFF, 0x0F, 0xF8, 0x3F, 0x80, 0xF0, 0x03, 0x80, 0x1F, 0xF0, 0x1F, 0x80, 0xEE,
    0x00, 0x00, 0x3F, 0x83, 0xFE, 0x3F, 0xF1, 0xE3, 0xCE, 0x0E, 0x70, 0x73, 0x83, 0x9C, 0x1C, 0xE0,
    0xE7, 0x07, 0x38, 0x39, 0xE3, 0xCF, 0xFC, 0x3F, 0xE0, 0xFE, 0x00, 0xF0, 0x03, 0x80, 0x1F, 0xF0,
    0x1F, 0x80, 0xEE, 0x00, 0x00, 0x3F, 0x83, 0xFE, 0x3F, 0xF1, 0xE3, 0xCE, 0x0E, 0x70, 0x73, 0x83,
    0x9E, 0x3C, 0xFF, 0xC3, 0xFE, 0x0F, 0xE0, 0x00, 0x70, 0x03, 0xC0, 0x3E, 0x01, 0xF0, 0x0F, 0x0F,
    0x80, 0xFC, 0x07, 0x70, 0x00, 0x01, 0xFC, 0x1F, 0xF1, 0xFF, 0x8F, 0x1E, 0x70, 0x73, 0x83, 0x9C,
    0x1C, 0xE0, 0xE7, 0x07, 0x38, 0x39, 0xC1, 0xCF, 0x1E, 0x7F, 0xE1, 0xFF, 0x07, 0xF0, 0x00, 0x70,
    0x03, 0xC0, 0x3E, 0x01, 0xF1, 0xFF, 0x1F, 0x80, 0xEE, 0x00, 0x00, 0x3F, 0x83, 0xFE, 0x3F, 0xF1,
    0xE3, 0xCE, 0x0E, 0x70, 0x73, 0x83, 0x9E, 0x3C, 0xFF, 0xC3, 0xFE, 0x0F, 0xE0, 0x1D, 0x87, 0xF9,
    0xFE, 0x3B, 0x80, 0x00, 0x3E, 0x0F, 0xC1, 0xDC, 0x00, 0x07, 0xF1, 0xFF, 0x7F, 0xEF, 0x1F, 0xC1,
    0xF8, 0x3F, 0x07, 0xE0, 0xFC, 0x1F, 0x83, 0xF0, 0x7F, 0x1F, 0xFF, 0x9F, 0xF1, 0xFC, 0x1D, 0x87,
    0xF9, 0xFE, 0x3B, 0x80, 0x00, 0x3E, 0x0F, 0xC1, 0xDC, 0x00, 0x07, 0xF1, 0xFF, 0x7F, 0xEF, 0x1F,
    0xC1, 0xF8, 0x3F, 0x07, 0xF1, 0xFF, 0xF9, 0xFF, 0x1F, 0xC0, 0x1F, 0x07, 0xE0, 0xEE, 0x00, 0x03,
    0xF8, 0xFF, 0xBF, 0xF7, 0x8F, 0xE0, 0xFC, 0x1F, 0x83, 0xF0, 0x7E, 0x0F, 0xC1, 0xF8, 0x3F, 0x8F,
    0xFF, 0xCF, 0xF8, 0xFE, 0x00, 0x00, 0xE0, 0x3E, 0x07, 0xC0, 0x70, 0x1F, 0x07, 0xE0, 0xEE, 0x00,
    0x03, 0xF8, 0xFF, 0xBF, 0xF7, 0x8F, 0xE0, 0xFC, 0x1F, 0x83, 0xF8, 0xFF, 0xFC, 0xFF, 0x8F, 0xE0,
    0x00, 0x0E, 0x03, 0xE0, 0x7C, 0x07, 0x00, 0x0E, 0x00, 0x70, 0x07, 0x00, 0x00, 0x03, 0xF7, 0xBF,
    0xFF, 0xFF, 0xFE, 0x7F, 0xE3, 0xFF, 0x1F, 0xB8, 0xE1, 0xC7, 0x0E, 0x38, 0x71, 0xC3, 0x8E, 0x1E,
    0x70, 0xFF, 0x83, 0xF8, 0x0F, 0x80, 0x0F, 0x00, 0x70, 0x07, 0x80, 0x00, 0x03, 0xE7, 0x3F, 0xBD,
    0xFF, 0xFE, 0x7F, 0xE3, 0xFF, 0x1F, 0xB8, 0xE1, 0xE7, 0x07, 0xF8, 0x3F, 0x80, 0xF8, 0x00, 0x38,
    0x01, 0xC0, 0x07, 0x00, 0x00, 0x03, 0xF7, 0xBF, 0xFF, 0xFF, 0xFE, 0x7F, 0xE3, 0xFF, 0x1F, 0xB8,
    0xE1, 0xC7, 0x0E, 0x38, 0x71, 0xC3, 0x8E, 0x1E, 0x70, 0xFF, 0x83, 0xF8, 0x0F, 0x80, 0x38, 0x01,
    0xC0, 0x07, 0x00, 0x00, 0x03, 0xE7, 0x3F, 0xBD, 0xFF, 0xFE, 0x7F, 0xE3, 0xFF, 0x1F, 0xB8, 0xE1,
    0xE7, 0x07, 0xF8, 0x3F, 0x80, 0xF8, 0x00, 0x0F, 0x00, 0x78, 0x07, 0xC0, 0x3E, 0x01, 0xE0, 0x00,
    0x00, 0xFD, 0xEF, 0xFF, 0xFF, 0xFF, 0x9F, 0xF8, 0xFF, 0xC7, 0xEE, 0x38, 0x71, 0xC3, 0x8E, 0x1C,
    0x70, 0xE3, 0x87, 0x9C, 0x3F, 0xE0, 0xFE, 0x03, 0xE0, 0x00, 0x0F, 0x00, 0x78, 0x07, 0xE0, 0x3E,
    0x00, 0xE0, 0x00, 0x00, 0xF9, 0xCF, 0xEF, 0x7F, 0xFF, 0x9F, 0xF8, 0xFF, 0xC7, 0xEE, 0x38, 0x79,
    0xC1, 0xFE, 0x0F, 0xE0, 0x3E, 0x00, 0x39, 0x03, 0xFC, 0x3F, 0xC1, 0xDE, 0x00, 0x00, 0x1F, 0xBD,
    0xFF, 0xFF, 0xFF, 0xF3, 0xFF, 0x1F, 0xF8, 0xFD, 0xC7, 0x0E, 0x38, 0x71, 0xC3, 0x8E, 0x1C, 0x70,
    0xF3, 0x87, 0xFC, 0x1F, 0xC0, 0x7C, 0x00, 0x39, 0x03, 0xFC, 0x1F, 0xC0, 0xDE, 0x00, 0x00, 0x1F,
    0x39, 0xFD, 0xEF, 0xFF, 0xF3, 0xFF, 0x1F, 0xF8, 0xFD, 0xC7, 0x0F, 0x38, 0x3F, 0xC1, 0xFC, 0x07,
    0xC0, 0x3F, 0x7B, 0xFF, 0xFF, 0xFF, 0xE7, 0xFE, 0x3F, 0xF1, 0xFB, 0x8E, 0x1C, 0x70, 0xE3, 0x87,
    0x1C, 0x38, 0xE1, 0xE7, 0x0F, 0xF8, 0x3F, 0x80, 0xF8, 0x00, 0x00, 0x1C, 0x01, 0xF0, 0x0F, 0x80,
    0x38, 0x00, 0x3E, 0x73, 0xFB, 0xDF, 0xFF, 0xE7, 0xFE, 0x3F, 0xF1, 0xFB, 0x8E, 0x1E, 0x70, 0x7F,
    0x83, 0xF8, 0x0F, 0x80, 0x00, 0x01, 0xC0, 0x1F, 0x00, 0xF8, 0x03, 0x80, 0xE0, 0xFC, 0x1F, 0x83,
    0xF0, 0x7E, 0x0F, 0xC1, 0xF8, 0x3F, 0x07, 0xE0, 0xFC, 0x1F, 0x87, 0xF8, 0xFF, 0xFC, 0xFF, 0x8F,
    0xE0, 0x00, 0x0E, 0x03, 0xE0, 0x7C, 0x07, 0x00, 0xF1, 0xFE, 0x3F, 0xC7, 0xF8, 0xFF, 0x1F, 0xE3,
    0xFC, 0x7F, 0x8F, 0x7F, 0xEF, 0xFC, 0xFF, 0x80, 0x00, 0xE0, 0x3E, 0x07, 0xC0, 0x70, 0x07, 0x00,
    0xF0, 0x3E, 0x07, 0xC0, 0xF0, 0x00, 0x38, 0x3F, 0x07, 0xE0, 0xFC, 0x1F, 0x83, 0xF0, 0x7E, 0x0F,
    0xC1, 0xF8, 0x3F, 0x07, 0xE1, 0xFE, 0x3F, 0xFF, 0x3F, 0xE3, 0xF8, 0x07, 0x00, 0xF0, 0x3E, 0x07,
    0xC0, 0xF0, 0x00, 0x3C, 0x7F, 0x8F, 0xF1, 0xFE, 0x3F, 0xC7, 0xF8, 0xFF, 0x1F, 0xE3, 0xDF, 0xFB,
    0xFF, 0x3F, 0xE0, 0x0E, 0x00, 0x70, 0x07, 0x00, 0x00, 0x0F, 0x7F, 0xFB, 0xFF, 0xDF, 0xFE, 0xFF,
    0xF7, 0xFF, 0xBF, 0xBD, 0xE1, 0xEF, 0x0F, 0x78, 0x7B, 0xC3, 0xDE, 0x1E, 0xF0, 0xFF, 0x03, 0xF8,
    0x0F, 0x80, 0x0E, 0x00, 0x70, 0x07, 0x00, 0x00, 0x0E, 0x7F, 0xF3, 0xFF, 0x9F, 0xFC, 0xFF, 0xE7,
    0xFF, 0x3F, 0xF9, 0xE1, 0xCF, 0x0F, 0xF8, 0x7F, 0xC1, 0xFE, 0x00, 0x78, 0x01, 0xC0, 0x07, 0x00,
    0x00, 0x0F, 0x7F, 0xFB, 0xFF, 0xDF, 0xFE, 0xFF, 0xF7, 0xFF, 0xBF, 0xBD, 0xE1, 0xEF, 0x0F, 0x78,
    0x7B, 0xC3, 0xDE, 0x1E, 0xF0, 0xFF, 0x03, 0xF8, 0x0F, 0x80, 0x38, 0x01, 0xC0, 0x07, 0x00, 0x00,
    0x0E, 0x7F, 0xF3, 0xFF, 0x9F, 0xFC, 0xFF, 0xE7, 0xFF, 0x3F, 0xF9, 0xE1, 0xCF, 0x0F, 0xF8, 0x7F,
    0xC1, 0xFE, 0x00, 0x0E, 0x00, 0x78, 0x07, 0xC0, 0x3E, 0x01, 0xE0, 0x00, 0x03, 0xDF, 0xFE, 0xFF,
    0xF7, 0xFF, 0xBF, 0xFD, 0xFF, 0xEF, 0xEF, 0x78, 0x7B, 0xC3, 0xDE, 0x1E, 0xF0, 0xF7, 0x87, 0xBC,
    0x3F, 0xC0, 0xFE, 0x03, 0xE0, 0x00, 0x0F, 0x00, 0x78, 0x07, 0xC0, 0x3E, 0x01, 0xE0, 0x00, 0x03,
    0x9F, 0xFC, 0xFF, 0xE7, 0xFF, 0x3F, 0xF9, 0xFF, 0xCF, 0xFE, 0x78, 0x73, 0xC3, 0xFE, 0x1F, 0xF0,
    0x7F, 0x80, 0x3B, 0x03, 0xFC, 0x3F, 0xC1, 0xDC, 0x00, 0x00, 0x7B, 0xFF, 0xDF, 0xFE, 0xFF, 0xF7,
    0xFF, 0xBF, 0xFD, 0xFD, 0xEF, 0x0F, 0x78, 0x7B, 0xC3, 0xDE, 0x1E, 0xF0, 0xF7, 0x87, 0xF8, 0x1F,
    0xC0, 0x7C, 0x00, 0x3B, 0x03, 0xFC, 0x3F, 0xC1, 0xDC, 0x00, 0x00, 0x73, 0xFF, 0x9F, 0xFC, 0xFF,
    0xE7, 0xFF, 0x3F, 0xF9, 0xFF, 0xCF, 0x0E, 0x78, 0x7F, 0xC3, 0xFE, 0x0F, 0xF0, 0xF7, 0xFF, 0xBF,
    0xFD, 0xFF, 0xEF, 0xFF, 0x7F, 0xFB, 0xFB, 0xDE, 0x1E, 0xF0, 0xF7, 0x87, 0xBC, 0x3D, 0xE1, 0xEF,
    0x0F, 0xF0, 0x3F, 0x80, 0xF8, 0x00, 0x00, 0x1C, 0x01, 0xF0, 0x0F, 0x80, 0x38, 0x00, 0xE7, 0xFF,
    0x3F, 0xF9, 0xFF, 0xCF, 0xFE, 0x7F, 0xF3, 0xFF, 0x9E, 0x1C, 0xF0, 0xFF, 0x87, 0xFC, 0x1F, 0xE0,
    0x00, 0x01, 0xC0, 0x1F, 0x00, 0xF8, 0x03, 0x80, 0x1E, 0x00, 0x70, 0x01, 0xC0, 0x00, 0x0F, 0x07,
    0xF8, 0x39, 0xE3, 0xCF, 0x1E, 0x3D, 0xE1, 0xEF, 0x07, 0xF0, 0x3F, 0x80, 0xF8, 0x07, 0xC0, 0x1C,
    0x00, 0xE0, 0x07, 0x00, 0x38, 0x01, 0xC0, 0x3C, 0x03, 0x80, 0x38, 0x00, 0x0F, 0x1F, 0xE3, 0xFC,
    0x7F, 0x8F, 0xF1, 0xFE, 0x3F, 0xC7, 0xF8, 0xF7, 0xFE, 0xFF, 0xCF, 0xF8, 0x0F, 0x3F, 0xE7, 0xFC,
    0xFF, 0x00, 0xF0, 0x7F, 0x83, 0x9E, 0x3C, 0xF1, 0xE3, 0xDE, 0x1E, 0xF0, 0x7F, 0x03, 0xF8, 0x0F,
    0x80, 0x7C, 0x01, 0xC0, 0x0E, 0x00, 0x70, 0x03, 0x80, 0x1C, 0x00, 0x00, 0x07, 0x00, 0x7C, 0x03,
    0xE0, 0x0E, 0x00, 0xF1, 0xFE, 0x3F, 0xC7, 0xF8, 0xFF, 0x1F, 0xE3, 0xFC, 0x7F, 0x8F, 0x7F, 0xEF,
    0xFC, 0xFF, 0x80, 0xF7, 0xFF, 0xFF, 0xFF, 0xF3, 0x80, 0x03, 0x80, 0x1E, 0x01, 0xF0, 0x0F, 0x80,
    0x78, 0x00, 0x03, 0xC1, 0xFE, 0x0E, 0x78, 0xF3, 0xC7, 0x8F, 0x78, 0x7B, 0xC1, 0xFC, 0x0F, 0xE0,
    0x3E, 0x01, 0xF0, 0x07, 0x00, 0x38, 0x01, 0xC0, 0x0E, 0x00, 0x70, 0x00, 0x07, 0x00, 0xF0, 0x3E,
    0x07, 0xC0, 0xF0, 0x00, 0x3C, 0x7F, 0x8F, 0xF1, 0xFE, 0x3F, 0xC7, 0xF8, 0xFF, 0x1F, 0xE3, 0xDF,
    0xFB, 0xFF, 0x3F, 0xE0, 0x3C, 0xFF, 0x9F, 0xF3, 0xFC, 0x0E, 0xC0, 0xFF, 0x0F, 0xF0, 0x77, 0x00,
    0x00, 0x78, 0x3F, 0xC1, 0xCF, 0x1E, 0x78, 0xF1, 0xEF, 0x0F, 0x78, 0x3F, 0x81, 0xFC, 0x07, 0xC0,
    0x3E, 0x00, 0xE0, 0x07, 0x00, 0x38, 0x01, 0xC0, 0x0E, 0x00, 0x1D, 0x87, 0xF9, 0xFE, 0x3B, 0x80,
    0x01, 0xE3, 0xFC, 0x7F, 0x8F, 0xF1, 0xFE, 0x3F, 0xC7, 0xF8, 0xFF, 0x1E, 0xFF, 0xDF, 0xF9, 0xFF,
    0x01, 0xE7, 0xFC, 0xFF, 0x9F, 0xE0, 0xFF, 0xFF, 0xFF, 0xFF, 0x80, 0xFF, 0xFF, 0xFF, 0xFF, 0xFE,
    0x77, 0xB9, 0xEF, 0xFD, 0xC0, 0x77, 0xFE, 0xF7, 0xB8, 0x77, 0xFE, 0xF3, 0xBD, 0xC0, 0xF7, 0x7B,
    0xB3, 0x9F, 0xFF, 0xFF, 0xBF, 0xDE, 0xF7, 0xFB, 0xFF, 0xFE, 0xFF, 0x7F, 0xBC, 0xF7, 0xFB, 0xFF,
    0xFE, 0xF3, 0x1F, 0xBF, 0xDC, 0x38, 0x73, 0xFF, 0xFF, 0xE7, 0x0E, 0x1C, 0x38, 0x70, 0xE0, 0x38,
    0x73, 0xFF, 0xFF, 0xE7, 0x3F, 0xFF, 0xFE, 0x70, 0xE0, 0x7D, 0xFB, 0xFF, 0xFF, 0xCF, 0x80, 0x77,
    0x77, 0xFF, 0xFF, 0xFE, 0xEE, 0xE0, 0x7C, 0x07, 0xF0, 0x3B, 0x81, 0xDC, 0x0F, 0xEE, 0x3E, 0xF0,
    0x1F, 0x03, 0xE0, 0x3F, 0x77, 0xFF, 0xF9, 0xFE, 0x8F, 0xF0, 0x7F, 0x83, 0xFC, 0x1F, 0xC0, 0x77,
    0xFE, 0xE6, 0x31, 0x80, 0xF7, 0xFB, 0xFD, 0xFE, 0xFE, 0x77, 0x33, 0x18, 0x04, 0x18, 0xF3, 0xEF,
    0x9C, 0x3C, 0x7E, 0x7C, 0x38, 0x30, 0x01, 0xC3, 0xE7, 0xE3, 0xC1, 0x87, 0x3E, 0xFD, 0xE3, 0x00,
    0x00, 0x40, 0x3C, 0x1F, 0x0F, 0xC7, 0xE1, 0xF0, 0x38, 0x00, 0x00, 0x77, 0xF7, 0xBD, 0xFF, 0xC0,
    0x71, 0xC7, 0x3C, 0xF0, 0xC3, 0x3F, 0xFC, 0x3C, 0x79, 0xF3, 0xE7, 0xCF, 0xC7, 0x00, 0x77, 0xFF,
    0xFF, 0xFF, 0xE0, 0x77, 0xFF, 0xFF, 0xFF, 0xC0, 0xFF, 0xCE, 0x67, 0x30, 0x77, 0xFF, 0xEF, 0xFF,
    0xE0, 0x07, 0xFF, 0xF7, 0xFF, 0xC0, 0x3B, 0xF9, 0x8C, 0x63, 0x18, 0xE7, 0xDE, 0xE7, 0x8E, 0x31,
    0x8C, 0x63, 0x3F, 0xBC, 0xFD, 0xFF, 0xBF, 0x7E, 0xFD, 0xC0, 0x77, 0xF7, 0xBD, 0xFF, 0xC0, 0xF3,
    0xCF, 0x0C, 0xFB, 0xE0, 0xFF, 0xFF, 0xEF, 0xFC, 0xFF, 0xDD, 0xFF, 0xFC, 0x3C, 0x79, 0xF3, 0xE7,
    0xCF, 0xC7, 0x00, 0x77, 0xFF, 0xFF, 0xFF, 0xE0, 0x77, 0xFF, 0xFF, 0xFF, 0xC0, 0xFF, 0xCE, 0x67,
    0x30, 0x77, 0xFF, 0xEF, 0xFF, 0xE0, 0x07, 0xFF, 0xF7, 0xFF, 0xC0, 0x3B, 0xF9, 0x8C, 0x63, 0x18,
    0xE7, 0xDE, 0xE7, 0x8E, 0x31, 0x8C, 0x63, 0x3F, 0xBC, 0x7C, 0xFB, 0xFF, 0xFF, 0xCF, 0x80, 0x05,
    0x00, 0xF0, 0x7E, 0x3F, 0xE7, 0xFD, 0xFF, 0xFF, 0xF7, 0xF8, 0xFF, 0x9F, 0xDF, 0xFF, 0xBF, 0xE3,
    0xF8, 0x7C, 0x0F, 0x00, 0x1F, 0x1F, 0x9F, 0xEE, 0x7F, 0xC7, 0xE3, 0xF1, 0xF8, 0xFF, 0xFF, 0xFF,
    0xE0, 0x00, 0x0F, 0xB9, 0xF7, 0x7F, 0xFF, 0xFF, 0xFF, 0xFF, 0xFF, 0xFF, 0xFF, 0xEF, 0xF9, 0xDF,
    0x3B, 0xC0, 0x7F, 0x0F, 0xF1, 0xFE, 0x7F, 0xFF, 0xFE, 0xFF, 0x1F, 0xE3, 0xF8, 0x78, 0x0F, 0x01,
    0xC0, 0x00, 0x03, 0x83, 0xF0, 0xFC, 0x7E, 0x7F, 0x9F, 0xE7, 0x79, 0xCE, 0x77, 0x9F, 0xE3, 0xF8,
    0x7E, 0x1F, 0x87, 0xE0, 0x07, 0x80, 0xFF, 0x0F, 0xFC, 0x79, 0xEF, 0xF7, 0x7F, 0xBB, 0xFC, 0x1F,
    0xEE, 0xFF, 0x71, 0xFF, 0x87, 0xF8, 0x1F, 0x80, 0x7E, 0x0F, 0xF1, 0xFE, 0x3D, 0xCF, 0xFF, 0xFF,
    0xFF, 0xFF, 0xFF, 0x78, 0x0F, 0x01, 0xC0, 0x00, 0x1C, 0x1F, 0x1F, 0xCF, 0xEF, 0xFF, 0xFB, 0xFF,
    0xFF, 0xFF, 0xFF, 0xFF, 0xEF, 0xF3, 0xF8, 0xE0, 0x1C, 0x1F, 0x1F, 0xCF, 0xEF, 0xFF, 0xFF, 0xF1,
    0xF8, 0xFF, 0xFF, 0xDF, 0xCF, 0xE3, 0xE0, 0xE0, 0x7F, 0x7F, 0xFF, 0xFF, 0xFF, 0xFF, 0xFB, 0xF9,
    0xFC, 0x0E, 0x07, 0x03, 0x81, 0xC0, 0x00, 0x01, 0xC0, 0x1F, 0x01, 0xF0, 0x0F, 0xFF, 0x7F, 0xFF,
    0xFF, 0xFE, 0x00, 0x78, 0x01, 0xE0, 0x06, 0x00, 0x00, 0x00, 0x3F, 0x0F, 0xF3, 0xFF, 0x7F, 0xF6,
    0xEC, 0x1C, 0x03, 0x80, 0x70, 0x0E, 0x01, 0xC0, 0x38, 0x07, 0x00, 0x00, 0x00, 0x06, 0x00, 0x78,
    0x01, 0xE7, 0xFF, 0xFF, 0xFF, 0xFF, 0xE0, 0x0F, 0x00, 0xF0, 0x0F, 0x00, 0x30, 0x00, 0x00, 0x0E,
    0x01, 0xC0, 0x38, 0x07, 0x00, 0xE0, 0x1C, 0x03, 0x83, 0x76, 0xFF, 0xFF, 0xFD, 0xFF, 0x1F, 0xC0,
    0x00, 0x01, 0xC7, 0x1E, 0x7D, 0xF1, 0xFF, 0xFF, 0xFF, 0xFF, 0xFF, 0xFE, 0x0F, 0xF8, 0xF3, 0xCF,
    0x0E, 0x30, 0x00, 0x00, 0x1F, 0x07, 0xF1, 0xFF, 0x7F, 0xFE, 0xFE, 0x9D, 0x83, 0x80, 0x70, 0x6E,
    0xDF, 0xFF, 0xFF, 0xBF, 0xE3, 0xF8, 0x1E, 0x07, 0xE1, 0xFC, 0x7C, 0x0F, 0xC1, 0xFC, 0x3B, 0xC7,
    0x3C, 0x03, 0xC0, 0x3C, 0x03, 0x00, 0x00, 0x1F, 0x03, 0xF0, 0x7F, 0x01, 0xF0, 0x7E, 0x1F, 0xC7,
    0xB9, 0xE7, 0xF8, 0x1E, 0x01, 0x80, 0x00, 0x00, 0x40, 0x1C, 0x03, 0xC0, 0x3C, 0x73, 0xCE, 0x3D,
    0xC3, 0xF8, 0x3F, 0x1F, 0xE3, 0xF8, 0x7E, 0x00, 0x00, 0xC0, 0x3C, 0x0F, 0xF3, 0xEE, 0xF9, 0xFE,
    0x3F, 0x87, 0xE0, 0xFF, 0x0F, 0xE0, 0xFC, 0x00, 0x1C, 0x01, 0xF0, 0x1F, 0x80, 0x7C, 0x01, 0xE1,
    0xFF, 0x3F, 0xF7, 0xFF, 0x78, 0xF7, 0x07, 0x70, 0x77, 0x07, 0x78, 0xF7, 0xFE, 0x3F, 0xE1, 0xF8,
    0x00, 0x00, 0xFE, 0x07, 0xF0, 0x3F, 0x81, 0xDC, 0x1E, 0xE0, 0xF7, 0x87, 0x3C, 0x38, 0xE3, 0xC7,
    0x1E, 0x3C, 0xF1, 0xE7, 0x0F, 0x3F, 0xFB, 0xFF, 0xFF, 0xFF, 0xFF, 0xFF, 0xFF, 0xFF, 0xF0, 0xFE,
    0x1F, 0xC3, 0xF8, 0x7F, 0x0F, 0xE1, 0xFC, 0x3F, 0x87, 0xF0, 0xFE, 0x1F, 0xC3, 0xF8, 0x78, 0xFF,
    0xFF, 0xFF, 0xFF, 0xF8, 0x0F, 0xC1, 0xFC, 0x0F, 0xC0, 0x78, 0x1F, 0x0F, 0xE3, 0xF0, 0x78, 0x0F,
    0xFF, 0xFF, 0xFF, 0xF8, 0xFF, 0xFF, 0xFF, 0xE0, 0x00, 0x00, 0x03, 0x80, 0x1C, 0x01, 0xE0, 0x0E,
    0x00, 0xF0, 0x07, 0x00, 0x78, 0x03, 0x80, 0x3C, 0x01, 0xC0, 0x1E, 0x00, 0xE0, 0x0F, 0x00, 0x70,
    0x07, 0x80, 0x38, 0x03, 0xC0, 0x1C, 0x00, 0xE0, 0x02, 0x00, 0x00, 0x39, 0xF7, 0xDF, 0x78, 0x00,
    0x78, 0x03, 0x80, 0x1C, 0x00, 0xE0, 0x0F, 0x00, 0x78, 0x03, 0x80, 0x1C, 0x00, 0xE7, 0xC7, 0x3E,
    0x79, 0xFB, 0x81, 0xDC, 0x0E, 0xE0, 0x77, 0x03, 0xF8, 0x1F, 0x80, 0x7C, 0x00, 0x3D, 0xE3, 0xFF,
    0x9F, 0xFD, 0xCE, 0xE7, 0xFF, 0x3F, 0xF8, 0xF7, 0x80, 0x1F, 0x8F, 0xC7, 0xC3, 0x81, 0xC0, 0xE0,
    0x70, 0x38, 0x1C, 0x0E, 0x07, 0x03, 0x81, 0xC0, 0xE0, 0x70, 0x38, 0xFC, 0x7E, 0x3E, 0x00, 0x3C,
    0xDF, 0xFF, 0xFF, 0x33, 0xC1, 0x80, 0x79, 0xBF, 0xFF, 0xFE, 0x67, 0x80, 0x00, 0x07, 0x03, 0x9F,
    0xFF, 0xFF, 0xFF, 0xFF, 0xFF, 0xFF, 0x9C, 0x0E, 0x00, 0x00, 0x03, 0x9F, 0xFF, 0xFF, 0xCE, 0x07,
    0xE3, 0xFE, 0xFF, 0x07, 0xFF, 0xFF, 0xFF, 0xF0, 0xE0, 0x7F, 0x3F, 0xE7, 0xF0, 0x38, 0xFF, 0xFF,
    0xFE, 0xF0, 0x7F, 0xFF, 0xFF, 0xF0, 0x00, 0xF0, 0xF7, 0x87, 0xBC, 0x3D, 0xE1, 0xC0, 0x7F, 0xFB,
    0xFF, 0xDF, 0xFE, 0x1C, 0xF0, 0xE7, 0x87, 0x3C, 0x39, 0xE1, 0xCF, 0x0E, 0x78, 0x73, 0xC3, 0x9E,
    0x1F, 0xF1, 0xFF, 0x1F, 0xF1, 0xCF, 0xFF, 0xFF, 0xFF, 0xFF, 0xF1, 0xCF, 0x1C, 0xF1, 0xCF, 0x1C,
    0xF1, 0xCF, 0x1C, 0xF1, 0xCF, 0x1C, 0xF0,
};

static const EpdGlyph space_mono_10_boldGlyphs[] = {
    { 0, 0, 0, 0, 0, 0, 0 }, // U+0000
    { 0, 0, 0, 0, 0, 0, 0 }, // U+0001
    { 0, 0, 0, 0, 0, 0, 0 }, // U+0002
    { 0, 0, 0, 0, 0, 0, 0 }, // U+0003
    { 0, 0, 0, 0, 0, 0, 0 }, // U+0004
    { 0, 0, 0, 0, 0, 0, 0 }, // U+0005
    { 0, 0, 0, 0, 0, 0, 0 }, // U+0006
    { 0, 0, 0, 0, 0, 0, 0 }, // U+0007
    { 0, 0, 0, 0, 0, 0, 0 }, // U+0008
    { 0, 0, 0, 0, 0, 0, 0 }, // U+0009
    { 0, 0, 0, 0, 0, 0, 0 }, // U+000A
    { 0, 0, 0, 0, 0, 0, 0 }, // U+000B
    { 0, 0, 0, 0, 0, 0, 0 }, // U+000C
    { 0, 0, 0, 0, 0, 0, 0 }, // U+000D
    { 0, 0, 0, 0, 0, 0, 0 }, // U+000E
    { 0, 0, 0, 0, 0, 0, 0 }, // U+000F
    { 0, 0, 0, 0, 0, 0, 0 }, // U+0010
    { 0, 0, 0, 0, 0, 0, 0 }, // U+0011
    { 0, 0, 0, 0, 0, 0, 0 }, // U+0012
    { 0, 0, 0, 0, 0, 0, 0 }, // U+0013
    { 0, 0, 0, 0, 0, 0, 0 }, // U+0014
    { 0, 0, 0, 0, 0, 0, 0 }, // U+0015
    { 0, 0, 0, 0, 0, 0, 0 }, // U+0016
    { 0, 0, 0, 0, 0, 0, 0 }, // U+0017
    { 0, 0, 0, 0, 0, 0, 0 }, // U+0018
    { 0, 0, 0, 0, 0, 0, 0 }, // U+0019
    { 0, 0, 0, 0, 0, 0, 0 }, // U+001A
    { 0, 0, 0, 0, 0, 0, 0 }, // U+001B
    { 0, 0, 0, 0, 0, 0, 0 }, // U+001C
    { 0, 0, 0, 0, 0, 0, 0 }, // U+001D
    { 0, 0, 0, 0, 0, 0, 0 }, // U+001E
    { 0, 0, 0, 0, 0, 0, 0 }, // U+001F
    { 0, 0, 204, 0, 0, 0, 0 }, // U+0020
    { 5, 15, 204, 4, 15, 10, 0 }, // !
    { 9, 6, 204, 2, 15, 7, 10 }, // "
    { 11, 11, 204, 1, 13, 16, 17 }, // #
    { 9, 14, 204, 2, 15, 16, 33 }, // $
    { 13, 15, 204, 0, 15, 25, 49 }, // %
    { 13, 15, 204, 0, 15, 25, 74 }, // &
    { 5, 6, 204, 4, 15, 4, 99 }, // '
    { 9, 22, 204, 3, 19, 25, 103 }, // (
    { 10, 22, 204, 0, 19, 28, 128 }, // )
    { 11, 11, 204, 1, 13, 16, 156 }, // *
    { 9, 9, 204, 2, 12, 11, 172 }, // +
    { 5, 7, 204, 4, 4, 5, 183 }, // ,
    { 7, 3, 204, 3, 8, 3, 188 }, // -
    { 5, 4, 204, 4, 4, 3, 191 }, // .
    { 9, 21, 204, 2, 18, 24, 194 }, // /
    { 11, 15, 204, 1, 15, 21, 218 }, // 0
    { 11, 15, 204, 1, 15, 21, 239 }, // 1
    { 11, 15, 204, 1, 15, 21, 260 }, // 2
    { 11, 15, 204, 1, 15, 21, 281 }, // 3
    { 13, 15, 204, 0, 15, 25, 302 }, // 4
    { 12, 15, 204, 1, 15, 23, 327 }, // 5
    { 11, 15, 204, 1, 15, 21, 350 }, // 6
    { 11, 15, 204, 1, 15, 21, 371 }, // 7
    { 11, 15, 204, 1, 15, 21, 392 }, // 8
    { 11, 15, 204, 1, 15, 21, 413 }, // 9
    { 5, 11, 204, 4, 11, 7, 434 }, // :
    { 5, 14, 204, 4, 11, 9, 441 }, // ;
    { 9, 10, 204, 2, 12, 12, 450 }, // <
    { 9, 7, 204, 2, 11, 8, 462 }, // =
    { 9, 10, 204, 2, 12, 12, 470 }, // >
    { 11, 15, 204, 1, 15, 21, 482 }, // ?
    { 13, 14, 204, 0, 14, 23, 503 }, // @
    { 13, 15, 204, 0, 15, 25, 526 }, // A
    { 12, 15, 204, 0, 15, 23, 551 }, // B
    { 11, 15, 204, 1, 15, 21, 574 }, // C
    { 12, 15, 204, 0, 15, 23, 595 }, // D
    { 11, 15, 204, 1, 15, 21, 618 }, // E
    { 11, 15, 204, 1, 15, 21, 639 }, // F
    { 12, 15, 204, 0, 15, 23, 660 }, // G
    { 11, 15, 204, 1, 15, 21, 683 }, // H
    { 11, 15, 204, 1, 15, 21, 704 }, // I
    { 12, 15, 204, 1, 15, 23, 725 }, // J
    { 12, 15, 204, 1, 15, 23, 748 }, // K
    { 11, 15, 204, 1, 15, 21, 771 }, // L
    { 13, 15, 204, 0, 15, 25, 792 }, // M
    { 11, 15, 204, 1, 15, 21, 817 }, // N
    { 11, 15, 204, 1, 15, 21, 838 }, // O
    { 11, 15, 204, 1, 15, 21, 859 }, // P
    { 11, 19, 204, 1, 15, 27, 880 }, // Q
    { 11, 15, 204, 1, 15, 21, 907 }, // R
    { 12, 15, 204, 0, 15, 23, 928 }, // S
    { 11, 15, 204, 1, 15, 21, 951 }, // T
    { 11, 15, 204, 1, 15, 21, 972 }, // U
    { 13, 15, 204, 0, 15, 25, 993 }, // V
    { 13, 15, 204, 0, 15, 25, 1018 }, // W
    { 13, 15, 204, 0, 15, 25, 1043 }, // X
    { 13, 15, 204, 0, 15, 25, 1068 }, // Y
    { 12, 15, 204, 0, 15, 23, 1093 }, // Z
    { 6, 22, 204, 4, 19, 17, 1116 }, // [
    { 9, 21, 204, 2, 18, 24, 1133 }, // <backslash>
    { 6, 22, 204, 2, 19, 17, 1157 }, // ]
    { 11, 6, 204, 1, 15, 9, 1174 }, // ^
    { 11, 3, 204, 1, 0, 5, 1183 }, // _
    { 5, 3, 204, 4, 15, 2, 1188 }, // `
    { 13, 11, 204, 0, 11, 18, 1190 }, // a
    { 12, 15, 204, 1, 15, 23, 1208 }, // b
    { 11, 11, 204, 1, 11, 16, 1231 }, // c
    { 12, 15, 204, 0, 15, 23, 1247 }, // d
    { 11, 11, 204, 1, 11, 16, 1270 }, // e
    { 11, 15, 204, 1, 15, 21, 1286 }, // f
    { 12, 15, 204, 0, 11, 23, 1307 }, // g
    { 11, 15, 204, 1, 15, 21, 1330 }, // h
    { 11, 16, 204, 1, 16, 22, 1351 }, // i
    { 8, 20, 204, 2, 16, 20, 1373 }, // j
    { 10, 15, 204, 2, 15, 19, 1393 }, // k
    { 11, 15, 204, 1, 15, 21, 1412 }, // l
    { 13, 11, 204, 0, 11, 18, 1433 }, // m
    { 11, 11, 204, 1, 11, 16, 1451 }, // n
    { 11, 11, 204, 1, 11, 16, 1467 }, // o
    { 11, 15, 204, 1, 11, 21, 1483 }, // p
    { 12, 15, 204, 0, 11, 23, 1504 }, // q
    { 13, 11, 204, 0, 11, 18, 1527 }, // r
    { 10, 11, 204, 1, 11, 14, 1545 }, // s
    { 10, 15, 204, 1, 15, 19, 1559 }, // t
    { 11, 11, 204, 1, 11, 16, 1578 }, // u
    { 12, 11, 204, 0, 11, 17, 1594 }, // v
    { 13, 11, 204, 0, 11, 18, 1611 }, // w
    { 11, 11, 204, 1, 11, 16, 1629 }, // x
    { 11, 15, 204, 1, 11, 21, 1645 }, // y
    { 10, 11, 204, 1, 11, 14, 1666 }, // z
    { 8, 22, 204, 3, 19, 22, 1680 }, // {
    { 3, 22, 204, 5, 19, 9, 1702 }, // |
    { 8, 22, 204, 2, 19, 22, 1711 }, // }
    { 13, 5, 204, 0, 9, 9, 1733 }, // ~
    { 0, 0, 0, 0, 0, 0, 1742 }, // U+007F
    { 0, 0, 0, 0, 0, 0, 1742 }, // U+0080
    { 0, 0, 0, 0, 0, 0, 1742 }, // U+0081
    { 0, 0, 0, 0, 0, 0, 1742 }, // U+0082
    { 0, 0, 0, 0, 0, 0, 1742 }, // U+0083
    { 0, 0, 0, 0, 0, 0, 1742 }, // U+0084
    { 0, 0, 0, 0, 0, 0, 1742 }, // U+0085
    { 0, 0, 0, 0, 0, 0, 1742 }, // U+0086
    { 0, 0, 0, 0, 0, 0, 1742 }, // U+0087
    { 0, 0, 0, 0, 0, 0, 1742 }, // U+0088
    { 0, 0, 0, 0, 0, 0, 1742 }, // U+0089
    { 0, 0, 0, 0, 0, 0, 1742 }, // U+008A
    { 0, 0, 0, 0, 0, 0, 1742 }, // U+008B
    { 0, 0, 0, 0, 0, 0, 1742 }, // U+008C
    { 0, 0, 0, 0, 0, 0, 1742 }, // U+008D
    { 0, 0, 0, 0, 0, 0, 1742 }, // U+008E
    { 0, 0, 0, 0, 0, 0, 1742 }, // U+008F
    { 0, 0, 0, 0, 0, 0, 1742 }, // U+0090
    { 0, 0, 0, 0, 0, 0, 1742 }, // U+0091
    { 0, 0, 0, 0, 0, 0, 1742 }, // U+0092
    { 0, 0, 0, 0, 0, 0, 1742 }, // U+0093
    { 0, 0, 0, 0, 0, 0, 1742 }, // U+0094
    { 0, 0, 0, 0, 0, 0, 1742 }, // U+0095
    { 0, 0, 0, 0, 0, 0, 1742 }, // U+0096
    { 0, 0, 0, 0, 0, 0, 1742 }, // U+0097
    { 0, 0, 0, 0, 0, 0, 1742 }, // U+0098
    { 0, 0, 0, 0, 0, 0, 1742 }, // U+0099
    { 0, 0, 0, 0, 0, 0, 1742 }, // U+009A
    { 0, 0, 0, 0, 0, 0, 1742 }, // U+009B
    { 0, 0, 0, 0, 0, 0, 1742 }, // U+009C
    { 0, 0, 0, 0, 0, 0, 1742 }, // U+009D
    { 0, 0, 0, 0, 0, 0, 1742 }, // U+009E
    { 0, 0, 0, 0, 0, 0, 1742 }, // U+009F
    { 0, 0, 204, 0, 0, 0, 1742 }, // U+00A0
    { 5, 15, 204, 4, 11, 10, 1742 }, // U+00A1
    { 11, 14, 204, 1, 15, 20, 1752 }, // U+00A2
    { 9, 11, 204, 2, 13, 13, 1772 }, // U+00A3
    { 13, 13, 204, 0, 14, 22, 1785 }, // U+00A4
    { 11, 11, 204, 1, 13, 16, 1807 }, // U+00A5
    { 3, 22, 204, 5, 19, 9, 1823 }, // U+00A6
    { 7, 11, 204, 3, 15, 10, 1832 }, // U+00A7
    { 10, 4, 204, 1, 16, 5, 1842 }, // U+00A8
    { 13, 12, 204, 0, 18, 20, 1847 }, // U+00A9
    { 8, 6, 204, 2, 15, 6, 1867 }, // U+00AA
    { 12, 11, 204, 0, 11, 17, 1873 }, // U+00AB
    { 9, 6, 204, 2, 9, 7, 1890 }, // U+00AC
    { 0, 0, 0, 0, 0, 0, 1897 }, // U+00AD
    { 13, 12, 204, 0, 18, 20, 1897 }, // U+00AE
    { 7, 3, 204, 3, 15, 3, 1917 }, // U+00AF
    { 7, 7, 204, 3, 16, 7, 1920 }, // U+00B0
    { 9, 12, 204, 2, 12, 14, 1927 }, // U+00B1
    { 5, 6, 204, 4, 15, 4, 1941 }, // U+00B2
    { 5, 6, 204, 4, 15, 4, 1945 }, // U+00B3
    { 5, 3, 204, 6, 15, 2, 1949 }, // U+00B4
    { 11, 15, 204, 1, 11, 21, 1951 }, // U+00B5
    { 9, 12, 204, 2, 15, 14, 1972 }, // U+00B6
    { 5, 4, 204, 4, 10, 3, 1986 }, // U+00B7
    { 6, 5, 204, 4, 0, 4, 1989 }, // U+00B8
    { 6, 6, 204, 4, 15, 5, 1993 }, // U+00B9
    { 7, 6, 204, 3, 15, 6, 1998 }, // U+00BA
    { 12, 11, 204, 0, 11, 17, 2004 }, // U+00BB
    { 12, 15, 204, 1, 15, 23, 2021 }, // U+00BC
    { 11, 15, 204, 1, 15, 21, 2044 }, // U+00BD
    { 13, 15, 204, 0, 15, 25, 2065 }, // U+00BE
    { 11, 15, 204, 1, 11, 21, 2090 }, // U+00BF
    { 13, 19, 204, 0, 19, 31, 2111 }, // U+00C0
    { 13, 19, 204, 0, 19, 31, 2142 }, // U+00C1
    { 13, 19, 204, 0, 19, 31, 2173 }, // U+00C2
    { 13, 20, 204, 0, 20, 33, 2204 }, // U+00C3
    { 13, 20, 204, 0, 20, 33, 2237 }, // U+00C4
    { 13, 21, 204, 0, 21, 35, 2270 }, // U+00C5
    { 13, 15, 204, 0, 15, 25, 2305 }, // U+00C6
    { 11, 19, 204, 1, 15, 27, 2330 }, // U+00C7
    { 11, 19, 204, 1, 19, 27, 2357 }, // U+00C8
    { 11, 19, 204, 1, 19, 27, 2384 }, // U+00C9
    { 11, 19, 204, 1, 19, 27, 2411 }, // U+00CA
    { 11, 20, 204, 1, 20, 28, 2438 }, // U+00CB
    { 11, 19, 204, 1, 19, 27, 2466 }, // U+00CC
    { 11, 19, 204, 1, 19, 27, 2493 }, // U+00CD
    { 11, 19, 204, 1, 19, 27, 2520 }, // U+00CE
    { 11, 20, 204, 1, 20, 28, 2547 }, // U+00CF
    { 12, 15, 204, 0, 15, 23, 2575 }, // U+00D0
    { 11, 20, 204, 1, 20, 28, 2598 }, // U+00D1
    { 11, 19, 204, 1, 19, 27, 2626 }, // U+00D2
    { 11, 19, 204, 1, 19, 27, 2653 }, // U+00D3
    { 11, 19, 204, 1, 19, 27, 2680 }, // U+00D4
    { 11, 20, 204, 1, 20, 28, 2707 }, // U+00D5
    { 11, 20, 204, 1, 20, 28, 2735 }, // U+00D6
    { 10, 10, 204, 1, 12, 13, 2763 }, // U+00D7
    { 11, 19, 204, 1, 17, 27, 2776 }, // U+00D8
    { 11, 19, 204, 1, 19, 27, 2803 }, // U+00D9
    { 11, 19, 204, 1, 19, 27, 2830 }, // U+00DA
    { 11, 19, 204, 1, 19, 27, 2857 }, // U+00DB
    { 11, 20, 204, 1, 20, 28, 2884 }, // U+00DC
    { 13, 19, 204, 0, 19, 31, 2912 }, // U+00DD
    { 11, 15, 204, 1, 15, 21, 2943 }, // U+00DE
    { 13, 15, 204, 0, 15, 25, 2964 }, // U+00DF
    { 13, 15, 204, 0, 15, 25, 2989 }, // U+00E0
    { 13, 15, 204, 0, 15, 25, 3014 }, // U+00E1
    { 13, 15, 204, 0, 15, 25, 3039 }, // U+00E2
    { 13, 16, 204, 0, 16, 26, 3064 }, // U+00E3
    { 13, 16, 204, 0, 16, 26, 3090 }, // U+00E4
    { 13, 17, 204, 0, 17, 28, 3116 }, // U+00E5
    { 11, 11, 204, 1, 11, 16, 3144 }, // U+00E6
    { 11, 15, 204, 1, 11, 21, 3160 }, // U+00E7
    { 11, 15, 204, 1, 15, 21, 3181 }, // U+00E8
    { 11, 15, 204, 1, 15, 21, 3202 }, // U+00E9
    { 11, 15, 204, 1, 15, 21, 3223 }, // U+00EA
    { 11, 16, 204, 1, 16, 22, 3244 }, // U+00EB
    { 11, 15, 204, 1, 15, 21, 3266 }, // U+00EC
    { 11, 15, 204, 1, 15, 21, 3287 }, // U+00ED
    { 11, 15, 204, 1, 15, 21, 3308 }, // U+00EE
    { 11, 16, 204, 1, 16, 22, 3329 }, // U+00EF
    { 12, 17, 204, 0, 17, 26, 3351 }, // U+00F0
    { 11, 16, 204, 1, 16, 22, 3377 }, // U+00F1
    { 11, 15, 204, 1, 15, 21, 3399 }, // U+00F2
    { 11, 15, 204, 1, 15, 21, 3420 }, // U+00F3
    { 11, 15, 204, 1, 15, 21, 3441 }, // U+00F4
    { 11, 16, 204, 1, 16, 22, 3462 }, // U+00F5
    { 11, 16, 204, 1, 16, 22, 3484 }, // U+00F6
    { 9, 12, 204, 2, 14, 14, 3506 }, // U+00F7
    { 11, 15, 204, 1, 13, 21, 3520 }, // U+00F8
    { 11, 15, 204, 1, 15, 21, 3541 }, // U+00F9
    { 11, 15, 204, 1, 15, 21, 3562 }, // U+00FA
    { 11, 15, 204, 1, 15, 21, 3583 }, // U+00FB
    { 11, 16, 204, 1, 16, 22, 3604 }, // U+00FC
    { 11, 19, 204, 1, 15, 27, 3626 }, // U+00FD
    { 11, 19, 204, 1, 15, 27, 3653 }, // U+00FE
    { 11, 20, 204, 1, 16, 28, 3680 }, // U+00FF
    { 13, 19, 204, 0, 19, 31, 3708 }, // U+0100
    { 13, 15, 204, 0, 15, 25, 3739 }, // U+0101
    { 13, 19, 204, 0, 19, 31, 3764 }, // U+0102
    { 13, 15, 204, 0, 15, 25, 3795 }, // U+0103
    { 13, 19, 204, 0, 15, 31, 3820 }, // U+0104
    { 13, 14, 204, 0, 11, 23, 3851 }, // U+0105
    { 11, 19, 204, 1, 19, 27, 3874 }, // U+0106
    { 11, 15, 204, 1, 15, 21, 3901 }, // U+0107
    { 11, 19, 204, 1, 19, 27, 3922 }, // U+0108
    { 11, 15, 204, 1, 15, 21, 3949 }, // U+0109
    { 11, 20, 204, 1, 20, 28, 3970 }, // U+010A
    { 11, 16, 204, 1, 16, 22, 3998 }, // U+010B
    { 11, 19, 204, 1, 19, 27, 4020 }, // U+010C
    { 11, 15, 204, 1, 15, 21, 4047 }, // U+010D
    { 12, 19, 204, 0, 19, 29, 4068 }, // U+010E
    { 13, 15, 204, 0, 15, 25, 4097 }, // U+010F
    { 12, 15, 204, 0, 15, 23, 4122 }, // U+0110
    { 13, 15, 204, 0, 15, 25, 4145 }, // U+0111
    { 11, 19, 204, 1, 19, 27, 4170 }, // U+0112
    { 11, 15, 204, 1, 15, 21, 4197 }, // U+0113
    { 11, 19, 204, 1, 19, 27, 4218 }, // U+0114
    { 11, 15, 204, 1, 15, 21, 4245 }, // U+0115
    { 11, 20, 204, 1, 20, 28, 4266 }, // U+0116
    { 11, 16, 204, 1, 16, 22, 4294 }, // U+0117
    { 12, 19, 204, 1, 15, 29, 4316 }, // U+0118
    { 11, 15, 204, 1, 11, 21, 4345 }, // U+0119
    { 11, 19, 204, 1, 19, 27, 4366 }, // U+011A
    { 11, 15, 204, 1, 15, 21, 4393 }, // U+011B
    { 12, 19, 204, 0, 19, 29, 4414 }, // U+011C
    { 12, 19, 204, 0, 15, 29, 4443 }, // U+011D
    { 12, 19, 204, 0, 19, 29, 4472 }, // U+011E
    { 12, 19, 204, 0, 15, 29, 4501 }, // U+011F
    { 12, 20, 204, 0, 20, 30, 4530 }, // U+0120
    { 12, 20, 204, 0, 16, 30, 4560 }, // U+0121
    { 12, 22, 204, 0, 15, 33, 4590 }, // U+0122
    { 12, 23, 204, 0, 19, 35, 4623 }, // U+0123
    { 11, 19, 204, 1, 19, 27, 4658 }, // U+0124
    { 11, 19, 204, 1, 19, 27, 4685 }, // U+0125
    { 13, 15, 204, 0, 15, 25, 4712 }, // U+0126
    { 12, 15, 204, 0, 15, 23, 4737 }, // U+0127
    { 11, 20, 204, 1, 20, 28, 4760 }, // U+0128
    { 11, 16, 204, 1, 16, 22, 4788 }, // U+0129
    { 11, 19, 204, 1, 19, 27, 4810 }, // U+012A
    { 11, 15, 204, 1, 15, 21, 4837 }, // U+012B
    { 11, 19, 204, 1, 19, 27, 4858 }, // U+012C
    { 11, 15, 204, 1, 15, 21, 4885 }, // U+012D
    { 12, 19, 204, 1, 15, 29, 4906 }, // U+012E
    { 12, 20, 204, 1, 16, 30, 4935 }, // U+012F
    { 11, 20, 204, 1, 20, 28, 4965 }, // U+0130
    { 11, 11, 204, 1, 11, 16, 4993 }, // U+0131
    { 12, 15, 204, 1, 15, 23, 5009 }, // U+0132
    { 12, 20, 204, 0, 16, 30, 5032 }, // U+0133
    { 13, 19, 204, 1, 19, 31, 5062 }, // U+0134
    { 8, 19, 204, 2, 15, 19, 5093 }, // U+0135
    { 12, 22, 204, 1, 15, 33, 5112 }, // U+0136
    { 10, 22, 204, 2, 15, 28, 5145 }, // U+0137
    { 10, 11, 204, 2, 11, 14, 5173 }, // U+0138
    { 11, 19, 204, 1, 19, 27, 5187 }, // U+0139
    { 11, 19, 204, 1, 19, 27, 5214 }, // U+013A
    { 11, 22, 204, 1, 15, 31, 5241 }, // U+013B
    { 11, 22, 204, 1, 15, 31, 5272 }, // U+013C
    { 11, 15, 204, 1, 15, 21, 5303 }, // U+013D
    { 12, 15, 204, 1, 15, 23, 5324 }, // U+013E
    { 12, 15, 204, 0, 15, 23, 5347 }, // U+0141
    { 11, 15, 204, 1, 15, 21, 5370 }, // U+0142
    { 11, 19, 204, 1, 19, 27, 5391 }, // U+0143
    { 11, 15, 204, 1, 15, 21, 5418 }, // U+0144
    { 11, 22, 204, 1, 15, 31, 5439 }, // U+0145
    { 11, 18, 204, 1, 11, 25, 5470 }, // U+0146
    { 11, 19, 204, 1, 19, 27, 5495 }, // U+0147
    { 11, 15, 204, 1, 15, 21, 5522 }, // U+0148
    { 11, 17, 204, 1, 17, 24, 5543 }, // U+0149
    { 11, 19, 204, 1, 15, 27, 5567 }, // U+014A
    { 11, 15, 204, 1, 11, 21, 5594 }, // U+014B
    { 11, 19, 204, 1, 19, 27, 5615 }, // U+014C
    { 11, 15, 204, 1, 15, 21, 5642 }, // U+014D
    { 11, 19, 204, 1, 19, 27, 5663 }, // U+014E
    { 11, 15, 204, 1, 15, 21, 5690 }, // U+014F
    { 11, 19, 204, 1, 19, 27, 5711 }, // U+0150
    { 11, 15, 204, 1, 15, 21, 5738 }, // U+0151
    { 13, 15, 204, 0, 15, 25, 5759 }, // U+0152
    { 12, 11, 204, 0, 11, 17, 5784 }, // U+0153
    { 11, 19, 204, 1, 19, 27, 5801 }, // U+0154
    { 13, 15, 204, 0, 15, 25, 5828 }, // U+0155
    { 11, 22, 204, 1, 15, 31, 5853 }, // U+0156
    { 13, 18, 204, 0, 11, 30, 5884 }, // U+0157
    { 11, 19, 204, 1, 19, 27, 5914 }, // U+0158
    { 13, 15, 204, 0, 15, 25, 5941 }, // U+0159
    { 12, 19, 204, 0, 19, 29, 5966 }, // U+015A
    { 10, 15, 204, 1, 15, 19, 5995 }, // U+015B
    { 12, 19, 204, 0, 19, 29, 6014 }, // U+015C
    { 10, 15, 204, 1, 15, 19, 6043 }, // U+015D
    { 12, 19, 204, 0, 15, 29, 6062 }, // U+015E
    { 10, 15, 204, 1, 11, 19, 6091 }, // U+015F
    { 12, 19, 204, 0, 19, 29, 6110 }, // U+0160
    { 10, 15, 204, 1, 15, 19, 6139 }, // U+0161
    { 11, 19, 204, 1, 15, 27, 6158 }, // U+0162
    { 10, 19, 204, 1, 15, 24, 6185 }, // U+0163
    { 11, 19, 204, 1, 19, 27, 6209 }, // U+0164
    { 12, 15, 204, 0, 15, 23, 6236 }, // U+0165
    { 11, 15, 204, 1, 15, 21, 6259 }, // U+0166
    { 10, 15, 204, 1, 15, 19, 6280 }, // U+0167
    { 11, 20, 204, 1, 20, 28, 6299 }, // U+0168
    { 11, 16, 204, 1, 16, 22, 6327 }, // U+0169
    { 11, 19, 204, 1, 19, 27, 6349 }, // U+016A
    { 11, 15, 204, 1, 15, 21, 6376 }, // U+016B
    { 11, 19, 204, 1, 19, 27, 6397 }, // U+016C
    { 11, 15, 204, 1, 15, 21, 6424 }, // U+016D
    { 11, 21, 204, 1, 21, 29, 6445 }, // U+016E
    { 11, 17, 204, 1, 17, 24, 6474 }, // U+016F
    { 11, 19, 204, 1, 19, 27, 6498 }, // U+0170
    { 11, 15, 204, 1, 15, 21, 6525 }, // U+0171
    { 11, 19, 204, 1, 15, 27, 6546 }, // U+0172
    { 11, 14, 204, 1, 11, 20, 6573 }, // U+0173
    { 13, 19, 204, 0, 19, 31, 6593 }, // U+0174
    { 13, 15, 204, 0, 15, 25, 6624 }, // U+0175
    { 13, 19, 204, 0, 19, 31, 6649 }, // U+0176
    { 11, 19, 204, 1, 15, 27, 6680 }, // U+0177
    { 13, 20, 204, 0, 20, 33, 6707 }, // U+0178
    { 12, 19, 204, 0, 19, 29, 6740 }, // U+0179
    { 10, 15, 204, 1, 15, 19, 6769 }, // U+017A
    { 12, 20, 204, 0, 20, 30, 6788 }, // U+017B
    { 10, 16, 204, 1, 16, 20, 6818 }, // U+017C
    { 12, 19, 204, 0, 19, 29, 6838 }, // U+017D
    { 10, 15, 204, 1, 15, 19, 6867 }, // U+017E
    { 9, 15, 204, 3, 15, 17, 6886 }, // U+017F
    { 13, 15, 204, 0, 15, 25, 6903 }, // U+01A0
    { 13, 11, 204, 0, 11, 18, 6928 }, // U+01A1
    { 13, 15, 204, 0, 15, 25, 6946 }, // U+01AF
    { 13, 11, 204, 0, 11, 18, 6971 }, // U+01B0
    { 13, 19, 204, 0, 19, 31, 6989 }, // U+01CD
    { 13, 15, 204, 0, 15, 25, 7020 }, // U+01CE
    { 11, 19, 204, 1, 19, 27, 7045 }, // U+01CF
    { 11, 15, 204, 1, 15, 21, 7072 }, // U+01D0
    { 11, 19, 204, 1, 19, 27, 7093 }, // U+01D1
    { 11, 15, 204, 1, 15, 21, 7120 }, // U+01D2
    { 11, 19, 204, 1, 19, 27, 7141 }, // U+01D3
    { 11, 15, 204, 1, 15, 21, 7168 }, // U+01D4
    { 11, 23, 204, 1, 23, 32, 7189 }, // U+01D5
    { 11, 19, 204, 1, 19, 27, 7221 }, // U+01D6
    { 11, 23, 204, 1, 23, 32, 7248 }, // U+01D7
    { 11, 19, 204, 1, 19, 27, 7280 }, // U+01D8
    { 11, 23, 204, 1, 23, 32, 7307 }, // U+01D9
    { 11, 19, 204, 1, 19, 27, 7339 }, // U+01DA
    { 11, 23, 204, 1, 23, 32, 7366 }, // U+01DB
    { 11, 19, 204, 1, 19, 27, 7398 }, // U+01DC
    { 12, 19, 204, 0, 19, 29, 7425 }, // U+01E6
    { 12, 19, 204, 0, 15, 29, 7454 }, // U+01E7
    { 11, 19, 204, 1, 15, 27, 7483 }, // U+01EA
    { 11, 15, 204, 1, 11, 21, 7510 }, // U+01EB
    { 12, 22, 204, 0, 15, 33, 7531 }, // U+0218
    { 10, 18, 204, 1, 11, 23, 7564 }, // U+0219
    { 11, 22, 204, 1, 15, 31, 7587 }, // U+021A
    { 10, 22, 204, 1, 15, 28, 7618 }, // U+021B
    { 4, 3, 0, 1, 15, 2, 7646 }, // U+0300
    { 5, 3, 0, 2, 15, 2, 7648 }, // U+0301
    { 8, 3, 0, 1, 15, 3, 7650 }, // U+0302
    { 9, 5, 0, 1, 16, 6, 7653 }, // U+0303
    { 7, 3, 0, 1, 15, 3, 7659 }, // U+0304
    { 6, 3, 0, 1, 15, 3, 7662 }, // U+0306
    { 5, 4, 0, 1, 16, 3, 7665 }, // U+0307
    { 10, 4, 0, 1, 16, 5, 7668 }, // U+0308
    { 5, 5, 0, 1, 17, 4, 7673 }, // U+0309
    { 5, 5, 0, 1, 17, 4, 7677 }, // U+030A
    { 8, 3, 0, 1, 15, 3, 7681 }, // U+030B
    { 8, 3, 0, 1, 15, 3, 7684 }, // U+030C
    { 4, 7, 0, 1, 19, 4, 7687 }, // U+0312
    { 5, 7, 0, 1, 16, 5, 7691 }, // U+031B
    { 5, 4, 0, 1, -1, 3, 7696 }, // U+0323
    { 5, 6, 0, 4, -1, 4, 7699 }, // U+0326
    { 5, 5, 0, 1, 0, 4, 7703 }, // U+0327
    { 4, 5, 0, 1, 1, 3, 7707 }, // U+0328
    { 6, 3, 0, 1, -1, 3, 7710 }, // U+032E
    { 7, 3, 0, 1, -1, 3, 7713 }, // U+0331
    { 0, 0, 0, 0, 0, 0, 7716 }, // U+034F
    { 13, 20, 204, 0, 15, 33, 7716 }, // U+1EA0
    { 13, 16, 204, 0, 11, 26, 7749 }, // U+1EA1
    { 13, 21, 204, 0, 21, 35, 7775 }, // U+1EA2
    { 13, 17, 204, 0, 17, 28, 7810 }, // U+1EA3
    { 14, 21, 204, 0, 21, 37, 7838 }, // U+1EA4
    { 13, 17, 204, 0, 17, 28, 7875 }, // U+1EA5
    { 14, 21, 204, -1, 21, 37, 7903 }, // U+1EA6
    { 14, 17, 204, -1, 17, 30, 7940 }, // U+1EA7
    { 14, 24, 204, 0, 24, 42, 7970 }, // U+1EA8
    { 14, 19, 204, 0, 19, 34, 8012 }, // U+1EA9
    { 13, 24, 204, 0, 24, 39, 8046 }, // U+1EAA
    { 13, 20, 204, 0, 20, 33, 8085 }, // U+1EAB
    { 13, 24, 204, 0, 19, 39, 8118 }, // U+1EAC
    { 13, 20, 204, 0, 15, 33, 8157 }, // U+1EAD
    { 13, 22, 204, 0, 22, 36, 8190 }, // U+1EAE
    { 13, 19, 204, 0, 19, 31, 8226 }, // U+1EAF
    { 13, 22, 204, 0, 22, 36, 8257 }, // U+1EB0
    { 13, 19, 204, 0, 19, 31, 8293 }, // U+1EB1
    { 13, 24, 204, 0, 24, 39, 8324 }, // U+1EB2
    { 13, 21, 204, 0, 21, 35, 8363 }, // U+1EB3
    { 13, 23, 204, 0, 23, 38, 8398 }, // U+1EB4
    { 13, 20, 204, 0, 20, 33, 8436 }, // U+1EB5
    { 13, 24, 204, 0, 19, 39, 8469 }, // U+1EB6
    { 13, 20, 204, 0, 15, 33, 8508 }, // U+1EB7
    { 11, 20, 204, 1, 15, 28, 8541 }, // U+1EB8
    { 11, 16, 204, 1, 11, 22, 8569 }, // U+1EB9
    { 11, 21, 204, 1, 21, 29, 8591 }, // U+1EBA
    { 11, 17, 204, 1, 17, 24, 8620 }, // U+1EBB
    { 11, 20, 204, 1, 20, 28, 8644 }, // U+1EBC
    { 11, 16, 204, 1, 16, 22, 8672 }, // U+1EBD
    { 13, 21, 204, 1, 21, 35, 8694 }, // U+1EBE
    { 13, 17, 204, 1, 17, 28, 8729 }, // U+1EBF
    { 13, 21, 204, -1, 21, 35, 8757 }, // U+1EC0
    { 13, 17, 204, -1, 17, 28, 8792 }, // U+1EC1
    { 13, 24, 204, 1, 24, 39, 8820 }, // U+1EC2
    { 13, 19, 204, 1, 19, 31, 8859 }, // U+1EC3
    { 11, 24, 204, 1, 24, 33, 8890 }, // U+1EC4
    { 11, 20, 204, 1, 20, 28, 8923 }, // U+1EC5
    { 11, 24, 204, 1, 19, 33, 8951 }, // U+1EC6
    { 11, 20, 204, 1, 15, 28, 8984 }, // U+1EC7
    { 11, 21, 204, 1, 21, 29, 9012 }, // U+1EC8
    { 11, 17, 204, 1, 17, 24, 9041 }, // U+1EC9
    { 11, 20, 204, 1, 15, 28, 9065 }, // U+1ECA
    { 11, 21, 204, 1, 16, 29, 9093 }, // U+1ECB
    { 11, 20, 204, 1, 15, 28, 9122 }, // U+1ECC
    { 11, 16, 204, 1, 11, 22, 9150 }, // U+1ECD
    { 11, 21, 204, 1, 21, 29, 9172 }, // U+1ECE
    { 11, 17, 204, 1, 17, 24, 9201 }, // U+1ECF
    { 13, 21, 204, 1, 21, 35, 9225 }, // U+1ED0
    { 13, 17, 204, 1, 17, 28, 9260 }, // U+1ED1
    { 13, 21, 204, -1, 21, 35, 9288 }, // U+1ED2
    { 13, 17, 204, -1, 17, 28, 9323 }, // U+1ED3
    { 13, 24, 204, 1, 24, 39, 9351 }, // U+1ED4
    { 13, 19, 204, 1, 19, 31, 9390 }, // U+1ED5
    { 11, 24, 204, 1, 24, 33, 9421 }, // U+1ED6
    { 11, 20, 204, 1, 20, 28, 9454 }, // U+1ED7
    { 11, 24, 204, 1, 19, 33, 9482 }, // U+1ED8
    { 11, 20, 204, 1, 15, 28, 9515 }, // U+1ED9
    { 13, 19, 204, 0, 19, 31, 9543 }, // U+1EDA
    { 13, 15, 204, 0, 15, 25, 9574 }, // U+1EDB
    { 13, 19, 204, 0, 19, 31, 9599 }, // U+1EDC
    { 13, 15, 204, 0, 15, 25, 9630 }, // U+1EDD
    { 13, 21, 204, 0, 21, 35, 9655 }, // U+1EDE
    { 13, 17, 204, 0, 17, 28, 9690 }, // U+1EDF
    { 13, 20, 204, 0, 20, 33, 9718 }, // U+1EE0
    { 13, 16, 204, 0, 16, 26, 9751 }, // U+1EE1
    { 13, 20, 204, 0, 15, 33, 9777 }, // U+1EE2
    { 13, 16, 204, 0, 11, 26, 9810 }, // U+1EE3
    { 11, 20, 204, 1, 15, 28, 9836 }, // U+1EE4
    { 11, 16, 204, 1, 11, 22, 9864 }, // U+1EE5
    { 11, 21, 204, 1, 21, 29, 9886 }, // U+1EE6
    { 11, 17, 204, 1, 17, 24, 9915 }, // U+1EE7
    { 13, 19, 204, 0, 19, 31, 9939 }, // U+1EE8
    { 13, 15, 204, 0, 15, 25, 9970 }, // U+1EE9
    { 13, 19, 204, 0, 19, 31, 9995 }, // U+1EEA
    { 13, 15, 204, 0, 15, 25, 10026 }, // U+1EEB
    { 13, 21, 204, 0, 21, 35, 10051 }, // U+1EEC
    { 13, 17, 204, 0, 17, 28, 10086 }, // U+1EED
    { 13, 20, 204, 0, 20, 33, 10114 }, // U+1EEE
    { 13, 16, 204, 0, 16, 26, 10147 }, // U+1EEF
    { 13, 20, 204, 0, 15, 33, 10173 }, // U+1EF0
    { 13, 16, 204, 0, 11, 26, 10206 }, // U+1EF1
    { 13, 19, 204, 0, 19, 31, 10232 }, // U+1EF2
    { 11, 19, 204, 1, 15, 27, 10263 }, // U+1EF3
    { 13, 20, 204, 0, 15, 33, 10290 }, // U+1EF4
    { 11, 16, 204, 1, 11, 22, 10323 }, // U+1EF5
    { 13, 21, 204, 0, 21, 35, 10345 }, // U+1EF6
    { 11, 21, 204, 1, 17, 29, 10380 }, // U+1EF7
    { 13, 20, 204, 0, 20, 33, 10409 }, // U+1EF8
    { 11, 20, 204, 1, 16, 28, 10442 }, // U+1EF9
    { 0, 0, 0, 0, 0, 0, 10470 }, // U+200B
    { 0, 0, 0, 0, 0, 0, 10470 }, // U+200C
    { 0, 0, 0, 0, 0, 0, 10470 }, // U+200D
    { 0, 0, 0, 0, 0, 0, 10470 }, // U+200E
    { 0, 0, 0, 0, 0, 0, 10470 }, // U+200F
    { 11, 3, 204, 1, 8, 5, 10470 }, // U+2013
    { 13, 3, 204, 0, 8, 5, 10475 }, // U+2014
    { 5, 7, 204, 4, 15, 5, 10480 }, // U+2018
    { 5, 6, 204, 4, 15, 4, 10485 }, // U+2019
    { 5, 7, 204, 4, 4, 5, 10489 }, // U+201A
    { 9, 7, 204, 2, 15, 8, 10494 }, // U+201C
    { 9, 6, 204, 2, 15, 7, 10502 }, // U+201D
    { 9, 7, 204, 2, 4, 8, 10509 }, // U+201E
    { 7, 11, 204, 3, 15, 10, 10517 }, // U+2020
    { 7, 11, 204, 3, 15, 10, 10527 }, // U+2021
    { 7, 6, 204, 3, 11, 6, 10537 }, // U+2022
    { 13, 4, 204, 0, 4, 7, 10543 }, // U+2026
    { 0, 0, 0, 0, 0, 0, 10550 }, // U+202A
    { 0, 0, 0, 0, 0, 0, 10550 }, // U+202B
    { 0, 0, 0, 0, 0, 0, 10550 }, // U+202C
    { 0, 0, 0, 0, 0, 0, 10550 }, // U+202D
    { 0, 0, 0, 0, 0, 0, 10550 }, // U+202E
    { 13, 15, 204, 0, 15, 25, 10550 }, // U+2030
    { 5, 7, 204, 4, 15, 5, 10575 }, // U+2032
    { 9, 7, 204, 2, 15, 8, 10580 }, // U+2033
    { 7, 11, 204, 3, 11, 10, 10588 }, // U+2039
    { 7, 11, 204, 3, 11, 10, 10598 }, // U+203A
    { 11, 8, 204, 1, 11, 11, 10608 }, // U+2044
    { 0, 0, 0, 0, 0, 0, 10619 }, // U+2060
    { 0, 0, 0, 0, 0, 0, 10619 }, // U+2061
    { 0, 0, 0, 0, 0, 0, 10619 }, // U+2062
    { 0, 0, 0, 0, 0, 0, 10619 }, // U+2063
    { 0, 0, 0, 0, 0, 0, 10619 }, // U+2064
    { 0, 0, 0, 0, 0, 0, 10619 }, // U+2066
    { 0, 0, 0, 0, 0, 0, 10619 }, // U+2067
    { 0, 0, 0, 0, 0, 0, 10619 }, // U+2068
    { 0, 0, 0, 0, 0, 0, 10619 }, // U+2069
    { 0, 0, 0, 0, 0, 0, 10619 }, // U+206A
    { 0, 0, 0, 0, 0, 0, 10619 }, // U+206B
    { 0, 0, 0, 0, 0, 0, 10619 }, // U+206C
    { 0, 0, 0, 0, 0, 0, 10619 }, // U+206D
    { 0, 0, 0, 0, 0, 0, 10619 }, // U+206E
    { 0, 0, 0, 0, 0, 0, 10619 }, // U+206F
    { 5, 7, 204, 4, 16, 5, 10619 }, // U+2070
    { 6, 9, 204, 4, 18, 7, 10624 }, // U+2071
    { 7, 7, 204, 3, 16, 7, 10631 }, // U+2074
    { 5, 7, 204, 4, 16, 5, 10638 }, // U+2075
    { 5, 7, 204, 4, 16, 5, 10643 }, // U+2076
    { 5, 6, 204, 4, 15, 4, 10648 }, // U+2077
    { 5, 7, 204, 4, 16, 5, 10652 }, // U+2078
    { 5, 7, 204, 4, 16, 5, 10657 }, // U+2079
    { 5, 11, 204, 4, 17, 7, 10662 }, // U+207D
    { 5, 11, 204, 4, 17, 7, 10669 }, // U+207E
    { 7, 6, 204, 3, 15, 6, 10676 }, // U+207F
    { 5, 7, 204, 4, 3, 5, 10682 }, // U+2080
    { 6, 6, 204, 4, 2, 5, 10687 }, // U+2081
    { 5, 6, 204, 4, 2, 4, 10692 }, // U+2082
    { 5, 6, 204, 4, 2, 4, 10696 }, // U+2083
    { 7, 7, 204, 3, 3, 7, 10700 }, // U+2084
    { 5, 7, 204, 4, 3, 5, 10707 }, // U+2085
    { 5, 7, 204, 4, 3, 5, 10712 }, // U+2086
    { 5, 6, 204, 4, 2, 4, 10717 }, // U+2087
    { 5, 7, 204, 4, 3, 5, 10721 }, // U+2088
    { 5, 7, 204, 4, 3, 5, 10726 }, // U+2089
    { 5, 11, 204, 4, 5, 7, 10731 }, // U+208D
    { 5, 11, 204, 4, 5, 7, 10738 }, // U+208E
    { 7, 6, 204, 3, 2, 6, 10745 }, // U+2094
    { 11, 15, 204, 1, 15, 21, 10751 }, // U+20A1
    { 9, 11, 204, 2, 13, 13, 10772 }, // U+20A4
    { 11, 12, 204, 1, 13, 17, 10785 }, // U+20A6
    { 11, 11, 204, 1, 13, 16, 10802 }, // U+20A7
    { 10, 14, 204, 1, 13, 18, 10818 }, // U+20AB
    { 13, 12, 204, 0, 14, 20, 10836 }, // U+20AC
    { 11, 11, 204, 1, 13, 16, 10856 }, // U+20B1
    { 9, 14, 204, 2, 15, 16, 10872 }, // U+20B2
    { 9, 14, 204, 2, 15, 16, 10888 }, // U+20B5
    { 9, 12, 204, 2, 14, 14, 10904 }, // U+20B9
    { 13, 12, 204, 0, 13, 20, 10918 }, // U+2190
    { 11, 12, 204, 1, 13, 17, 10938 }, // U+2191
    { 13, 12, 204, 0, 13, 20, 10955 }, // U+2192
    { 11, 12, 204, 1, 13, 17, 10975 }, // U+2193
    { 13, 12, 204, 0, 13, 20, 10992 }, // U+2194
    { 11, 13, 204, 1, 14, 18, 11012 }, // U+2195
    { 11, 12, 204, 1, 14, 17, 11030 }, // U+2196
    { 11, 12, 204, 1, 14, 17, 11047 }, // U+2197
    { 11, 11, 204, 1, 13, 16, 11064 }, // U+2198
    { 11, 11, 204, 1, 13, 16, 11080 }, // U+2199
    { 12, 16, 204, 0, 16, 24, 11096 }, // U+2202
    { 13, 16, 204, 0, 16, 26, 11120 }, // U+2206
    { 11, 15, 204, 1, 15, 21, 11146 }, // U+220F
    { 11, 15, 204, 1, 15, 21, 11167 }, // U+2211
    { 9, 3, 204, 2, 9, 4, 11188 }, // U+2212
    { 13, 21, 204, 0, 18, 35, 11192 }, // U+2215
    { 6, 5, 204, 3, 10, 4, 11227 }, // U+2219
    { 13, 18, 204, 0, 18, 30, 11231 }, // U+221A
    { 13, 7, 204, 0, 11, 12, 11261 }, // U+221E
    { 9, 19, 204, 2, 15, 22, 11273 }, // U+222B
    { 11, 9, 204, 1, 11, 13, 11295 }, // U+2248
    { 9, 12, 204, 2, 13, 14, 11308 }, // U+2260
    { 9, 12, 204, 2, 12, 14, 11322 }, // U+2264
    { 9, 12, 204, 2, 12, 14, 11336 }, // U+2265
    { 13, 16, 204, 0, 16, 26, 11350 }, // U+FB01
    { 12, 15, 204, 0, 15, 23, 11376 }, // U+FB02
};

static const EpdUnicodeInterval space_mono_10_boldIntervals[] = {
    { 0x0, 0x13E, 0x0 },
    { 0x141, 0x17F, 0x13F },
    { 0x1A0, 0x1A1, 0x17E },
    { 0x1AF, 0x1B0, 0x180 },
    { 0x1CD, 0x1DC, 0x182 },
    { 0x1E6, 0x1E7, 0x192 },
    { 0x1EA, 0x1EB, 0x194 },
    { 0x218, 0x21B, 0x196 },
    { 0x300, 0x304, 0x19A },
    { 0x306, 0x30C, 0x19F },
    { 0x312, 0x312, 0x1A6 },
    { 0x31B, 0x31B, 0x1A7 },
    { 0x323, 0x323, 0x1A8 },
    { 0x326, 0x328, 0x1A9 },
    { 0x32E, 0x32E, 0x1AC },
    { 0x331, 0x331, 0x1AD },
    { 0x34F, 0x34F, 0x1AE },
    { 0x1EA0, 0x1EF9, 0x1AF },
    { 0x200B, 0x200F, 0x209 },
    { 0x2013, 0x2014, 0x20E },
    { 0x2018, 0x201A, 0x210 },
    { 0x201C, 0x201E, 0x213 },
    { 0x2020, 0x2022, 0x216 },
    { 0x2026, 0x2026, 0x219 },
    { 0x202A, 0x202E, 0x21A },
    { 0x2030, 0x2030, 0x21F },
    { 0x2032, 0x2033, 0x220 },
    { 0x2039, 0x203A, 0x222 },
    { 0x2044, 0x2044, 0x224 },
    { 0x2060, 0x2064, 0x225 },
    { 0x2066, 0x2071, 0x22A },
    { 0x2074, 0x2079, 0x236 },
    { 0x207D, 0x2089, 0x23C },
    { 0x208D, 0x208E, 0x249 },
    { 0x2094, 0x2094, 0x24B },
    { 0x20A1, 0x20A1, 0x24C },
    { 0x20A4, 0x20A4, 0x24D },
    { 0x20A6, 0x20A7, 0x24E },
    { 0x20AB, 0x20AC, 0x250 },
    { 0x20B1, 0x20B2, 0x252 },
    { 0x20B5, 0x20B5, 0x254 },
    { 0x20B9, 0x20B9, 0x255 },
    { 0x2190, 0x2199, 0x256 },
    { 0x2202, 0x2202, 0x260 },
    { 0x2206, 0x2206, 0x261 },
    { 0x220F, 0x220F, 0x262 },
    { 0x2211, 0x2212, 0x263 },
    { 0x2215, 0x2215, 0x265 },
    { 0x2219, 0x221A, 0x266 },
    { 0x221E, 0x221E, 0x268 },
    { 0x222B, 0x222B, 0x269 },
    { 0x2248, 0x2248, 0x26A },
    { 0x2260, 0x2260, 0x26B },
    { 0x2264, 0x2265, 0x26C },
    { 0xFB01, 0xFB02, 0x26E },
};

static constexpr EpdFontData space_mono_10_bold = {
    space_mono_10_boldBitmaps,
    space_mono_10_boldGlyphs,
    space_mono_10_boldIntervals,
    55,
    31,
    24,
    -8,
    false,
    nullptr,
    0,
    nullptr,
    nullptr,
    nullptr,
    nullptr,
    0,
    0,
    0,
    0,
    nullptr,
    0,
};
